12 session_start
124 wine_trace_capture enabled=true,channels=-all,+key,+keyboard,+input,+rawinput
1170 wine_trace 0034:trace:keyboard:NtUserGetKeyboardLayoutName name 0x14012e860
1171 wine_trace 0034:trace:keyboard:NtUserGetKeyboardLayoutName ret L"00000409"
1418 wine_trace 0050:trace:keyboard:NtUserGetKeyboardLayoutName name 0x14012e860
1418 wine_trace 0050:trace:keyboard:NtUserGetKeyboardLayoutName ret L"00000409"
1475 keyboard_mapping_reply first=8,count=248,keysyms=496
1475 wine_trace 0050:trace:keyboard:X11DRV_KEYBOARD_DetectLayout Attempting to match against "United States keyboard layout"
1476 wine_trace 0050:trace:keyboard:X11DRV_KEYBOARD_DetectLayout matches=0, mismatches=0, seq=0, score=0
1476 keyboard_mapping_reply first=8,count=248,keysyms=496
1476 wine_trace 0050:trace:keyboard:X11DRV_KEYBOARD_DetectLayout Attempting to match against "United States keyboard layout (phantom key version)"
1476 wine_trace 0050:trace:keyboard:X11DRV_KEYBOARD_DetectLayout matches=0, mismatches=0, seq=0, score=0
1476 wine_trace 0050:trace:keyboard:X11DRV_KEYBOARD_DetectLayout Attempting to match against "United States keyboard layout (dvorak)"
1476 wine_trace 0050:trace:keyboard:X11DRV_KEYBOARD_DetectLayout matches=0, mismatches=0, seq=0, score=0
1476 wine_trace 0050:trace:keyboard:X11DRV_KEYBOARD_DetectLayout Attempting to match against "United States keyboard layout (programmer dvorak)"
1477 wine_trace 0050:trace:keyboard:X11DRV_KEYBOARD_DetectLayout matches=0, mismatches=0, seq=0, score=0
1477 wine_trace 0050:trace:keyboard:X11DRV_KEYBOARD_DetectLayout Attempting to match against "United States keyboard layout (dvorak with phantom key)"
1477 wine_trace 0050:trace:keyboard:X11DRV_KEYBOARD_DetectLayout matches=0, mismatches=0, seq=0, score=0
1477 wine_trace 0050:trace:keyboard:X11DRV_KEYBOARD_DetectLayout Attempting to match against "United States International keyboard layout"
1478 wine_trace 0050:trace:keyboard:X11DRV_KEYBOARD_DetectLayout matches=0, mismatches=0, seq=0, score=0
1478 wine_trace 0050:trace:keyboard:X11DRV_KEYBOARD_DetectLayout Attempting to match against "British keyboard layout"
1478 wine_trace 0050:trace:keyboard:X11DRV_KEYBOARD_DetectLayout matches=0, mismatches=0, seq=0, score=0
1478 wine_trace 0050:trace:keyboard:X11DRV_KEYBOARD_DetectLayout Attempting to match against "German keyboard layout"
1478 wine_trace 0050:trace:keyboard:X11DRV_KEYBOARD_DetectLayout matches=0, mismatches=0, seq=0, score=0
1478 wine_trace 0050:trace:keyboard:X11DRV_KEYBOARD_DetectLayout Attempting to match against "Swiss German keyboard layout"
1478 wine_trace 0050:trace:keyboard:X11DRV_KEYBOARD_DetectLayout matches=0, mismatches=0, seq=0, score=0
1479 wine_trace 0050:trace:keyboard:X11DRV_KEYBOARD_DetectLayout Attempting to match against "Swiss French keyboard layout"
1479 wine_trace 0050:trace:keyboard:X11DRV_KEYBOARD_DetectLayout matches=0, mismatches=0, seq=0, score=0
1480 wine_trace 0050:trace:keyboard:X11DRV_KEYBOARD_DetectLayout Attempting to match against "Swedish keyboard layout"
1480 wine_trace 0050:trace:keyboard:X11DRV_KEYBOARD_DetectLayout matches=0, mismatches=0, seq=0, score=0
1480 wine_trace 0050:trace:keyboard:X11DRV_KEYBOARD_DetectLayout Attempting to match against "Estonian keyboard layout"
1480 wine_trace 0050:trace:keyboard:X11DRV_KEYBOARD_DetectLayout matches=0, mismatches=0, seq=0, score=0
1480 wine_trace 0050:trace:keyboard:X11DRV_KEYBOARD_DetectLayout Attempting to match against "Norwegian keyboard layout"
1481 wine_trace 0050:trace:keyboard:X11DRV_KEYBOARD_DetectLayout matches=0, mismatches=0, seq=0, score=0
1481 wine_trace 0050:trace:keyboard:X11DRV_KEYBOARD_DetectLayout Attempting to match against "Danish keyboard layout"
1482 wine_trace 0050:trace:keyboard:X11DRV_KEYBOARD_DetectLayout matches=0, mismatches=0, seq=0, score=0
1482 wine_trace 0050:trace:keyboard:X11DRV_KEYBOARD_DetectLayout Attempting to match against "French keyboard layout"
1482 wine_trace 0050:trace:keyboard:X11DRV_KEYBOARD_DetectLayout matches=0, mismatches=0, seq=0, score=0
1483 wine_trace 0050:trace:keyboard:X11DRV_KEYBOARD_DetectLayout Attempting to match against "Canadian French keyboard layout"
1484 wine_trace 0050:trace:keyboard:X11DRV_KEYBOARD_DetectLayout matches=0, mismatches=0, seq=0, score=0
1484 wine_trace 0050:trace:keyboard:X11DRV_KEYBOARD_DetectLayout Attempting to match against "Canadian French keyboard layout (CA_fr)"
1484 wine_trace 0050:trace:keyboard:X11DRV_KEYBOARD_DetectLayout matches=0, mismatches=0, seq=0, score=0
1484 wine_trace 0050:trace:keyboard:X11DRV_KEYBOARD_DetectLayout Attempting to match against "Canadian keyboard layout"
1485 wine_trace 0050:trace:keyboard:X11DRV_KEYBOARD_DetectLayout matches=0, mismatches=0, seq=0, score=0
1485 wine_trace 0050:trace:keyboard:X11DRV_KEYBOARD_DetectLayout Attempting to match against "Belgian keyboard layout"
1485 wine_trace 0050:trace:keyboard:X11DRV_KEYBOARD_DetectLayout matches=0, mismatches=0, seq=0, score=0
1485 wine_trace 0050:trace:keyboard:X11DRV_KEYBOARD_DetectLayout Attempting to match against "Portuguese keyboard layout"
1485 wine_trace 0050:trace:keyboard:X11DRV_KEYBOARD_DetectLayout matches=0, mismatches=0, seq=0, score=0
1485 wine_trace 0050:trace:keyboard:X11DRV_KEYBOARD_DetectLayout Attempting to match against "Brazilian ABNT-2 keyboard layout"
1486 wine_trace 0050:trace:keyboard:X11DRV_KEYBOARD_DetectLayout matches=0, mismatches=0, seq=0, score=0
1486 wine_trace 0050:trace:keyboard:X11DRV_KEYBOARD_DetectLayout Attempting to match against "Brazilian ABNT-2 keyboard layout ALT GR"
1486 wine_trace 0050:trace:keyboard:X11DRV_KEYBOARD_DetectLayout matches=0, mismatches=0, seq=0, score=0
1486 wine_trace 0050:trace:keyboard:X11DRV_KEYBOARD_DetectLayout Attempting to match against "Finnish keyboard layout"
1486 wine_trace 0050:trace:keyboard:X11DRV_KEYBOARD_DetectLayout matches=0, mismatches=0, seq=0, score=0
1486 wine_trace 0050:trace:keyboard:X11DRV_KEYBOARD_DetectLayout Attempting to match against "Bulgarian bds keyboard layout"
1487 wine_trace 0050:trace:keyboard:X11DRV_KEYBOARD_DetectLayout matches=0, mismatches=0, seq=0, score=0
1487 wine_trace 0050:trace:keyboard:X11DRV_KEYBOARD_DetectLayout Attempting to match against "Bulgarian phonetic keyboard layout"
1487 wine_trace 0050:trace:keyboard:X11DRV_KEYBOARD_DetectLayout matches=0, mismatches=0, seq=0, score=0
1487 wine_trace 0050:trace:keyboard:X11DRV_KEYBOARD_DetectLayout Attempting to match against "Belarusian keyboard layout"
1487 wine_trace 0050:trace:keyboard:X11DRV_KEYBOARD_DetectLayout matches=0, mismatches=0, seq=0, score=0
1488 wine_trace 0050:trace:keyboard:X11DRV_KEYBOARD_DetectLayout Attempting to match against "Russian keyboard layout"
1488 wine_trace 0050:trace:keyboard:X11DRV_KEYBOARD_DetectLayout matches=0, mismatches=0, seq=0, score=0
1488 wine_trace 0050:trace:keyboard:X11DRV_KEYBOARD_DetectLayout Attempting to match against "Russian keyboard layout (phantom key version)"
1488 wine_trace 0050:trace:keyboard:X11DRV_KEYBOARD_DetectLayout matches=0, mismatches=0, seq=0, score=0
1488 wine_trace 0050:trace:keyboard:X11DRV_KEYBOARD_DetectLayout Attempting to match against "Russian keyboard layout KOI8-R"
1488 wine_trace 0050:trace:keyboard:X11DRV_KEYBOARD_DetectLayout matches=0, mismatches=0, seq=0, score=0
1489 wine_trace 0050:trace:keyboard:X11DRV_KEYBOARD_DetectLayout Attempting to match against "Russian keyboard layout cp1251"
1489 wine_trace 0050:trace:keyboard:X11DRV_KEYBOARD_DetectLayout matches=0, mismatches=0, seq=0, score=0
1489 wine_trace 0050:trace:keyboard:X11DRV_KEYBOARD_DetectLayout Attempting to match against "Russian phonetic keyboard layout"
1489 wine_trace 0050:trace:keyboard:X11DRV_KEYBOARD_DetectLayout matches=0, mismatches=0, seq=0, score=0
1489 wine_trace 0050:trace:keyboard:X11DRV_KEYBOARD_DetectLayout Attempting to match against "Ukrainian keyboard layout KOI8-U"
1489 wine_trace 0050:trace:keyboard:X11DRV_KEYBOARD_DetectLayout matches=0, mismatches=0, seq=0, score=0
1490 wine_trace 0050:trace:keyboard:X11DRV_KEYBOARD_DetectLayout Attempting to match against "Ukrainian keyboard layout (standard)"
1490 wine_trace 0050:trace:keyboard:X11DRV_KEYBOARD_DetectLayout matches=0, mismatches=0, seq=0, score=0
1490 wine_trace 0050:trace:keyboard:X11DRV_KEYBOARD_DetectLayout Attempting to match against "Russian keyboard layout (standard)"
1490 wine_trace 0050:trace:keyboard:X11DRV_KEYBOARD_DetectLayout matches=0, mismatches=0, seq=0, score=0
1490 wine_trace 0050:trace:keyboard:X11DRV_KEYBOARD_DetectLayout Attempting to match against "Spanish keyboard layout"
1490 wine_trace 0050:trace:keyboard:X11DRV_KEYBOARD_DetectLayout matches=0, mismatches=0, seq=0, score=0
1491 wine_trace 0050:trace:keyboard:X11DRV_KEYBOARD_DetectLayout Attempting to match against "Italian keyboard layout"
1491 wine_trace 0050:trace:keyboard:X11DRV_KEYBOARD_DetectLayout matches=0, mismatches=0, seq=0, score=0
1491 wine_trace 0050:trace:keyboard:X11DRV_KEYBOARD_DetectLayout Attempting to match against "Icelandic keyboard layout"
1491 wine_trace 0050:trace:keyboard:X11DRV_KEYBOARD_DetectLayout matches=0, mismatches=0, seq=0, score=0
1491 wine_trace 0050:trace:keyboard:X11DRV_KEYBOARD_DetectLayout Attempting to match against "Hungarian keyboard layout"
1491 wine_trace 0050:trace:keyboard:X11DRV_KEYBOARD_DetectLayout matches=0, mismatches=0, seq=0, score=0
1492 wine_trace 0050:trace:keyboard:X11DRV_KEYBOARD_DetectLayout Attempting to match against "Polish (programmer's) keyboard layout"
1492 wine_trace 0050:trace:keyboard:X11DRV_KEYBOARD_DetectLayout matches=0, mismatches=0, seq=0, score=0
1492 wine_trace 0050:trace:keyboard:X11DRV_KEYBOARD_DetectLayout Attempting to match against "Slovenian keyboard layout"
1492 wine_trace 0050:trace:keyboard:X11DRV_KEYBOARD_DetectLayout matches=0, mismatches=0, seq=0, score=0
1492 wine_trace 0050:trace:keyboard:X11DRV_KEYBOARD_DetectLayout Attempting to match against "Serbian keyboard layout sr"
1492 wine_trace 0050:trace:keyboard:X11DRV_KEYBOARD_DetectLayout matches=0, mismatches=0, seq=0, score=0
1492 wine_trace 0050:trace:keyboard:X11DRV_KEYBOARD_DetectLayout Attempting to match against "Serbian keyboard layout us,sr"
1493 wine_trace 0050:trace:keyboard:X11DRV_KEYBOARD_DetectLayout matches=0, mismatches=0, seq=0, score=0
1493 wine_trace 0050:trace:keyboard:X11DRV_KEYBOARD_DetectLayout Attempting to match against "Croatian keyboard layout"
1493 wine_trace 0050:trace:keyboard:X11DRV_KEYBOARD_DetectLayout matches=0, mismatches=0, seq=0, score=0
1493 wine_trace 0050:trace:keyboard:X11DRV_KEYBOARD_DetectLayout Attempting to match against "Croatian keyboard layout (specific)"
1493 wine_trace 0050:trace:keyboard:X11DRV_KEYBOARD_DetectLayout matches=0, mismatches=0, seq=0, score=0
1494 wine_trace 0050:trace:keyboard:X11DRV_KEYBOARD_DetectLayout Attempting to match against "Japanese 106 keyboard layout"
1494 wine_trace 0050:trace:keyboard:X11DRV_KEYBOARD_DetectLayout matches=0, mismatches=0, seq=0, score=0
1494 wine_trace 0050:trace:keyboard:X11DRV_KEYBOARD_DetectLayout Attempting to match against "Japanese Mac keyboard layout"
1494 wine_trace 0050:trace:keyboard:X11DRV_KEYBOARD_DetectLayout matches=0, mismatches=0, seq=0, score=0
1494 wine_trace 0050:trace:keyboard:X11DRV_KEYBOARD_DetectLayout Attempting to match against "Japanese pc98x1 keyboard layout"
1494 wine_trace 0050:trace:keyboard:X11DRV_KEYBOARD_DetectLayout matches=0, mismatches=0, seq=0, score=0
1494 wine_trace 0050:trace:keyboard:X11DRV_KEYBOARD_DetectLayout Attempting to match against "Slovak keyboard layout"
1495 wine_trace 0050:trace:keyboard:X11DRV_KEYBOARD_DetectLayout matches=0, mismatches=0, seq=0, score=0
1495 wine_trace 0050:trace:keyboard:X11DRV_KEYBOARD_DetectLayout Attempting to match against "Slovak and Czech keyboard layout without dead keys"
1495 wine_trace 0050:trace:keyboard:X11DRV_KEYBOARD_DetectLayout matches=0, mismatches=0, seq=0, score=0
1495 wine_trace 0050:trace:keyboard:X11DRV_KEYBOARD_DetectLayout Attempting to match against "Czech keyboard layout"
1495 wine_trace 0050:trace:keyboard:X11DRV_KEYBOARD_DetectLayout matches=0, mismatches=0, seq=0, score=0
1495 wine_trace 0050:trace:keyboard:X11DRV_KEYBOARD_DetectLayout Attempting to match against "Czech keyboard layout cz"
1496 wine_trace 0050:trace:keyboard:X11DRV_KEYBOARD_DetectLayout matches=0, mismatches=0, seq=0, score=0
1496 wine_trace 0050:trace:keyboard:X11DRV_KEYBOARD_DetectLayout Attempting to match against "Czech keyboard layout cz_qwerty"
1496 wine_trace 0050:trace:keyboard:X11DRV_KEYBOARD_DetectLayout matches=0, mismatches=0, seq=0, score=0
1496 wine_trace 0050:trace:keyboard:X11DRV_KEYBOARD_DetectLayout Attempting to match against "Latin American keyboard layout"
1497 wine_trace 0050:trace:keyboard:X11DRV_KEYBOARD_DetectLayout matches=0, mismatches=0, seq=0, score=0
1497 wine_trace 0050:trace:keyboard:X11DRV_KEYBOARD_DetectLayout Attempting to match against "Lithuanian (Baltic) keyboard layout"
1497 wine_trace 0050:trace:keyboard:X11DRV_KEYBOARD_DetectLayout matches=0, mismatches=0, seq=0, score=0
1497 wine_trace 0050:trace:keyboard:X11DRV_KEYBOARD_DetectLayout Attempting to match against "Turkish keyboard layout"
1497 wine_trace 0050:trace:keyboard:X11DRV_KEYBOARD_DetectLayout matches=0, mismatches=0, seq=0, score=0
1497 wine_trace 0050:trace:keyboard:X11DRV_KEYBOARD_DetectLayout Attempting to match against "Turkish keyboard layout tr"
1498 wine_trace 0050:trace:keyboard:X11DRV_KEYBOARD_DetectLayout matches=0, mismatches=0, seq=0, score=0
1498 wine_trace 0050:trace:keyboard:X11DRV_KEYBOARD_DetectLayout Attempting to match against "Turkish keyboard layout trf"
1498 wine_trace 0050:trace:keyboard:X11DRV_KEYBOARD_DetectLayout matches=0, mismatches=0, seq=0, score=0
1498 wine_trace 0050:trace:keyboard:X11DRV_KEYBOARD_DetectLayout Attempting to match against "Israelian keyboard layout"
1498 wine_trace 0050:trace:keyboard:X11DRV_KEYBOARD_DetectLayout matches=0, mismatches=0, seq=0, score=0
1499 wine_trace 0050:trace:keyboard:X11DRV_KEYBOARD_DetectLayout Attempting to match against "Israelian phonetic keyboard layout"
1499 wine_trace 0050:trace:keyboard:X11DRV_KEYBOARD_DetectLayout matches=0, mismatches=0, seq=0, score=0
1499 wine_trace 0050:trace:keyboard:X11DRV_KEYBOARD_DetectLayout Attempting to match against "Israelian Saharon keyboard layout"
1499 wine_trace 0050:trace:keyboard:X11DRV_KEYBOARD_DetectLayout matches=0, mismatches=0, seq=0, score=0
1499 wine_trace 0050:trace:keyboard:X11DRV_KEYBOARD_DetectLayout Attempting to match against "VNC keyboard layout"
1499 wine_trace 0050:trace:keyboard:X11DRV_KEYBOARD_DetectLayout matches=0, mismatches=0, seq=0, score=0
1500 wine_trace 0050:trace:keyboard:X11DRV_KEYBOARD_DetectLayout Attempting to match against "Greek keyboard layout"
1500 wine_trace 0050:trace:keyboard:X11DRV_KEYBOARD_DetectLayout matches=0, mismatches=0, seq=0, score=0
1500 wine_trace 0050:trace:keyboard:X11DRV_KEYBOARD_DetectLayout Attempting to match against "Thai (Kedmanee)  keyboard layout"
1500 wine_trace 0050:trace:keyboard:X11DRV_KEYBOARD_DetectLayout matches=0, mismatches=0, seq=0, score=0
1500 wine_trace 0050:trace:keyboard:X11DRV_KEYBOARD_DetectLayout Attempting to match against "Dutch keyboard layout"
1500 wine_trace 0050:trace:keyboard:X11DRV_KEYBOARD_DetectLayout matches=0, mismatches=0, seq=0, score=0
1501 wine_trace 0050:trace:keyboard:X11DRV_KEYBOARD_DetectLayout detected layout is "United States keyboard layout"
1501 wine_trace 0050:trace:keyboard:X11DRV_InitKeyboard keycode 8 => vkey 0000
1501 wine_trace 0050:trace:keyboard:X11DRV_InitKeyboard keycode 9 => vkey 001B
1501 wine_trace 0050:trace:keyboard:X11DRV_InitKeyboard keycode 10 => vkey 0000
1501 wine_trace 0050:trace:keyboard:X11DRV_InitKeyboard keycode 11 => vkey 0000
1502 wine_trace 0050:trace:keyboard:X11DRV_InitKeyboard keycode 12 => vkey 0000
1502 wine_trace 0050:trace:keyboard:X11DRV_InitKeyboard keycode 13 => vkey 0000
1502 wine_trace 0050:trace:keyboard:X11DRV_InitKeyboard keycode 14 => vkey 0000
1502 wine_trace 0050:trace:keyboard:X11DRV_InitKeyboard keycode 15 => vkey 0000
1502 wine_trace 0050:trace:keyboard:X11DRV_InitKeyboard keycode 16 => vkey 0000
1502 wine_trace 0050:trace:keyboard:X11DRV_InitKeyboard keycode 17 => vkey 0000
1502 wine_trace 0050:trace:keyboard:X11DRV_InitKeyboard keycode 18 => vkey 0000
1503 wine_trace 0050:trace:keyboard:X11DRV_InitKeyboard keycode 19 => vkey 0000
1503 wine_trace 0050:trace:keyboard:X11DRV_InitKeyboard keycode 20 => vkey 0000
1503 wine_trace 0050:trace:keyboard:X11DRV_InitKeyboard keycode 21 => vkey 0000
1503 wine_trace 0050:trace:keyboard:X11DRV_InitKeyboard keycode 22 => vkey 0008
1503 wine_trace 0050:trace:keyboard:X11DRV_InitKeyboard keycode 23 => vkey 0009
1504 wine_trace 0050:trace:keyboard:X11DRV_InitKeyboard keycode 24 => vkey 0000
1504 wine_trace 0050:trace:keyboard:X11DRV_InitKeyboard keycode 25 => vkey 0000
1504 wine_trace 0050:trace:keyboard:X11DRV_InitKeyboard keycode 26 => vkey 0000
1504 wine_trace 0050:trace:keyboard:X11DRV_InitKeyboard keycode 27 => vkey 0000
1504 wine_trace 0050:trace:keyboard:X11DRV_InitKeyboard keycode 28 => vkey 0000
1504 wine_trace 0050:trace:keyboard:X11DRV_InitKeyboard keycode 29 => vkey 0000
1504 wine_trace 0050:trace:keyboard:X11DRV_InitKeyboard keycode 30 => vkey 0000
1505 wine_trace 0050:trace:keyboard:X11DRV_InitKeyboard keycode 31 => vkey 0000
1505 wine_trace 0050:trace:keyboard:X11DRV_InitKeyboard keycode 32 => vkey 0000
1505 wine_trace 0050:trace:keyboard:X11DRV_InitKeyboard keycode 33 => vkey 0000
1505 wine_trace 0050:trace:keyboard:X11DRV_InitKeyboard keycode 34 => vkey 0000
1505 wine_trace 0050:trace:keyboard:X11DRV_InitKeyboard keycode 35 => vkey 0000
1505 wine_trace 0050:trace:keyboard:X11DRV_InitKeyboard keycode 36 => vkey 000D
1506 wine_trace 0050:trace:keyboard:X11DRV_InitKeyboard keycode 37 => vkey 00A2
1506 wine_trace 0050:trace:keyboard:X11DRV_InitKeyboard keycode 38 => vkey 0000
1506 wine_trace 0050:trace:keyboard:X11DRV_InitKeyboard keycode 39 => vkey 0000
1506 wine_trace 0050:trace:keyboard:X11DRV_InitKeyboard keycode 40 => vkey 0000
1506 wine_trace 0050:trace:keyboard:X11DRV_InitKeyboard keycode 41 => vkey 0000
1506 wine_trace 0050:trace:keyboard:X11DRV_InitKeyboard keycode 42 => vkey 0000
1506 wine_trace 0050:trace:keyboard:X11DRV_InitKeyboard keycode 43 => vkey 0000
1507 wine_trace 0050:trace:keyboard:X11DRV_InitKeyboard keycode 44 => vkey 0000
1507 wine_trace 0050:trace:keyboard:X11DRV_InitKeyboard keycode 45 => vkey 0000
1507 wine_trace 0050:trace:keyboard:X11DRV_InitKeyboard keycode 46 => vkey 0000
1507 wine_trace 0050:trace:keyboard:X11DRV_InitKeyboard keycode 47 => vkey 0000
1507 wine_trace 0050:trace:keyboard:X11DRV_InitKeyboard keycode 48 => vkey 0000
1507 wine_trace 0050:trace:keyboard:X11DRV_InitKeyboard keycode 49 => vkey 0000
1507 wine_trace 0050:trace:keyboard:X11DRV_InitKeyboard keycode 50 => vkey 00A0
1507 wine_trace 0050:trace:keyboard:X11DRV_InitKeyboard keycode 51 => vkey 0000
1507 wine_trace 0050:trace:keyboard:X11DRV_InitKeyboard keycode 52 => vkey 0000
1507 wine_trace 0050:trace:keyboard:X11DRV_InitKeyboard keycode 53 => vkey 0000
1507 wine_trace 0050:trace:keyboard:X11DRV_InitKeyboard keycode 54 => vkey 0000
1508 wine_trace 0050:trace:keyboard:X11DRV_InitKeyboard keycode 55 => vkey 0000
1508 wine_trace 0050:trace:keyboard:X11DRV_InitKeyboard keycode 56 => vkey 0000
1508 wine_trace 0050:trace:keyboard:X11DRV_InitKeyboard keycode 57 => vkey 0000
1508 wine_trace 0050:trace:keyboard:X11DRV_InitKeyboard keycode 58 => vkey 0000
1508 wine_trace 0050:trace:keyboard:X11DRV_InitKeyboard keycode 59 => vkey 0000
1508 wine_trace 0050:trace:keyboard:X11DRV_InitKeyboard keycode 60 => vkey 0000
1508 wine_trace 0050:trace:keyboard:X11DRV_InitKeyboard keycode 61 => vkey 0000
1508 wine_trace 0050:trace:keyboard:X11DRV_InitKeyboard keycode 62 => vkey 01A1
1508 wine_trace 0050:trace:keyboard:X11DRV_InitKeyboard keycode 63 => vkey 006A
1508 wine_trace 0050:trace:keyboard:X11DRV_InitKeyboard keycode 64 => vkey 00A4
1508 wine_trace 0050:trace:keyboard:X11DRV_InitKeyboard keycode 65 => vkey 0020
1509 wine_trace 0050:trace:keyboard:X11DRV_InitKeyboard keycode 66 => vkey 0000
1509 wine_trace 0050:trace:keyboard:X11DRV_InitKeyboard keycode 67 => vkey 0070
1509 wine_trace 0050:trace:keyboard:X11DRV_InitKeyboard keycode 68 => vkey 0071
1509 wine_trace 0050:trace:keyboard:X11DRV_InitKeyboard keycode 69 => vkey 0072
1509 wine_trace 0050:trace:keyboard:X11DRV_InitKeyboard keycode 70 => vkey 0073
1509 wine_trace 0050:trace:keyboard:X11DRV_InitKeyboard keycode 71 => vkey 0074
1509 wine_trace 0050:trace:keyboard:X11DRV_InitKeyboard keycode 72 => vkey 0075
1509 wine_trace 0050:trace:keyboard:X11DRV_InitKeyboard keycode 73 => vkey 0076
1509 wine_trace 0050:trace:keyboard:X11DRV_InitKeyboard keycode 74 => vkey 0077
1509 wine_trace 0050:trace:keyboard:X11DRV_InitKeyboard keycode 75 => vkey 0078
1510 wine_trace 0050:trace:keyboard:X11DRV_InitKeyboard keycode 76 => vkey 0079
1510 wine_trace 0050:trace:keyboard:X11DRV_InitKeyboard keycode 77 => vkey 0000
1510 wine_trace 0050:trace:keyboard:X11DRV_InitKeyboard keycode 78 => vkey 0000
1510 wine_trace 0050:trace:keyboard:X11DRV_InitKeyboard keycode 79 => vkey 0067
1510 wine_trace 0050:trace:keyboard:X11DRV_InitKeyboard keycode 80 => vkey 0068
1510 wine_trace 0050:trace:keyboard:X11DRV_InitKeyboard keycode 81 => vkey 0069
1510 wine_trace 0050:trace:keyboard:X11DRV_InitKeyboard keycode 82 => vkey 006D
1510 wine_trace 0050:trace:keyboard:X11DRV_InitKeyboard keycode 83 => vkey 0064
1510 wine_trace 0050:trace:keyboard:X11DRV_InitKeyboard keycode 84 => vkey 0065
1510 wine_trace 0050:trace:keyboard:X11DRV_InitKeyboard keycode 85 => vkey 0066
1510 wine_trace 0050:trace:keyboard:X11DRV_InitKeyboard keycode 86 => vkey 006B
1510 wine_trace 0050:trace:keyboard:X11DRV_InitKeyboard keycode 87 => vkey 0061
1511 wine_trace 0050:trace:keyboard:X11DRV_InitKeyboard keycode 88 => vkey 0062
1511 wine_trace 0050:trace:keyboard:X11DRV_InitKeyboard keycode 89 => vkey 0063
1511 wine_trace 0050:trace:keyboard:X11DRV_InitKeyboard keycode 90 => vkey 0060
1511 wine_trace 0050:trace:keyboard:X11DRV_InitKeyboard keycode 91 => vkey 002E
1511 wine_trace 0050:trace:keyboard:X11DRV_InitKeyboard keycode 92 => vkey 0000
1511 wine_trace 0050:trace:keyboard:X11DRV_InitKeyboard keycode 93 => vkey 0000
1511 wine_trace 0050:trace:keyboard:X11DRV_InitKeyboard keycode 94 => vkey 0000
1511 wine_trace 0050:trace:keyboard:X11DRV_InitKeyboard keycode 95 => vkey 007A
1511 wine_trace 0050:trace:keyboard:X11DRV_InitKeyboard keycode 96 => vkey 007B
1511 wine_trace 0050:trace:keyboard:X11DRV_InitKeyboard keycode 97 => vkey 0000
1512 wine_trace 0050:trace:keyboard:X11DRV_InitKeyboard keycode 98 => vkey 0000
1512 wine_trace 0050:trace:keyboard:X11DRV_InitKeyboard keycode 99 => vkey 0000
1512 wine_trace 0050:trace:keyboard:X11DRV_InitKeyboard keycode 100 => vkey 0000
1512 wine_trace 0050:trace:keyboard:X11DRV_InitKeyboard keycode 101 => vkey 0000
1512 wine_trace 0050:trace:keyboard:X11DRV_InitKeyboard keycode 102 => vkey 0000
1512 wine_trace 0050:trace:keyboard:X11DRV_InitKeyboard keycode 103 => vkey 0000
1512 wine_trace 0050:trace:keyboard:X11DRV_InitKeyboard keycode 104 => vkey 0000
1512 wine_trace 0050:trace:keyboard:X11DRV_InitKeyboard keycode 105 => vkey 01A3
1512 wine_trace 0050:trace:keyboard:X11DRV_InitKeyboard keycode 106 => vkey 016F
1512 wine_trace 0050:trace:keyboard:X11DRV_InitKeyboard keycode 107 => vkey 0000
1512 wine_trace 0050:trace:keyboard:X11DRV_InitKeyboard keycode 108 => vkey 01A5
1512 wine_trace 0050:trace:keyboard:X11DRV_InitKeyboard keycode 109 => vkey 0000
1513 wine_trace 0050:trace:keyboard:X11DRV_InitKeyboard keycode 110 => vkey 0124
1513 wine_trace 0050:trace:keyboard:X11DRV_InitKeyboard keycode 111 => vkey 0126
1513 wine_trace 0050:trace:keyboard:X11DRV_InitKeyboard keycode 112 => vkey 0121
1513 wine_trace 0050:trace:keyboard:X11DRV_InitKeyboard keycode 113 => vkey 0125
1513 wine_trace 0050:trace:keyboard:X11DRV_InitKeyboard keycode 114 => vkey 0127
1513 wine_trace 0050:trace:keyboard:X11DRV_InitKeyboard keycode 115 => vkey 0123
1513 wine_trace 0050:trace:keyboard:X11DRV_InitKeyboard keycode 116 => vkey 0128
1513 wine_trace 0050:trace:keyboard:X11DRV_InitKeyboard keycode 117 => vkey 0122
1513 wine_trace 0050:trace:keyboard:X11DRV_InitKeyboard keycode 118 => vkey 012D
1513 wine_trace 0050:trace:keyboard:X11DRV_InitKeyboard keycode 119 => vkey 012E
1513 wine_trace 0050:warn:keyboard:X11DRV_InitKeyboard vkey 012E is being used by more than one keycode
1514 wine_trace 0050:trace:keyboard:X11DRV_InitKeyboard keycode 120 => vkey 0000
1514 wine_trace 0050:trace:keyboard:X11DRV_InitKeyboard keycode 121 => vkey 0000
1514 wine_trace 0050:trace:keyboard:X11DRV_InitKeyboard keycode 122 => vkey 0000
1514 wine_trace 0050:trace:keyboard:X11DRV_InitKeyboard keycode 123 => vkey 0000
1514 wine_trace 0050:trace:keyboard:X11DRV_InitKeyboard keycode 124 => vkey 0000
1514 wine_trace 0050:trace:keyboard:X11DRV_InitKeyboard keycode 125 => vkey 0000
1514 wine_trace 0050:trace:keyboard:X11DRV_InitKeyboard keycode 126 => vkey 0000
1514 wine_trace 0050:trace:keyboard:X11DRV_InitKeyboard keycode 127 => vkey 0000
1514 wine_trace 0050:trace:keyboard:X11DRV_InitKeyboard keycode 128 => vkey 0000
1514 wine_trace 0050:trace:keyboard:X11DRV_InitKeyboard keycode 129 => vkey 0000
1514 wine_trace 0050:trace:keyboard:X11DRV_InitKeyboard keycode 130 => vkey 0000
1514 wine_trace 0050:trace:keyboard:X11DRV_InitKeyboard keycode 131 => vkey 0000
1515 wine_trace 0050:trace:keyboard:X11DRV_InitKeyboard keycode 132 => vkey 0000
1515 wine_trace 0050:trace:keyboard:X11DRV_InitKeyboard keycode 133 => vkey 0000
1515 wine_trace 0050:trace:keyboard:X11DRV_InitKeyboard keycode 134 => vkey 0000
1515 wine_trace 0050:trace:keyboard:X11DRV_InitKeyboard keycode 135 => vkey 0000
1515 wine_trace 0050:trace:keyboard:X11DRV_InitKeyboard keycode 136 => vkey 0000
1515 wine_trace 0050:trace:keyboard:X11DRV_InitKeyboard keycode 137 => vkey 0000
1515 wine_trace 0050:trace:keyboard:X11DRV_InitKeyboard keycode 138 => vkey 0000
1515 wine_trace 0050:trace:keyboard:X11DRV_InitKeyboard keycode 139 => vkey 0000
1515 wine_trace 0050:trace:keyboard:X11DRV_InitKeyboard keycode 140 => vkey 0000
1515 wine_trace 0050:trace:keyboard:X11DRV_InitKeyboard keycode 141 => vkey 0000
1515 wine_trace 0050:trace:keyboard:X11DRV_InitKeyboard keycode 142 => vkey 0000
1516 wine_trace 0050:trace:keyboard:X11DRV_InitKeyboard keycode 143 => vkey 0000
1516 wine_trace 0050:trace:keyboard:X11DRV_InitKeyboard keycode 144 => vkey 0000
1516 wine_trace 0050:trace:keyboard:X11DRV_InitKeyboard keycode 145 => vkey 0000
1516 wine_trace 0050:trace:keyboard:X11DRV_InitKeyboard keycode 146 => vkey 0000
1516 wine_trace 0050:trace:keyboard:X11DRV_InitKeyboard keycode 147 => vkey 0000
1516 wine_trace 0050:trace:keyboard:X11DRV_InitKeyboard keycode 148 => vkey 0000
1516 wine_trace 0050:trace:keyboard:X11DRV_InitKeyboard keycode 149 => vkey 0000
1516 wine_trace 0050:trace:keyboard:X11DRV_InitKeyboard keycode 150 => vkey 0000
1516 wine_trace 0050:trace:keyboard:X11DRV_InitKeyboard keycode 151 => vkey 0000
1516 wine_trace 0050:trace:keyboard:X11DRV_InitKeyboard keycode 152 => vkey 0000
1516 wine_trace 0050:trace:keyboard:X11DRV_InitKeyboard keycode 153 => vkey 0000
1516 wine_trace 0050:trace:keyboard:X11DRV_InitKeyboard keycode 154 => vkey 0000
1517 wine_trace 0050:trace:keyboard:X11DRV_InitKeyboard keycode 155 => vkey 0000
1517 wine_trace 0050:trace:keyboard:X11DRV_InitKeyboard keycode 156 => vkey 0000
1517 wine_trace 0050:trace:keyboard:X11DRV_InitKeyboard keycode 157 => vkey 0000
1517 wine_trace 0050:trace:keyboard:X11DRV_InitKeyboard keycode 158 => vkey 0000
1517 wine_trace 0050:trace:keyboard:X11DRV_InitKeyboard keycode 159 => vkey 0000
1517 wine_trace 0050:trace:keyboard:X11DRV_InitKeyboard keycode 160 => vkey 0000
1517 wine_trace 0050:trace:keyboard:X11DRV_InitKeyboard keycode 161 => vkey 0000
1517 wine_trace 0050:trace:keyboard:X11DRV_InitKeyboard keycode 162 => vkey 0000
1517 wine_trace 0050:trace:keyboard:X11DRV_InitKeyboard keycode 163 => vkey 0000
1517 wine_trace 0050:trace:keyboard:X11DRV_InitKeyboard keycode 164 => vkey 0000
1518 wine_trace 0050:trace:keyboard:X11DRV_InitKeyboard keycode 165 => vkey 0000
1518 wine_trace 0050:trace:keyboard:X11DRV_InitKeyboard keycode 166 => vkey 0000
1518 wine_trace 0050:trace:keyboard:X11DRV_InitKeyboard keycode 167 => vkey 0000
1518 wine_trace 0050:trace:keyboard:X11DRV_InitKeyboard keycode 168 => vkey 0000
1518 wine_trace 0050:trace:keyboard:X11DRV_InitKeyboard keycode 169 => vkey 0000
1518 wine_trace 0050:trace:keyboard:X11DRV_InitKeyboard keycode 170 => vkey 0000
1518 wine_trace 0050:trace:keyboard:X11DRV_InitKeyboard keycode 171 => vkey 0000
1518 wine_trace 0050:trace:keyboard:X11DRV_InitKeyboard keycode 172 => vkey 0000
1518 wine_trace 0050:trace:keyboard:X11DRV_InitKeyboard keycode 173 => vkey 0000
1518 wine_trace 0050:trace:keyboard:X11DRV_InitKeyboard keycode 174 => vkey 0000
1518 wine_trace 0050:trace:keyboard:X11DRV_InitKeyboard keycode 175 => vkey 0000
1518 wine_trace 0050:trace:keyboard:X11DRV_InitKeyboard keycode 176 => vkey 0000
1519 wine_trace 0050:trace:keyboard:X11DRV_InitKeyboard keycode 177 => vkey 0000
1519 wine_trace 0050:trace:keyboard:X11DRV_InitKeyboard keycode 178 => vkey 0000
1519 wine_trace 0050:trace:keyboard:X11DRV_InitKeyboard keycode 179 => vkey 0000
1519 wine_trace 0050:trace:keyboard:X11DRV_InitKeyboard keycode 180 => vkey 0000
1519 wine_trace 0050:trace:keyboard:X11DRV_InitKeyboard keycode 181 => vkey 0000
1519 wine_trace 0050:trace:keyboard:X11DRV_InitKeyboard keycode 182 => vkey 0000
1519 wine_trace 0050:trace:keyboard:X11DRV_InitKeyboard keycode 183 => vkey 0000
1519 wine_trace 0050:trace:keyboard:X11DRV_InitKeyboard keycode 184 => vkey 0000
1519 wine_trace 0050:trace:keyboard:X11DRV_InitKeyboard keycode 185 => vkey 0000
1519 wine_trace 0050:trace:keyboard:X11DRV_InitKeyboard keycode 186 => vkey 0000
1519 wine_trace 0050:trace:keyboard:X11DRV_InitKeyboard keycode 187 => vkey 0000
1520 wine_trace 0050:trace:keyboard:X11DRV_InitKeyboard keycode 188 => vkey 0000
1520 wine_trace 0050:trace:keyboard:X11DRV_InitKeyboard keycode 189 => vkey 0000
1520 wine_trace 0050:trace:keyboard:X11DRV_InitKeyboard keycode 190 => vkey 0000
1520 wine_trace 0050:trace:keyboard:X11DRV_InitKeyboard keycode 191 => vkey 0000
1520 wine_trace 0050:trace:keyboard:X11DRV_InitKeyboard keycode 192 => vkey 0000
1520 wine_trace 0050:trace:keyboard:X11DRV_InitKeyboard keycode 193 => vkey 0000
1520 wine_trace 0050:trace:keyboard:X11DRV_InitKeyboard keycode 194 => vkey 0000
1520 wine_trace 0050:trace:keyboard:X11DRV_InitKeyboard keycode 195 => vkey 0000
1520 wine_trace 0050:trace:keyboard:X11DRV_InitKeyboard keycode 196 => vkey 0000
1521 wine_trace 0050:trace:keyboard:X11DRV_InitKeyboard keycode 197 => vkey 0000
1521 wine_trace 0050:trace:keyboard:X11DRV_InitKeyboard keycode 198 => vkey 0000
1521 wine_trace 0050:trace:keyboard:X11DRV_InitKeyboard keycode 199 => vkey 0000
1521 wine_trace 0050:trace:keyboard:X11DRV_InitKeyboard keycode 200 => vkey 0000
1521 wine_trace 0050:trace:keyboard:X11DRV_InitKeyboard keycode 201 => vkey 0000
1521 wine_trace 0050:trace:keyboard:X11DRV_InitKeyboard keycode 202 => vkey 0000
1521 wine_trace 0050:trace:keyboard:X11DRV_InitKeyboard keycode 203 => vkey 0000
1521 wine_trace 0050:trace:keyboard:X11DRV_InitKeyboard keycode 204 => vkey 0000
1521 wine_trace 0050:trace:keyboard:X11DRV_InitKeyboard keycode 205 => vkey 0000
1521 wine_trace 0050:trace:keyboard:X11DRV_InitKeyboard keycode 206 => vkey 0000
1521 wine_trace 0050:trace:keyboard:X11DRV_InitKeyboard keycode 207 => vkey 0000
1521 wine_trace 0050:trace:keyboard:X11DRV_InitKeyboard keycode 208 => vkey 0000
1522 wine_trace 0050:trace:keyboard:X11DRV_InitKeyboard keycode 209 => vkey 0000
1522 wine_trace 0050:trace:keyboard:X11DRV_InitKeyboard keycode 210 => vkey 0000
1522 wine_trace 0050:trace:keyboard:X11DRV_InitKeyboard keycode 211 => vkey 0000
1522 wine_trace 0050:trace:keyboard:X11DRV_InitKeyboard keycode 212 => vkey 0000
1522 wine_trace 0050:trace:keyboard:X11DRV_InitKeyboard keycode 213 => vkey 0000
1522 wine_trace 0050:trace:keyboard:X11DRV_InitKeyboard keycode 214 => vkey 0000
1522 wine_trace 0050:trace:keyboard:X11DRV_InitKeyboard keycode 215 => vkey 0000
1523 wine_trace 0050:trace:keyboard:X11DRV_InitKeyboard keycode 216 => vkey 0000
1523 wine_trace 0050:trace:keyboard:X11DRV_InitKeyboard keycode 217 => vkey 0000
1523 wine_trace 0050:trace:keyboard:X11DRV_InitKeyboard keycode 218 => vkey 0000
1523 wine_trace 0050:trace:keyboard:X11DRV_InitKeyboard keycode 219 => vkey 0000
1523 wine_trace 0050:trace:keyboard:X11DRV_InitKeyboard keycode 220 => vkey 0000
1523 wine_trace 0050:trace:keyboard:X11DRV_InitKeyboard keycode 221 => vkey 0000
1523 wine_trace 0050:trace:keyboard:X11DRV_InitKeyboard keycode 222 => vkey 0000
1523 wine_trace 0050:trace:keyboard:X11DRV_InitKeyboard keycode 223 => vkey 0000
1523 wine_trace 0050:trace:keyboard:X11DRV_InitKeyboard keycode 224 => vkey 0000
1523 wine_trace 0050:trace:keyboard:X11DRV_InitKeyboard keycode 225 => vkey 0000
1524 wine_trace 0050:trace:keyboard:X11DRV_InitKeyboard keycode 226 => vkey 0000
1524 wine_trace 0050:trace:keyboard:X11DRV_InitKeyboard keycode 227 => vkey 0000
1524 wine_trace 0050:trace:keyboard:X11DRV_InitKeyboard keycode 228 => vkey 0000
1524 wine_trace 0050:trace:keyboard:X11DRV_InitKeyboard keycode 229 => vkey 0000
1524 wine_trace 0050:trace:keyboard:X11DRV_InitKeyboard keycode 230 => vkey 0000
1524 wine_trace 0050:trace:keyboard:X11DRV_InitKeyboard keycode 231 => vkey 0000
1524 wine_trace 0050:trace:keyboard:X11DRV_InitKeyboard keycode 232 => vkey 0000
1524 wine_trace 0050:trace:keyboard:X11DRV_InitKeyboard keycode 233 => vkey 0000
1524 wine_trace 0050:trace:keyboard:X11DRV_InitKeyboard keycode 234 => vkey 0000
1524 wine_trace 0050:trace:keyboard:X11DRV_InitKeyboard keycode 235 => vkey 0000
1524 wine_trace 0050:trace:keyboard:X11DRV_InitKeyboard keycode 236 => vkey 0000
1524 wine_trace 0050:trace:keyboard:X11DRV_InitKeyboard keycode 237 => vkey 0000
1525 wine_trace 0050:trace:keyboard:X11DRV_InitKeyboard keycode 238 => vkey 0000
1525 wine_trace 0050:trace:keyboard:X11DRV_InitKeyboard keycode 239 => vkey 0000
1525 wine_trace 0050:trace:keyboard:X11DRV_InitKeyboard keycode 240 => vkey 0000
1525 wine_trace 0050:trace:keyboard:X11DRV_InitKeyboard keycode 241 => vkey 0000
1525 wine_trace 0050:trace:keyboard:X11DRV_InitKeyboard keycode 242 => vkey 0000
1525 wine_trace 0050:trace:keyboard:X11DRV_InitKeyboard keycode 243 => vkey 0000
1525 wine_trace 0050:trace:keyboard:X11DRV_InitKeyboard keycode 244 => vkey 0000
1525 wine_trace 0050:trace:keyboard:X11DRV_InitKeyboard keycode 245 => vkey 0000
1525 wine_trace 0050:trace:keyboard:X11DRV_InitKeyboard keycode 246 => vkey 0000
1525 wine_trace 0050:trace:keyboard:X11DRV_InitKeyboard keycode 247 => vkey 0000
1525 wine_trace 0050:trace:keyboard:X11DRV_InitKeyboard keycode 248 => vkey 0000
1525 wine_trace 0050:trace:keyboard:X11DRV_InitKeyboard keycode 249 => vkey 0000
1526 wine_trace 0050:trace:keyboard:X11DRV_InitKeyboard keycode 250 => vkey 0000
1526 wine_trace 0050:trace:keyboard:X11DRV_InitKeyboard keycode 251 => vkey 0000
1526 wine_trace 0050:trace:keyboard:X11DRV_InitKeyboard keycode 252 => vkey 0000
1526 wine_trace 0050:trace:keyboard:X11DRV_InitKeyboard keycode 253 => vkey 0000
1526 wine_trace 0050:trace:keyboard:X11DRV_InitKeyboard keycode 254 => vkey 0000
1526 wine_trace 0050:trace:keyboard:X11DRV_InitKeyboard keycode 255 => vkey 0000
1526 wine_trace 0050:trace:keyboard:X11DRV_InitKeyboard keycode 10 => vkey 0031
1526 wine_trace 0050:trace:keyboard:X11DRV_InitKeyboard keycode 11 => vkey 0032
1526 wine_trace 0050:trace:keyboard:X11DRV_InitKeyboard keycode 12 => vkey 0033
1526 wine_trace 0050:trace:keyboard:X11DRV_InitKeyboard keycode 13 => vkey 0034
1526 wine_trace 0050:trace:keyboard:X11DRV_InitKeyboard keycode 14 => vkey 0035
1526 wine_trace 0050:trace:keyboard:X11DRV_InitKeyboard keycode 15 => vkey 0036
1527 wine_trace 0050:trace:keyboard:X11DRV_InitKeyboard keycode 16 => vkey 0037
1527 wine_trace 0050:trace:keyboard:X11DRV_InitKeyboard keycode 17 => vkey 0038
1527 wine_trace 0050:trace:keyboard:X11DRV_InitKeyboard keycode 18 => vkey 0039
1527 wine_trace 0050:trace:keyboard:X11DRV_InitKeyboard keycode 19 => vkey 0030
1527 wine_trace 0050:trace:keyboard:X11DRV_InitKeyboard keycode 20 => vkey 00BD
1527 wine_trace 0050:trace:keyboard:X11DRV_InitKeyboard keycode 21 => vkey 00BB
1527 wine_trace 0050:trace:keyboard:X11DRV_InitKeyboard keycode 24 => vkey 0051
1527 wine_trace 0050:trace:keyboard:X11DRV_InitKeyboard keycode 25 => vkey 0057
1527 wine_trace 0050:trace:keyboard:X11DRV_InitKeyboard keycode 26 => vkey 0045
1527 wine_trace 0050:trace:keyboard:X11DRV_InitKeyboard keycode 27 => vkey 0052
1527 wine_trace 0050:trace:keyboard:X11DRV_InitKeyboard keycode 28 => vkey 0054
1527 wine_trace 0050:trace:keyboard:X11DRV_InitKeyboard keycode 29 => vkey 0059
1528 wine_trace 0050:trace:keyboard:X11DRV_InitKeyboard keycode 30 => vkey 0055
1528 wine_trace 0050:trace:keyboard:X11DRV_InitKeyboard keycode 31 => vkey 0049
1528 wine_trace 0050:trace:keyboard:X11DRV_InitKeyboard keycode 32 => vkey 004F
1528 wine_trace 0050:trace:keyboard:X11DRV_InitKeyboard keycode 33 => vkey 0050
1528 wine_trace 0050:trace:keyboard:X11DRV_InitKeyboard keycode 34 => vkey 00DB
1528 wine_trace 0050:trace:keyboard:X11DRV_InitKeyboard keycode 35 => vkey 00DD
1528 wine_trace 0050:trace:keyboard:X11DRV_InitKeyboard keycode 38 => vkey 0041
1528 wine_trace 0050:trace:keyboard:X11DRV_InitKeyboard keycode 39 => vkey 0053
1528 wine_trace 0050:trace:keyboard:X11DRV_InitKeyboard keycode 40 => vkey 0044
1528 wine_trace 0050:trace:keyboard:X11DRV_InitKeyboard keycode 41 => vkey 0046
1528 wine_trace 0050:trace:keyboard:X11DRV_InitKeyboard keycode 42 => vkey 0047
1529 wine_trace 0050:trace:keyboard:X11DRV_InitKeyboard keycode 43 => vkey 0048
1529 wine_trace 0050:trace:keyboard:X11DRV_InitKeyboard keycode 44 => vkey 004A
1529 wine_trace 0050:trace:keyboard:X11DRV_InitKeyboard keycode 45 => vkey 004B
1529 wine_trace 0050:trace:keyboard:X11DRV_InitKeyboard keycode 46 => vkey 004C
1529 wine_trace 0050:trace:keyboard:X11DRV_InitKeyboard keycode 47 => vkey 00BA
1529 wine_trace 0050:trace:keyboard:X11DRV_InitKeyboard keycode 48 => vkey 00DE
1529 wine_trace 0050:trace:keyboard:X11DRV_InitKeyboard keycode 49 => vkey 00C0
1530 wine_trace 0050:trace:keyboard:X11DRV_InitKeyboard keycode 51 => vkey 00DC
1530 wine_trace 0050:trace:keyboard:X11DRV_InitKeyboard keycode 52 => vkey 005A
1530 wine_trace 0050:trace:keyboard:X11DRV_InitKeyboard keycode 53 => vkey 0058
1530 wine_trace 0050:trace:keyboard:X11DRV_InitKeyboard keycode 54 => vkey 0043
1530 wine_trace 0050:trace:keyboard:X11DRV_InitKeyboard keycode 55 => vkey 0056
1530 wine_trace 0050:trace:keyboard:X11DRV_InitKeyboard keycode 56 => vkey 0042
1530 wine_trace 0050:trace:keyboard:X11DRV_InitKeyboard keycode 57 => vkey 004E
1530 wine_trace 0050:trace:keyboard:X11DRV_InitKeyboard keycode 58 => vkey 004D
1530 wine_trace 0050:trace:keyboard:X11DRV_InitKeyboard keycode 59 => vkey 00BC
1530 wine_trace 0050:trace:keyboard:X11DRV_InitKeyboard keycode 60 => vkey 00BE
1530 wine_trace 0050:trace:keyboard:X11DRV_InitKeyboard keycode 61 => vkey 00BF
1530 wine_trace 0050:trace:key:X11DRV_InitKeyboard assigning scancode 60 to unidentified keycode 10 (NoSymbol)
1531 wine_trace 0050:trace:key:X11DRV_InitKeyboard assigning scancode 61 to unidentified keycode 11 (NoSymbol)
1531 wine_trace 0050:trace:key:X11DRV_InitKeyboard assigning scancode 62 to unidentified keycode 12 (NoSymbol)
1531 wine_trace 0050:trace:key:X11DRV_InitKeyboard assigning scancode 63 to unidentified keycode 13 (NoSymbol)
1531 wine_trace 0050:trace:key:X11DRV_InitKeyboard assigning scancode 64 to unidentified keycode 14 (NoSymbol)
1531 wine_trace 0050:trace:key:X11DRV_InitKeyboard assigning scancode 65 to unidentified keycode 15 (NoSymbol)
1531 wine_trace 0050:trace:key:X11DRV_InitKeyboard assigning scancode 66 to unidentified keycode 16 (NoSymbol)
1531 wine_trace 0050:trace:key:X11DRV_InitKeyboard assigning scancode 67 to unidentified keycode 17 (NoSymbol)
1531 wine_trace 0050:trace:key:X11DRV_InitKeyboard assigning scancode 68 to unidentified keycode 18 (NoSymbol)
1531 wine_trace 0050:trace:key:X11DRV_InitKeyboard assigning scancode 69 to unidentified keycode 19 (NoSymbol)
1531 wine_trace 0050:trace:key:X11DRV_InitKeyboard assigning scancode 6a to unidentified keycode 20 (NoSymbol)
1532 wine_trace 0050:trace:key:X11DRV_InitKeyboard assigning scancode 6b to unidentified keycode 21 (NoSymbol)
1532 wine_trace 0050:trace:key:X11DRV_InitKeyboard assigning scancode 6c to unidentified keycode 24 (NoSymbol)
1532 wine_trace 0050:trace:key:X11DRV_InitKeyboard assigning scancode 6d to unidentified keycode 25 (NoSymbol)
1532 wine_trace 0050:trace:key:X11DRV_InitKeyboard assigning scancode 6e to unidentified keycode 26 (NoSymbol)
1532 wine_trace 0050:trace:key:X11DRV_InitKeyboard assigning scancode 6f to unidentified keycode 27 (NoSymbol)
1532 wine_trace 0050:trace:key:X11DRV_InitKeyboard assigning scancode 70 to unidentified keycode 28 (NoSymbol)
1532 wine_trace 0050:trace:key:X11DRV_InitKeyboard assigning scancode 71 to unidentified keycode 29 (NoSymbol)
1532 wine_trace 0050:trace:key:X11DRV_InitKeyboard assigning scancode 72 to unidentified keycode 30 (NoSymbol)
1532 wine_trace 0050:trace:key:X11DRV_InitKeyboard assigning scancode 73 to unidentified keycode 31 (NoSymbol)
1532 wine_trace 0050:trace:key:X11DRV_InitKeyboard assigning scancode 74 to unidentified keycode 32 (NoSymbol)
1532 wine_trace 0050:trace:key:X11DRV_InitKeyboard assigning scancode 75 to unidentified keycode 33 (NoSymbol)
1533 wine_trace 0050:trace:key:X11DRV_InitKeyboard assigning scancode 76 to unidentified keycode 34 (NoSymbol)
1533 wine_trace 0050:trace:key:X11DRV_InitKeyboard assigning scancode 77 to unidentified keycode 35 (NoSymbol)
1533 wine_trace 0050:trace:key:X11DRV_InitKeyboard assigning scancode 78 to unidentified keycode 38 (NoSymbol)
1533 wine_trace 0050:trace:key:X11DRV_InitKeyboard assigning scancode 79 to unidentified keycode 39 (NoSymbol)
1533 wine_trace 0050:trace:key:X11DRV_InitKeyboard assigning scancode 7a to unidentified keycode 40 (NoSymbol)
1533 wine_trace 0050:trace:key:X11DRV_InitKeyboard assigning scancode 7b to unidentified keycode 41 (NoSymbol)
1533 wine_trace 0050:trace:key:X11DRV_InitKeyboard assigning scancode 7c to unidentified keycode 42 (NoSymbol)
1533 wine_trace 0050:trace:key:X11DRV_InitKeyboard assigning scancode 7d to unidentified keycode 43 (NoSymbol)
1533 wine_trace 0050:trace:key:X11DRV_InitKeyboard assigning scancode 7e to unidentified keycode 44 (NoSymbol)
1533 wine_trace 0050:trace:key:X11DRV_InitKeyboard assigning scancode 7f to unidentified keycode 45 (NoSymbol)
1533 wine_trace 0050:trace:key:X11DRV_InitKeyboard assigning scancode 80 to unidentified keycode 46 (NoSymbol)
1533 wine_trace 0050:trace:key:X11DRV_InitKeyboard assigning scancode 81 to unidentified keycode 47 (NoSymbol)
1534 wine_trace 0050:trace:key:X11DRV_InitKeyboard assigning scancode 82 to unidentified keycode 48 (NoSymbol)
1534 wine_trace 0050:trace:key:X11DRV_InitKeyboard assigning scancode 83 to unidentified keycode 49 (NoSymbol)
1534 wine_trace 0050:trace:key:X11DRV_InitKeyboard assigning scancode 84 to unidentified keycode 51 (NoSymbol)
1534 wine_trace 0050:trace:key:X11DRV_InitKeyboard assigning scancode 85 to unidentified keycode 52 (NoSymbol)
1534 wine_trace 0050:trace:key:X11DRV_InitKeyboard assigning scancode 86 to unidentified keycode 53 (NoSymbol)
1534 wine_trace 0050:trace:key:X11DRV_InitKeyboard assigning scancode 87 to unidentified keycode 54 (NoSymbol)
1534 wine_trace 0050:trace:key:X11DRV_InitKeyboard assigning scancode 88 to unidentified keycode 55 (NoSymbol)
1534 wine_trace 0050:trace:key:X11DRV_InitKeyboard assigning scancode 89 to unidentified keycode 56 (NoSymbol)
1534 wine_trace 0050:trace:key:X11DRV_InitKeyboard assigning scancode 8a to unidentified keycode 57 (NoSymbol)
1534 wine_trace 0050:trace:key:X11DRV_InitKeyboard assigning scancode 8b to unidentified keycode 58 (NoSymbol)
1534 wine_trace 0050:trace:key:X11DRV_InitKeyboard assigning scancode 8c to unidentified keycode 59 (NoSymbol)
1535 wine_trace 0050:trace:key:X11DRV_InitKeyboard assigning scancode 8d to unidentified keycode 60 (NoSymbol)
1535 wine_trace 0050:trace:key:X11DRV_InitKeyboard assigning scancode 8e to unidentified keycode 61 (NoSymbol)
1886 keyboard_mapping_reply first=8,count=248,keysyms=496
1886 wine_trace 0034:trace:keyboard:X11DRV_KEYBOARD_DetectLayout Attempting to match against "United States keyboard layout"
1887 wine_trace 0034:trace:keyboard:X11DRV_KEYBOARD_DetectLayout matches=0, mismatches=0, seq=0, score=0
1887 wine_trace 0034:trace:keyboard:X11DRV_KEYBOARD_DetectLayout Attempting to match against "United States keyboard layout (phantom key version)"
1887 keyboard_mapping_reply first=8,count=248,keysyms=496
1887 wine_trace 0034:trace:keyboard:X11DRV_KEYBOARD_DetectLayout matches=0, mismatches=0, seq=0, score=0
1887 wine_trace 0034:trace:keyboard:X11DRV_KEYBOARD_DetectLayout Attempting to match against "United States keyboard layout (dvorak)"
1888 wine_trace 0034:trace:keyboard:X11DRV_KEYBOARD_DetectLayout matches=0, mismatches=0, seq=0, score=0
1888 wine_trace 0034:trace:keyboard:X11DRV_KEYBOARD_DetectLayout Attempting to match against "United States keyboard layout (programmer dvorak)"
1888 wine_trace 0034:trace:keyboard:X11DRV_KEYBOARD_DetectLayout matches=0, mismatches=0, seq=0, score=0
1888 wine_trace 0034:trace:keyboard:X11DRV_KEYBOARD_DetectLayout Attempting to match against "United States keyboard layout (dvorak with phantom key)"
1888 wine_trace 0034:trace:keyboard:X11DRV_KEYBOARD_DetectLayout matches=0, mismatches=0, seq=0, score=0
1888 wine_trace 0034:trace:keyboard:X11DRV_KEYBOARD_DetectLayout Attempting to match against "United States International keyboard layout"
1889 wine_trace 0034:trace:keyboard:X11DRV_KEYBOARD_DetectLayout matches=0, mismatches=0, seq=0, score=0
1889 wine_trace 0034:trace:keyboard:X11DRV_KEYBOARD_DetectLayout Attempting to match against "British keyboard layout"
1889 wine_trace 0034:trace:keyboard:X11DRV_KEYBOARD_DetectLayout matches=0, mismatches=0, seq=0, score=0
1889 wine_trace 0034:trace:keyboard:X11DRV_KEYBOARD_DetectLayout Attempting to match against "German keyboard layout"
1889 wine_trace 0034:trace:keyboard:X11DRV_KEYBOARD_DetectLayout matches=0, mismatches=0, seq=0, score=0
1890 wine_trace 0034:trace:keyboard:X11DRV_KEYBOARD_DetectLayout Attempting to match against "Swiss German keyboard layout"
1890 wine_trace 0034:trace:keyboard:X11DRV_KEYBOARD_DetectLayout matches=0, mismatches=0, seq=0, score=0
1891 wine_trace 0034:trace:keyboard:X11DRV_KEYBOARD_DetectLayout Attempting to match against "Swiss French keyboard layout"
1891 wine_trace 0034:trace:keyboard:X11DRV_KEYBOARD_DetectLayout matches=0, mismatches=0, seq=0, score=0
1891 wine_trace 0034:trace:keyboard:X11DRV_KEYBOARD_DetectLayout Attempting to match against "Swedish keyboard layout"
1891 wine_trace 0034:trace:keyboard:X11DRV_KEYBOARD_DetectLayout matches=0, mismatches=0, seq=0, score=0
1892 wine_trace 0034:trace:keyboard:X11DRV_KEYBOARD_DetectLayout Attempting to match against "Estonian keyboard layout"
1892 wine_trace 0034:trace:keyboard:X11DRV_KEYBOARD_DetectLayout matches=0, mismatches=0, seq=0, score=0
1892 wine_trace 0034:trace:keyboard:X11DRV_KEYBOARD_DetectLayout Attempting to match against "Norwegian keyboard layout"
1893 wine_trace 0034:trace:keyboard:X11DRV_KEYBOARD_DetectLayout matches=0, mismatches=0, seq=0, score=0
1893 wine_trace 0034:trace:keyboard:X11DRV_KEYBOARD_DetectLayout Attempting to match against "Danish keyboard layout"
1893 wine_trace 0034:trace:keyboard:X11DRV_KEYBOARD_DetectLayout matches=0, mismatches=0, seq=0, score=0
1893 wine_trace 0034:trace:keyboard:X11DRV_KEYBOARD_DetectLayout Attempting to match against "French keyboard layout"
1894 wine_trace 0034:trace:keyboard:X11DRV_KEYBOARD_DetectLayout matches=0, mismatches=0, seq=0, score=0
1894 wine_trace 0034:trace:keyboard:X11DRV_KEYBOARD_DetectLayout Attempting to match against "Canadian French keyboard layout"
1894 wine_trace 0034:trace:keyboard:X11DRV_KEYBOARD_DetectLayout matches=0, mismatches=0, seq=0, score=0
1894 wine_trace 0034:trace:keyboard:X11DRV_KEYBOARD_DetectLayout Attempting to match against "Canadian French keyboard layout (CA_fr)"
1895 wine_trace 0034:trace:keyboard:X11DRV_KEYBOARD_DetectLayout matches=0, mismatches=0, seq=0, score=0
1895 wine_trace 0034:trace:keyboard:X11DRV_KEYBOARD_DetectLayout Attempting to match against "Canadian keyboard layout"
1895 wine_trace 0034:trace:keyboard:X11DRV_KEYBOARD_DetectLayout matches=0, mismatches=0, seq=0, score=0
1895 wine_trace 0034:trace:keyboard:X11DRV_KEYBOARD_DetectLayout Attempting to match against "Belgian keyboard layout"
1896 wine_trace 0034:trace:keyboard:X11DRV_KEYBOARD_DetectLayout matches=0, mismatches=0, seq=0, score=0
1896 wine_trace 0034:trace:keyboard:X11DRV_KEYBOARD_DetectLayout Attempting to match against "Portuguese keyboard layout"
1897 wine_trace 0034:trace:keyboard:X11DRV_KEYBOARD_DetectLayout matches=0, mismatches=0, seq=0, score=0
1897 wine_trace 0034:trace:keyboard:X11DRV_KEYBOARD_DetectLayout Attempting to match against "Brazilian ABNT-2 keyboard layout"
1897 wine_trace 0034:trace:keyboard:X11DRV_KEYBOARD_DetectLayout matches=0, mismatches=0, seq=0, score=0
1897 wine_trace 0034:trace:keyboard:X11DRV_KEYBOARD_DetectLayout Attempting to match against "Brazilian ABNT-2 keyboard layout ALT GR"
1898 wine_trace 0034:trace:keyboard:X11DRV_KEYBOARD_DetectLayout matches=0, mismatches=0, seq=0, score=0
1898 wine_trace 0034:trace:keyboard:X11DRV_KEYBOARD_DetectLayout Attempting to match against "Finnish keyboard layout"
1898 wine_trace 0034:trace:keyboard:X11DRV_KEYBOARD_DetectLayout matches=0, mismatches=0, seq=0, score=0
1899 wine_trace 0034:trace:keyboard:X11DRV_KEYBOARD_DetectLayout Attempting to match against "Bulgarian bds keyboard layout"
1899 wine_trace 0034:trace:keyboard:X11DRV_KEYBOARD_DetectLayout matches=0, mismatches=0, seq=0, score=0
1900 wine_trace 0034:trace:keyboard:X11DRV_KEYBOARD_DetectLayout Attempting to match against "Bulgarian phonetic keyboard layout"
1900 wine_trace 0034:trace:keyboard:X11DRV_KEYBOARD_DetectLayout matches=0, mismatches=0, seq=0, score=0
1900 wine_trace 0034:trace:keyboard:X11DRV_KEYBOARD_DetectLayout Attempting to match against "Belarusian keyboard layout"
1901 wine_trace 0034:trace:keyboard:X11DRV_KEYBOARD_DetectLayout matches=0, mismatches=0, seq=0, score=0
1901 wine_trace 0034:trace:keyboard:X11DRV_KEYBOARD_DetectLayout Attempting to match against "Russian keyboard layout"
1902 wine_trace 0034:trace:keyboard:X11DRV_KEYBOARD_DetectLayout matches=0, mismatches=0, seq=0, score=0
1902 wine_trace 0034:trace:keyboard:X11DRV_KEYBOARD_DetectLayout Attempting to match against "Russian keyboard layout (phantom key version)"
1902 wine_trace 0034:trace:keyboard:X11DRV_KEYBOARD_DetectLayout matches=0, mismatches=0, seq=0, score=0
1902 wine_trace 0034:trace:keyboard:X11DRV_KEYBOARD_DetectLayout Attempting to match against "Russian keyboard layout KOI8-R"
1902 wine_trace 0034:trace:keyboard:X11DRV_KEYBOARD_DetectLayout matches=0, mismatches=0, seq=0, score=0
1903 wine_trace 0034:trace:keyboard:X11DRV_KEYBOARD_DetectLayout Attempting to match against "Russian keyboard layout cp1251"
1903 wine_trace 0034:trace:keyboard:X11DRV_KEYBOARD_DetectLayout matches=0, mismatches=0, seq=0, score=0
1903 wine_trace 0034:trace:keyboard:X11DRV_KEYBOARD_DetectLayout Attempting to match against "Russian phonetic keyboard layout"
1903 wine_trace 0034:trace:keyboard:X11DRV_KEYBOARD_DetectLayout matches=0, mismatches=0, seq=0, score=0
1904 wine_trace 0034:trace:keyboard:X11DRV_KEYBOARD_DetectLayout Attempting to match against "Ukrainian keyboard layout KOI8-U"
1904 wine_trace 0034:trace:keyboard:X11DRV_KEYBOARD_DetectLayout matches=0, mismatches=0, seq=0, score=0
1904 wine_trace 0034:trace:keyboard:X11DRV_KEYBOARD_DetectLayout Attempting to match against "Ukrainian keyboard layout (standard)"
1904 wine_trace 0034:trace:keyboard:X11DRV_KEYBOARD_DetectLayout matches=0, mismatches=0, seq=0, score=0
1904 wine_trace 0034:trace:keyboard:X11DRV_KEYBOARD_DetectLayout Attempting to match against "Russian keyboard layout (standard)"
1905 wine_trace 0034:trace:keyboard:X11DRV_KEYBOARD_DetectLayout matches=0, mismatches=0, seq=0, score=0
1905 wine_trace 0034:trace:keyboard:X11DRV_KEYBOARD_DetectLayout Attempting to match against "Spanish keyboard layout"
1905 wine_trace 0034:trace:keyboard:X11DRV_KEYBOARD_DetectLayout matches=0, mismatches=0, seq=0, score=0
1905 wine_trace 0034:trace:keyboard:X11DRV_KEYBOARD_DetectLayout Attempting to match against "Italian keyboard layout"
1905 wine_trace 0034:trace:keyboard:X11DRV_KEYBOARD_DetectLayout matches=0, mismatches=0, seq=0, score=0
1905 wine_trace 0034:trace:keyboard:X11DRV_KEYBOARD_DetectLayout Attempting to match against "Icelandic keyboard layout"
1905 wine_trace 0034:trace:keyboard:X11DRV_KEYBOARD_DetectLayout matches=0, mismatches=0, seq=0, score=0
1906 wine_trace 0034:trace:keyboard:X11DRV_KEYBOARD_DetectLayout Attempting to match against "Hungarian keyboard layout"
1906 wine_trace 0034:trace:keyboard:X11DRV_KEYBOARD_DetectLayout matches=0, mismatches=0, seq=0, score=0
1906 wine_trace 0034:trace:keyboard:X11DRV_KEYBOARD_DetectLayout Attempting to match against "Polish (programmer's) keyboard layout"
1906 wine_trace 0034:trace:keyboard:X11DRV_KEYBOARD_DetectLayout matches=0, mismatches=0, seq=0, score=0
1906 wine_trace 0034:trace:keyboard:X11DRV_KEYBOARD_DetectLayout Attempting to match against "Slovenian keyboard layout"
1907 wine_trace 0034:trace:keyboard:X11DRV_KEYBOARD_DetectLayout matches=0, mismatches=0, seq=0, score=0
1907 wine_trace 0034:trace:keyboard:X11DRV_KEYBOARD_DetectLayout Attempting to match against "Serbian keyboard layout sr"
1907 wine_trace 0034:trace:keyboard:X11DRV_KEYBOARD_DetectLayout matches=0, mismatches=0, seq=0, score=0
1907 wine_trace 0034:trace:keyboard:X11DRV_KEYBOARD_DetectLayout Attempting to match against "Serbian keyboard layout us,sr"
1907 wine_trace 0034:trace:keyboard:X11DRV_KEYBOARD_DetectLayout matches=0, mismatches=0, seq=0, score=0
1908 wine_trace 0034:trace:keyboard:X11DRV_KEYBOARD_DetectLayout Attempting to match against "Croatian keyboard layout"
1908 wine_trace 0034:trace:keyboard:X11DRV_KEYBOARD_DetectLayout matches=0, mismatches=0, seq=0, score=0
1908 wine_trace 0034:trace:keyboard:X11DRV_KEYBOARD_DetectLayout Attempting to match against "Croatian keyboard layout (specific)"
1908 wine_trace 0034:trace:keyboard:X11DRV_KEYBOARD_DetectLayout matches=0, mismatches=0, seq=0, score=0
1908 wine_trace 0034:trace:keyboard:X11DRV_KEYBOARD_DetectLayout Attempting to match against "Japanese 106 keyboard layout"
1908 wine_trace 0034:trace:keyboard:X11DRV_KEYBOARD_DetectLayout matches=0, mismatches=0, seq=0, score=0
1908 wine_trace 0034:trace:keyboard:X11DRV_KEYBOARD_DetectLayout Attempting to match against "Japanese Mac keyboard layout"
1908 wine_trace 0034:trace:keyboard:X11DRV_KEYBOARD_DetectLayout matches=0, mismatches=0, seq=0, score=0
1908 wine_trace 0034:trace:keyboard:X11DRV_KEYBOARD_DetectLayout Attempting to match against "Japanese pc98x1 keyboard layout"
1908 wine_trace 0034:trace:keyboard:X11DRV_KEYBOARD_DetectLayout matches=0, mismatches=0, seq=0, score=0
1909 wine_trace 0034:trace:keyboard:X11DRV_KEYBOARD_DetectLayout Attempting to match against "Slovak keyboard layout"
1909 wine_trace 0034:trace:keyboard:X11DRV_KEYBOARD_DetectLayout matches=0, mismatches=0, seq=0, score=0
1909 wine_trace 0034:trace:keyboard:X11DRV_KEYBOARD_DetectLayout Attempting to match against "Slovak and Czech keyboard layout without dead keys"
1909 wine_trace 0034:trace:keyboard:X11DRV_KEYBOARD_DetectLayout matches=0, mismatches=0, seq=0, score=0
1909 wine_trace 0034:trace:keyboard:X11DRV_KEYBOARD_DetectLayout Attempting to match against "Czech keyboard layout"
1909 wine_trace 0034:trace:keyboard:X11DRV_KEYBOARD_DetectLayout matches=0, mismatches=0, seq=0, score=0
1909 wine_trace 0034:trace:keyboard:X11DRV_KEYBOARD_DetectLayout Attempting to match against "Czech keyboard layout cz"
1909 wine_trace 0034:trace:keyboard:X11DRV_KEYBOARD_DetectLayout matches=0, mismatches=0, seq=0, score=0
1909 wine_trace 0034:trace:keyboard:X11DRV_KEYBOARD_DetectLayout Attempting to match against "Czech keyboard layout cz_qwerty"
1909 wine_trace 0034:trace:keyboard:X11DRV_KEYBOARD_DetectLayout matches=0, mismatches=0, seq=0, score=0
1909 wine_trace 0034:trace:keyboard:X11DRV_KEYBOARD_DetectLayout Attempting to match against "Latin American keyboard layout"
1909 wine_trace 0034:trace:keyboard:X11DRV_KEYBOARD_DetectLayout matches=0, mismatches=0, seq=0, score=0
1910 wine_trace 0034:trace:keyboard:X11DRV_KEYBOARD_DetectLayout Attempting to match against "Lithuanian (Baltic) keyboard layout"
1910 wine_trace 0034:trace:keyboard:X11DRV_KEYBOARD_DetectLayout matches=0, mismatches=0, seq=0, score=0
1910 wine_trace 0034:trace:keyboard:X11DRV_KEYBOARD_DetectLayout Attempting to match against "Turkish keyboard layout"
1910 wine_trace 0034:trace:keyboard:X11DRV_KEYBOARD_DetectLayout matches=0, mismatches=0, seq=0, score=0
1910 wine_trace 0034:trace:keyboard:X11DRV_KEYBOARD_DetectLayout Attempting to match against "Turkish keyboard layout tr"
1910 wine_trace 0034:trace:keyboard:X11DRV_KEYBOARD_DetectLayout matches=0, mismatches=0, seq=0, score=0
1910 wine_trace 0034:trace:keyboard:X11DRV_KEYBOARD_DetectLayout Attempting to match against "Turkish keyboard layout trf"
1910 wine_trace 0034:trace:keyboard:X11DRV_KEYBOARD_DetectLayout matches=0, mismatches=0, seq=0, score=0
1910 wine_trace 0034:trace:keyboard:X11DRV_KEYBOARD_DetectLayout Attempting to match against "Israelian keyboard layout"
1910 wine_trace 0034:trace:keyboard:X11DRV_KEYBOARD_DetectLayout matches=0, mismatches=0, seq=0, score=0
1911 wine_trace 0034:trace:keyboard:X11DRV_KEYBOARD_DetectLayout Attempting to match against "Israelian phonetic keyboard layout"
1911 wine_trace 0034:trace:keyboard:X11DRV_KEYBOARD_DetectLayout matches=0, mismatches=0, seq=0, score=0
1911 wine_trace 0034:trace:keyboard:X11DRV_KEYBOARD_DetectLayout Attempting to match against "Israelian Saharon keyboard layout"
1911 wine_trace 0034:trace:keyboard:X11DRV_KEYBOARD_DetectLayout matches=0, mismatches=0, seq=0, score=0
1911 wine_trace 0034:trace:keyboard:X11DRV_KEYBOARD_DetectLayout Attempting to match against "VNC keyboard layout"
1911 wine_trace 0034:trace:keyboard:X11DRV_KEYBOARD_DetectLayout matches=0, mismatches=0, seq=0, score=0
1911 wine_trace 0034:trace:keyboard:X11DRV_KEYBOARD_DetectLayout Attempting to match against "Greek keyboard layout"
1911 wine_trace 0034:trace:keyboard:X11DRV_KEYBOARD_DetectLayout matches=0, mismatches=0, seq=0, score=0
1911 wine_trace 0034:trace:keyboard:X11DRV_KEYBOARD_DetectLayout Attempting to match against "Thai (Kedmanee)  keyboard layout"
1911 wine_trace 0034:trace:keyboard:X11DRV_KEYBOARD_DetectLayout matches=0, mismatches=0, seq=0, score=0
1911 wine_trace 0034:trace:keyboard:X11DRV_KEYBOARD_DetectLayout Attempting to match against "Dutch keyboard layout"
1912 wine_trace 0034:trace:keyboard:X11DRV_KEYBOARD_DetectLayout matches=0, mismatches=0, seq=0, score=0
1912 wine_trace 0034:trace:keyboard:X11DRV_KEYBOARD_DetectLayout detected layout is "United States keyboard layout"
1912 wine_trace 0034:trace:keyboard:X11DRV_InitKeyboard keycode 8 => vkey 0000
1912 wine_trace 0034:trace:keyboard:X11DRV_InitKeyboard keycode 9 => vkey 001B
1912 wine_trace 0034:trace:keyboard:X11DRV_InitKeyboard keycode 10 => vkey 0000
1912 wine_trace 0034:trace:keyboard:X11DRV_InitKeyboard keycode 11 => vkey 0000
1912 wine_trace 0034:trace:keyboard:X11DRV_InitKeyboard keycode 12 => vkey 0000
1912 wine_trace 0034:trace:keyboard:X11DRV_InitKeyboard keycode 13 => vkey 0000
1912 wine_trace 0034:trace:keyboard:X11DRV_InitKeyboard keycode 14 => vkey 0000
1912 wine_trace 0034:trace:keyboard:X11DRV_InitKeyboard keycode 15 => vkey 0000
1912 wine_trace 0034:trace:keyboard:X11DRV_InitKeyboard keycode 16 => vkey 0000
1912 wine_trace 0034:trace:keyboard:X11DRV_InitKeyboard keycode 17 => vkey 0000
1913 wine_trace 0034:trace:keyboard:X11DRV_InitKeyboard keycode 18 => vkey 0000
1913 wine_trace 0034:trace:keyboard:X11DRV_InitKeyboard keycode 19 => vkey 0000
1913 wine_trace 0034:trace:keyboard:X11DRV_InitKeyboard keycode 20 => vkey 0000
1913 wine_trace 0034:trace:keyboard:X11DRV_InitKeyboard keycode 21 => vkey 0000
1913 wine_trace 0034:trace:keyboard:X11DRV_InitKeyboard keycode 22 => vkey 0008
1913 wine_trace 0034:trace:keyboard:X11DRV_InitKeyboard keycode 23 => vkey 0009
1913 wine_trace 0034:trace:keyboard:X11DRV_InitKeyboard keycode 24 => vkey 0000
1913 wine_trace 0034:trace:keyboard:X11DRV_InitKeyboard keycode 25 => vkey 0000
1913 wine_trace 0034:trace:keyboard:X11DRV_InitKeyboard keycode 26 => vkey 0000
1913 wine_trace 0034:trace:keyboard:X11DRV_InitKeyboard keycode 27 => vkey 0000
1913 wine_trace 0034:trace:keyboard:X11DRV_InitKeyboard keycode 28 => vkey 0000
1913 wine_trace 0034:trace:keyboard:X11DRV_InitKeyboard keycode 29 => vkey 0000
1914 wine_trace 0034:trace:keyboard:X11DRV_InitKeyboard keycode 30 => vkey 0000
1914 wine_trace 0034:trace:keyboard:X11DRV_InitKeyboard keycode 31 => vkey 0000
1914 wine_trace 0034:trace:keyboard:X11DRV_InitKeyboard keycode 32 => vkey 0000
1914 wine_trace 0034:trace:keyboard:X11DRV_InitKeyboard keycode 33 => vkey 0000
1914 wine_trace 0034:trace:keyboard:X11DRV_InitKeyboard keycode 34 => vkey 0000
1914 wine_trace 0034:trace:keyboard:X11DRV_InitKeyboard keycode 35 => vkey 0000
1914 wine_trace 0034:trace:keyboard:X11DRV_InitKeyboard keycode 36 => vkey 000D
1914 wine_trace 0034:trace:keyboard:X11DRV_InitKeyboard keycode 37 => vkey 00A2
1914 wine_trace 0034:trace:keyboard:X11DRV_InitKeyboard keycode 38 => vkey 0000
1914 wine_trace 0034:trace:keyboard:X11DRV_InitKeyboard keycode 39 => vkey 0000
1914 wine_trace 0034:trace:keyboard:X11DRV_InitKeyboard keycode 40 => vkey 0000
1914 wine_trace 0034:trace:keyboard:X11DRV_InitKeyboard keycode 41 => vkey 0000
1915 wine_trace 0034:trace:keyboard:X11DRV_InitKeyboard keycode 42 => vkey 0000
1915 wine_trace 0034:trace:keyboard:X11DRV_InitKeyboard keycode 43 => vkey 0000
1915 wine_trace 0034:trace:keyboard:X11DRV_InitKeyboard keycode 44 => vkey 0000
1915 wine_trace 0034:trace:keyboard:X11DRV_InitKeyboard keycode 45 => vkey 0000
1915 wine_trace 0034:trace:keyboard:X11DRV_InitKeyboard keycode 46 => vkey 0000
1915 wine_trace 0034:trace:keyboard:X11DRV_InitKeyboard keycode 47 => vkey 0000
1915 wine_trace 0034:trace:keyboard:X11DRV_InitKeyboard keycode 48 => vkey 0000
1915 wine_trace 0034:trace:keyboard:X11DRV_InitKeyboard keycode 49 => vkey 0000
1915 wine_trace 0034:trace:keyboard:X11DRV_InitKeyboard keycode 50 => vkey 00A0
1915 wine_trace 0034:trace:keyboard:X11DRV_InitKeyboard keycode 51 => vkey 0000
1915 wine_trace 0034:trace:keyboard:X11DRV_InitKeyboard keycode 52 => vkey 0000
1916 wine_trace 0034:trace:keyboard:X11DRV_InitKeyboard keycode 53 => vkey 0000
1916 wine_trace 0034:trace:keyboard:X11DRV_InitKeyboard keycode 54 => vkey 0000
1916 wine_trace 0034:trace:keyboard:X11DRV_InitKeyboard keycode 55 => vkey 0000
1916 wine_trace 0034:trace:keyboard:X11DRV_InitKeyboard keycode 56 => vkey 0000
1916 wine_trace 0034:trace:keyboard:X11DRV_InitKeyboard keycode 57 => vkey 0000
1916 wine_trace 0034:trace:keyboard:X11DRV_InitKeyboard keycode 58 => vkey 0000
1916 wine_trace 0034:trace:keyboard:X11DRV_InitKeyboard keycode 59 => vkey 0000
1916 wine_trace 0034:trace:keyboard:X11DRV_InitKeyboard keycode 60 => vkey 0000
1916 wine_trace 0034:trace:keyboard:X11DRV_InitKeyboard keycode 61 => vkey 0000
1916 wine_trace 0034:trace:keyboard:X11DRV_InitKeyboard keycode 62 => vkey 01A1
1916 wine_trace 0034:trace:keyboard:X11DRV_InitKeyboard keycode 63 => vkey 006A
1917 wine_trace 0034:trace:keyboard:X11DRV_InitKeyboard keycode 64 => vkey 00A4
1917 wine_trace 0034:trace:keyboard:X11DRV_InitKeyboard keycode 65 => vkey 0020
1917 wine_trace 0034:trace:keyboard:X11DRV_InitKeyboard keycode 66 => vkey 0000
1917 wine_trace 0034:trace:keyboard:X11DRV_InitKeyboard keycode 67 => vkey 0070
1917 wine_trace 0034:trace:keyboard:X11DRV_InitKeyboard keycode 68 => vkey 0071
1917 wine_trace 0034:trace:keyboard:X11DRV_InitKeyboard keycode 69 => vkey 0072
1917 wine_trace 0034:trace:keyboard:X11DRV_InitKeyboard keycode 70 => vkey 0073
1917 wine_trace 0034:trace:keyboard:X11DRV_InitKeyboard keycode 71 => vkey 0074
1917 wine_trace 0034:trace:keyboard:X11DRV_InitKeyboard keycode 72 => vkey 0075
1917 wine_trace 0034:trace:keyboard:X11DRV_InitKeyboard keycode 73 => vkey 0076
1917 wine_trace 0034:trace:keyboard:X11DRV_InitKeyboard keycode 74 => vkey 0077
1917 wine_trace 0034:trace:keyboard:X11DRV_InitKeyboard keycode 75 => vkey 0078
1918 wine_trace 0034:trace:keyboard:X11DRV_InitKeyboard keycode 76 => vkey 0079
1918 wine_trace 0034:trace:keyboard:X11DRV_InitKeyboard keycode 77 => vkey 0000
1918 wine_trace 0034:trace:keyboard:X11DRV_InitKeyboard keycode 78 => vkey 0000
1918 wine_trace 0034:trace:keyboard:X11DRV_InitKeyboard keycode 79 => vkey 0067
1918 wine_trace 0034:trace:keyboard:X11DRV_InitKeyboard keycode 80 => vkey 0068
1918 wine_trace 0034:trace:keyboard:X11DRV_InitKeyboard keycode 81 => vkey 0069
1918 wine_trace 0034:trace:keyboard:X11DRV_InitKeyboard keycode 82 => vkey 006D
1918 wine_trace 0034:trace:keyboard:X11DRV_InitKeyboard keycode 83 => vkey 0064
1918 wine_trace 0034:trace:keyboard:X11DRV_InitKeyboard keycode 84 => vkey 0065
1918 wine_trace 0034:trace:keyboard:X11DRV_InitKeyboard keycode 85 => vkey 0066
1918 wine_trace 0034:trace:keyboard:X11DRV_InitKeyboard keycode 86 => vkey 006B
1918 wine_trace 0034:trace:keyboard:X11DRV_InitKeyboard keycode 87 => vkey 0061
1919 wine_trace 0034:trace:keyboard:X11DRV_InitKeyboard keycode 88 => vkey 0062
1919 wine_trace 0034:trace:keyboard:X11DRV_InitKeyboard keycode 89 => vkey 0063
1919 wine_trace 0034:trace:keyboard:X11DRV_InitKeyboard keycode 90 => vkey 0060
1919 wine_trace 0034:trace:keyboard:X11DRV_InitKeyboard keycode 91 => vkey 002E
1919 wine_trace 0034:trace:keyboard:X11DRV_InitKeyboard keycode 92 => vkey 0000
1919 wine_trace 0034:trace:keyboard:X11DRV_InitKeyboard keycode 93 => vkey 0000
1919 wine_trace 0034:trace:keyboard:X11DRV_InitKeyboard keycode 94 => vkey 0000
1920 wine_trace 0034:trace:keyboard:X11DRV_InitKeyboard keycode 95 => vkey 007A
1920 wine_trace 0034:trace:keyboard:X11DRV_InitKeyboard keycode 96 => vkey 007B
1920 wine_trace 0034:trace:keyboard:X11DRV_InitKeyboard keycode 97 => vkey 0000
1920 wine_trace 0034:trace:keyboard:X11DRV_InitKeyboard keycode 98 => vkey 0000
1920 wine_trace 0034:trace:keyboard:X11DRV_InitKeyboard keycode 99 => vkey 0000
1920 wine_trace 0034:trace:keyboard:X11DRV_InitKeyboard keycode 100 => vkey 0000
1920 wine_trace 0034:trace:keyboard:X11DRV_InitKeyboard keycode 101 => vkey 0000
1920 wine_trace 0034:trace:keyboard:X11DRV_InitKeyboard keycode 102 => vkey 0000
1920 wine_trace 0034:trace:keyboard:X11DRV_InitKeyboard keycode 103 => vkey 0000
1920 wine_trace 0034:trace:keyboard:X11DRV_InitKeyboard keycode 104 => vkey 0000
1920 wine_trace 0034:trace:keyboard:X11DRV_InitKeyboard keycode 105 => vkey 01A3
1920 wine_trace 0034:trace:keyboard:X11DRV_InitKeyboard keycode 106 => vkey 016F
1921 wine_trace 0034:trace:keyboard:X11DRV_InitKeyboard keycode 107 => vkey 0000
1921 wine_trace 0034:trace:keyboard:X11DRV_InitKeyboard keycode 108 => vkey 01A5
1921 wine_trace 0034:trace:keyboard:X11DRV_InitKeyboard keycode 109 => vkey 0000
1921 wine_trace 0034:trace:keyboard:X11DRV_InitKeyboard keycode 110 => vkey 0124
1921 wine_trace 0034:trace:keyboard:X11DRV_InitKeyboard keycode 111 => vkey 0126
1921 wine_trace 0034:trace:keyboard:X11DRV_InitKeyboard keycode 112 => vkey 0121
1921 wine_trace 0034:trace:keyboard:X11DRV_InitKeyboard keycode 113 => vkey 0125
1921 wine_trace 0034:trace:keyboard:X11DRV_InitKeyboard keycode 114 => vkey 0127
1921 wine_trace 0034:trace:keyboard:X11DRV_InitKeyboard keycode 115 => vkey 0123
1921 wine_trace 0034:trace:keyboard:X11DRV_InitKeyboard keycode 116 => vkey 0128
1921 wine_trace 0034:trace:keyboard:X11DRV_InitKeyboard keycode 117 => vkey 0122
1921 wine_trace 0034:trace:keyboard:X11DRV_InitKeyboard keycode 118 => vkey 012D
1922 wine_trace 0034:trace:keyboard:X11DRV_InitKeyboard keycode 119 => vkey 012E
1922 wine_trace 0034:warn:keyboard:X11DRV_InitKeyboard vkey 012E is being used by more than one keycode
1922 wine_trace 0034:trace:keyboard:X11DRV_InitKeyboard keycode 120 => vkey 0000
1922 wine_trace 0034:trace:keyboard:X11DRV_InitKeyboard keycode 121 => vkey 0000
1922 wine_trace 0034:trace:keyboard:X11DRV_InitKeyboard keycode 122 => vkey 0000
1922 wine_trace 0034:trace:keyboard:X11DRV_InitKeyboard keycode 123 => vkey 0000
1922 wine_trace 0034:trace:keyboard:X11DRV_InitKeyboard keycode 124 => vkey 0000
1922 wine_trace 0034:trace:keyboard:X11DRV_InitKeyboard keycode 125 => vkey 0000
1922 wine_trace 0034:trace:keyboard:X11DRV_InitKeyboard keycode 126 => vkey 0000
1922 wine_trace 0034:trace:keyboard:X11DRV_InitKeyboard keycode 127 => vkey 0000
1922 wine_trace 0034:trace:keyboard:X11DRV_InitKeyboard keycode 128 => vkey 0000
1922 wine_trace 0034:trace:keyboard:X11DRV_InitKeyboard keycode 129 => vkey 0000
1923 wine_trace 0034:trace:keyboard:X11DRV_InitKeyboard keycode 130 => vkey 0000
1923 wine_trace 0034:trace:keyboard:X11DRV_InitKeyboard keycode 131 => vkey 0000
1923 wine_trace 0034:trace:keyboard:X11DRV_InitKeyboard keycode 132 => vkey 0000
1923 wine_trace 0034:trace:keyboard:X11DRV_InitKeyboard keycode 133 => vkey 0000
1923 wine_trace 0034:trace:keyboard:X11DRV_InitKeyboard keycode 134 => vkey 0000
1923 wine_trace 0034:trace:keyboard:X11DRV_InitKeyboard keycode 135 => vkey 0000
1923 wine_trace 0034:trace:keyboard:X11DRV_InitKeyboard keycode 136 => vkey 0000
1923 wine_trace 0034:trace:keyboard:X11DRV_InitKeyboard keycode 137 => vkey 0000
1923 wine_trace 0034:trace:keyboard:X11DRV_InitKeyboard keycode 138 => vkey 0000
1923 wine_trace 0034:trace:keyboard:X11DRV_InitKeyboard keycode 139 => vkey 0000
1923 wine_trace 0034:trace:keyboard:X11DRV_InitKeyboard keycode 140 => vkey 0000
1924 wine_trace 0034:trace:keyboard:X11DRV_InitKeyboard keycode 141 => vkey 0000
1924 wine_trace 0034:trace:keyboard:X11DRV_InitKeyboard keycode 142 => vkey 0000
1924 wine_trace 0034:trace:keyboard:X11DRV_InitKeyboard keycode 143 => vkey 0000
1924 wine_trace 0034:trace:keyboard:X11DRV_InitKeyboard keycode 144 => vkey 0000
1924 wine_trace 0034:trace:keyboard:X11DRV_InitKeyboard keycode 145 => vkey 0000
1924 wine_trace 0034:trace:keyboard:X11DRV_InitKeyboard keycode 146 => vkey 0000
1924 wine_trace 0034:trace:keyboard:X11DRV_InitKeyboard keycode 147 => vkey 0000
1924 wine_trace 0034:trace:keyboard:X11DRV_InitKeyboard keycode 148 => vkey 0000
1924 wine_trace 0034:trace:keyboard:X11DRV_InitKeyboard keycode 149 => vkey 0000
1924 wine_trace 0034:trace:keyboard:X11DRV_InitKeyboard keycode 150 => vkey 0000
1924 wine_trace 0034:trace:keyboard:X11DRV_InitKeyboard keycode 151 => vkey 0000
1924 wine_trace 0034:trace:keyboard:X11DRV_InitKeyboard keycode 152 => vkey 0000
1925 wine_trace 0034:trace:keyboard:X11DRV_InitKeyboard keycode 153 => vkey 0000
1925 wine_trace 0034:trace:keyboard:X11DRV_InitKeyboard keycode 154 => vkey 0000
1925 wine_trace 0034:trace:keyboard:X11DRV_InitKeyboard keycode 155 => vkey 0000
1925 wine_trace 0034:trace:keyboard:X11DRV_InitKeyboard keycode 156 => vkey 0000
1925 wine_trace 0034:trace:keyboard:X11DRV_InitKeyboard keycode 157 => vkey 0000
1925 wine_trace 0034:trace:keyboard:X11DRV_InitKeyboard keycode 158 => vkey 0000
1925 wine_trace 0034:trace:keyboard:X11DRV_InitKeyboard keycode 159 => vkey 0000
1925 wine_trace 0034:trace:keyboard:X11DRV_InitKeyboard keycode 160 => vkey 0000
1925 wine_trace 0034:trace:keyboard:X11DRV_InitKeyboard keycode 161 => vkey 0000
1925 wine_trace 0034:trace:keyboard:X11DRV_InitKeyboard keycode 162 => vkey 0000
1925 wine_trace 0034:trace:keyboard:X11DRV_InitKeyboard keycode 163 => vkey 0000
1926 wine_trace 0034:trace:keyboard:X11DRV_InitKeyboard keycode 164 => vkey 0000
1926 wine_trace 0034:trace:keyboard:X11DRV_InitKeyboard keycode 165 => vkey 0000
1926 wine_trace 0034:trace:keyboard:X11DRV_InitKeyboard keycode 166 => vkey 0000
1926 wine_trace 0034:trace:keyboard:X11DRV_InitKeyboard keycode 167 => vkey 0000
1926 wine_trace 0034:trace:keyboard:X11DRV_InitKeyboard keycode 168 => vkey 0000
1926 wine_trace 0034:trace:keyboard:X11DRV_InitKeyboard keycode 169 => vkey 0000
1926 wine_trace 0034:trace:keyboard:X11DRV_InitKeyboard keycode 170 => vkey 0000
1926 wine_trace 0034:trace:keyboard:X11DRV_InitKeyboard keycode 171 => vkey 0000
1926 wine_trace 0034:trace:keyboard:X11DRV_InitKeyboard keycode 172 => vkey 0000
1926 wine_trace 0034:trace:keyboard:X11DRV_InitKeyboard keycode 173 => vkey 0000
1926 wine_trace 0034:trace:keyboard:X11DRV_InitKeyboard keycode 174 => vkey 0000
1926 wine_trace 0034:trace:keyboard:X11DRV_InitKeyboard keycode 175 => vkey 0000
1927 wine_trace 0034:trace:keyboard:X11DRV_InitKeyboard keycode 176 => vkey 0000
1927 wine_trace 0034:trace:keyboard:X11DRV_InitKeyboard keycode 177 => vkey 0000
1927 wine_trace 0034:trace:keyboard:X11DRV_InitKeyboard keycode 178 => vkey 0000
1927 wine_trace 0034:trace:keyboard:X11DRV_InitKeyboard keycode 179 => vkey 0000
1927 wine_trace 0034:trace:keyboard:X11DRV_InitKeyboard keycode 180 => vkey 0000
1927 wine_trace 0034:trace:keyboard:X11DRV_InitKeyboard keycode 181 => vkey 0000
1927 wine_trace 0034:trace:keyboard:X11DRV_InitKeyboard keycode 182 => vkey 0000
1927 wine_trace 0034:trace:keyboard:X11DRV_InitKeyboard keycode 183 => vkey 0000
1927 wine_trace 0034:trace:keyboard:X11DRV_InitKeyboard keycode 184 => vkey 0000
1927 wine_trace 0034:trace:keyboard:X11DRV_InitKeyboard keycode 185 => vkey 0000
1927 wine_trace 0034:trace:keyboard:X11DRV_InitKeyboard keycode 186 => vkey 0000
1927 wine_trace 0034:trace:keyboard:X11DRV_InitKeyboard keycode 187 => vkey 0000
1928 wine_trace 0034:trace:keyboard:X11DRV_InitKeyboard keycode 188 => vkey 0000
1928 wine_trace 0034:trace:keyboard:X11DRV_InitKeyboard keycode 189 => vkey 0000
1928 wine_trace 0034:trace:keyboard:X11DRV_InitKeyboard keycode 190 => vkey 0000
1928 wine_trace 0034:trace:keyboard:X11DRV_InitKeyboard keycode 191 => vkey 0000
1928 wine_trace 0034:trace:keyboard:X11DRV_InitKeyboard keycode 192 => vkey 0000
1928 wine_trace 0034:trace:keyboard:X11DRV_InitKeyboard keycode 193 => vkey 0000
1928 wine_trace 0034:trace:keyboard:X11DRV_InitKeyboard keycode 194 => vkey 0000
1928 wine_trace 0034:trace:keyboard:X11DRV_InitKeyboard keycode 195 => vkey 0000
1928 wine_trace 0034:trace:keyboard:X11DRV_InitKeyboard keycode 196 => vkey 0000
1928 wine_trace 0034:trace:keyboard:X11DRV_InitKeyboard keycode 197 => vkey 0000
1928 wine_trace 0034:trace:keyboard:X11DRV_InitKeyboard keycode 198 => vkey 0000
1929 wine_trace 0034:trace:keyboard:X11DRV_InitKeyboard keycode 199 => vkey 0000
1929 wine_trace 0034:trace:keyboard:X11DRV_InitKeyboard keycode 200 => vkey 0000
1929 wine_trace 0034:trace:keyboard:X11DRV_InitKeyboard keycode 201 => vkey 0000
1929 wine_trace 0034:trace:keyboard:X11DRV_InitKeyboard keycode 202 => vkey 0000
1929 wine_trace 0034:trace:keyboard:X11DRV_InitKeyboard keycode 203 => vkey 0000
1929 wine_trace 0034:trace:keyboard:X11DRV_InitKeyboard keycode 204 => vkey 0000
1929 wine_trace 0034:trace:keyboard:X11DRV_InitKeyboard keycode 205 => vkey 0000
1929 wine_trace 0034:trace:keyboard:X11DRV_InitKeyboard keycode 206 => vkey 0000
1929 wine_trace 0034:trace:keyboard:X11DRV_InitKeyboard keycode 207 => vkey 0000
1929 wine_trace 0034:trace:keyboard:X11DRV_InitKeyboard keycode 208 => vkey 0000
1929 wine_trace 0034:trace:keyboard:X11DRV_InitKeyboard keycode 209 => vkey 0000
1929 wine_trace 0034:trace:keyboard:X11DRV_InitKeyboard keycode 210 => vkey 0000
1930 wine_trace 0034:trace:keyboard:X11DRV_InitKeyboard keycode 211 => vkey 0000
1930 wine_trace 0034:trace:keyboard:X11DRV_InitKeyboard keycode 212 => vkey 0000
1930 wine_trace 0034:trace:keyboard:X11DRV_InitKeyboard keycode 213 => vkey 0000
1930 wine_trace 0034:trace:keyboard:X11DRV_InitKeyboard keycode 214 => vkey 0000
1930 wine_trace 0034:trace:keyboard:X11DRV_InitKeyboard keycode 215 => vkey 0000
1930 wine_trace 0034:trace:keyboard:X11DRV_InitKeyboard keycode 216 => vkey 0000
1930 wine_trace 0034:trace:keyboard:X11DRV_InitKeyboard keycode 217 => vkey 0000
1930 wine_trace 0034:trace:keyboard:X11DRV_InitKeyboard keycode 218 => vkey 0000
1930 wine_trace 0034:trace:keyboard:X11DRV_InitKeyboard keycode 219 => vkey 0000
1930 wine_trace 0034:trace:keyboard:X11DRV_InitKeyboard keycode 220 => vkey 0000
1930 wine_trace 0034:trace:keyboard:X11DRV_InitKeyboard keycode 221 => vkey 0000
1930 wine_trace 0034:trace:keyboard:X11DRV_InitKeyboard keycode 222 => vkey 0000
1931 wine_trace 0034:trace:keyboard:X11DRV_InitKeyboard keycode 223 => vkey 0000
1931 wine_trace 0034:trace:keyboard:X11DRV_InitKeyboard keycode 224 => vkey 0000
1931 wine_trace 0034:trace:keyboard:X11DRV_InitKeyboard keycode 225 => vkey 0000
1931 wine_trace 0034:trace:keyboard:X11DRV_InitKeyboard keycode 226 => vkey 0000
1931 wine_trace 0034:trace:keyboard:X11DRV_InitKeyboard keycode 227 => vkey 0000
1931 wine_trace 0034:trace:keyboard:X11DRV_InitKeyboard keycode 228 => vkey 0000
1931 wine_trace 0034:trace:keyboard:X11DRV_InitKeyboard keycode 229 => vkey 0000
1931 wine_trace 0034:trace:keyboard:X11DRV_InitKeyboard keycode 230 => vkey 0000
1931 wine_trace 0034:trace:keyboard:X11DRV_InitKeyboard keycode 231 => vkey 0000
1931 wine_trace 0034:trace:keyboard:X11DRV_InitKeyboard keycode 232 => vkey 0000
1932 wine_trace 0034:trace:keyboard:X11DRV_InitKeyboard keycode 233 => vkey 0000
1932 wine_trace 0034:trace:keyboard:X11DRV_InitKeyboard keycode 234 => vkey 0000
1932 wine_trace 0034:trace:keyboard:X11DRV_InitKeyboard keycode 235 => vkey 0000
1932 wine_trace 0034:trace:keyboard:X11DRV_InitKeyboard keycode 236 => vkey 0000
1932 wine_trace 0034:trace:keyboard:X11DRV_InitKeyboard keycode 237 => vkey 0000
1932 wine_trace 0034:trace:keyboard:X11DRV_InitKeyboard keycode 238 => vkey 0000
1932 wine_trace 0034:trace:keyboard:X11DRV_InitKeyboard keycode 239 => vkey 0000
1932 wine_trace 0034:trace:keyboard:X11DRV_InitKeyboard keycode 240 => vkey 0000
1932 wine_trace 0034:trace:keyboard:X11DRV_InitKeyboard keycode 241 => vkey 0000
1932 wine_trace 0034:trace:keyboard:X11DRV_InitKeyboard keycode 242 => vkey 0000
1932 wine_trace 0034:trace:keyboard:X11DRV_InitKeyboard keycode 243 => vkey 0000
1932 wine_trace 0034:trace:keyboard:X11DRV_InitKeyboard keycode 244 => vkey 0000
1933 wine_trace 0034:trace:keyboard:X11DRV_InitKeyboard keycode 245 => vkey 0000
1933 wine_trace 0034:trace:keyboard:X11DRV_InitKeyboard keycode 246 => vkey 0000
1933 wine_trace 0034:trace:keyboard:X11DRV_InitKeyboard keycode 247 => vkey 0000
1933 wine_trace 0034:trace:keyboard:X11DRV_InitKeyboard keycode 248 => vkey 0000
1933 wine_trace 0034:trace:keyboard:X11DRV_InitKeyboard keycode 249 => vkey 0000
1933 wine_trace 0034:trace:keyboard:X11DRV_InitKeyboard keycode 250 => vkey 0000
1933 wine_trace 0034:trace:keyboard:X11DRV_InitKeyboard keycode 251 => vkey 0000
1933 wine_trace 0034:trace:keyboard:X11DRV_InitKeyboard keycode 252 => vkey 0000
1933 wine_trace 0034:trace:keyboard:X11DRV_InitKeyboard keycode 253 => vkey 0000
1933 wine_trace 0034:trace:keyboard:X11DRV_InitKeyboard keycode 254 => vkey 0000
1933 wine_trace 0034:trace:keyboard:X11DRV_InitKeyboard keycode 255 => vkey 0000
1933 wine_trace 0034:trace:keyboard:X11DRV_InitKeyboard keycode 10 => vkey 0031
1934 wine_trace 0034:trace:keyboard:X11DRV_InitKeyboard keycode 11 => vkey 0032
1934 wine_trace 0034:trace:keyboard:X11DRV_InitKeyboard keycode 12 => vkey 0033
1934 wine_trace 0034:trace:keyboard:X11DRV_InitKeyboard keycode 13 => vkey 0034
1934 wine_trace 0034:trace:keyboard:X11DRV_InitKeyboard keycode 14 => vkey 0035
1934 wine_trace 0034:trace:keyboard:X11DRV_InitKeyboard keycode 15 => vkey 0036
1934 wine_trace 0034:trace:keyboard:X11DRV_InitKeyboard keycode 16 => vkey 0037
1934 wine_trace 0034:trace:keyboard:X11DRV_InitKeyboard keycode 17 => vkey 0038
1934 wine_trace 0034:trace:keyboard:X11DRV_InitKeyboard keycode 18 => vkey 0039
1934 wine_trace 0034:trace:keyboard:X11DRV_InitKeyboard keycode 19 => vkey 0030
1934 wine_trace 0034:trace:keyboard:X11DRV_InitKeyboard keycode 20 => vkey 00BD
1934 wine_trace 0034:trace:keyboard:X11DRV_InitKeyboard keycode 21 => vkey 00BB
1934 wine_trace 0034:trace:keyboard:X11DRV_InitKeyboard keycode 24 => vkey 0051
1935 wine_trace 0034:trace:keyboard:X11DRV_InitKeyboard keycode 25 => vkey 0057
1935 wine_trace 0034:trace:keyboard:X11DRV_InitKeyboard keycode 26 => vkey 0045
1935 wine_trace 0034:trace:keyboard:X11DRV_InitKeyboard keycode 27 => vkey 0052
1935 wine_trace 0034:trace:keyboard:X11DRV_InitKeyboard keycode 28 => vkey 0054
1935 wine_trace 0034:trace:keyboard:X11DRV_InitKeyboard keycode 29 => vkey 0059
1935 wine_trace 0034:trace:keyboard:X11DRV_InitKeyboard keycode 30 => vkey 0055
1935 wine_trace 0034:trace:keyboard:X11DRV_InitKeyboard keycode 31 => vkey 0049
1935 wine_trace 0034:trace:keyboard:X11DRV_InitKeyboard keycode 32 => vkey 004F
1935 wine_trace 0034:trace:keyboard:X11DRV_InitKeyboard keycode 33 => vkey 0050
1935 wine_trace 0034:trace:keyboard:X11DRV_InitKeyboard keycode 34 => vkey 00DB
1935 wine_trace 0034:trace:keyboard:X11DRV_InitKeyboard keycode 35 => vkey 00DD
1936 wine_trace 0034:trace:keyboard:X11DRV_InitKeyboard keycode 38 => vkey 0041
1936 wine_trace 0034:trace:keyboard:X11DRV_InitKeyboard keycode 39 => vkey 0053
1936 wine_trace 0034:trace:keyboard:X11DRV_InitKeyboard keycode 40 => vkey 0044
1936 wine_trace 0034:trace:keyboard:X11DRV_InitKeyboard keycode 41 => vkey 0046
1936 wine_trace 0034:trace:keyboard:X11DRV_InitKeyboard keycode 42 => vkey 0047
1936 wine_trace 0034:trace:keyboard:X11DRV_InitKeyboard keycode 43 => vkey 0048
1936 wine_trace 0034:trace:keyboard:X11DRV_InitKeyboard keycode 44 => vkey 004A
1936 wine_trace 0034:trace:keyboard:X11DRV_InitKeyboard keycode 45 => vkey 004B
1936 wine_trace 0034:trace:keyboard:X11DRV_InitKeyboard keycode 46 => vkey 004C
1936 wine_trace 0034:trace:keyboard:X11DRV_InitKeyboard keycode 47 => vkey 00BA
1936 wine_trace 0034:trace:keyboard:X11DRV_InitKeyboard keycode 48 => vkey 00DE
1936 wine_trace 0034:trace:keyboard:X11DRV_InitKeyboard keycode 49 => vkey 00C0
1937 wine_trace 0034:trace:keyboard:X11DRV_InitKeyboard keycode 51 => vkey 00DC
1937 wine_trace 0034:trace:keyboard:X11DRV_InitKeyboard keycode 52 => vkey 005A
1937 wine_trace 0034:trace:keyboard:X11DRV_InitKeyboard keycode 53 => vkey 0058
1937 wine_trace 0034:trace:keyboard:X11DRV_InitKeyboard keycode 54 => vkey 0043
1937 wine_trace 0034:trace:keyboard:X11DRV_InitKeyboard keycode 55 => vkey 0056
1937 wine_trace 0034:trace:keyboard:X11DRV_InitKeyboard keycode 56 => vkey 0042
1937 wine_trace 0034:trace:keyboard:X11DRV_InitKeyboard keycode 57 => vkey 004E
1937 wine_trace 0034:trace:keyboard:X11DRV_InitKeyboard keycode 58 => vkey 004D
1937 wine_trace 0034:trace:keyboard:X11DRV_InitKeyboard keycode 59 => vkey 00BC
1937 wine_trace 0034:trace:keyboard:X11DRV_InitKeyboard keycode 60 => vkey 00BE
1937 wine_trace 0034:trace:keyboard:X11DRV_InitKeyboard keycode 61 => vkey 00BF
1937 wine_trace 0034:trace:key:X11DRV_InitKeyboard assigning scancode 60 to unidentified keycode 10 (NoSymbol)
1938 wine_trace 0034:trace:key:X11DRV_InitKeyboard assigning scancode 61 to unidentified keycode 11 (NoSymbol)
1938 wine_trace 0034:trace:key:X11DRV_InitKeyboard assigning scancode 62 to unidentified keycode 12 (NoSymbol)
1938 wine_trace 0034:trace:key:X11DRV_InitKeyboard assigning scancode 63 to unidentified keycode 13 (NoSymbol)
1938 wine_trace 0034:trace:key:X11DRV_InitKeyboard assigning scancode 64 to unidentified keycode 14 (NoSymbol)
1938 wine_trace 0034:trace:key:X11DRV_InitKeyboard assigning scancode 65 to unidentified keycode 15 (NoSymbol)
1938 wine_trace 0034:trace:key:X11DRV_InitKeyboard assigning scancode 66 to unidentified keycode 16 (NoSymbol)
1938 wine_trace 0034:trace:key:X11DRV_InitKeyboard assigning scancode 67 to unidentified keycode 17 (NoSymbol)
1938 wine_trace 0034:trace:key:X11DRV_InitKeyboard assigning scancode 68 to unidentified keycode 18 (NoSymbol)
1938 wine_trace 0034:trace:key:X11DRV_InitKeyboard assigning scancode 69 to unidentified keycode 19 (NoSymbol)
1938 wine_trace 0034:trace:key:X11DRV_InitKeyboard assigning scancode 6a to unidentified keycode 20 (NoSymbol)
1938 wine_trace 0034:trace:key:X11DRV_InitKeyboard assigning scancode 6b to unidentified keycode 21 (NoSymbol)
1939 wine_trace 0034:trace:key:X11DRV_InitKeyboard assigning scancode 6c to unidentified keycode 24 (NoSymbol)
1939 wine_trace 0034:trace:key:X11DRV_InitKeyboard assigning scancode 6d to unidentified keycode 25 (NoSymbol)
1939 wine_trace 0034:trace:key:X11DRV_InitKeyboard assigning scancode 6e to unidentified keycode 26 (NoSymbol)
1939 wine_trace 0034:trace:key:X11DRV_InitKeyboard assigning scancode 6f to unidentified keycode 27 (NoSymbol)
1939 wine_trace 0034:trace:key:X11DRV_InitKeyboard assigning scancode 70 to unidentified keycode 28 (NoSymbol)
1939 wine_trace 0034:trace:key:X11DRV_InitKeyboard assigning scancode 71 to unidentified keycode 29 (NoSymbol)
1939 wine_trace 0034:trace:key:X11DRV_InitKeyboard assigning scancode 72 to unidentified keycode 30 (NoSymbol)
1939 wine_trace 0034:trace:key:X11DRV_InitKeyboard assigning scancode 73 to unidentified keycode 31 (NoSymbol)
1939 wine_trace 0034:trace:key:X11DRV_InitKeyboard assigning scancode 74 to unidentified keycode 32 (NoSymbol)
1939 wine_trace 0034:trace:key:X11DRV_InitKeyboard assigning scancode 75 to unidentified keycode 33 (NoSymbol)
1939 wine_trace 0034:trace:key:X11DRV_InitKeyboard assigning scancode 76 to unidentified keycode 34 (NoSymbol)
1939 wine_trace 0034:trace:key:X11DRV_InitKeyboard assigning scancode 77 to unidentified keycode 35 (NoSymbol)
1940 wine_trace 0034:trace:key:X11DRV_InitKeyboard assigning scancode 78 to unidentified keycode 38 (NoSymbol)
1940 wine_trace 0034:trace:key:X11DRV_InitKeyboard assigning scancode 79 to unidentified keycode 39 (NoSymbol)
1940 wine_trace 0034:trace:key:X11DRV_InitKeyboard assigning scancode 7a to unidentified keycode 40 (NoSymbol)
1940 wine_trace 0034:trace:key:X11DRV_InitKeyboard assigning scancode 7b to unidentified keycode 41 (NoSymbol)
1940 wine_trace 0034:trace:key:X11DRV_InitKeyboard assigning scancode 7c to unidentified keycode 42 (NoSymbol)
1940 wine_trace 0034:trace:key:X11DRV_InitKeyboard assigning scancode 7d to unidentified keycode 43 (NoSymbol)
1940 wine_trace 0034:trace:key:X11DRV_InitKeyboard assigning scancode 7e to unidentified keycode 44 (NoSymbol)
1940 wine_trace 0034:trace:key:X11DRV_InitKeyboard assigning scancode 7f to unidentified keycode 45 (NoSymbol)
1940 wine_trace 0034:trace:key:X11DRV_InitKeyboard assigning scancode 80 to unidentified keycode 46 (NoSymbol)
1940 wine_trace 0034:trace:key:X11DRV_InitKeyboard assigning scancode 81 to unidentified keycode 47 (NoSymbol)
1940 wine_trace 0034:trace:key:X11DRV_InitKeyboard assigning scancode 82 to unidentified keycode 48 (NoSymbol)
1941 wine_trace 0034:trace:key:X11DRV_InitKeyboard assigning scancode 83 to unidentified keycode 49 (NoSymbol)
1941 wine_trace 0034:trace:key:X11DRV_InitKeyboard assigning scancode 84 to unidentified keycode 51 (NoSymbol)
1941 wine_trace 0034:trace:key:X11DRV_InitKeyboard assigning scancode 85 to unidentified keycode 52 (NoSymbol)
1941 wine_trace 0034:trace:key:X11DRV_InitKeyboard assigning scancode 86 to unidentified keycode 53 (NoSymbol)
1941 wine_trace 0034:trace:key:X11DRV_InitKeyboard assigning scancode 87 to unidentified keycode 54 (NoSymbol)
1941 wine_trace 0034:trace:key:X11DRV_InitKeyboard assigning scancode 88 to unidentified keycode 55 (NoSymbol)
1941 wine_trace 0034:trace:key:X11DRV_InitKeyboard assigning scancode 89 to unidentified keycode 56 (NoSymbol)
1941 wine_trace 0034:trace:key:X11DRV_InitKeyboard assigning scancode 8a to unidentified keycode 57 (NoSymbol)
1941 wine_trace 0034:trace:key:X11DRV_InitKeyboard assigning scancode 8b to unidentified keycode 58 (NoSymbol)
1941 wine_trace 0034:trace:key:X11DRV_InitKeyboard assigning scancode 8c to unidentified keycode 59 (NoSymbol)
1941 wine_trace 0034:trace:key:X11DRV_InitKeyboard assigning scancode 8d to unidentified keycode 60 (NoSymbol)
1941 wine_trace 0034:trace:key:X11DRV_InitKeyboard assigning scancode 8e to unidentified keycode 61 (NoSymbol)
1977 wine_trace 002c:trace:keyboard:NtUserGetKeyboardLayoutName name 0x14012e860
1978 wine_trace 002c:trace:keyboard:NtUserGetKeyboardLayoutName ret L"00000409"
2548 wine_trace 0024:trace:keyboard:NtUserGetKeyboardLayoutName name 0x10010e860
2551 wine_trace 0024:trace:keyboard:NtUserGetKeyboardLayoutName ret L"00000409"
2783 wine_trace 00c4:trace:keyboard:NtUserGetKeyboardLayoutName name 0x14012e860
2783 wine_trace 00c4:trace:keyboard:NtUserGetKeyboardLayoutName ret L"00000409"
2817 keyboard_mapping_reply first=8,count=248,keysyms=496
2818 wine_trace 00c4:trace:keyboard:X11DRV_KEYBOARD_DetectLayout Attempting to match against "United States keyboard layout"
2818 wine_trace 00c4:trace:keyboard:X11DRV_KEYBOARD_DetectLayout matches=0, mismatches=0, seq=0, score=0
2818 wine_trace 00c4:trace:keyboard:X11DRV_KEYBOARD_DetectLayout Attempting to match against "United States keyboard layout (phantom key version)"
2819 wine_trace 00c4:trace:keyboard:X11DRV_KEYBOARD_DetectLayout matches=0, mismatches=0, seq=0, score=0
2819 wine_trace 00c4:trace:keyboard:X11DRV_KEYBOARD_DetectLayout Attempting to match against "United States keyboard layout (dvorak)"
2819 wine_trace 00c4:trace:keyboard:X11DRV_KEYBOARD_DetectLayout matches=0, mismatches=0, seq=0, score=0
2819 wine_trace 00c4:trace:keyboard:X11DRV_KEYBOARD_DetectLayout Attempting to match against "United States keyboard layout (programmer dvorak)"
2819 keyboard_mapping_reply first=8,count=248,keysyms=496
2819 wine_trace 00c4:trace:keyboard:X11DRV_KEYBOARD_DetectLayout matches=0, mismatches=0, seq=0, score=0
2819 wine_trace 00c4:trace:keyboard:X11DRV_KEYBOARD_DetectLayout Attempting to match against "United States keyboard layout (dvorak with phantom key)"
2820 wine_trace 00c4:trace:keyboard:X11DRV_KEYBOARD_DetectLayout matches=0, mismatches=0, seq=0, score=0
2820 wine_trace 00c4:trace:keyboard:X11DRV_KEYBOARD_DetectLayout Attempting to match against "United States International keyboard layout"
2820 wine_trace 00c4:trace:keyboard:X11DRV_KEYBOARD_DetectLayout matches=0, mismatches=0, seq=0, score=0
2820 wine_trace 00c4:trace:keyboard:X11DRV_KEYBOARD_DetectLayout Attempting to match against "British keyboard layout"
2820 wine_trace 00c4:trace:keyboard:X11DRV_KEYBOARD_DetectLayout matches=0, mismatches=0, seq=0, score=0
2821 wine_trace 00c4:trace:keyboard:X11DRV_KEYBOARD_DetectLayout Attempting to match against "German keyboard layout"
2821 wine_trace 00c4:trace:keyboard:X11DRV_KEYBOARD_DetectLayout matches=0, mismatches=0, seq=0, score=0
2821 wine_trace 00c4:trace:keyboard:X11DRV_KEYBOARD_DetectLayout Attempting to match against "Swiss German keyboard layout"
2821 wine_trace 00c4:trace:keyboard:X11DRV_KEYBOARD_DetectLayout matches=0, mismatches=0, seq=0, score=0
2821 wine_trace 00c4:trace:keyboard:X11DRV_KEYBOARD_DetectLayout Attempting to match against "Swiss French keyboard layout"
2821 wine_trace 00c4:trace:keyboard:X11DRV_KEYBOARD_DetectLayout matches=0, mismatches=0, seq=0, score=0
2821 wine_trace 00c4:trace:keyboard:X11DRV_KEYBOARD_DetectLayout Attempting to match against "Swedish keyboard layout"
2822 wine_trace 00c4:trace:keyboard:X11DRV_KEYBOARD_DetectLayout matches=0, mismatches=0, seq=0, score=0
2822 wine_trace 00c4:trace:keyboard:X11DRV_KEYBOARD_DetectLayout Attempting to match against "Estonian keyboard layout"
2822 wine_trace 00c4:trace:keyboard:X11DRV_KEYBOARD_DetectLayout matches=0, mismatches=0, seq=0, score=0
2822 wine_trace 00c4:trace:keyboard:X11DRV_KEYBOARD_DetectLayout Attempting to match against "Norwegian keyboard layout"
2822 wine_trace 00c4:trace:keyboard:X11DRV_KEYBOARD_DetectLayout matches=0, mismatches=0, seq=0, score=0
2822 wine_trace 00c4:trace:keyboard:X11DRV_KEYBOARD_DetectLayout Attempting to match against "Danish keyboard layout"
2823 wine_trace 00c4:trace:keyboard:X11DRV_KEYBOARD_DetectLayout matches=0, mismatches=0, seq=0, score=0
2823 wine_trace 00c4:trace:keyboard:X11DRV_KEYBOARD_DetectLayout Attempting to match against "French keyboard layout"
2823 wine_trace 00c4:trace:keyboard:X11DRV_KEYBOARD_DetectLayout matches=0, mismatches=0, seq=0, score=0
2823 wine_trace 00c4:trace:keyboard:X11DRV_KEYBOARD_DetectLayout Attempting to match against "Canadian French keyboard layout"
2823 wine_trace 00c4:trace:keyboard:X11DRV_KEYBOARD_DetectLayout matches=0, mismatches=0, seq=0, score=0
2823 wine_trace 00c4:trace:keyboard:X11DRV_KEYBOARD_DetectLayout Attempting to match against "Canadian French keyboard layout (CA_fr)"
2823 wine_trace 00c4:trace:keyboard:X11DRV_KEYBOARD_DetectLayout matches=0, mismatches=0, seq=0, score=0
2824 wine_trace 00c4:trace:keyboard:X11DRV_KEYBOARD_DetectLayout Attempting to match against "Canadian keyboard layout"
2824 wine_trace 00c4:trace:keyboard:X11DRV_KEYBOARD_DetectLayout matches=0, mismatches=0, seq=0, score=0
2824 wine_trace 00c4:trace:keyboard:X11DRV_KEYBOARD_DetectLayout Attempting to match against "Belgian keyboard layout"
2828 wine_trace 00c4:trace:keyboard:X11DRV_KEYBOARD_DetectLayout matches=0, mismatches=0, seq=0, score=0
2829 wine_trace 00c4:trace:keyboard:X11DRV_KEYBOARD_DetectLayout Attempting to match against "Portuguese keyboard layout"
2829 wine_trace 00c4:trace:keyboard:X11DRV_KEYBOARD_DetectLayout matches=0, mismatches=0, seq=0, score=0
2829 wine_trace 00c4:trace:keyboard:X11DRV_KEYBOARD_DetectLayout Attempting to match against "Brazilian ABNT-2 keyboard layout"
2829 wine_trace 00c4:trace:keyboard:X11DRV_KEYBOARD_DetectLayout matches=0, mismatches=0, seq=0, score=0
2829 wine_trace 00c4:trace:keyboard:X11DRV_KEYBOARD_DetectLayout Attempting to match against "Brazilian ABNT-2 keyboard layout ALT GR"
2829 wine_trace 00c4:trace:keyboard:X11DRV_KEYBOARD_DetectLayout matches=0, mismatches=0, seq=0, score=0
2830 wine_trace 00c4:trace:keyboard:X11DRV_KEYBOARD_DetectLayout Attempting to match against "Finnish keyboard layout"
2830 wine_trace 00c4:trace:keyboard:X11DRV_KEYBOARD_DetectLayout matches=0, mismatches=0, seq=0, score=0
2830 wine_trace 00c4:trace:keyboard:X11DRV_KEYBOARD_DetectLayout Attempting to match against "Bulgarian bds keyboard layout"
2830 wine_trace 00c4:trace:keyboard:X11DRV_KEYBOARD_DetectLayout matches=0, mismatches=0, seq=0, score=0
2830 wine_trace 00c4:trace:keyboard:X11DRV_KEYBOARD_DetectLayout Attempting to match against "Bulgarian phonetic keyboard layout"
2830 wine_trace 00c4:trace:keyboard:X11DRV_KEYBOARD_DetectLayout matches=0, mismatches=0, seq=0, score=0
2831 wine_trace 00c4:trace:keyboard:X11DRV_KEYBOARD_DetectLayout Attempting to match against "Belarusian keyboard layout"
2831 wine_trace 00c4:trace:keyboard:X11DRV_KEYBOARD_DetectLayout matches=0, mismatches=0, seq=0, score=0
2831 wine_trace 00c4:trace:keyboard:X11DRV_KEYBOARD_DetectLayout Attempting to match against "Russian keyboard layout"
2832 wine_trace 00c4:trace:keyboard:X11DRV_KEYBOARD_DetectLayout matches=0, mismatches=0, seq=0, score=0
2832 wine_trace 00c4:trace:keyboard:X11DRV_KEYBOARD_DetectLayout Attempting to match against "Russian keyboard layout (phantom key version)"
2832 wine_trace 00c4:trace:keyboard:X11DRV_KEYBOARD_DetectLayout matches=0, mismatches=0, seq=0, score=0
2832 wine_trace 00c4:trace:keyboard:X11DRV_KEYBOARD_DetectLayout Attempting to match against "Russian keyboard layout KOI8-R"
2832 wine_trace 00c4:trace:keyboard:X11DRV_KEYBOARD_DetectLayout matches=0, mismatches=0, seq=0, score=0
2832 wine_trace 00c4:trace:keyboard:X11DRV_KEYBOARD_DetectLayout Attempting to match against "Russian keyboard layout cp1251"
2832 wine_trace 00c4:trace:keyboard:X11DRV_KEYBOARD_DetectLayout matches=0, mismatches=0, seq=0, score=0
2833 wine_trace 00c4:trace:keyboard:X11DRV_KEYBOARD_DetectLayout Attempting to match against "Russian phonetic keyboard layout"
2833 wine_trace 00c4:trace:keyboard:X11DRV_KEYBOARD_DetectLayout matches=0, mismatches=0, seq=0, score=0
2833 wine_trace 00c4:trace:keyboard:X11DRV_KEYBOARD_DetectLayout Attempting to match against "Ukrainian keyboard layout KOI8-U"
2833 wine_trace 00c4:trace:keyboard:X11DRV_KEYBOARD_DetectLayout matches=0, mismatches=0, seq=0, score=0
2833 wine_trace 00c4:trace:keyboard:X11DRV_KEYBOARD_DetectLayout Attempting to match against "Ukrainian keyboard layout (standard)"
2833 wine_trace 00c4:trace:keyboard:X11DRV_KEYBOARD_DetectLayout matches=0, mismatches=0, seq=0, score=0
2833 wine_trace 00c4:trace:keyboard:X11DRV_KEYBOARD_DetectLayout Attempting to match against "Russian keyboard layout (standard)"
2834 wine_trace 00c4:trace:keyboard:X11DRV_KEYBOARD_DetectLayout matches=0, mismatches=0, seq=0, score=0
2834 wine_trace 00c4:trace:keyboard:X11DRV_KEYBOARD_DetectLayout Attempting to match against "Spanish keyboard layout"
2834 wine_trace 00c4:trace:keyboard:X11DRV_KEYBOARD_DetectLayout matches=0, mismatches=0, seq=0, score=0
2834 wine_trace 00c4:trace:keyboard:X11DRV_KEYBOARD_DetectLayout Attempting to match against "Italian keyboard layout"
2834 wine_trace 00c4:trace:keyboard:X11DRV_KEYBOARD_DetectLayout matches=0, mismatches=0, seq=0, score=0
2834 wine_trace 00c4:trace:keyboard:X11DRV_KEYBOARD_DetectLayout Attempting to match against "Icelandic keyboard layout"
2835 wine_trace 00c4:trace:keyboard:X11DRV_KEYBOARD_DetectLayout matches=0, mismatches=0, seq=0, score=0
2835 wine_trace 00c4:trace:keyboard:X11DRV_KEYBOARD_DetectLayout Attempting to match against "Hungarian keyboard layout"
2835 wine_trace 00c4:trace:keyboard:X11DRV_KEYBOARD_DetectLayout matches=0, mismatches=0, seq=0, score=0
2835 wine_trace 00c4:trace:keyboard:X11DRV_KEYBOARD_DetectLayout Attempting to match against "Polish (programmer's) keyboard layout"
2835 wine_trace 00c4:trace:keyboard:X11DRV_KEYBOARD_DetectLayout matches=0, mismatches=0, seq=0, score=0
2835 wine_trace 00c4:trace:keyboard:X11DRV_KEYBOARD_DetectLayout Attempting to match against "Slovenian keyboard layout"
2835 wine_trace 00c4:trace:keyboard:X11DRV_KEYBOARD_DetectLayout matches=0, mismatches=0, seq=0, score=0
2836 wine_trace 00c4:trace:keyboard:X11DRV_KEYBOARD_DetectLayout Attempting to match against "Serbian keyboard layout sr"
2836 wine_trace 00c4:trace:keyboard:X11DRV_KEYBOARD_DetectLayout matches=0, mismatches=0, seq=0, score=0
2836 wine_trace 00c4:trace:keyboard:X11DRV_KEYBOARD_DetectLayout Attempting to match against "Serbian keyboard layout us,sr"
2836 wine_trace 00c4:trace:keyboard:X11DRV_KEYBOARD_DetectLayout matches=0, mismatches=0, seq=0, score=0
2836 wine_trace 00c4:trace:keyboard:X11DRV_KEYBOARD_DetectLayout Attempting to match against "Croatian keyboard layout"
2836 wine_trace 00c4:trace:keyboard:X11DRV_KEYBOARD_DetectLayout matches=0, mismatches=0, seq=0, score=0
2837 wine_trace 00c4:trace:keyboard:X11DRV_KEYBOARD_DetectLayout Attempting to match against "Croatian keyboard layout (specific)"
2837 wine_trace 00c4:trace:keyboard:X11DRV_KEYBOARD_DetectLayout matches=0, mismatches=0, seq=0, score=0
2837 wine_trace 00c4:trace:keyboard:X11DRV_KEYBOARD_DetectLayout Attempting to match against "Japanese 106 keyboard layout"
2837 wine_trace 00c4:trace:keyboard:X11DRV_KEYBOARD_DetectLayout matches=0, mismatches=0, seq=0, score=0
2837 wine_trace 00c4:trace:keyboard:X11DRV_KEYBOARD_DetectLayout Attempting to match against "Japanese Mac keyboard layout"
2837 wine_trace 00c4:trace:keyboard:X11DRV_KEYBOARD_DetectLayout matches=0, mismatches=0, seq=0, score=0
2837 wine_trace 00c4:trace:keyboard:X11DRV_KEYBOARD_DetectLayout Attempting to match against "Japanese pc98x1 keyboard layout"
2838 wine_trace 00c4:trace:keyboard:X11DRV_KEYBOARD_DetectLayout matches=0, mismatches=0, seq=0, score=0
2838 wine_trace 00c4:trace:keyboard:X11DRV_KEYBOARD_DetectLayout Attempting to match against "Slovak keyboard layout"
2838 wine_trace 00c4:trace:keyboard:X11DRV_KEYBOARD_DetectLayout matches=0, mismatches=0, seq=0, score=0
2838 wine_trace 00c4:trace:keyboard:X11DRV_KEYBOARD_DetectLayout Attempting to match against "Slovak and Czech keyboard layout without dead keys"
2838 wine_trace 00c4:trace:keyboard:X11DRV_KEYBOARD_DetectLayout matches=0, mismatches=0, seq=0, score=0
2838 wine_trace 00c4:trace:keyboard:X11DRV_KEYBOARD_DetectLayout Attempting to match against "Czech keyboard layout"
2838 wine_trace 00c4:trace:keyboard:X11DRV_KEYBOARD_DetectLayout matches=0, mismatches=0, seq=0, score=0
2839 wine_trace 00c4:trace:keyboard:X11DRV_KEYBOARD_DetectLayout Attempting to match against "Czech keyboard layout cz"
2839 wine_trace 00c4:trace:keyboard:X11DRV_KEYBOARD_DetectLayout matches=0, mismatches=0, seq=0, score=0
2839 wine_trace 00c4:trace:keyboard:X11DRV_KEYBOARD_DetectLayout Attempting to match against "Czech keyboard layout cz_qwerty"
2839 wine_trace 00c4:trace:keyboard:X11DRV_KEYBOARD_DetectLayout matches=0, mismatches=0, seq=0, score=0
2839 wine_trace 00c4:trace:keyboard:X11DRV_KEYBOARD_DetectLayout Attempting to match against "Latin American keyboard layout"
2839 wine_trace 00c4:trace:keyboard:X11DRV_KEYBOARD_DetectLayout matches=0, mismatches=0, seq=0, score=0
2840 wine_trace 00c4:trace:keyboard:X11DRV_KEYBOARD_DetectLayout Attempting to match against "Lithuanian (Baltic) keyboard layout"
2840 wine_trace 00c4:trace:keyboard:X11DRV_KEYBOARD_DetectLayout matches=0, mismatches=0, seq=0, score=0
2840 wine_trace 00c4:trace:keyboard:X11DRV_KEYBOARD_DetectLayout Attempting to match against "Turkish keyboard layout"
2840 wine_trace 00c4:trace:keyboard:X11DRV_KEYBOARD_DetectLayout matches=0, mismatches=0, seq=0, score=0
2840 wine_trace 00c4:trace:keyboard:X11DRV_KEYBOARD_DetectLayout Attempting to match against "Turkish keyboard layout tr"
2840 wine_trace 00c4:trace:keyboard:X11DRV_KEYBOARD_DetectLayout matches=0, mismatches=0, seq=0, score=0
2840 wine_trace 00c4:trace:keyboard:X11DRV_KEYBOARD_DetectLayout Attempting to match against "Turkish keyboard layout trf"
2841 wine_trace 00c4:trace:keyboard:X11DRV_KEYBOARD_DetectLayout matches=0, mismatches=0, seq=0, score=0
2841 wine_trace 00c4:trace:keyboard:X11DRV_KEYBOARD_DetectLayout Attempting to match against "Israelian keyboard layout"
2841 wine_trace 00c4:trace:keyboard:X11DRV_KEYBOARD_DetectLayout matches=0, mismatches=0, seq=0, score=0
2843 wine_trace 00c4:trace:keyboard:X11DRV_KEYBOARD_DetectLayout Attempting to match against "Israelian phonetic keyboard layout"
2843 wine_trace 00c4:trace:keyboard:X11DRV_KEYBOARD_DetectLayout matches=0, mismatches=0, seq=0, score=0
2843 wine_trace 00c4:trace:keyboard:X11DRV_KEYBOARD_DetectLayout Attempting to match against "Israelian Saharon keyboard layout"
2848 wine_trace 00c4:trace:keyboard:X11DRV_KEYBOARD_DetectLayout matches=0, mismatches=0, seq=0, score=0
2848 wine_trace 00c4:trace:keyboard:X11DRV_KEYBOARD_DetectLayout Attempting to match against "VNC keyboard layout"
2848 wine_trace 00c4:trace:keyboard:X11DRV_KEYBOARD_DetectLayout matches=0, mismatches=0, seq=0, score=0
2848 wine_trace 00c4:trace:keyboard:X11DRV_KEYBOARD_DetectLayout Attempting to match against "Greek keyboard layout"
2848 wine_trace 00c4:trace:keyboard:X11DRV_KEYBOARD_DetectLayout matches=0, mismatches=0, seq=0, score=0
2848 wine_trace 00c4:trace:keyboard:X11DRV_KEYBOARD_DetectLayout Attempting to match against "Thai (Kedmanee)  keyboard layout"
2848 wine_trace 00c4:trace:keyboard:X11DRV_KEYBOARD_DetectLayout matches=0, mismatches=0, seq=0, score=0
2848 wine_trace 00c4:trace:keyboard:X11DRV_KEYBOARD_DetectLayout Attempting to match against "Dutch keyboard layout"
2848 wine_trace 00c4:trace:keyboard:X11DRV_KEYBOARD_DetectLayout matches=0, mismatches=0, seq=0, score=0
2848 wine_trace 00c4:trace:keyboard:X11DRV_KEYBOARD_DetectLayout detected layout is "United States keyboard layout"
2849 wine_trace 00c4:trace:keyboard:X11DRV_InitKeyboard keycode 8 => vkey 0000
2849 wine_trace 00c4:trace:keyboard:X11DRV_InitKeyboard keycode 9 => vkey 001B
2849 wine_trace 00c4:trace:keyboard:X11DRV_InitKeyboard keycode 10 => vkey 0000
2849 wine_trace 00c4:trace:keyboard:X11DRV_InitKeyboard keycode 11 => vkey 0000
2849 wine_trace 00c4:trace:keyboard:X11DRV_InitKeyboard keycode 12 => vkey 0000
2849 wine_trace 00c4:trace:keyboard:X11DRV_InitKeyboard keycode 13 => vkey 0000
2849 wine_trace 00c4:trace:keyboard:X11DRV_InitKeyboard keycode 14 => vkey 0000
2849 wine_trace 00c4:trace:keyboard:X11DRV_InitKeyboard keycode 15 => vkey 0000
2849 wine_trace 00c4:trace:keyboard:X11DRV_InitKeyboard keycode 16 => vkey 0000
2849 wine_trace 00c4:trace:keyboard:X11DRV_InitKeyboard keycode 17 => vkey 0000
2849 wine_trace 00c4:trace:keyboard:X11DRV_InitKeyboard keycode 18 => vkey 0000
2849 wine_trace 00c4:trace:keyboard:X11DRV_InitKeyboard keycode 19 => vkey 0000
2849 wine_trace 00c4:trace:keyboard:X11DRV_InitKeyboard keycode 20 => vkey 0000
2850 wine_trace 00c4:trace:keyboard:X11DRV_InitKeyboard keycode 21 => vkey 0000
2850 wine_trace 00c4:trace:keyboard:X11DRV_InitKeyboard keycode 22 => vkey 0008
2850 wine_trace 00c4:trace:keyboard:X11DRV_InitKeyboard keycode 23 => vkey 0009
2850 wine_trace 00c4:trace:keyboard:X11DRV_InitKeyboard keycode 24 => vkey 0000
2850 wine_trace 00c4:trace:keyboard:X11DRV_InitKeyboard keycode 25 => vkey 0000
2850 wine_trace 00c4:trace:keyboard:X11DRV_InitKeyboard keycode 26 => vkey 0000
2850 wine_trace 00c4:trace:keyboard:X11DRV_InitKeyboard keycode 27 => vkey 0000
2850 wine_trace 00c4:trace:keyboard:X11DRV_InitKeyboard keycode 28 => vkey 0000
2850 wine_trace 00c4:trace:keyboard:X11DRV_InitKeyboard keycode 29 => vkey 0000
2850 wine_trace 00c4:trace:keyboard:X11DRV_InitKeyboard keycode 30 => vkey 0000
2850 wine_trace 00c4:trace:keyboard:X11DRV_InitKeyboard keycode 31 => vkey 0000
2850 wine_trace 00c4:trace:keyboard:X11DRV_InitKeyboard keycode 32 => vkey 0000
2851 wine_trace 00c4:trace:keyboard:X11DRV_InitKeyboard keycode 33 => vkey 0000
2851 wine_trace 00c4:trace:keyboard:X11DRV_InitKeyboard keycode 34 => vkey 0000
2851 wine_trace 00c4:trace:keyboard:X11DRV_InitKeyboard keycode 35 => vkey 0000
2851 wine_trace 00c4:trace:keyboard:X11DRV_InitKeyboard keycode 36 => vkey 000D
2851 wine_trace 00c4:trace:keyboard:X11DRV_InitKeyboard keycode 37 => vkey 00A2
2851 wine_trace 00c4:trace:keyboard:X11DRV_InitKeyboard keycode 38 => vkey 0000
2851 wine_trace 00c4:trace:keyboard:X11DRV_InitKeyboard keycode 39 => vkey 0000
2851 wine_trace 00c4:trace:keyboard:X11DRV_InitKeyboard keycode 40 => vkey 0000
2851 wine_trace 00c4:trace:keyboard:X11DRV_InitKeyboard keycode 41 => vkey 0000
2851 wine_trace 00c4:trace:keyboard:X11DRV_InitKeyboard keycode 42 => vkey 0000
2851 wine_trace 00c4:trace:keyboard:X11DRV_InitKeyboard keycode 43 => vkey 0000
2851 wine_trace 00c4:trace:keyboard:X11DRV_InitKeyboard keycode 44 => vkey 0000
2852 wine_trace 00c4:trace:keyboard:X11DRV_InitKeyboard keycode 45 => vkey 0000
2852 wine_trace 00c4:trace:keyboard:X11DRV_InitKeyboard keycode 46 => vkey 0000
2852 wine_trace 00c4:trace:keyboard:X11DRV_InitKeyboard keycode 47 => vkey 0000
2852 wine_trace 00c4:trace:keyboard:X11DRV_InitKeyboard keycode 48 => vkey 0000
2852 wine_trace 00c4:trace:keyboard:X11DRV_InitKeyboard keycode 49 => vkey 0000
2852 wine_trace 00c4:trace:keyboard:X11DRV_InitKeyboard keycode 50 => vkey 00A0
2852 wine_trace 00c4:trace:keyboard:X11DRV_InitKeyboard keycode 51 => vkey 0000
2852 wine_trace 00c4:trace:keyboard:X11DRV_InitKeyboard keycode 52 => vkey 0000
2852 wine_trace 00c4:trace:keyboard:X11DRV_InitKeyboard keycode 53 => vkey 0000
2852 wine_trace 00c4:trace:keyboard:X11DRV_InitKeyboard keycode 54 => vkey 0000
2853 wine_trace 00c4:trace:keyboard:X11DRV_InitKeyboard keycode 55 => vkey 0000
2853 wine_trace 00c4:trace:keyboard:X11DRV_InitKeyboard keycode 56 => vkey 0000
2853 wine_trace 00c4:trace:keyboard:X11DRV_InitKeyboard keycode 57 => vkey 0000
2853 wine_trace 00c4:trace:keyboard:X11DRV_InitKeyboard keycode 58 => vkey 0000
2853 wine_trace 00c4:trace:keyboard:X11DRV_InitKeyboard keycode 59 => vkey 0000
2853 wine_trace 00c4:trace:keyboard:X11DRV_InitKeyboard keycode 60 => vkey 0000
2853 wine_trace 00c4:trace:keyboard:X11DRV_InitKeyboard keycode 61 => vkey 0000
2853 wine_trace 00c4:trace:keyboard:X11DRV_InitKeyboard keycode 62 => vkey 01A1
2853 wine_trace 00c4:trace:keyboard:X11DRV_InitKeyboard keycode 63 => vkey 006A
2853 wine_trace 00c4:trace:keyboard:X11DRV_InitKeyboard keycode 64 => vkey 00A4
2853 wine_trace 00c4:trace:keyboard:X11DRV_InitKeyboard keycode 65 => vkey 0020
2854 wine_trace 00c4:trace:keyboard:X11DRV_InitKeyboard keycode 66 => vkey 0000
2854 wine_trace 00c4:trace:keyboard:X11DRV_InitKeyboard keycode 67 => vkey 0070
2854 wine_trace 00c4:trace:keyboard:X11DRV_InitKeyboard keycode 68 => vkey 0071
2854 wine_trace 00c4:trace:keyboard:X11DRV_InitKeyboard keycode 69 => vkey 0072
2854 wine_trace 00c4:trace:keyboard:X11DRV_InitKeyboard keycode 70 => vkey 0073
2854 wine_trace 00c4:trace:keyboard:X11DRV_InitKeyboard keycode 71 => vkey 0074
2854 wine_trace 00c4:trace:keyboard:X11DRV_InitKeyboard keycode 72 => vkey 0075
2854 wine_trace 00c4:trace:keyboard:X11DRV_InitKeyboard keycode 73 => vkey 0076
2854 wine_trace 00c4:trace:keyboard:X11DRV_InitKeyboard keycode 74 => vkey 0077
2854 wine_trace 00c4:trace:keyboard:X11DRV_InitKeyboard keycode 75 => vkey 0078
2854 wine_trace 00c4:trace:keyboard:X11DRV_InitKeyboard keycode 76 => vkey 0079
2854 wine_trace 00c4:trace:keyboard:X11DRV_InitKeyboard keycode 77 => vkey 0000
2855 wine_trace 00c4:trace:keyboard:X11DRV_InitKeyboard keycode 78 => vkey 0000
2855 wine_trace 00c4:trace:keyboard:X11DRV_InitKeyboard keycode 79 => vkey 0067
2855 wine_trace 00c4:trace:keyboard:X11DRV_InitKeyboard keycode 80 => vkey 0068
2855 wine_trace 00c4:trace:keyboard:X11DRV_InitKeyboard keycode 81 => vkey 0069
2855 wine_trace 00c4:trace:keyboard:X11DRV_InitKeyboard keycode 82 => vkey 006D
2855 wine_trace 00c4:trace:keyboard:X11DRV_InitKeyboard keycode 83 => vkey 0064
2855 wine_trace 00c4:trace:keyboard:X11DRV_InitKeyboard keycode 84 => vkey 0065
2855 wine_trace 00c4:trace:keyboard:X11DRV_InitKeyboard keycode 85 => vkey 0066
2855 wine_trace 00c4:trace:keyboard:X11DRV_InitKeyboard keycode 86 => vkey 006B
2855 wine_trace 00c4:trace:keyboard:X11DRV_InitKeyboard keycode 87 => vkey 0061
2855 wine_trace 00c4:trace:keyboard:X11DRV_InitKeyboard keycode 88 => vkey 0062
2855 wine_trace 00c4:trace:keyboard:X11DRV_InitKeyboard keycode 89 => vkey 0063
2856 wine_trace 00c4:trace:keyboard:X11DRV_InitKeyboard keycode 90 => vkey 0060
2856 wine_trace 00c4:trace:keyboard:X11DRV_InitKeyboard keycode 91 => vkey 002E
2856 wine_trace 00c4:trace:keyboard:X11DRV_InitKeyboard keycode 92 => vkey 0000
2856 wine_trace 00c4:trace:keyboard:X11DRV_InitKeyboard keycode 93 => vkey 0000
2856 wine_trace 00c4:trace:keyboard:X11DRV_InitKeyboard keycode 94 => vkey 0000
2856 wine_trace 00c4:trace:keyboard:X11DRV_InitKeyboard keycode 95 => vkey 007A
2856 wine_trace 00c4:trace:keyboard:X11DRV_InitKeyboard keycode 96 => vkey 007B
2856 wine_trace 00c4:trace:keyboard:X11DRV_InitKeyboard keycode 97 => vkey 0000
2856 wine_trace 00c4:trace:keyboard:X11DRV_InitKeyboard keycode 98 => vkey 0000
2856 wine_trace 00c4:trace:keyboard:X11DRV_InitKeyboard keycode 99 => vkey 0000
2856 wine_trace 00c4:trace:keyboard:X11DRV_InitKeyboard keycode 100 => vkey 0000
2856 wine_trace 00c4:trace:keyboard:X11DRV_InitKeyboard keycode 101 => vkey 0000
2856 wine_trace 00c4:trace:keyboard:X11DRV_InitKeyboard keycode 102 => vkey 0000
2857 wine_trace 00c4:trace:keyboard:X11DRV_InitKeyboard keycode 103 => vkey 0000
2857 wine_trace 00c4:trace:keyboard:X11DRV_InitKeyboard keycode 104 => vkey 0000
2857 wine_trace 00c4:trace:keyboard:X11DRV_InitKeyboard keycode 105 => vkey 01A3
2857 wine_trace 00c4:trace:keyboard:X11DRV_InitKeyboard keycode 106 => vkey 016F
2857 wine_trace 00c4:trace:keyboard:X11DRV_InitKeyboard keycode 107 => vkey 0000
2857 wine_trace 00c4:trace:keyboard:X11DRV_InitKeyboard keycode 108 => vkey 01A5
2857 wine_trace 00c4:trace:keyboard:X11DRV_InitKeyboard keycode 109 => vkey 0000
2857 wine_trace 00c4:trace:keyboard:X11DRV_InitKeyboard keycode 110 => vkey 0124
2857 wine_trace 00c4:trace:keyboard:X11DRV_InitKeyboard keycode 111 => vkey 0126
2857 wine_trace 00c4:trace:keyboard:X11DRV_InitKeyboard keycode 112 => vkey 0121
2857 wine_trace 00c4:trace:keyboard:X11DRV_InitKeyboard keycode 113 => vkey 0125
2857 wine_trace 00c4:trace:keyboard:X11DRV_InitKeyboard keycode 114 => vkey 0127
2858 wine_trace 00c4:trace:keyboard:X11DRV_InitKeyboard keycode 115 => vkey 0123
2858 wine_trace 00c4:trace:keyboard:X11DRV_InitKeyboard keycode 116 => vkey 0128
2858 wine_trace 00c4:trace:keyboard:X11DRV_InitKeyboard keycode 117 => vkey 0122
2858 wine_trace 00c4:trace:keyboard:X11DRV_InitKeyboard keycode 118 => vkey 012D
2858 wine_trace 00c4:trace:keyboard:X11DRV_InitKeyboard keycode 119 => vkey 012E
2858 wine_trace 00c4:warn:keyboard:X11DRV_InitKeyboard vkey 012E is being used by more than one keycode
2858 wine_trace 00c4:trace:keyboard:X11DRV_InitKeyboard keycode 120 => vkey 0000
2858 wine_trace 00c4:trace:keyboard:X11DRV_InitKeyboard keycode 121 => vkey 0000
2859 wine_trace 00c4:trace:keyboard:X11DRV_InitKeyboard keycode 122 => vkey 0000
2859 wine_trace 00c4:trace:keyboard:X11DRV_InitKeyboard keycode 123 => vkey 0000
2859 wine_trace 00c4:trace:keyboard:X11DRV_InitKeyboard keycode 124 => vkey 0000
2859 wine_trace 00c4:trace:keyboard:X11DRV_InitKeyboard keycode 125 => vkey 0000
2859 wine_trace 00c4:trace:keyboard:X11DRV_InitKeyboard keycode 126 => vkey 0000
2859 wine_trace 00c4:trace:keyboard:X11DRV_InitKeyboard keycode 127 => vkey 0000
2859 wine_trace 00c4:trace:keyboard:X11DRV_InitKeyboard keycode 128 => vkey 0000
2859 wine_trace 00c4:trace:keyboard:X11DRV_InitKeyboard keycode 129 => vkey 0000
2859 wine_trace 00c4:trace:keyboard:X11DRV_InitKeyboard keycode 130 => vkey 0000
2859 wine_trace 00c4:trace:keyboard:X11DRV_InitKeyboard keycode 131 => vkey 0000
2859 wine_trace 00c4:trace:keyboard:X11DRV_InitKeyboard keycode 132 => vkey 0000
2860 wine_trace 00c4:trace:keyboard:X11DRV_InitKeyboard keycode 133 => vkey 0000
2860 wine_trace 00c4:trace:keyboard:X11DRV_InitKeyboard keycode 134 => vkey 0000
2860 wine_trace 00c4:trace:keyboard:X11DRV_InitKeyboard keycode 135 => vkey 0000
2860 wine_trace 00c4:trace:keyboard:X11DRV_InitKeyboard keycode 136 => vkey 0000
2860 wine_trace 00c4:trace:keyboard:X11DRV_InitKeyboard keycode 137 => vkey 0000
2860 wine_trace 00c4:trace:keyboard:X11DRV_InitKeyboard keycode 138 => vkey 0000
2861 wine_trace 00c4:trace:keyboard:X11DRV_InitKeyboard keycode 139 => vkey 0000
2861 wine_trace 00c4:trace:keyboard:X11DRV_InitKeyboard keycode 140 => vkey 0000
2864 wine_trace 00c4:trace:keyboard:X11DRV_InitKeyboard keycode 141 => vkey 0000
2865 wine_trace 00c4:trace:keyboard:X11DRV_InitKeyboard keycode 142 => vkey 0000
2865 wine_trace 00c4:trace:keyboard:X11DRV_InitKeyboard keycode 143 => vkey 0000
2865 wine_trace 00c4:trace:keyboard:X11DRV_InitKeyboard keycode 144 => vkey 0000
2866 wine_trace 00c4:trace:keyboard:X11DRV_InitKeyboard keycode 145 => vkey 0000
2866 wine_trace 00c4:trace:keyboard:X11DRV_InitKeyboard keycode 146 => vkey 0000
2866 wine_trace 00c4:trace:keyboard:X11DRV_InitKeyboard keycode 147 => vkey 0000
2866 wine_trace 00c4:trace:keyboard:X11DRV_InitKeyboard keycode 148 => vkey 0000
2866 wine_trace 00c4:trace:keyboard:X11DRV_InitKeyboard keycode 149 => vkey 0000
2866 wine_trace 00c4:trace:keyboard:X11DRV_InitKeyboard keycode 150 => vkey 0000
2866 wine_trace 00c4:trace:keyboard:X11DRV_InitKeyboard keycode 151 => vkey 0000
2867 wine_trace 00c4:trace:keyboard:X11DRV_InitKeyboard keycode 152 => vkey 0000
2867 wine_trace 00c4:trace:keyboard:X11DRV_InitKeyboard keycode 153 => vkey 0000
2867 wine_trace 00c4:trace:keyboard:X11DRV_InitKeyboard keycode 154 => vkey 0000
2867 wine_trace 00c4:trace:keyboard:X11DRV_InitKeyboard keycode 155 => vkey 0000
2867 wine_trace 00c4:trace:keyboard:X11DRV_InitKeyboard keycode 156 => vkey 0000
2867 wine_trace 00c4:trace:keyboard:X11DRV_InitKeyboard keycode 157 => vkey 0000
2868 wine_trace 00c4:trace:keyboard:X11DRV_InitKeyboard keycode 158 => vkey 0000
2868 wine_trace 00c4:trace:keyboard:X11DRV_InitKeyboard keycode 159 => vkey 0000
2868 wine_trace 00c4:trace:keyboard:X11DRV_InitKeyboard keycode 160 => vkey 0000
2868 wine_trace 00c4:trace:keyboard:X11DRV_InitKeyboard keycode 161 => vkey 0000
2868 wine_trace 00c4:trace:keyboard:X11DRV_InitKeyboard keycode 162 => vkey 0000
2868 wine_trace 00c4:trace:keyboard:X11DRV_InitKeyboard keycode 163 => vkey 0000
2868 wine_trace 00c4:trace:keyboard:X11DRV_InitKeyboard keycode 164 => vkey 0000
2868 wine_trace 00c4:trace:keyboard:X11DRV_InitKeyboard keycode 165 => vkey 0000
2868 wine_trace 00c4:trace:keyboard:X11DRV_InitKeyboard keycode 166 => vkey 0000
2868 wine_trace 00c4:trace:keyboard:X11DRV_InitKeyboard keycode 167 => vkey 0000
2868 wine_trace 00c4:trace:keyboard:X11DRV_InitKeyboard keycode 168 => vkey 0000
2868 wine_trace 00c4:trace:keyboard:X11DRV_InitKeyboard keycode 169 => vkey 0000
2869 wine_trace 00c4:trace:keyboard:X11DRV_InitKeyboard keycode 170 => vkey 0000
2869 wine_trace 00c4:trace:keyboard:X11DRV_InitKeyboard keycode 171 => vkey 0000
2869 wine_trace 00c4:trace:keyboard:X11DRV_InitKeyboard keycode 172 => vkey 0000
2869 wine_trace 00c4:trace:keyboard:X11DRV_InitKeyboard keycode 173 => vkey 0000
2869 wine_trace 00c4:trace:keyboard:X11DRV_InitKeyboard keycode 174 => vkey 0000
2869 wine_trace 00c4:trace:keyboard:X11DRV_InitKeyboard keycode 175 => vkey 0000
2869 wine_trace 00c4:trace:keyboard:X11DRV_InitKeyboard keycode 176 => vkey 0000
2869 wine_trace 00c4:trace:keyboard:X11DRV_InitKeyboard keycode 177 => vkey 0000
2869 wine_trace 00c4:trace:keyboard:X11DRV_InitKeyboard keycode 178 => vkey 0000
2869 wine_trace 00c4:trace:keyboard:X11DRV_InitKeyboard keycode 179 => vkey 0000
2869 wine_trace 00c4:trace:keyboard:X11DRV_InitKeyboard keycode 180 => vkey 0000
2869 wine_trace 00c4:trace:keyboard:X11DRV_InitKeyboard keycode 181 => vkey 0000
2870 wine_trace 00c4:trace:keyboard:X11DRV_InitKeyboard keycode 182 => vkey 0000
2870 wine_trace 00c4:trace:keyboard:X11DRV_InitKeyboard keycode 183 => vkey 0000
2870 wine_trace 00c4:trace:keyboard:X11DRV_InitKeyboard keycode 184 => vkey 0000
2870 wine_trace 00c4:trace:keyboard:X11DRV_InitKeyboard keycode 185 => vkey 0000
2870 wine_trace 00c4:trace:keyboard:X11DRV_InitKeyboard keycode 186 => vkey 0000
2870 wine_trace 00c4:trace:keyboard:X11DRV_InitKeyboard keycode 187 => vkey 0000
2870 wine_trace 00c4:trace:keyboard:X11DRV_InitKeyboard keycode 188 => vkey 0000
2870 wine_trace 00c4:trace:keyboard:X11DRV_InitKeyboard keycode 189 => vkey 0000
2870 wine_trace 00c4:trace:keyboard:X11DRV_InitKeyboard keycode 190 => vkey 0000
2870 wine_trace 00c4:trace:keyboard:X11DRV_InitKeyboard keycode 191 => vkey 0000
2870 wine_trace 00c4:trace:keyboard:X11DRV_InitKeyboard keycode 192 => vkey 0000
2870 wine_trace 00c4:trace:keyboard:X11DRV_InitKeyboard keycode 193 => vkey 0000
2871 wine_trace 00c4:trace:keyboard:X11DRV_InitKeyboard keycode 194 => vkey 0000
2871 wine_trace 00c4:trace:keyboard:X11DRV_InitKeyboard keycode 195 => vkey 0000
2871 wine_trace 00c4:trace:keyboard:X11DRV_InitKeyboard keycode 196 => vkey 0000
2871 wine_trace 00c4:trace:keyboard:X11DRV_InitKeyboard keycode 197 => vkey 0000
2871 wine_trace 00c4:trace:keyboard:X11DRV_InitKeyboard keycode 198 => vkey 0000
2871 wine_trace 00c4:trace:keyboard:X11DRV_InitKeyboard keycode 199 => vkey 0000
2871 wine_trace 00c4:trace:keyboard:X11DRV_InitKeyboard keycode 200 => vkey 0000
2871 wine_trace 00c4:trace:keyboard:X11DRV_InitKeyboard keycode 201 => vkey 0000
2871 wine_trace 00c4:trace:keyboard:X11DRV_InitKeyboard keycode 202 => vkey 0000
2871 wine_trace 00c4:trace:keyboard:X11DRV_InitKeyboard keycode 203 => vkey 0000
2871 wine_trace 00c4:trace:keyboard:X11DRV_InitKeyboard keycode 204 => vkey 0000
2871 wine_trace 00c4:trace:keyboard:X11DRV_InitKeyboard keycode 205 => vkey 0000
2872 wine_trace 00c4:trace:keyboard:X11DRV_InitKeyboard keycode 206 => vkey 0000
2872 wine_trace 00c4:trace:keyboard:X11DRV_InitKeyboard keycode 207 => vkey 0000
2872 wine_trace 00c4:trace:keyboard:X11DRV_InitKeyboard keycode 208 => vkey 0000
2872 wine_trace 00c4:trace:keyboard:X11DRV_InitKeyboard keycode 209 => vkey 0000
2872 wine_trace 00c4:trace:keyboard:X11DRV_InitKeyboard keycode 210 => vkey 0000
2872 wine_trace 00c4:trace:keyboard:X11DRV_InitKeyboard keycode 211 => vkey 0000
2872 wine_trace 00c4:trace:keyboard:X11DRV_InitKeyboard keycode 212 => vkey 0000
2872 wine_trace 00c4:trace:keyboard:X11DRV_InitKeyboard keycode 213 => vkey 0000
2872 wine_trace 00c4:trace:keyboard:X11DRV_InitKeyboard keycode 214 => vkey 0000
2872 wine_trace 00c4:trace:keyboard:X11DRV_InitKeyboard keycode 215 => vkey 0000
2872 wine_trace 00c4:trace:keyboard:X11DRV_InitKeyboard keycode 216 => vkey 0000
2873 wine_trace 00c4:trace:keyboard:X11DRV_InitKeyboard keycode 217 => vkey 0000
2873 wine_trace 00c4:trace:keyboard:X11DRV_InitKeyboard keycode 218 => vkey 0000
2873 wine_trace 00c4:trace:keyboard:X11DRV_InitKeyboard keycode 219 => vkey 0000
2873 wine_trace 00c4:trace:keyboard:X11DRV_InitKeyboard keycode 220 => vkey 0000
2873 wine_trace 00c4:trace:keyboard:X11DRV_InitKeyboard keycode 221 => vkey 0000
2873 wine_trace 00c4:trace:keyboard:X11DRV_InitKeyboard keycode 222 => vkey 0000
2873 wine_trace 00c4:trace:keyboard:X11DRV_InitKeyboard keycode 223 => vkey 0000
2873 wine_trace 00c4:trace:keyboard:X11DRV_InitKeyboard keycode 224 => vkey 0000
2873 wine_trace 00c4:trace:keyboard:X11DRV_InitKeyboard keycode 225 => vkey 0000
2873 wine_trace 00c4:trace:keyboard:X11DRV_InitKeyboard keycode 226 => vkey 0000
2873 wine_trace 00c4:trace:keyboard:X11DRV_InitKeyboard keycode 227 => vkey 0000
2874 wine_trace 00c4:trace:keyboard:X11DRV_InitKeyboard keycode 228 => vkey 0000
2874 wine_trace 00c4:trace:keyboard:X11DRV_InitKeyboard keycode 229 => vkey 0000
2874 wine_trace 00c4:trace:keyboard:X11DRV_InitKeyboard keycode 230 => vkey 0000
2874 wine_trace 00c4:trace:keyboard:X11DRV_InitKeyboard keycode 231 => vkey 0000
2874 wine_trace 00c4:trace:keyboard:X11DRV_InitKeyboard keycode 232 => vkey 0000
2874 wine_trace 00c4:trace:keyboard:X11DRV_InitKeyboard keycode 233 => vkey 0000
2874 wine_trace 00c4:trace:keyboard:X11DRV_InitKeyboard keycode 234 => vkey 0000
2874 wine_trace 00c4:trace:keyboard:X11DRV_InitKeyboard keycode 235 => vkey 0000
2874 wine_trace 00c4:trace:keyboard:X11DRV_InitKeyboard keycode 236 => vkey 0000
2874 wine_trace 00c4:trace:keyboard:X11DRV_InitKeyboard keycode 237 => vkey 0000
2875 wine_trace 00c4:trace:keyboard:X11DRV_InitKeyboard keycode 238 => vkey 0000
2875 wine_trace 00c4:trace:keyboard:X11DRV_InitKeyboard keycode 239 => vkey 0000
2875 wine_trace 00c4:trace:keyboard:X11DRV_InitKeyboard keycode 240 => vkey 0000
2875 wine_trace 00c4:trace:keyboard:X11DRV_InitKeyboard keycode 241 => vkey 0000
2875 wine_trace 00c4:trace:keyboard:X11DRV_InitKeyboard keycode 242 => vkey 0000
2875 wine_trace 00c4:trace:keyboard:X11DRV_InitKeyboard keycode 243 => vkey 0000
2875 wine_trace 00c4:trace:keyboard:X11DRV_InitKeyboard keycode 244 => vkey 0000
2875 wine_trace 00c4:trace:keyboard:X11DRV_InitKeyboard keycode 245 => vkey 0000
2875 wine_trace 00c4:trace:keyboard:X11DRV_InitKeyboard keycode 246 => vkey 0000
2875 wine_trace 00c4:trace:keyboard:X11DRV_InitKeyboard keycode 247 => vkey 0000
2876 wine_trace 00c4:trace:keyboard:X11DRV_InitKeyboard keycode 248 => vkey 0000
2876 wine_trace 00c4:trace:keyboard:X11DRV_InitKeyboard keycode 249 => vkey 0000
2876 wine_trace 00c4:trace:keyboard:X11DRV_InitKeyboard keycode 250 => vkey 0000
2876 wine_trace 00c4:trace:keyboard:X11DRV_InitKeyboard keycode 251 => vkey 0000
2876 wine_trace 00c4:trace:keyboard:X11DRV_InitKeyboard keycode 252 => vkey 0000
2876 wine_trace 00c4:trace:keyboard:X11DRV_InitKeyboard keycode 253 => vkey 0000
2876 wine_trace 00c4:trace:keyboard:X11DRV_InitKeyboard keycode 254 => vkey 0000
2876 wine_trace 00c4:trace:keyboard:X11DRV_InitKeyboard keycode 255 => vkey 0000
2876 wine_trace 00c4:trace:keyboard:X11DRV_InitKeyboard keycode 10 => vkey 0031
2876 wine_trace 00c4:trace:keyboard:X11DRV_InitKeyboard keycode 11 => vkey 0032
2876 wine_trace 00c4:trace:keyboard:X11DRV_InitKeyboard keycode 12 => vkey 0033
2876 wine_trace 00c4:trace:keyboard:X11DRV_InitKeyboard keycode 13 => vkey 0034
2877 wine_trace 00c4:trace:keyboard:X11DRV_InitKeyboard keycode 14 => vkey 0035
2877 wine_trace 00c4:trace:keyboard:X11DRV_InitKeyboard keycode 15 => vkey 0036
2877 wine_trace 00c4:trace:keyboard:X11DRV_InitKeyboard keycode 16 => vkey 0037
2877 wine_trace 00c4:trace:keyboard:X11DRV_InitKeyboard keycode 17 => vkey 0038
2877 wine_trace 00c4:trace:keyboard:X11DRV_InitKeyboard keycode 18 => vkey 0039
2877 wine_trace 00c4:trace:keyboard:X11DRV_InitKeyboard keycode 19 => vkey 0030
2877 wine_trace 00c4:trace:keyboard:X11DRV_InitKeyboard keycode 20 => vkey 00BD
2877 wine_trace 00c4:trace:keyboard:X11DRV_InitKeyboard keycode 21 => vkey 00BB
2877 wine_trace 00c4:trace:keyboard:X11DRV_InitKeyboard keycode 24 => vkey 0051
2877 wine_trace 00c4:trace:keyboard:X11DRV_InitKeyboard keycode 25 => vkey 0057
2877 wine_trace 00c4:trace:keyboard:X11DRV_InitKeyboard keycode 26 => vkey 0045
2877 wine_trace 00c4:trace:keyboard:X11DRV_InitKeyboard keycode 27 => vkey 0052
2878 wine_trace 00c4:trace:keyboard:X11DRV_InitKeyboard keycode 28 => vkey 0054
2878 wine_trace 00c4:trace:keyboard:X11DRV_InitKeyboard keycode 29 => vkey 0059
2878 wine_trace 00c4:trace:keyboard:X11DRV_InitKeyboard keycode 30 => vkey 0055
2878 wine_trace 00c4:trace:keyboard:X11DRV_InitKeyboard keycode 31 => vkey 0049
2878 wine_trace 00c4:trace:keyboard:X11DRV_InitKeyboard keycode 32 => vkey 004F
2878 wine_trace 00c4:trace:keyboard:X11DRV_InitKeyboard keycode 33 => vkey 0050
2878 wine_trace 00c4:trace:keyboard:X11DRV_InitKeyboard keycode 34 => vkey 00DB
2878 wine_trace 00c4:trace:keyboard:X11DRV_InitKeyboard keycode 35 => vkey 00DD
2878 wine_trace 00c4:trace:keyboard:X11DRV_InitKeyboard keycode 38 => vkey 0041
2878 wine_trace 00c4:trace:keyboard:X11DRV_InitKeyboard keycode 39 => vkey 0053
2878 wine_trace 00c4:trace:keyboard:X11DRV_InitKeyboard keycode 40 => vkey 0044
2878 wine_trace 00c4:trace:keyboard:X11DRV_InitKeyboard keycode 41 => vkey 0046
2879 wine_trace 00c4:trace:keyboard:X11DRV_InitKeyboard keycode 42 => vkey 0047
2879 wine_trace 00c4:trace:keyboard:X11DRV_InitKeyboard keycode 43 => vkey 0048
2879 wine_trace 00c4:trace:keyboard:X11DRV_InitKeyboard keycode 44 => vkey 004A
2879 wine_trace 00c4:trace:keyboard:X11DRV_InitKeyboard keycode 45 => vkey 004B
2879 wine_trace 00c4:trace:keyboard:X11DRV_InitKeyboard keycode 46 => vkey 004C
2879 wine_trace 00c4:trace:keyboard:X11DRV_InitKeyboard keycode 47 => vkey 00BA
2879 wine_trace 00c4:trace:keyboard:X11DRV_InitKeyboard keycode 48 => vkey 00DE
2879 wine_trace 00c4:trace:keyboard:X11DRV_InitKeyboard keycode 49 => vkey 00C0
2879 wine_trace 00c4:trace:keyboard:X11DRV_InitKeyboard keycode 51 => vkey 00DC
2879 wine_trace 00c4:trace:keyboard:X11DRV_InitKeyboard keycode 52 => vkey 005A
2879 wine_trace 00c4:trace:keyboard:X11DRV_InitKeyboard keycode 53 => vkey 0058
2879 wine_trace 00c4:trace:keyboard:X11DRV_InitKeyboard keycode 54 => vkey 0043
2880 wine_trace 00c4:trace:keyboard:X11DRV_InitKeyboard keycode 55 => vkey 0056
2880 wine_trace 00c4:trace:keyboard:X11DRV_InitKeyboard keycode 56 => vkey 0042
2880 wine_trace 00c4:trace:keyboard:X11DRV_InitKeyboard keycode 57 => vkey 004E
2880 wine_trace 00c4:trace:keyboard:X11DRV_InitKeyboard keycode 58 => vkey 004D
2880 wine_trace 00c4:trace:keyboard:X11DRV_InitKeyboard keycode 59 => vkey 00BC
2880 wine_trace 00c4:trace:keyboard:X11DRV_InitKeyboard keycode 60 => vkey 00BE
2880 wine_trace 00c4:trace:keyboard:X11DRV_InitKeyboard keycode 61 => vkey 00BF
2880 wine_trace 00c4:trace:key:X11DRV_InitKeyboard assigning scancode 60 to unidentified keycode 10 (NoSymbol)
2880 wine_trace 00c4:trace:key:X11DRV_InitKeyboard assigning scancode 61 to unidentified keycode 11 (NoSymbol)
2880 wine_trace 00c4:trace:key:X11DRV_InitKeyboard assigning scancode 62 to unidentified keycode 12 (NoSymbol)
2880 wine_trace 00c4:trace:key:X11DRV_InitKeyboard assigning scancode 63 to unidentified keycode 13 (NoSymbol)
2880 wine_trace 00c4:trace:key:X11DRV_InitKeyboard assigning scancode 64 to unidentified keycode 14 (NoSymbol)
2881 wine_trace 00c4:trace:key:X11DRV_InitKeyboard assigning scancode 65 to unidentified keycode 15 (NoSymbol)
2881 wine_trace 00c4:trace:key:X11DRV_InitKeyboard assigning scancode 66 to unidentified keycode 16 (NoSymbol)
2881 wine_trace 00c4:trace:key:X11DRV_InitKeyboard assigning scancode 67 to unidentified keycode 17 (NoSymbol)
2881 wine_trace 00c4:trace:key:X11DRV_InitKeyboard assigning scancode 68 to unidentified keycode 18 (NoSymbol)
2881 wine_trace 00c4:trace:key:X11DRV_InitKeyboard assigning scancode 69 to unidentified keycode 19 (NoSymbol)
2881 wine_trace 00c4:trace:key:X11DRV_InitKeyboard assigning scancode 6a to unidentified keycode 20 (NoSymbol)
2881 wine_trace 00c4:trace:key:X11DRV_InitKeyboard assigning scancode 6b to unidentified keycode 21 (NoSymbol)
2881 wine_trace 00c4:trace:key:X11DRV_InitKeyboard assigning scancode 6c to unidentified keycode 24 (NoSymbol)
2881 wine_trace 00c4:trace:key:X11DRV_InitKeyboard assigning scancode 6d to unidentified keycode 25 (NoSymbol)
2881 wine_trace 00c4:trace:key:X11DRV_InitKeyboard assigning scancode 6e to unidentified keycode 26 (NoSymbol)
2881 wine_trace 00c4:trace:key:X11DRV_InitKeyboard assigning scancode 6f to unidentified keycode 27 (NoSymbol)
2881 wine_trace 00c4:trace:key:X11DRV_InitKeyboard assigning scancode 70 to unidentified keycode 28 (NoSymbol)
2882 wine_trace 00c4:trace:key:X11DRV_InitKeyboard assigning scancode 71 to unidentified keycode 29 (NoSymbol)
2882 wine_trace 00c4:trace:key:X11DRV_InitKeyboard assigning scancode 72 to unidentified keycode 30 (NoSymbol)
2882 wine_trace 00c4:trace:key:X11DRV_InitKeyboard assigning scancode 73 to unidentified keycode 31 (NoSymbol)
2882 wine_trace 00c4:trace:key:X11DRV_InitKeyboard assigning scancode 74 to unidentified keycode 32 (NoSymbol)
2882 wine_trace 00c4:trace:key:X11DRV_InitKeyboard assigning scancode 75 to unidentified keycode 33 (NoSymbol)
2882 wine_trace 00c4:trace:key:X11DRV_InitKeyboard assigning scancode 76 to unidentified keycode 34 (NoSymbol)
2882 wine_trace 00c4:trace:key:X11DRV_InitKeyboard assigning scancode 77 to unidentified keycode 35 (NoSymbol)
2882 wine_trace 00c4:trace:key:X11DRV_InitKeyboard assigning scancode 78 to unidentified keycode 38 (NoSymbol)
2882 wine_trace 00c4:trace:key:X11DRV_InitKeyboard assigning scancode 79 to unidentified keycode 39 (NoSymbol)
2882 wine_trace 00c4:trace:key:X11DRV_InitKeyboard assigning scancode 7a to unidentified keycode 40 (NoSymbol)
2882 wine_trace 00c4:trace:key:X11DRV_InitKeyboard assigning scancode 7b to unidentified keycode 41 (NoSymbol)
2882 wine_trace 00c4:trace:key:X11DRV_InitKeyboard assigning scancode 7c to unidentified keycode 42 (NoSymbol)
2882 wine_trace 00c4:trace:key:X11DRV_InitKeyboard assigning scancode 7d to unidentified keycode 43 (NoSymbol)
2883 wine_trace 00c4:trace:key:X11DRV_InitKeyboard assigning scancode 7e to unidentified keycode 44 (NoSymbol)
2883 wine_trace 00c4:trace:key:X11DRV_InitKeyboard assigning scancode 7f to unidentified keycode 45 (NoSymbol)
2883 wine_trace 00c4:trace:key:X11DRV_InitKeyboard assigning scancode 80 to unidentified keycode 46 (NoSymbol)
2883 wine_trace 00c4:trace:key:X11DRV_InitKeyboard assigning scancode 81 to unidentified keycode 47 (NoSymbol)
2883 wine_trace 00c4:trace:key:X11DRV_InitKeyboard assigning scancode 82 to unidentified keycode 48 (NoSymbol)
2883 wine_trace 00c4:trace:key:X11DRV_InitKeyboard assigning scancode 83 to unidentified keycode 49 (NoSymbol)
2883 wine_trace 00c4:trace:key:X11DRV_InitKeyboard assigning scancode 84 to unidentified keycode 51 (NoSymbol)
2883 wine_trace 00c4:trace:key:X11DRV_InitKeyboard assigning scancode 85 to unidentified keycode 52 (NoSymbol)
2883 wine_trace 00c4:trace:key:X11DRV_InitKeyboard assigning scancode 86 to unidentified keycode 53 (NoSymbol)
2883 wine_trace 00c4:trace:key:X11DRV_InitKeyboard assigning scancode 87 to unidentified keycode 54 (NoSymbol)
2883 wine_trace 00c4:trace:key:X11DRV_InitKeyboard assigning scancode 88 to unidentified keycode 55 (NoSymbol)
2883 wine_trace 00c4:trace:key:X11DRV_InitKeyboard assigning scancode 89 to unidentified keycode 56 (NoSymbol)
2884 wine_trace 00c4:trace:key:X11DRV_InitKeyboard assigning scancode 8a to unidentified keycode 57 (NoSymbol)
2884 wine_trace 00c4:trace:key:X11DRV_InitKeyboard assigning scancode 8b to unidentified keycode 58 (NoSymbol)
2884 wine_trace 00c4:trace:key:X11DRV_InitKeyboard assigning scancode 8c to unidentified keycode 59 (NoSymbol)
2884 wine_trace 00c4:trace:key:X11DRV_InitKeyboard assigning scancode 8d to unidentified keycode 60 (NoSymbol)
2884 wine_trace 00c4:trace:key:X11DRV_InitKeyboard assigning scancode 8e to unidentified keycode 61 (NoSymbol)
3043 window_map id=25165831,parent=3,name=nogui - Wine Desktop,class=explorer.exe,mapped=true,viewable=false,enabled=false,renderable=true,surface=false,application=true,keyPress=true,keyRelease=true,focusChange=true,focus_before={null}
3044 focus_notify previous={null},focused={id=25165831,parent=3,name=nogui - Wine Desktop,class=explorer.exe,mapped=true,viewable=false,enabled=false,renderable=true,surface=false,application=true,keyPress=true,keyRelease=true,focusChange=true},outDetail=NONE,inDetail=NONE,outSelected=false,inSelected=true
3044 window_map_result id=25165831,focus_after={id=25165831,parent=3,name=nogui - Wine Desktop,class=explorer.exe,mapped=true,viewable=false,enabled=false,renderable=true,surface=false,application=true,keyPress=true,keyRelease=true,focusChange=true}
3368 wine_trace 00d8:trace:keyboard:NtUserGetKeyboardLayoutName name 0x14011e860
3369 wine_trace 00d8:trace:keyboard:NtUserGetKeyboardLayoutName ret L"00000409"
3464 winhandler_init_received port=7946
3568 wine_trace 00e8:trace:keyboard:NtUserGetKeyboardLayoutName name 0x14012e860
3568 wine_trace 00e8:trace:keyboard:NtUserGetKeyboardLayoutName ret L"00000409"
4652 keyboard_mapping_reply first=8,count=248,keysyms=496
4653 wine_trace 00e8:trace:keyboard:X11DRV_KEYBOARD_DetectLayout Attempting to match against "United States keyboard layout"
4653 wine_trace 00e8:trace:keyboard:X11DRV_KEYBOARD_DetectLayout matches=0, mismatches=0, seq=0, score=0
4653 keyboard_mapping_reply first=8,count=248,keysyms=496
4654 wine_trace 00e8:trace:keyboard:X11DRV_KEYBOARD_DetectLayout Attempting to match against "United States keyboard layout (phantom key version)"
4654 wine_trace 00e8:trace:keyboard:X11DRV_KEYBOARD_DetectLayout matches=0, mismatches=0, seq=0, score=0
4654 wine_trace 00e8:trace:keyboard:X11DRV_KEYBOARD_DetectLayout Attempting to match against "United States keyboard layout (dvorak)"
4654 wine_trace 00e8:trace:keyboard:X11DRV_KEYBOARD_DetectLayout matches=0, mismatches=0, seq=0, score=0
4654 wine_trace 00e8:trace:keyboard:X11DRV_KEYBOARD_DetectLayout Attempting to match against "United States keyboard layout (programmer dvorak)"
4655 wine_trace 00e8:trace:keyboard:X11DRV_KEYBOARD_DetectLayout matches=0, mismatches=0, seq=0, score=0
4655 wine_trace 00e8:trace:keyboard:X11DRV_KEYBOARD_DetectLayout Attempting to match against "United States keyboard layout (dvorak with phantom key)"
4655 wine_trace 00e8:trace:keyboard:X11DRV_KEYBOARD_DetectLayout matches=0, mismatches=0, seq=0, score=0
4655 wine_trace 00e8:trace:keyboard:X11DRV_KEYBOARD_DetectLayout Attempting to match against "United States International keyboard layout"
4656 wine_trace 00e8:trace:keyboard:X11DRV_KEYBOARD_DetectLayout matches=0, mismatches=0, seq=0, score=0
4656 wine_trace 00e8:trace:keyboard:X11DRV_KEYBOARD_DetectLayout Attempting to match against "British keyboard layout"
4656 wine_trace 00e8:trace:keyboard:X11DRV_KEYBOARD_DetectLayout matches=0, mismatches=0, seq=0, score=0
4656 wine_trace 00e8:trace:keyboard:X11DRV_KEYBOARD_DetectLayout Attempting to match against "German keyboard layout"
4656 wine_trace 00e8:trace:keyboard:X11DRV_KEYBOARD_DetectLayout matches=0, mismatches=0, seq=0, score=0
4657 wine_trace 00e8:trace:keyboard:X11DRV_KEYBOARD_DetectLayout Attempting to match against "Swiss German keyboard layout"
4657 wine_trace 00e8:trace:keyboard:X11DRV_KEYBOARD_DetectLayout matches=0, mismatches=0, seq=0, score=0
4657 wine_trace 00e8:trace:keyboard:X11DRV_KEYBOARD_DetectLayout Attempting to match against "Swiss French keyboard layout"
4657 wine_trace 00e8:trace:keyboard:X11DRV_KEYBOARD_DetectLayout matches=0, mismatches=0, seq=0, score=0
4658 wine_trace 00e8:trace:keyboard:X11DRV_KEYBOARD_DetectLayout Attempting to match against "Swedish keyboard layout"
4658 wine_trace 00e8:trace:keyboard:X11DRV_KEYBOARD_DetectLayout matches=0, mismatches=0, seq=0, score=0
4658 wine_trace 00e8:trace:keyboard:X11DRV_KEYBOARD_DetectLayout Attempting to match against "Estonian keyboard layout"
4658 wine_trace 00e8:trace:keyboard:X11DRV_KEYBOARD_DetectLayout matches=0, mismatches=0, seq=0, score=0
4658 wine_trace 00e8:trace:keyboard:X11DRV_KEYBOARD_DetectLayout Attempting to match against "Norwegian keyboard layout"
4659 wine_trace 00e8:trace:keyboard:X11DRV_KEYBOARD_DetectLayout matches=0, mismatches=0, seq=0, score=0
4659 wine_trace 00e8:trace:keyboard:X11DRV_KEYBOARD_DetectLayout Attempting to match against "Danish keyboard layout"
4659 wine_trace 00e8:trace:keyboard:X11DRV_KEYBOARD_DetectLayout matches=0, mismatches=0, seq=0, score=0
4659 wine_trace 00e8:trace:keyboard:X11DRV_KEYBOARD_DetectLayout Attempting to match against "French keyboard layout"
4660 wine_trace 00e8:trace:keyboard:X11DRV_KEYBOARD_DetectLayout matches=0, mismatches=0, seq=0, score=0
4660 wine_trace 00e8:trace:keyboard:X11DRV_KEYBOARD_DetectLayout Attempting to match against "Canadian French keyboard layout"
4660 wine_trace 00e8:trace:keyboard:X11DRV_KEYBOARD_DetectLayout matches=0, mismatches=0, seq=0, score=0
4660 wine_trace 00e8:trace:keyboard:X11DRV_KEYBOARD_DetectLayout Attempting to match against "Canadian French keyboard layout (CA_fr)"
4660 wine_trace 00e8:trace:keyboard:X11DRV_KEYBOARD_DetectLayout matches=0, mismatches=0, seq=0, score=0
4661 wine_trace 00e8:trace:keyboard:X11DRV_KEYBOARD_DetectLayout Attempting to match against "Canadian keyboard layout"
4661 wine_trace 00e8:trace:keyboard:X11DRV_KEYBOARD_DetectLayout matches=0, mismatches=0, seq=0, score=0
4661 wine_trace 00e8:trace:keyboard:X11DRV_KEYBOARD_DetectLayout Attempting to match against "Belgian keyboard layout"
4661 wine_trace 00e8:trace:keyboard:X11DRV_KEYBOARD_DetectLayout matches=0, mismatches=0, seq=0, score=0
4661 wine_trace 00e8:trace:keyboard:X11DRV_KEYBOARD_DetectLayout Attempting to match against "Portuguese keyboard layout"
4662 wine_trace 00e8:trace:keyboard:X11DRV_KEYBOARD_DetectLayout matches=0, mismatches=0, seq=0, score=0
4662 wine_trace 00e8:trace:keyboard:X11DRV_KEYBOARD_DetectLayout Attempting to match against "Brazilian ABNT-2 keyboard layout"
4662 wine_trace 00e8:trace:keyboard:X11DRV_KEYBOARD_DetectLayout matches=0, mismatches=0, seq=0, score=0
4662 wine_trace 00e8:trace:keyboard:X11DRV_KEYBOARD_DetectLayout Attempting to match against "Brazilian ABNT-2 keyboard layout ALT GR"
4663 wine_trace 00e8:trace:keyboard:X11DRV_KEYBOARD_DetectLayout matches=0, mismatches=0, seq=0, score=0
4663 wine_trace 00e8:trace:keyboard:X11DRV_KEYBOARD_DetectLayout Attempting to match against "Finnish keyboard layout"
4663 wine_trace 00e8:trace:keyboard:X11DRV_KEYBOARD_DetectLayout matches=0, mismatches=0, seq=0, score=0
4663 wine_trace 00e8:trace:keyboard:X11DRV_KEYBOARD_DetectLayout Attempting to match against "Bulgarian bds keyboard layout"
4663 wine_trace 00e8:trace:keyboard:X11DRV_KEYBOARD_DetectLayout matches=0, mismatches=0, seq=0, score=0
4664 wine_trace 00e8:trace:keyboard:X11DRV_KEYBOARD_DetectLayout Attempting to match against "Bulgarian phonetic keyboard layout"
4664 wine_trace 00e8:trace:keyboard:X11DRV_KEYBOARD_DetectLayout matches=0, mismatches=0, seq=0, score=0
4664 wine_trace 00e8:trace:keyboard:X11DRV_KEYBOARD_DetectLayout Attempting to match against "Belarusian keyboard layout"
4664 wine_trace 00e8:trace:keyboard:X11DRV_KEYBOARD_DetectLayout matches=0, mismatches=0, seq=0, score=0
4665 wine_trace 00e8:trace:keyboard:X11DRV_KEYBOARD_DetectLayout Attempting to match against "Russian keyboard layout"
4665 wine_trace 00e8:trace:keyboard:X11DRV_KEYBOARD_DetectLayout matches=0, mismatches=0, seq=0, score=0
4665 wine_trace 00e8:trace:keyboard:X11DRV_KEYBOARD_DetectLayout Attempting to match against "Russian keyboard layout (phantom key version)"
4665 wine_trace 00e8:trace:keyboard:X11DRV_KEYBOARD_DetectLayout matches=0, mismatches=0, seq=0, score=0
4665 wine_trace 00e8:trace:keyboard:X11DRV_KEYBOARD_DetectLayout Attempting to match against "Russian keyboard layout KOI8-R"
4666 wine_trace 00e8:trace:keyboard:X11DRV_KEYBOARD_DetectLayout matches=0, mismatches=0, seq=0, score=0
4666 wine_trace 00e8:trace:keyboard:X11DRV_KEYBOARD_DetectLayout Attempting to match against "Russian keyboard layout cp1251"
4666 wine_trace 00e8:trace:keyboard:X11DRV_KEYBOARD_DetectLayout matches=0, mismatches=0, seq=0, score=0
4666 wine_trace 00e8:trace:keyboard:X11DRV_KEYBOARD_DetectLayout Attempting to match against "Russian phonetic keyboard layout"
4666 wine_trace 00e8:trace:keyboard:X11DRV_KEYBOARD_DetectLayout matches=0, mismatches=0, seq=0, score=0
4667 wine_trace 00e8:trace:keyboard:X11DRV_KEYBOARD_DetectLayout Attempting to match against "Ukrainian keyboard layout KOI8-U"
4667 wine_trace 00e8:trace:keyboard:X11DRV_KEYBOARD_DetectLayout matches=0, mismatches=0, seq=0, score=0
4667 wine_trace 00e8:trace:keyboard:X11DRV_KEYBOARD_DetectLayout Attempting to match against "Ukrainian keyboard layout (standard)"
4667 wine_trace 00e8:trace:keyboard:X11DRV_KEYBOARD_DetectLayout matches=0, mismatches=0, seq=0, score=0
4668 wine_trace 00e8:trace:keyboard:X11DRV_KEYBOARD_DetectLayout Attempting to match against "Russian keyboard layout (standard)"
4668 wine_trace 00e8:trace:keyboard:X11DRV_KEYBOARD_DetectLayout matches=0, mismatches=0, seq=0, score=0
4668 wine_trace 00e8:trace:keyboard:X11DRV_KEYBOARD_DetectLayout Attempting to match against "Spanish keyboard layout"
4668 wine_trace 00e8:trace:keyboard:X11DRV_KEYBOARD_DetectLayout matches=0, mismatches=0, seq=0, score=0
4668 wine_trace 00e8:trace:keyboard:X11DRV_KEYBOARD_DetectLayout Attempting to match against "Italian keyboard layout"
4669 wine_trace 00e8:trace:keyboard:X11DRV_KEYBOARD_DetectLayout matches=0, mismatches=0, seq=0, score=0
4669 wine_trace 00e8:trace:keyboard:X11DRV_KEYBOARD_DetectLayout Attempting to match against "Icelandic keyboard layout"
4669 wine_trace 00e8:trace:keyboard:X11DRV_KEYBOARD_DetectLayout matches=0, mismatches=0, seq=0, score=0
4669 wine_trace 00e8:trace:keyboard:X11DRV_KEYBOARD_DetectLayout Attempting to match against "Hungarian keyboard layout"
4670 wine_trace 00e8:trace:keyboard:X11DRV_KEYBOARD_DetectLayout matches=0, mismatches=0, seq=0, score=0
4670 wine_trace 00e8:trace:keyboard:X11DRV_KEYBOARD_DetectLayout Attempting to match against "Polish (programmer's) keyboard layout"
4670 wine_trace 00e8:trace:keyboard:X11DRV_KEYBOARD_DetectLayout matches=0, mismatches=0, seq=0, score=0
4670 wine_trace 00e8:trace:keyboard:X11DRV_KEYBOARD_DetectLayout Attempting to match against "Slovenian keyboard layout"
4671 wine_trace 00e8:trace:keyboard:X11DRV_KEYBOARD_DetectLayout matches=0, mismatches=0, seq=0, score=0
4671 wine_trace 00e8:trace:keyboard:X11DRV_KEYBOARD_DetectLayout Attempting to match against "Serbian keyboard layout sr"
4671 wine_trace 00e8:trace:keyboard:X11DRV_KEYBOARD_DetectLayout matches=0, mismatches=0, seq=0, score=0
4671 wine_trace 00e8:trace:keyboard:X11DRV_KEYBOARD_DetectLayout Attempting to match against "Serbian keyboard layout us,sr"
4672 wine_trace 00e8:trace:keyboard:X11DRV_KEYBOARD_DetectLayout matches=0, mismatches=0, seq=0, score=0
4672 wine_trace 00e8:trace:keyboard:X11DRV_KEYBOARD_DetectLayout Attempting to match against "Croatian keyboard layout"
4672 wine_trace 00e8:trace:keyboard:X11DRV_KEYBOARD_DetectLayout matches=0, mismatches=0, seq=0, score=0
4672 wine_trace 00e8:trace:keyboard:X11DRV_KEYBOARD_DetectLayout Attempting to match against "Croatian keyboard layout (specific)"
4673 wine_trace 00e8:trace:keyboard:X11DRV_KEYBOARD_DetectLayout matches=0, mismatches=0, seq=0, score=0
4673 wine_trace 00e8:trace:keyboard:X11DRV_KEYBOARD_DetectLayout Attempting to match against "Japanese 106 keyboard layout"
4673 wine_trace 00e8:trace:keyboard:X11DRV_KEYBOARD_DetectLayout matches=0, mismatches=0, seq=0, score=0
4673 wine_trace 00e8:trace:keyboard:X11DRV_KEYBOARD_DetectLayout Attempting to match against "Japanese Mac keyboard layout"
4673 wine_trace 00e8:trace:keyboard:X11DRV_KEYBOARD_DetectLayout matches=0, mismatches=0, seq=0, score=0
4674 wine_trace 00e8:trace:keyboard:X11DRV_KEYBOARD_DetectLayout Attempting to match against "Japanese pc98x1 keyboard layout"
4674 wine_trace 00e8:trace:keyboard:X11DRV_KEYBOARD_DetectLayout matches=0, mismatches=0, seq=0, score=0
4674 wine_trace 00e8:trace:keyboard:X11DRV_KEYBOARD_DetectLayout Attempting to match against "Slovak keyboard layout"
4674 wine_trace 00e8:trace:keyboard:X11DRV_KEYBOARD_DetectLayout matches=0, mismatches=0, seq=0, score=0
4674 wine_trace 00e8:trace:keyboard:X11DRV_KEYBOARD_DetectLayout Attempting to match against "Slovak and Czech keyboard layout without dead keys"
4675 wine_trace 00e8:trace:keyboard:X11DRV_KEYBOARD_DetectLayout matches=0, mismatches=0, seq=0, score=0
4675 wine_trace 00e8:trace:keyboard:X11DRV_KEYBOARD_DetectLayout Attempting to match against "Czech keyboard layout"
4675 wine_trace 00e8:trace:keyboard:X11DRV_KEYBOARD_DetectLayout matches=0, mismatches=0, seq=0, score=0
4675 wine_trace 00e8:trace:keyboard:X11DRV_KEYBOARD_DetectLayout Attempting to match against "Czech keyboard layout cz"
4676 wine_trace 00e8:trace:keyboard:X11DRV_KEYBOARD_DetectLayout matches=0, mismatches=0, seq=0, score=0
4676 wine_trace 00e8:trace:keyboard:X11DRV_KEYBOARD_DetectLayout Attempting to match against "Czech keyboard layout cz_qwerty"
4676 wine_trace 00e8:trace:keyboard:X11DRV_KEYBOARD_DetectLayout matches=0, mismatches=0, seq=0, score=0
4676 wine_trace 00e8:trace:keyboard:X11DRV_KEYBOARD_DetectLayout Attempting to match against "Latin American keyboard layout"
4676 wine_trace 00e8:trace:keyboard:X11DRV_KEYBOARD_DetectLayout matches=0, mismatches=0, seq=0, score=0
4677 wine_trace 00e8:trace:keyboard:X11DRV_KEYBOARD_DetectLayout Attempting to match against "Lithuanian (Baltic) keyboard layout"
4677 wine_trace 00e8:trace:keyboard:X11DRV_KEYBOARD_DetectLayout matches=0, mismatches=0, seq=0, score=0
4677 wine_trace 00e8:trace:keyboard:X11DRV_KEYBOARD_DetectLayout Attempting to match against "Turkish keyboard layout"
4677 wine_trace 00e8:trace:keyboard:X11DRV_KEYBOARD_DetectLayout matches=0, mismatches=0, seq=0, score=0
4677 wine_trace 00e8:trace:keyboard:X11DRV_KEYBOARD_DetectLayout Attempting to match against "Turkish keyboard layout tr"
4678 wine_trace 00e8:trace:keyboard:X11DRV_KEYBOARD_DetectLayout matches=0, mismatches=0, seq=0, score=0
4678 wine_trace 00e8:trace:keyboard:X11DRV_KEYBOARD_DetectLayout Attempting to match against "Turkish keyboard layout trf"
4678 wine_trace 00e8:trace:keyboard:X11DRV_KEYBOARD_DetectLayout matches=0, mismatches=0, seq=0, score=0
4678 wine_trace 00e8:trace:keyboard:X11DRV_KEYBOARD_DetectLayout Attempting to match against "Israelian keyboard layout"
4679 wine_trace 00e8:trace:keyboard:X11DRV_KEYBOARD_DetectLayout matches=0, mismatches=0, seq=0, score=0
4679 wine_trace 00e8:trace:keyboard:X11DRV_KEYBOARD_DetectLayout Attempting to match against "Israelian phonetic keyboard layout"
4679 wine_trace 00e8:trace:keyboard:X11DRV_KEYBOARD_DetectLayout matches=0, mismatches=0, seq=0, score=0
4679 wine_trace 00e8:trace:keyboard:X11DRV_KEYBOARD_DetectLayout Attempting to match against "Israelian Saharon keyboard layout"
4679 wine_trace 00e8:trace:keyboard:X11DRV_KEYBOARD_DetectLayout matches=0, mismatches=0, seq=0, score=0
4680 wine_trace 00e8:trace:keyboard:X11DRV_KEYBOARD_DetectLayout Attempting to match against "VNC keyboard layout"
4680 wine_trace 00e8:trace:keyboard:X11DRV_KEYBOARD_DetectLayout matches=0, mismatches=0, seq=0, score=0
4680 wine_trace 00e8:trace:keyboard:X11DRV_KEYBOARD_DetectLayout Attempting to match against "Greek keyboard layout"
4680 wine_trace 00e8:trace:keyboard:X11DRV_KEYBOARD_DetectLayout matches=0, mismatches=0, seq=0, score=0
4681 wine_trace 00e8:trace:keyboard:X11DRV_KEYBOARD_DetectLayout Attempting to match against "Thai (Kedmanee)  keyboard layout"
4681 wine_trace 00e8:trace:keyboard:X11DRV_KEYBOARD_DetectLayout matches=0, mismatches=0, seq=0, score=0
4681 wine_trace 00e8:trace:keyboard:X11DRV_KEYBOARD_DetectLayout Attempting to match against "Dutch keyboard layout"
4681 wine_trace 00e8:trace:keyboard:X11DRV_KEYBOARD_DetectLayout matches=0, mismatches=0, seq=0, score=0
4681 wine_trace 00e8:trace:keyboard:X11DRV_KEYBOARD_DetectLayout detected layout is "United States keyboard layout"
4682 wine_trace 00e8:trace:keyboard:X11DRV_InitKeyboard keycode 8 => vkey 0000
4682 wine_trace 00e8:trace:keyboard:X11DRV_InitKeyboard keycode 9 => vkey 001B
4682 wine_trace 00e8:trace:keyboard:X11DRV_InitKeyboard keycode 10 => vkey 0000
4682 wine_trace 00e8:trace:keyboard:X11DRV_InitKeyboard keycode 11 => vkey 0000
4682 wine_trace 00e8:trace:keyboard:X11DRV_InitKeyboard keycode 12 => vkey 0000
4683 wine_trace 00e8:trace:keyboard:X11DRV_InitKeyboard keycode 13 => vkey 0000
4683 wine_trace 00e8:trace:keyboard:X11DRV_InitKeyboard keycode 14 => vkey 0000
4683 wine_trace 00e8:trace:keyboard:X11DRV_InitKeyboard keycode 15 => vkey 0000
4683 wine_trace 00e8:trace:keyboard:X11DRV_InitKeyboard keycode 16 => vkey 0000
4684 wine_trace 00e8:trace:keyboard:X11DRV_InitKeyboard keycode 17 => vkey 0000
4684 wine_trace 00e8:trace:keyboard:X11DRV_InitKeyboard keycode 18 => vkey 0000
4684 wine_trace 00e8:trace:keyboard:X11DRV_InitKeyboard keycode 19 => vkey 0000
4684 wine_trace 00e8:trace:keyboard:X11DRV_InitKeyboard keycode 20 => vkey 0000
4684 wine_trace 00e8:trace:keyboard:X11DRV_InitKeyboard keycode 21 => vkey 0000
4685 wine_trace 00e8:trace:keyboard:X11DRV_InitKeyboard keycode 22 => vkey 0008
4685 wine_trace 00e8:trace:keyboard:X11DRV_InitKeyboard keycode 23 => vkey 0009
4685 wine_trace 00e8:trace:keyboard:X11DRV_InitKeyboard keycode 24 => vkey 0000
4685 wine_trace 00e8:trace:keyboard:X11DRV_InitKeyboard keycode 25 => vkey 0000
4685 wine_trace 00e8:trace:keyboard:X11DRV_InitKeyboard keycode 26 => vkey 0000
4686 wine_trace 00e8:trace:keyboard:X11DRV_InitKeyboard keycode 27 => vkey 0000
4686 wine_trace 00e8:trace:keyboard:X11DRV_InitKeyboard keycode 28 => vkey 0000
4686 wine_trace 00e8:trace:keyboard:X11DRV_InitKeyboard keycode 29 => vkey 0000
4686 wine_trace 00e8:trace:keyboard:X11DRV_InitKeyboard keycode 30 => vkey 0000
4686 wine_trace 00e8:trace:keyboard:X11DRV_InitKeyboard keycode 31 => vkey 0000
4687 wine_trace 00e8:trace:keyboard:X11DRV_InitKeyboard keycode 32 => vkey 0000
4687 wine_trace 00e8:trace:keyboard:X11DRV_InitKeyboard keycode 33 => vkey 0000
4687 wine_trace 00e8:trace:keyboard:X11DRV_InitKeyboard keycode 34 => vkey 0000
4687 wine_trace 00e8:trace:keyboard:X11DRV_InitKeyboard keycode 35 => vkey 0000
4687 wine_trace 00e8:trace:keyboard:X11DRV_InitKeyboard keycode 36 => vkey 000D
4688 wine_trace 00e8:trace:keyboard:X11DRV_InitKeyboard keycode 37 => vkey 00A2
4688 wine_trace 00e8:trace:keyboard:X11DRV_InitKeyboard keycode 38 => vkey 0000
4688 wine_trace 00e8:trace:keyboard:X11DRV_InitKeyboard keycode 39 => vkey 0000
4688 wine_trace 00e8:trace:keyboard:X11DRV_InitKeyboard keycode 40 => vkey 0000
4689 wine_trace 00e8:trace:keyboard:X11DRV_InitKeyboard keycode 41 => vkey 0000
4689 wine_trace 00e8:trace:keyboard:X11DRV_InitKeyboard keycode 42 => vkey 0000
4689 wine_trace 00e8:trace:keyboard:X11DRV_InitKeyboard keycode 43 => vkey 0000
4689 wine_trace 00e8:trace:keyboard:X11DRV_InitKeyboard keycode 44 => vkey 0000
4689 wine_trace 00e8:trace:keyboard:X11DRV_InitKeyboard keycode 45 => vkey 0000
4690 wine_trace 00e8:trace:keyboard:X11DRV_InitKeyboard keycode 46 => vkey 0000
4690 wine_trace 00e8:trace:keyboard:X11DRV_InitKeyboard keycode 47 => vkey 0000
4690 wine_trace 00e8:trace:keyboard:X11DRV_InitKeyboard keycode 48 => vkey 0000
4690 wine_trace 00e8:trace:keyboard:X11DRV_InitKeyboard keycode 49 => vkey 0000
4690 wine_trace 00e8:trace:keyboard:X11DRV_InitKeyboard keycode 50 => vkey 00A0
4691 wine_trace 00e8:trace:keyboard:X11DRV_InitKeyboard keycode 51 => vkey 0000
4691 wine_trace 00e8:trace:keyboard:X11DRV_InitKeyboard keycode 52 => vkey 0000
4691 wine_trace 00e8:trace:keyboard:X11DRV_InitKeyboard keycode 53 => vkey 0000
4691 wine_trace 00e8:trace:keyboard:X11DRV_InitKeyboard keycode 54 => vkey 0000
4691 wine_trace 00e8:trace:keyboard:X11DRV_InitKeyboard keycode 55 => vkey 0000
4691 wine_trace 00e8:trace:keyboard:X11DRV_InitKeyboard keycode 56 => vkey 0000
4692 wine_trace 00e8:trace:keyboard:X11DRV_InitKeyboard keycode 57 => vkey 0000
4692 wine_trace 00e8:trace:keyboard:X11DRV_InitKeyboard keycode 58 => vkey 0000
4692 wine_trace 00e8:trace:keyboard:X11DRV_InitKeyboard keycode 59 => vkey 0000
4692 wine_trace 00e8:trace:keyboard:X11DRV_InitKeyboard keycode 60 => vkey 0000
4692 wine_trace 00e8:trace:keyboard:X11DRV_InitKeyboard keycode 61 => vkey 0000
4692 wine_trace 00e8:trace:keyboard:X11DRV_InitKeyboard keycode 62 => vkey 01A1
4692 wine_trace 00e8:trace:keyboard:X11DRV_InitKeyboard keycode 63 => vkey 006A
4692 wine_trace 00e8:trace:keyboard:X11DRV_InitKeyboard keycode 64 => vkey 00A4
4693 wine_trace 00e8:trace:keyboard:X11DRV_InitKeyboard keycode 65 => vkey 0020
4693 wine_trace 00e8:trace:keyboard:X11DRV_InitKeyboard keycode 66 => vkey 0000
4693 wine_trace 00e8:trace:keyboard:X11DRV_InitKeyboard keycode 67 => vkey 0070
4693 wine_trace 00e8:trace:keyboard:X11DRV_InitKeyboard keycode 68 => vkey 0071
4693 wine_trace 00e8:trace:keyboard:X11DRV_InitKeyboard keycode 69 => vkey 0072
4693 wine_trace 00e8:trace:keyboard:X11DRV_InitKeyboard keycode 70 => vkey 0073
4693 wine_trace 00e8:trace:keyboard:X11DRV_InitKeyboard keycode 71 => vkey 0074
4693 wine_trace 00e8:trace:keyboard:X11DRV_InitKeyboard keycode 72 => vkey 0075
4694 wine_trace 00e8:trace:keyboard:X11DRV_InitKeyboard keycode 73 => vkey 0076
4694 wine_trace 00e8:trace:keyboard:X11DRV_InitKeyboard keycode 74 => vkey 0077
4694 wine_trace 00e8:trace:keyboard:X11DRV_InitKeyboard keycode 75 => vkey 0078
4694 wine_trace 00e8:trace:keyboard:X11DRV_InitKeyboard keycode 76 => vkey 0079
4694 wine_trace 00e8:trace:keyboard:X11DRV_InitKeyboard keycode 77 => vkey 0000
4694 wine_trace 00e8:trace:keyboard:X11DRV_InitKeyboard keycode 78 => vkey 0000
4694 wine_trace 00e8:trace:keyboard:X11DRV_InitKeyboard keycode 79 => vkey 0067
4694 wine_trace 00e8:trace:keyboard:X11DRV_InitKeyboard keycode 80 => vkey 0068
4694 wine_trace 00e8:trace:keyboard:X11DRV_InitKeyboard keycode 81 => vkey 0069
4695 wine_trace 00e8:trace:keyboard:X11DRV_InitKeyboard keycode 82 => vkey 006D
4695 wine_trace 00e8:trace:keyboard:X11DRV_InitKeyboard keycode 83 => vkey 0064
4695 wine_trace 00e8:trace:keyboard:X11DRV_InitKeyboard keycode 84 => vkey 0065
4695 wine_trace 00e8:trace:keyboard:X11DRV_InitKeyboard keycode 85 => vkey 0066
4695 wine_trace 00e8:trace:keyboard:X11DRV_InitKeyboard keycode 86 => vkey 006B
4695 wine_trace 00e8:trace:keyboard:X11DRV_InitKeyboard keycode 87 => vkey 0061
4695 wine_trace 00e8:trace:keyboard:X11DRV_InitKeyboard keycode 88 => vkey 0062
4696 wine_trace 00e8:trace:keyboard:X11DRV_InitKeyboard keycode 89 => vkey 0063
4696 wine_trace 00e8:trace:keyboard:X11DRV_InitKeyboard keycode 90 => vkey 0060
4696 wine_trace 00e8:trace:keyboard:X11DRV_InitKeyboard keycode 91 => vkey 002E
4696 wine_trace 00e8:trace:keyboard:X11DRV_InitKeyboard keycode 92 => vkey 0000
4696 wine_trace 00e8:trace:keyboard:X11DRV_InitKeyboard keycode 93 => vkey 0000
4696 wine_trace 00e8:trace:keyboard:X11DRV_InitKeyboard keycode 94 => vkey 0000
4696 wine_trace 00e8:trace:keyboard:X11DRV_InitKeyboard keycode 95 => vkey 007A
4696 wine_trace 00e8:trace:keyboard:X11DRV_InitKeyboard keycode 96 => vkey 007B
4697 wine_trace 00e8:trace:keyboard:X11DRV_InitKeyboard keycode 97 => vkey 0000
4697 wine_trace 00e8:trace:keyboard:X11DRV_InitKeyboard keycode 98 => vkey 0000
4697 wine_trace 00e8:trace:keyboard:X11DRV_InitKeyboard keycode 99 => vkey 0000
4697 wine_trace 00e8:trace:keyboard:X11DRV_InitKeyboard keycode 100 => vkey 0000
4697 wine_trace 00e8:trace:keyboard:X11DRV_InitKeyboard keycode 101 => vkey 0000
4697 wine_trace 00e8:trace:keyboard:X11DRV_InitKeyboard keycode 102 => vkey 0000
4697 wine_trace 00e8:trace:keyboard:X11DRV_InitKeyboard keycode 103 => vkey 0000
4697 wine_trace 00e8:trace:keyboard:X11DRV_InitKeyboard keycode 104 => vkey 0000
4697 wine_trace 00e8:trace:keyboard:X11DRV_InitKeyboard keycode 105 => vkey 01A3
4698 wine_trace 00e8:trace:keyboard:X11DRV_InitKeyboard keycode 106 => vkey 016F
4698 wine_trace 00e8:trace:keyboard:X11DRV_InitKeyboard keycode 107 => vkey 0000
4698 wine_trace 00e8:trace:keyboard:X11DRV_InitKeyboard keycode 108 => vkey 01A5
4698 wine_trace 00e8:trace:keyboard:X11DRV_InitKeyboard keycode 109 => vkey 0000
4698 wine_trace 00e8:trace:keyboard:X11DRV_InitKeyboard keycode 110 => vkey 0124
4698 wine_trace 00e8:trace:keyboard:X11DRV_InitKeyboard keycode 111 => vkey 0126
4698 wine_trace 00e8:trace:keyboard:X11DRV_InitKeyboard keycode 112 => vkey 0121
4698 wine_trace 00e8:trace:keyboard:X11DRV_InitKeyboard keycode 113 => vkey 0125
4699 wine_trace 00e8:trace:keyboard:X11DRV_InitKeyboard keycode 114 => vkey 0127
4699 wine_trace 00e8:trace:keyboard:X11DRV_InitKeyboard keycode 115 => vkey 0123
4699 wine_trace 00e8:trace:keyboard:X11DRV_InitKeyboard keycode 116 => vkey 0128
4699 wine_trace 00e8:trace:keyboard:X11DRV_InitKeyboard keycode 117 => vkey 0122
4699 wine_trace 00e8:trace:keyboard:X11DRV_InitKeyboard keycode 118 => vkey 012D
4699 wine_trace 00e8:trace:keyboard:X11DRV_InitKeyboard keycode 119 => vkey 012E
4699 wine_trace 00e8:warn:keyboard:X11DRV_InitKeyboard vkey 012E is being used by more than one keycode
4699 wine_trace 00e8:trace:keyboard:X11DRV_InitKeyboard keycode 120 => vkey 0000
4700 wine_trace 00e8:trace:keyboard:X11DRV_InitKeyboard keycode 121 => vkey 0000
4700 wine_trace 00e8:trace:keyboard:X11DRV_InitKeyboard keycode 122 => vkey 0000
4700 wine_trace 00e8:trace:keyboard:X11DRV_InitKeyboard keycode 123 => vkey 0000
4700 wine_trace 00e8:trace:keyboard:X11DRV_InitKeyboard keycode 124 => vkey 0000
4700 wine_trace 00e8:trace:keyboard:X11DRV_InitKeyboard keycode 125 => vkey 0000
4700 wine_trace 00e8:trace:keyboard:X11DRV_InitKeyboard keycode 126 => vkey 0000
4700 wine_trace 00e8:trace:keyboard:X11DRV_InitKeyboard keycode 127 => vkey 0000
4700 wine_trace 00e8:trace:keyboard:X11DRV_InitKeyboard keycode 128 => vkey 0000
4701 wine_trace 00e8:trace:keyboard:X11DRV_InitKeyboard keycode 129 => vkey 0000
4701 wine_trace 00e8:trace:keyboard:X11DRV_InitKeyboard keycode 130 => vkey 0000
4701 wine_trace 00e8:trace:keyboard:X11DRV_InitKeyboard keycode 131 => vkey 0000
4701 wine_trace 00e8:trace:keyboard:X11DRV_InitKeyboard keycode 132 => vkey 0000
4701 wine_trace 00e8:trace:keyboard:X11DRV_InitKeyboard keycode 133 => vkey 0000
4701 wine_trace 00e8:trace:keyboard:X11DRV_InitKeyboard keycode 134 => vkey 0000
4701 wine_trace 00e8:trace:keyboard:X11DRV_InitKeyboard keycode 135 => vkey 0000
4701 wine_trace 00e8:trace:keyboard:X11DRV_InitKeyboard keycode 136 => vkey 0000
4701 wine_trace 00e8:trace:keyboard:X11DRV_InitKeyboard keycode 137 => vkey 0000
4702 wine_trace 00e8:trace:keyboard:X11DRV_InitKeyboard keycode 138 => vkey 0000
4702 wine_trace 00e8:trace:keyboard:X11DRV_InitKeyboard keycode 139 => vkey 0000
4702 wine_trace 00e8:trace:keyboard:X11DRV_InitKeyboard keycode 140 => vkey 0000
4702 wine_trace 00e8:trace:keyboard:X11DRV_InitKeyboard keycode 141 => vkey 0000
4702 wine_trace 00e8:trace:keyboard:X11DRV_InitKeyboard keycode 142 => vkey 0000
4702 wine_trace 00e8:trace:keyboard:X11DRV_InitKeyboard keycode 143 => vkey 0000
4702 wine_trace 00e8:trace:keyboard:X11DRV_InitKeyboard keycode 144 => vkey 0000
4702 wine_trace 00e8:trace:keyboard:X11DRV_InitKeyboard keycode 145 => vkey 0000
4702 wine_trace 00e8:trace:keyboard:X11DRV_InitKeyboard keycode 146 => vkey 0000
4703 wine_trace 00e8:trace:keyboard:X11DRV_InitKeyboard keycode 147 => vkey 0000
4703 wine_trace 00e8:trace:keyboard:X11DRV_InitKeyboard keycode 148 => vkey 0000
4703 wine_trace 00e8:trace:keyboard:X11DRV_InitKeyboard keycode 149 => vkey 0000
4703 wine_trace 00e8:trace:keyboard:X11DRV_InitKeyboard keycode 150 => vkey 0000
4703 wine_trace 00e8:trace:keyboard:X11DRV_InitKeyboard keycode 151 => vkey 0000
4703 wine_trace 00e8:trace:keyboard:X11DRV_InitKeyboard keycode 152 => vkey 0000
4703 wine_trace 00e8:trace:keyboard:X11DRV_InitKeyboard keycode 153 => vkey 0000
4703 wine_trace 00e8:trace:keyboard:X11DRV_InitKeyboard keycode 154 => vkey 0000
4703 wine_trace 00e8:trace:keyboard:X11DRV_InitKeyboard keycode 155 => vkey 0000
4704 wine_trace 00e8:trace:keyboard:X11DRV_InitKeyboard keycode 156 => vkey 0000
4704 wine_trace 00e8:trace:keyboard:X11DRV_InitKeyboard keycode 157 => vkey 0000
4704 wine_trace 00e8:trace:keyboard:X11DRV_InitKeyboard keycode 158 => vkey 0000
4704 wine_trace 00e8:trace:keyboard:X11DRV_InitKeyboard keycode 159 => vkey 0000
4704 wine_trace 00e8:trace:keyboard:X11DRV_InitKeyboard keycode 160 => vkey 0000
4704 wine_trace 00e8:trace:keyboard:X11DRV_InitKeyboard keycode 161 => vkey 0000
4704 wine_trace 00e8:trace:keyboard:X11DRV_InitKeyboard keycode 162 => vkey 0000
4704 wine_trace 00e8:trace:keyboard:X11DRV_InitKeyboard keycode 163 => vkey 0000
4704 wine_trace 00e8:trace:keyboard:X11DRV_InitKeyboard keycode 164 => vkey 0000
4705 wine_trace 00e8:trace:keyboard:X11DRV_InitKeyboard keycode 165 => vkey 0000
4705 wine_trace 00e8:trace:keyboard:X11DRV_InitKeyboard keycode 166 => vkey 0000
4705 wine_trace 00e8:trace:keyboard:X11DRV_InitKeyboard keycode 167 => vkey 0000
4705 wine_trace 00e8:trace:keyboard:X11DRV_InitKeyboard keycode 168 => vkey 0000
4705 wine_trace 00e8:trace:keyboard:X11DRV_InitKeyboard keycode 169 => vkey 0000
4705 wine_trace 00e8:trace:keyboard:X11DRV_InitKeyboard keycode 170 => vkey 0000
4705 wine_trace 00e8:trace:keyboard:X11DRV_InitKeyboard keycode 171 => vkey 0000
4705 wine_trace 00e8:trace:keyboard:X11DRV_InitKeyboard keycode 172 => vkey 0000
4705 wine_trace 00e8:trace:keyboard:X11DRV_InitKeyboard keycode 173 => vkey 0000
4706 wine_trace 00e8:trace:keyboard:X11DRV_InitKeyboard keycode 174 => vkey 0000
4706 wine_trace 00e8:trace:keyboard:X11DRV_InitKeyboard keycode 175 => vkey 0000
4706 wine_trace 00e8:trace:keyboard:X11DRV_InitKeyboard keycode 176 => vkey 0000
4706 wine_trace 00e8:trace:keyboard:X11DRV_InitKeyboard keycode 177 => vkey 0000
4706 wine_trace 00e8:trace:keyboard:X11DRV_InitKeyboard keycode 178 => vkey 0000
4706 wine_trace 00e8:trace:keyboard:X11DRV_InitKeyboard keycode 179 => vkey 0000
4706 wine_trace 00e8:trace:keyboard:X11DRV_InitKeyboard keycode 180 => vkey 0000
4706 wine_trace 00e8:trace:keyboard:X11DRV_InitKeyboard keycode 181 => vkey 0000
4706 wine_trace 00e8:trace:keyboard:X11DRV_InitKeyboard keycode 182 => vkey 0000
4706 wine_trace 00e8:trace:keyboard:X11DRV_InitKeyboard keycode 183 => vkey 0000
4707 wine_trace 00e8:trace:keyboard:X11DRV_InitKeyboard keycode 184 => vkey 0000
4707 wine_trace 00e8:trace:keyboard:X11DRV_InitKeyboard keycode 185 => vkey 0000
4707 wine_trace 00e8:trace:keyboard:X11DRV_InitKeyboard keycode 186 => vkey 0000
4707 wine_trace 00e8:trace:keyboard:X11DRV_InitKeyboard keycode 187 => vkey 0000
4707 wine_trace 00e8:trace:keyboard:X11DRV_InitKeyboard keycode 188 => vkey 0000
4707 wine_trace 00e8:trace:keyboard:X11DRV_InitKeyboard keycode 189 => vkey 0000
4707 wine_trace 00e8:trace:keyboard:X11DRV_InitKeyboard keycode 190 => vkey 0000
4707 wine_trace 00e8:trace:keyboard:X11DRV_InitKeyboard keycode 191 => vkey 0000
4708 wine_trace 00e8:trace:keyboard:X11DRV_InitKeyboard keycode 192 => vkey 0000
4708 wine_trace 00e8:trace:keyboard:X11DRV_InitKeyboard keycode 193 => vkey 0000
4708 wine_trace 00e8:trace:keyboard:X11DRV_InitKeyboard keycode 194 => vkey 0000
4708 wine_trace 00e8:trace:keyboard:X11DRV_InitKeyboard keycode 195 => vkey 0000
4708 wine_trace 00e8:trace:keyboard:X11DRV_InitKeyboard keycode 196 => vkey 0000
4708 wine_trace 00e8:trace:keyboard:X11DRV_InitKeyboard keycode 197 => vkey 0000
4708 wine_trace 00e8:trace:keyboard:X11DRV_InitKeyboard keycode 198 => vkey 0000
4708 wine_trace 00e8:trace:keyboard:X11DRV_InitKeyboard keycode 199 => vkey 0000
4708 wine_trace 00e8:trace:keyboard:X11DRV_InitKeyboard keycode 200 => vkey 0000
4708 wine_trace 00e8:trace:keyboard:X11DRV_InitKeyboard keycode 201 => vkey 0000
4709 wine_trace 00e8:trace:keyboard:X11DRV_InitKeyboard keycode 202 => vkey 0000
4709 wine_trace 00e8:trace:keyboard:X11DRV_InitKeyboard keycode 203 => vkey 0000
4709 wine_trace 00e8:trace:keyboard:X11DRV_InitKeyboard keycode 204 => vkey 0000
4709 wine_trace 00e8:trace:keyboard:X11DRV_InitKeyboard keycode 205 => vkey 0000
4709 wine_trace 00e8:trace:keyboard:X11DRV_InitKeyboard keycode 206 => vkey 0000
4709 wine_trace 00e8:trace:keyboard:X11DRV_InitKeyboard keycode 207 => vkey 0000
4709 wine_trace 00e8:trace:keyboard:X11DRV_InitKeyboard keycode 208 => vkey 0000
4709 wine_trace 00e8:trace:keyboard:X11DRV_InitKeyboard keycode 209 => vkey 0000
4709 wine_trace 00e8:trace:keyboard:X11DRV_InitKeyboard keycode 210 => vkey 0000
4710 wine_trace 00e8:trace:keyboard:X11DRV_InitKeyboard keycode 211 => vkey 0000
4710 wine_trace 00e8:trace:keyboard:X11DRV_InitKeyboard keycode 212 => vkey 0000
4710 wine_trace 00e8:trace:keyboard:X11DRV_InitKeyboard keycode 213 => vkey 0000
4710 wine_trace 00e8:trace:keyboard:X11DRV_InitKeyboard keycode 214 => vkey 0000
4710 wine_trace 00e8:trace:keyboard:X11DRV_InitKeyboard keycode 215 => vkey 0000
4710 wine_trace 00e8:trace:keyboard:X11DRV_InitKeyboard keycode 216 => vkey 0000
4710 wine_trace 00e8:trace:keyboard:X11DRV_InitKeyboard keycode 217 => vkey 0000
4710 wine_trace 00e8:trace:keyboard:X11DRV_InitKeyboard keycode 218 => vkey 0000
4710 wine_trace 00e8:trace:keyboard:X11DRV_InitKeyboard keycode 219 => vkey 0000
4711 wine_trace 00e8:trace:keyboard:X11DRV_InitKeyboard keycode 220 => vkey 0000
4711 wine_trace 00e8:trace:keyboard:X11DRV_InitKeyboard keycode 221 => vkey 0000
4711 wine_trace 00e8:trace:keyboard:X11DRV_InitKeyboard keycode 222 => vkey 0000
4711 wine_trace 00e8:trace:keyboard:X11DRV_InitKeyboard keycode 223 => vkey 0000
4711 wine_trace 00e8:trace:keyboard:X11DRV_InitKeyboard keycode 224 => vkey 0000
4711 wine_trace 00e8:trace:keyboard:X11DRV_InitKeyboard keycode 225 => vkey 0000
4711 wine_trace 00e8:trace:keyboard:X11DRV_InitKeyboard keycode 226 => vkey 0000
4711 wine_trace 00e8:trace:keyboard:X11DRV_InitKeyboard keycode 227 => vkey 0000
4711 wine_trace 00e8:trace:keyboard:X11DRV_InitKeyboard keycode 228 => vkey 0000
4712 wine_trace 00e8:trace:keyboard:X11DRV_InitKeyboard keycode 229 => vkey 0000
4712 wine_trace 00e8:trace:keyboard:X11DRV_InitKeyboard keycode 230 => vkey 0000
4712 wine_trace 00e8:trace:keyboard:X11DRV_InitKeyboard keycode 231 => vkey 0000
4712 wine_trace 00e8:trace:keyboard:X11DRV_InitKeyboard keycode 232 => vkey 0000
4712 wine_trace 00e8:trace:keyboard:X11DRV_InitKeyboard keycode 233 => vkey 0000
4712 wine_trace 00e8:trace:keyboard:X11DRV_InitKeyboard keycode 234 => vkey 0000
4712 wine_trace 00e8:trace:keyboard:X11DRV_InitKeyboard keycode 235 => vkey 0000
4712 wine_trace 00e8:trace:keyboard:X11DRV_InitKeyboard keycode 236 => vkey 0000
4712 wine_trace 00e8:trace:keyboard:X11DRV_InitKeyboard keycode 237 => vkey 0000
4712 wine_trace 00e8:trace:keyboard:X11DRV_InitKeyboard keycode 238 => vkey 0000
4713 wine_trace 00e8:trace:keyboard:X11DRV_InitKeyboard keycode 239 => vkey 0000
4713 wine_trace 00e8:trace:keyboard:X11DRV_InitKeyboard keycode 240 => vkey 0000
4713 wine_trace 00e8:trace:keyboard:X11DRV_InitKeyboard keycode 241 => vkey 0000
4713 wine_trace 00e8:trace:keyboard:X11DRV_InitKeyboard keycode 242 => vkey 0000
4713 wine_trace 00e8:trace:keyboard:X11DRV_InitKeyboard keycode 243 => vkey 0000
4713 wine_trace 00e8:trace:keyboard:X11DRV_InitKeyboard keycode 244 => vkey 0000
4713 wine_trace 00e8:trace:keyboard:X11DRV_InitKeyboard keycode 245 => vkey 0000
4713 wine_trace 00e8:trace:keyboard:X11DRV_InitKeyboard keycode 246 => vkey 0000
4713 wine_trace 00e8:trace:keyboard:X11DRV_InitKeyboard keycode 247 => vkey 0000
4714 wine_trace 00e8:trace:keyboard:X11DRV_InitKeyboard keycode 248 => vkey 0000
4714 wine_trace 00e8:trace:keyboard:X11DRV_InitKeyboard keycode 249 => vkey 0000
4714 wine_trace 00e8:trace:keyboard:X11DRV_InitKeyboard keycode 250 => vkey 0000
4714 wine_trace 00e8:trace:keyboard:X11DRV_InitKeyboard keycode 251 => vkey 0000
4714 wine_trace 00e8:trace:keyboard:X11DRV_InitKeyboard keycode 252 => vkey 0000
4714 wine_trace 00e8:trace:keyboard:X11DRV_InitKeyboard keycode 253 => vkey 0000
4714 wine_trace 00e8:trace:keyboard:X11DRV_InitKeyboard keycode 254 => vkey 0000
4714 wine_trace 00e8:trace:keyboard:X11DRV_InitKeyboard keycode 255 => vkey 0000
4714 wine_trace 00e8:trace:keyboard:X11DRV_InitKeyboard keycode 10 => vkey 0031
4715 wine_trace 00e8:trace:keyboard:X11DRV_InitKeyboard keycode 11 => vkey 0032
4715 wine_trace 00e8:trace:keyboard:X11DRV_InitKeyboard keycode 12 => vkey 0033
4715 wine_trace 00e8:trace:keyboard:X11DRV_InitKeyboard keycode 13 => vkey 0034
4715 wine_trace 00e8:trace:keyboard:X11DRV_InitKeyboard keycode 14 => vkey 0035
4715 wine_trace 00e8:trace:keyboard:X11DRV_InitKeyboard keycode 15 => vkey 0036
4715 wine_trace 00e8:trace:keyboard:X11DRV_InitKeyboard keycode 16 => vkey 0037
4715 wine_trace 00e8:trace:keyboard:X11DRV_InitKeyboard keycode 17 => vkey 0038
4715 wine_trace 00e8:trace:keyboard:X11DRV_InitKeyboard keycode 18 => vkey 0039
4715 wine_trace 00e8:trace:keyboard:X11DRV_InitKeyboard keycode 19 => vkey 0030
4716 wine_trace 00e8:trace:keyboard:X11DRV_InitKeyboard keycode 20 => vkey 00BD
4716 wine_trace 00e8:trace:keyboard:X11DRV_InitKeyboard keycode 21 => vkey 00BB
4716 wine_trace 00e8:trace:keyboard:X11DRV_InitKeyboard keycode 24 => vkey 0051
4716 wine_trace 00e8:trace:keyboard:X11DRV_InitKeyboard keycode 25 => vkey 0057
4716 wine_trace 00e8:trace:keyboard:X11DRV_InitKeyboard keycode 26 => vkey 0045
4716 wine_trace 00e8:trace:keyboard:X11DRV_InitKeyboard keycode 27 => vkey 0052
4716 wine_trace 00e8:trace:keyboard:X11DRV_InitKeyboard keycode 28 => vkey 0054
4716 wine_trace 00e8:trace:keyboard:X11DRV_InitKeyboard keycode 29 => vkey 0059
4716 wine_trace 00e8:trace:keyboard:X11DRV_InitKeyboard keycode 30 => vkey 0055
4717 wine_trace 00e8:trace:keyboard:X11DRV_InitKeyboard keycode 31 => vkey 0049
4717 wine_trace 00e8:trace:keyboard:X11DRV_InitKeyboard keycode 32 => vkey 004F
4717 wine_trace 00e8:trace:keyboard:X11DRV_InitKeyboard keycode 33 => vkey 0050
4717 wine_trace 00e8:trace:keyboard:X11DRV_InitKeyboard keycode 34 => vkey 00DB
4717 wine_trace 00e8:trace:keyboard:X11DRV_InitKeyboard keycode 35 => vkey 00DD
4717 wine_trace 00e8:trace:keyboard:X11DRV_InitKeyboard keycode 38 => vkey 0041
4717 wine_trace 00e8:trace:keyboard:X11DRV_InitKeyboard keycode 39 => vkey 0053
4717 wine_trace 00e8:trace:keyboard:X11DRV_InitKeyboard keycode 40 => vkey 0044
4717 wine_trace 00e8:trace:keyboard:X11DRV_InitKeyboard keycode 41 => vkey 0046
4717 wine_trace 00e8:trace:keyboard:X11DRV_InitKeyboard keycode 42 => vkey 0047
4718 wine_trace 00e8:trace:keyboard:X11DRV_InitKeyboard keycode 43 => vkey 0048
4718 wine_trace 00e8:trace:keyboard:X11DRV_InitKeyboard keycode 44 => vkey 004A
4718 wine_trace 00e8:trace:keyboard:X11DRV_InitKeyboard keycode 45 => vkey 004B
4718 wine_trace 00e8:trace:keyboard:X11DRV_InitKeyboard keycode 46 => vkey 004C
4718 wine_trace 00e8:trace:keyboard:X11DRV_InitKeyboard keycode 47 => vkey 00BA
4718 wine_trace 00e8:trace:keyboard:X11DRV_InitKeyboard keycode 48 => vkey 00DE
4718 wine_trace 00e8:trace:keyboard:X11DRV_InitKeyboard keycode 49 => vkey 00C0
4718 wine_trace 00e8:trace:keyboard:X11DRV_InitKeyboard keycode 51 => vkey 00DC
4718 wine_trace 00e8:trace:keyboard:X11DRV_InitKeyboard keycode 52 => vkey 005A
4719 wine_trace 00e8:trace:keyboard:X11DRV_InitKeyboard keycode 53 => vkey 0058
4719 wine_trace 00e8:trace:keyboard:X11DRV_InitKeyboard keycode 54 => vkey 0043
4719 wine_trace 00e8:trace:keyboard:X11DRV_InitKeyboard keycode 55 => vkey 0056
4719 wine_trace 00e8:trace:keyboard:X11DRV_InitKeyboard keycode 56 => vkey 0042
4719 wine_trace 00e8:trace:keyboard:X11DRV_InitKeyboard keycode 57 => vkey 004E
4719 wine_trace 00e8:trace:keyboard:X11DRV_InitKeyboard keycode 58 => vkey 004D
4719 wine_trace 00e8:trace:keyboard:X11DRV_InitKeyboard keycode 59 => vkey 00BC
4719 wine_trace 00e8:trace:keyboard:X11DRV_InitKeyboard keycode 60 => vkey 00BE
4720 wine_trace 00e8:trace:keyboard:X11DRV_InitKeyboard keycode 61 => vkey 00BF
4720 wine_trace 00e8:trace:key:X11DRV_InitKeyboard assigning scancode 60 to unidentified keycode 10 (NoSymbol)
4720 wine_trace 00e8:trace:key:X11DRV_InitKeyboard assigning scancode 61 to unidentified keycode 11 (NoSymbol)
4720 wine_trace 00e8:trace:key:X11DRV_InitKeyboard assigning scancode 62 to unidentified keycode 12 (NoSymbol)
4720 wine_trace 00e8:trace:key:X11DRV_InitKeyboard assigning scancode 63 to unidentified keycode 13 (NoSymbol)
4720 wine_trace 00e8:trace:key:X11DRV_InitKeyboard assigning scancode 64 to unidentified keycode 14 (NoSymbol)
4720 wine_trace 00e8:trace:key:X11DRV_InitKeyboard assigning scancode 65 to unidentified keycode 15 (NoSymbol)
4720 wine_trace 00e8:trace:key:X11DRV_InitKeyboard assigning scancode 66 to unidentified keycode 16 (NoSymbol)
4720 wine_trace 00e8:trace:key:X11DRV_InitKeyboard assigning scancode 67 to unidentified keycode 17 (NoSymbol)
4721 wine_trace 00e8:trace:key:X11DRV_InitKeyboard assigning scancode 68 to unidentified keycode 18 (NoSymbol)
4721 wine_trace 00e8:trace:key:X11DRV_InitKeyboard assigning scancode 69 to unidentified keycode 19 (NoSymbol)
4721 wine_trace 00e8:trace:key:X11DRV_InitKeyboard assigning scancode 6a to unidentified keycode 20 (NoSymbol)
4721 wine_trace 00e8:trace:key:X11DRV_InitKeyboard assigning scancode 6b to unidentified keycode 21 (NoSymbol)
4721 wine_trace 00e8:trace:key:X11DRV_InitKeyboard assigning scancode 6c to unidentified keycode 24 (NoSymbol)
4721 wine_trace 00e8:trace:key:X11DRV_InitKeyboard assigning scancode 6d to unidentified keycode 25 (NoSymbol)
4721 wine_trace 00e8:trace:key:X11DRV_InitKeyboard assigning scancode 6e to unidentified keycode 26 (NoSymbol)
4721 wine_trace 00e8:trace:key:X11DRV_InitKeyboard assigning scancode 6f to unidentified keycode 27 (NoSymbol)
4721 wine_trace 00e8:trace:key:X11DRV_InitKeyboard assigning scancode 70 to unidentified keycode 28 (NoSymbol)
4722 wine_trace 00e8:trace:key:X11DRV_InitKeyboard assigning scancode 71 to unidentified keycode 29 (NoSymbol)
4722 wine_trace 00e8:trace:key:X11DRV_InitKeyboard assigning scancode 72 to unidentified keycode 30 (NoSymbol)
4722 wine_trace 00e8:trace:key:X11DRV_InitKeyboard assigning scancode 73 to unidentified keycode 31 (NoSymbol)
4722 wine_trace 00e8:trace:key:X11DRV_InitKeyboard assigning scancode 74 to unidentified keycode 32 (NoSymbol)
4722 wine_trace 00e8:trace:key:X11DRV_InitKeyboard assigning scancode 75 to unidentified keycode 33 (NoSymbol)
4722 wine_trace 00e8:trace:key:X11DRV_InitKeyboard assigning scancode 76 to unidentified keycode 34 (NoSymbol)
4722 wine_trace 00e8:trace:key:X11DRV_InitKeyboard assigning scancode 77 to unidentified keycode 35 (NoSymbol)
4722 wine_trace 00e8:trace:key:X11DRV_InitKeyboard assigning scancode 78 to unidentified keycode 38 (NoSymbol)
4722 wine_trace 00e8:trace:key:X11DRV_InitKeyboard assigning scancode 79 to unidentified keycode 39 (NoSymbol)
4722 wine_trace 00e8:trace:key:X11DRV_InitKeyboard assigning scancode 7a to unidentified keycode 40 (NoSymbol)
4723 wine_trace 00e8:trace:key:X11DRV_InitKeyboard assigning scancode 7b to unidentified keycode 41 (NoSymbol)
4723 wine_trace 00e8:trace:key:X11DRV_InitKeyboard assigning scancode 7c to unidentified keycode 42 (NoSymbol)
4723 wine_trace 00e8:trace:key:X11DRV_InitKeyboard assigning scancode 7d to unidentified keycode 43 (NoSymbol)
4723 wine_trace 00e8:trace:key:X11DRV_InitKeyboard assigning scancode 7e to unidentified keycode 44 (NoSymbol)
4723 wine_trace 00e8:trace:key:X11DRV_InitKeyboard assigning scancode 7f to unidentified keycode 45 (NoSymbol)
4723 wine_trace 00e8:trace:key:X11DRV_InitKeyboard assigning scancode 80 to unidentified keycode 46 (NoSymbol)
4723 wine_trace 00e8:trace:key:X11DRV_InitKeyboard assigning scancode 81 to unidentified keycode 47 (NoSymbol)
4723 wine_trace 00e8:trace:key:X11DRV_InitKeyboard assigning scancode 82 to unidentified keycode 48 (NoSymbol)
4723 wine_trace 00e8:trace:key:X11DRV_InitKeyboard assigning scancode 83 to unidentified keycode 49 (NoSymbol)
4724 wine_trace 00e8:trace:key:X11DRV_InitKeyboard assigning scancode 84 to unidentified keycode 51 (NoSymbol)
4724 wine_trace 00e8:trace:key:X11DRV_InitKeyboard assigning scancode 85 to unidentified keycode 52 (NoSymbol)
4724 wine_trace 00e8:trace:key:X11DRV_InitKeyboard assigning scancode 86 to unidentified keycode 53 (NoSymbol)
4724 wine_trace 00e8:trace:key:X11DRV_InitKeyboard assigning scancode 87 to unidentified keycode 54 (NoSymbol)
4724 wine_trace 00e8:trace:key:X11DRV_InitKeyboard assigning scancode 88 to unidentified keycode 55 (NoSymbol)
4724 wine_trace 00e8:trace:key:X11DRV_InitKeyboard assigning scancode 89 to unidentified keycode 56 (NoSymbol)
4724 wine_trace 00e8:trace:key:X11DRV_InitKeyboard assigning scancode 8a to unidentified keycode 57 (NoSymbol)
4724 wine_trace 00e8:trace:key:X11DRV_InitKeyboard assigning scancode 8b to unidentified keycode 58 (NoSymbol)
4724 wine_trace 00e8:trace:key:X11DRV_InitKeyboard assigning scancode 8c to unidentified keycode 59 (NoSymbol)
4725 wine_trace 00e8:trace:key:X11DRV_InitKeyboard assigning scancode 8d to unidentified keycode 60 (NoSymbol)
4725 wine_trace 00e8:trace:key:X11DRV_InitKeyboard assigning scancode 8e to unidentified keycode 61 (NoSymbol)
4764 wine_trace 00e8:trace:keyboard:NtUserMapVirtualKeyEx code 1, type 1, layout 0x4090409.
4789 keyboard_mapping_reply first=8,count=248,keysyms=496
4789 wine_trace 00e8:trace:keyboard:X11DRV_MapVirtualKeyEx wCode=0x1, wMapType=1, hkl 0x4090409
4790 wine_trace 00e8:trace:keyboard:X11DRV_MapVirtualKeyEx returning 0x1b.
4790 wine_trace 00e8:trace:keyboard:NtUserMapVirtualKeyEx code 27, type 2, layout 0x4090409.
4790 wine_trace 00e8:trace:keyboard:X11DRV_MapVirtualKeyEx wCode=0x1b, wMapType=2, hkl 0x4090409
4790 wine_trace 00e8:trace:key:EVENT_event_to_vkey e->keycode = 9
4790 wine_trace 00e8:trace:keyboard:X11DRV_MapVirtualKeyEx Found keycode 9
4791 wine_trace 00e8:trace:keyboard:X11DRV_MapVirtualKeyEx returning 0x1b.
4791 wine_trace 00e8:trace:keyboard:NtUserMapVirtualKeyEx code 12, type 1, layout 0x4090409.
4791 wine_trace 00e8:trace:keyboard:X11DRV_MapVirtualKeyEx wCode=0xc, wMapType=1, hkl 0x4090409
4791 wine_trace 00e8:trace:keyboard:X11DRV_MapVirtualKeyEx returning 0x0.
4792 wine_trace 00e8:trace:keyboard:NtUserMapVirtualKeyEx code 13, type 1, layout 0x4090409.
4792 wine_trace 00e8:trace:keyboard:X11DRV_MapVirtualKeyEx wCode=0xd, wMapType=1, hkl 0x4090409
4792 wine_trace 00e8:trace:keyboard:X11DRV_MapVirtualKeyEx returning 0x0.
4792 wine_trace 00e8:trace:keyboard:NtUserMapVirtualKeyEx code 14, type 1, layout 0x4090409.
4792 wine_trace 00e8:trace:keyboard:X11DRV_MapVirtualKeyEx wCode=0xe, wMapType=1, hkl 0x4090409
4793 wine_trace 00e8:trace:keyboard:X11DRV_MapVirtualKeyEx returning 0x8.
4793 wine_trace 00e8:trace:keyboard:NtUserMapVirtualKeyEx code 8, type 2, layout 0x4090409.
4793 wine_trace 00e8:trace:keyboard:X11DRV_MapVirtualKeyEx wCode=0x8, wMapType=2, hkl 0x4090409
4793 wine_trace 00e8:trace:key:EVENT_event_to_vkey e->keycode = 22
4793 wine_trace 00e8:trace:keyboard:X11DRV_MapVirtualKeyEx Found keycode 22
4794 wine_trace 00e8:trace:keyboard:X11DRV_MapVirtualKeyEx returning 0x8.
4794 wine_trace 00e8:trace:keyboard:NtUserMapVirtualKeyEx code 15, type 1, layout 0x4090409.
4794 wine_trace 00e8:trace:keyboard:X11DRV_MapVirtualKeyEx wCode=0xf, wMapType=1, hkl 0x4090409
4794 wine_trace 00e8:trace:keyboard:X11DRV_MapVirtualKeyEx returning 0x9.
4794 wine_trace 00e8:trace:keyboard:NtUserMapVirtualKeyEx code 9, type 2, layout 0x4090409.
4795 wine_trace 00e8:trace:keyboard:X11DRV_MapVirtualKeyEx wCode=0x9, wMapType=2, hkl 0x4090409
4795 wine_trace 00e8:trace:key:EVENT_event_to_vkey e->keycode = 23
4795 wine_trace 00e8:trace:keyboard:X11DRV_MapVirtualKeyEx Found keycode 23
4795 wine_trace 00e8:trace:keyboard:X11DRV_MapVirtualKeyEx returning 0x9.
4796 wine_trace 00e8:trace:keyboard:NtUserMapVirtualKeyEx code 16, type 1, layout 0x4090409.
4796 wine_trace 00e8:trace:keyboard:X11DRV_MapVirtualKeyEx wCode=0x10, wMapType=1, hkl 0x4090409
4796 wine_trace 00e8:trace:keyboard:X11DRV_MapVirtualKeyEx returning 0x0.
4796 wine_trace 00e8:trace:keyboard:NtUserMapVirtualKeyEx code 17, type 1, layout 0x4090409.
4796 wine_trace 00e8:trace:keyboard:X11DRV_MapVirtualKeyEx wCode=0x11, wMapType=1, hkl 0x4090409
4797 wine_trace 00e8:trace:keyboard:X11DRV_MapVirtualKeyEx returning 0x0.
4797 wine_trace 00e8:trace:keyboard:NtUserMapVirtualKeyEx code 18, type 1, layout 0x4090409.
4797 wine_trace 00e8:trace:keyboard:X11DRV_MapVirtualKeyEx wCode=0x12, wMapType=1, hkl 0x4090409
4797 wine_trace 00e8:trace:keyboard:X11DRV_MapVirtualKeyEx returning 0x0.
4797 wine_trace 00e8:trace:keyboard:NtUserMapVirtualKeyEx code 19, type 1, layout 0x4090409.
4798 wine_trace 00e8:trace:keyboard:X11DRV_MapVirtualKeyEx wCode=0x13, wMapType=1, hkl 0x4090409
4798 wine_trace 00e8:trace:keyboard:X11DRV_MapVirtualKeyEx returning 0x0.
4798 wine_trace 00e8:trace:keyboard:NtUserMapVirtualKeyEx code 20, type 1, layout 0x4090409.
4798 wine_trace 00e8:trace:keyboard:X11DRV_MapVirtualKeyEx wCode=0x14, wMapType=1, hkl 0x4090409
4798 wine_trace 00e8:trace:keyboard:X11DRV_MapVirtualKeyEx returning 0x0.
4799 wine_trace 00e8:trace:keyboard:NtUserMapVirtualKeyEx code 21, type 1, layout 0x4090409.
4799 wine_trace 00e8:trace:keyboard:X11DRV_MapVirtualKeyEx wCode=0x15, wMapType=1, hkl 0x4090409
4799 wine_trace 00e8:trace:keyboard:X11DRV_MapVirtualKeyEx returning 0x0.
4799 wine_trace 00e8:trace:keyboard:NtUserMapVirtualKeyEx code 22, type 1, layout 0x4090409.
4799 wine_trace 00e8:trace:keyboard:X11DRV_MapVirtualKeyEx wCode=0x16, wMapType=1, hkl 0x4090409
4800 wine_trace 00e8:trace:keyboard:X11DRV_MapVirtualKeyEx returning 0x0.
4800 wine_trace 00e8:trace:keyboard:NtUserMapVirtualKeyEx code 23, type 1, layout 0x4090409.
4800 wine_trace 00e8:trace:keyboard:X11DRV_MapVirtualKeyEx wCode=0x17, wMapType=1, hkl 0x4090409
4800 wine_trace 00e8:trace:keyboard:X11DRV_MapVirtualKeyEx returning 0x0.
4800 wine_trace 00e8:trace:keyboard:NtUserMapVirtualKeyEx code 24, type 1, layout 0x4090409.
4801 wine_trace 00e8:trace:keyboard:X11DRV_MapVirtualKeyEx wCode=0x18, wMapType=1, hkl 0x4090409
4801 wine_trace 00e8:trace:keyboard:X11DRV_MapVirtualKeyEx returning 0x0.
4801 wine_trace 00e8:trace:keyboard:NtUserMapVirtualKeyEx code 25, type 1, layout 0x4090409.
4801 wine_trace 00e8:trace:keyboard:X11DRV_MapVirtualKeyEx wCode=0x19, wMapType=1, hkl 0x4090409
4801 wine_trace 00e8:trace:keyboard:X11DRV_MapVirtualKeyEx returning 0x0.
4802 wine_trace 00e8:trace:keyboard:NtUserMapVirtualKeyEx code 26, type 1, layout 0x4090409.
4802 wine_trace 00e8:trace:keyboard:X11DRV_MapVirtualKeyEx wCode=0x1a, wMapType=1, hkl 0x4090409
4802 wine_trace 00e8:trace:keyboard:X11DRV_MapVirtualKeyEx returning 0x0.
4802 wine_trace 00e8:trace:keyboard:NtUserMapVirtualKeyEx code 27, type 1, layout 0x4090409.
4803 wine_trace 00e8:trace:keyboard:X11DRV_MapVirtualKeyEx wCode=0x1b, wMapType=1, hkl 0x4090409
4803 wine_trace 00e8:trace:keyboard:X11DRV_MapVirtualKeyEx returning 0x0.
4803 wine_trace 00e8:trace:keyboard:NtUserMapVirtualKeyEx code 28, type 1, layout 0x4090409.
4803 wine_trace 00e8:trace:keyboard:X11DRV_MapVirtualKeyEx wCode=0x1c, wMapType=1, hkl 0x4090409
4803 wine_trace 00e8:trace:keyboard:X11DRV_MapVirtualKeyEx returning 0xd.
4804 wine_trace 00e8:trace:keyboard:NtUserMapVirtualKeyEx code 13, type 2, layout 0x4090409.
4804 wine_trace 00e8:trace:keyboard:X11DRV_MapVirtualKeyEx wCode=0xd, wMapType=2, hkl 0x4090409
4804 wine_trace 00e8:trace:key:EVENT_event_to_vkey e->keycode = 36
4804 wine_trace 00e8:trace:keyboard:X11DRV_MapVirtualKeyEx Found keycode 36
4805 wine_trace 00e8:trace:keyboard:X11DRV_MapVirtualKeyEx returning 0xd.
4805 wine_trace 00e8:trace:keyboard:NtUserMapVirtualKeyEx code 30, type 1, layout 0x4090409.
4805 wine_trace 00e8:trace:keyboard:X11DRV_MapVirtualKeyEx wCode=0x1e, wMapType=1, hkl 0x4090409
4805 wine_trace 00e8:trace:keyboard:X11DRV_MapVirtualKeyEx returning 0x0.
4805 wine_trace 00e8:trace:keyboard:NtUserMapVirtualKeyEx code 31, type 1, layout 0x4090409.
4806 wine_trace 00e8:trace:keyboard:X11DRV_MapVirtualKeyEx wCode=0x1f, wMapType=1, hkl 0x4090409
4806 wine_trace 00e8:trace:keyboard:X11DRV_MapVirtualKeyEx returning 0x0.
4806 wine_trace 00e8:trace:keyboard:NtUserMapVirtualKeyEx code 32, type 1, layout 0x4090409.
4806 wine_trace 00e8:trace:keyboard:X11DRV_MapVirtualKeyEx wCode=0x20, wMapType=1, hkl 0x4090409
4807 wine_trace 00e8:trace:keyboard:X11DRV_MapVirtualKeyEx returning 0x0.
4807 wine_trace 00e8:trace:keyboard:NtUserMapVirtualKeyEx code 33, type 1, layout 0x4090409.
4807 wine_trace 00e8:trace:keyboard:X11DRV_MapVirtualKeyEx wCode=0x21, wMapType=1, hkl 0x4090409
4807 wine_trace 00e8:trace:keyboard:X11DRV_MapVirtualKeyEx returning 0x0.
4807 wine_trace 00e8:trace:keyboard:NtUserMapVirtualKeyEx code 34, type 1, layout 0x4090409.
4808 wine_trace 00e8:trace:keyboard:X11DRV_MapVirtualKeyEx wCode=0x22, wMapType=1, hkl 0x4090409
4808 wine_trace 00e8:trace:keyboard:X11DRV_MapVirtualKeyEx returning 0x0.
4808 wine_trace 00e8:trace:keyboard:NtUserMapVirtualKeyEx code 35, type 1, layout 0x4090409.
4808 wine_trace 00e8:trace:keyboard:X11DRV_MapVirtualKeyEx wCode=0x23, wMapType=1, hkl 0x4090409
4809 wine_trace 00e8:trace:keyboard:X11DRV_MapVirtualKeyEx returning 0x0.
4809 wine_trace 00e8:trace:keyboard:NtUserMapVirtualKeyEx code 36, type 1, layout 0x4090409.
4809 wine_trace 00e8:trace:keyboard:X11DRV_MapVirtualKeyEx wCode=0x24, wMapType=1, hkl 0x4090409
4809 wine_trace 00e8:trace:keyboard:X11DRV_MapVirtualKeyEx returning 0x0.
4809 wine_trace 00e8:trace:keyboard:NtUserMapVirtualKeyEx code 37, type 1, layout 0x4090409.
4810 wine_trace 00e8:trace:keyboard:X11DRV_MapVirtualKeyEx wCode=0x25, wMapType=1, hkl 0x4090409
4810 wine_trace 00e8:trace:keyboard:X11DRV_MapVirtualKeyEx returning 0x0.
4810 wine_trace 00e8:trace:keyboard:NtUserMapVirtualKeyEx code 38, type 1, layout 0x4090409.
4810 wine_trace 00e8:trace:keyboard:X11DRV_MapVirtualKeyEx wCode=0x26, wMapType=1, hkl 0x4090409
4810 wine_trace 00e8:trace:keyboard:X11DRV_MapVirtualKeyEx returning 0x0.
4811 wine_trace 00e8:trace:keyboard:NtUserMapVirtualKeyEx code 39, type 1, layout 0x4090409.
4811 wine_trace 00e8:trace:keyboard:X11DRV_MapVirtualKeyEx wCode=0x27, wMapType=1, hkl 0x4090409
4811 wine_trace 00e8:trace:keyboard:X11DRV_MapVirtualKeyEx returning 0x0.
4811 wine_trace 00e8:trace:keyboard:NtUserMapVirtualKeyEx code 40, type 1, layout 0x4090409.
4812 wine_trace 00e8:trace:keyboard:X11DRV_MapVirtualKeyEx wCode=0x28, wMapType=1, hkl 0x4090409
4812 wine_trace 00e8:trace:keyboard:X11DRV_MapVirtualKeyEx returning 0x0.
4812 wine_trace 00e8:trace:keyboard:NtUserMapVirtualKeyEx code 41, type 1, layout 0x4090409.
4812 wine_trace 00e8:trace:keyboard:X11DRV_MapVirtualKeyEx wCode=0x29, wMapType=1, hkl 0x4090409
4812 wine_trace 00e8:trace:keyboard:X11DRV_MapVirtualKeyEx returning 0x0.
4813 wine_trace 00e8:trace:keyboard:NtUserMapVirtualKeyEx code 43, type 1, layout 0x4090409.
4813 wine_trace 00e8:trace:keyboard:X11DRV_MapVirtualKeyEx wCode=0x2b, wMapType=1, hkl 0x4090409
4813 wine_trace 00e8:trace:keyboard:X11DRV_MapVirtualKeyEx returning 0x0.
4813 wine_trace 00e8:trace:keyboard:NtUserMapVirtualKeyEx code 44, type 1, layout 0x4090409.
4813 wine_trace 00e8:trace:keyboard:X11DRV_MapVirtualKeyEx wCode=0x2c, wMapType=1, hkl 0x4090409
4814 wine_trace 00e8:trace:keyboard:X11DRV_MapVirtualKeyEx returning 0x0.
4814 wine_trace 00e8:trace:keyboard:NtUserMapVirtualKeyEx code 45, type 1, layout 0x4090409.
4814 wine_trace 00e8:trace:keyboard:X11DRV_MapVirtualKeyEx wCode=0x2d, wMapType=1, hkl 0x4090409
4814 wine_trace 00e8:trace:keyboard:X11DRV_MapVirtualKeyEx returning 0x0.
4814 wine_trace 00e8:trace:keyboard:NtUserMapVirtualKeyEx code 46, type 1, layout 0x4090409.
4815 wine_trace 00e8:trace:keyboard:X11DRV_MapVirtualKeyEx wCode=0x2e, wMapType=1, hkl 0x4090409
4815 wine_trace 00e8:trace:keyboard:X11DRV_MapVirtualKeyEx returning 0x0.
4815 wine_trace 00e8:trace:keyboard:NtUserMapVirtualKeyEx code 47, type 1, layout 0x4090409.
4815 wine_trace 00e8:trace:keyboard:X11DRV_MapVirtualKeyEx wCode=0x2f, wMapType=1, hkl 0x4090409
4816 wine_trace 00e8:trace:keyboard:X11DRV_MapVirtualKeyEx returning 0x0.
4816 wine_trace 00e8:trace:keyboard:NtUserMapVirtualKeyEx code 48, type 1, layout 0x4090409.
4816 wine_trace 00e8:trace:keyboard:X11DRV_MapVirtualKeyEx wCode=0x30, wMapType=1, hkl 0x4090409
4816 wine_trace 00e8:trace:keyboard:X11DRV_MapVirtualKeyEx returning 0x0.
4816 wine_trace 00e8:trace:keyboard:NtUserMapVirtualKeyEx code 49, type 1, layout 0x4090409.
4816 wine_trace 00e8:trace:keyboard:X11DRV_MapVirtualKeyEx wCode=0x31, wMapType=1, hkl 0x4090409
4816 wine_trace 00e8:trace:keyboard:X11DRV_MapVirtualKeyEx returning 0x0.
4817 wine_trace 00e8:trace:keyboard:NtUserMapVirtualKeyEx code 50, type 1, layout 0x4090409.
4817 wine_trace 00e8:trace:keyboard:X11DRV_MapVirtualKeyEx wCode=0x32, wMapType=1, hkl 0x4090409
4817 wine_trace 00e8:trace:keyboard:X11DRV_MapVirtualKeyEx returning 0x0.
4817 wine_trace 00e8:trace:keyboard:NtUserMapVirtualKeyEx code 51, type 1, layout 0x4090409.
4817 wine_trace 00e8:trace:keyboard:X11DRV_MapVirtualKeyEx wCode=0x33, wMapType=1, hkl 0x4090409
4817 wine_trace 00e8:trace:keyboard:X11DRV_MapVirtualKeyEx returning 0x0.
4817 wine_trace 00e8:trace:keyboard:NtUserMapVirtualKeyEx code 52, type 1, layout 0x4090409.
4817 wine_trace 00e8:trace:keyboard:X11DRV_MapVirtualKeyEx wCode=0x34, wMapType=1, hkl 0x4090409
4817 wine_trace 00e8:trace:keyboard:X11DRV_MapVirtualKeyEx returning 0x0.
4818 wine_trace 00e8:trace:keyboard:NtUserMapVirtualKeyEx code 53, type 1, layout 0x4090409.
4818 wine_trace 00e8:trace:keyboard:X11DRV_MapVirtualKeyEx wCode=0x35, wMapType=1, hkl 0x4090409
4818 wine_trace 00e8:trace:keyboard:X11DRV_MapVirtualKeyEx returning 0x6f.
4818 wine_trace 00e8:trace:keyboard:NtUserMapVirtualKeyEx code 111, type 2, layout 0x4090409.
4818 wine_trace 00e8:trace:keyboard:X11DRV_MapVirtualKeyEx wCode=0x6f, wMapType=2, hkl 0x4090409
4818 wine_trace 00e8:trace:key:EVENT_event_to_vkey e->keycode = 106
4818 wine_trace 00e8:trace:keyboard:X11DRV_MapVirtualKeyEx Found keycode 106
4818 wine_trace 00e8:trace:keyboard:X11DRV_MapVirtualKeyEx returning 0x2f.
4818 wine_trace 00e8:trace:keyboard:NtUserMapVirtualKeyEx code 57, type 1, layout 0x4090409.
4819 wine_trace 00e8:trace:keyboard:X11DRV_MapVirtualKeyEx wCode=0x39, wMapType=1, hkl 0x4090409
4819 wine_trace 00e8:trace:keyboard:X11DRV_MapVirtualKeyEx returning 0x20.
4819 wine_trace 00e8:trace:keyboard:NtUserMapVirtualKeyEx code 32, type 2, layout 0x4090409.
4819 wine_trace 00e8:trace:keyboard:X11DRV_MapVirtualKeyEx wCode=0x20, wMapType=2, hkl 0x4090409
4819 wine_trace 00e8:trace:key:EVENT_event_to_vkey e->keycode = 65
4819 wine_trace 00e8:trace:keyboard:X11DRV_MapVirtualKeyEx Found keycode 65
4819 wine_trace 00e8:trace:keyboard:X11DRV_MapVirtualKeyEx returning 0x20.
4819 wine_trace 00e8:trace:keyboard:NtUserMapVirtualKeyEx code 83, type 1, layout 0x4090409.
4819 wine_trace 00e8:trace:keyboard:X11DRV_MapVirtualKeyEx wCode=0x53, wMapType=1, hkl 0x4090409
4820 wine_trace 00e8:trace:keyboard:X11DRV_MapVirtualKeyEx returning 0x2e.
4820 wine_trace 00e8:trace:keyboard:NtUserMapVirtualKeyEx code 46, type 2, layout 0x4090409.
4820 wine_trace 00e8:trace:keyboard:X11DRV_MapVirtualKeyEx wCode=0x2e, wMapType=2, hkl 0x4090409
4820 wine_trace 00e8:trace:key:EVENT_event_to_vkey e->keycode = 91
4820 wine_trace 00e8:trace:keyboard:X11DRV_MapVirtualKeyEx Found keycode 91
4820 wine_trace 00e8:trace:keyboard:X11DRV_MapVirtualKeyEx returning 0x0.
4820 wine_trace 00e8:trace:keyboard:NtUserMapVirtualKeyEx code 86, type 1, layout 0x4090409.
4820 wine_trace 00e8:trace:keyboard:X11DRV_MapVirtualKeyEx wCode=0x56, wMapType=1, hkl 0x4090409
4820 wine_trace 00e8:trace:keyboard:X11DRV_MapVirtualKeyEx returning 0x0.
4820 wine_trace 00e8:trace:keyboard:NtUserMapVirtualKeyEx code 112, type 1, layout 0x4090409.
4821 wine_trace 00e8:trace:keyboard:X11DRV_MapVirtualKeyEx wCode=0x70, wMapType=1, hkl 0x4090409
4821 wine_trace 00e8:trace:keyboard:X11DRV_MapVirtualKeyEx returning 0x54.
4821 wine_trace 00e8:trace:keyboard:NtUserMapVirtualKeyEx code 84, type 2, layout 0x4090409.
4821 wine_trace 00e8:trace:keyboard:X11DRV_MapVirtualKeyEx wCode=0x54, wMapType=2, hkl 0x4090409
4821 wine_trace 00e8:trace:key:EVENT_event_to_vkey e->keycode = 28
4821 wine_trace 00e8:trace:keyboard:X11DRV_MapVirtualKeyEx Found keycode 28
4821 wine_trace 00e8:trace:keyboard:X11DRV_MapVirtualKeyEx returning 0x54.
4821 wine_trace 00e8:trace:keyboard:NtUserMapVirtualKeyEx code 115, type 1, layout 0x4090409.
4821 wine_trace 00e8:trace:keyboard:X11DRV_MapVirtualKeyEx wCode=0x73, wMapType=1, hkl 0x4090409
4822 wine_trace 00e8:trace:keyboard:X11DRV_MapVirtualKeyEx returning 0x49.
4822 wine_trace 00e8:trace:keyboard:NtUserMapVirtualKeyEx code 73, type 2, layout 0x4090409.
4822 wine_trace 00e8:trace:keyboard:X11DRV_MapVirtualKeyEx wCode=0x49, wMapType=2, hkl 0x4090409
4822 wine_trace 00e8:trace:key:EVENT_event_to_vkey e->keycode = 31
4822 wine_trace 00e8:trace:keyboard:X11DRV_MapVirtualKeyEx Found keycode 31
4822 wine_trace 00e8:trace:keyboard:X11DRV_MapVirtualKeyEx returning 0x49.
4822 wine_trace 00e8:trace:keyboard:NtUserMapVirtualKeyEx code 121, type 1, layout 0x4090409.
4822 wine_trace 00e8:trace:keyboard:X11DRV_MapVirtualKeyEx wCode=0x79, wMapType=1, hkl 0x4090409
4822 wine_trace 00e8:trace:keyboard:X11DRV_MapVirtualKeyEx returning 0x53.
4823 wine_trace 00e8:trace:keyboard:NtUserMapVirtualKeyEx code 83, type 2, layout 0x4090409.
4823 wine_trace 00e8:trace:keyboard:X11DRV_MapVirtualKeyEx wCode=0x53, wMapType=2, hkl 0x4090409
4823 wine_trace 00e8:trace:key:EVENT_event_to_vkey e->keycode = 39
4823 wine_trace 00e8:trace:keyboard:X11DRV_MapVirtualKeyEx Found keycode 39
4823 wine_trace 00e8:trace:keyboard:X11DRV_MapVirtualKeyEx returning 0x53.
4823 wine_trace 00e8:trace:keyboard:NtUserMapVirtualKeyEx code 123, type 1, layout 0x4090409.
4823 wine_trace 00e8:trace:keyboard:X11DRV_MapVirtualKeyEx wCode=0x7b, wMapType=1, hkl 0x4090409
4823 wine_trace 00e8:trace:keyboard:X11DRV_MapVirtualKeyEx returning 0x46.
4823 wine_trace 00e8:trace:keyboard:NtUserMapVirtualKeyEx code 70, type 2, layout 0x4090409.
4824 wine_trace 00e8:trace:keyboard:X11DRV_MapVirtualKeyEx wCode=0x46, wMapType=2, hkl 0x4090409
4824 wine_trace 00e8:trace:key:EVENT_event_to_vkey e->keycode = 41
4824 wine_trace 00e8:trace:keyboard:X11DRV_MapVirtualKeyEx Found keycode 41
4824 wine_trace 00e8:trace:keyboard:X11DRV_MapVirtualKeyEx returning 0x46.
4824 wine_trace 00e8:trace:keyboard:NtUserMapVirtualKeyEx code 125, type 1, layout 0x4090409.
4824 wine_trace 00e8:trace:keyboard:X11DRV_MapVirtualKeyEx wCode=0x7d, wMapType=1, hkl 0x4090409
4824 wine_trace 00e8:trace:keyboard:X11DRV_MapVirtualKeyEx returning 0x48.
4824 wine_trace 00e8:trace:keyboard:NtUserMapVirtualKeyEx code 72, type 2, layout 0x4090409.
4824 wine_trace 00e8:trace:keyboard:X11DRV_MapVirtualKeyEx wCode=0x48, wMapType=2, hkl 0x4090409
4825 wine_trace 00e8:trace:key:EVENT_event_to_vkey e->keycode = 43
4825 wine_trace 00e8:trace:keyboard:X11DRV_MapVirtualKeyEx Found keycode 43
4825 wine_trace 00e8:trace:keyboard:X11DRV_MapVirtualKeyEx returning 0x48.
4825 wine_trace 00e8:trace:keyboard:NtUserMapVirtualKeyEx code 32, type 0, layout 0x4090409.
4825 wine_trace 00e8:trace:keyboard:X11DRV_MapVirtualKeyEx wCode=0x20, wMapType=0, hkl 0x4090409
4825 wine_trace 00e8:trace:keyboard:X11DRV_MapVirtualKeyEx returning 0x39.
4825 wine_trace 00e8:trace:keyboard:NtUserToUnicodeEx virt 0x20, scan 0x39, state 0x8016e730, str 0x8016e710, size 16, flags 0, layout 0x4090409.
4825 wine_trace 00e8:trace:key:X11DRV_ToUnicodeEx AltGrMask = 0000
4825 wine_trace 00e8:trace:key:X11DRV_ToUnicodeEx (0020, 0039) : faked state = 0x0000
4825 wine_trace 00e8:trace:key:EVENT_event_to_vkey e->keycode = 65
4826 wine_trace 00e8:trace:key:X11DRV_ToUnicodeEx Found keycode 65
4826 wine_trace 00e8:trace:key:X11DRV_ToUnicodeEx type 2, window 0, state 0x0000, keycode 65
4826 wine_trace 00e8:trace:key:X11DRV_ToUnicodeEx nbyte = 1, status 0x0
4826 wine_trace 00e8:trace:key:X11DRV_ToUnicodeEx KeyPress : keysym=20 (space), # of chars=1 / " "
4826 wine_trace 00e8:trace:key:X11DRV_ToUnicodeEx Translating char 0x20 to unicode
4826 wine_trace 00e8:trace:key:X11DRV_ToUnicodeEx returning 1 with L" "
4862 wine_trace 00e8:trace:keyboard:GetKeyboardType (0)
4862 wine_trace 00e8:trace:keyboard:GetKeyboardType (1)
30014 window_map id=16777236,parent=3,name=,class=,mapped=true,viewable=true,enabled=true,renderable=false,surface=false,application=false,keyPress=false,keyRelease=false,focusChange=false,focus_before={id=25165831,parent=3,name=nogui - Wine Desktop,class=explorer.exe,mapped=true,viewable=false,enabled=false,renderable=true,surface=false,application=true,keyPress=true,keyRelease=true,focusChange=true}
30015 window_map_result id=16777236,focus_after={id=25165831,parent=3,name=nogui - Wine Desktop,class=explorer.exe,mapped=true,viewable=false,enabled=false,renderable=true,surface=false,application=true,keyPress=true,keyRelease=true,focusChange=true}
30152 window_map id=16777238,parent=29360131,name=,class=,mapped=true,viewable=true,enabled=true,renderable=true,surface=false,application=false,keyPress=false,keyRelease=false,focusChange=false,focus_before={id=25165831,parent=3,name=nogui - Wine Desktop,class=explorer.exe,mapped=true,viewable=false,enabled=false,renderable=true,surface=false,application=true,keyPress=true,keyRelease=true,focusChange=true}
30152 window_map_result id=16777238,focus_after={id=25165831,parent=3,name=nogui - Wine Desktop,class=explorer.exe,mapped=true,viewable=false,enabled=false,renderable=true,surface=false,application=true,keyPress=true,keyRelease=true,focusChange=true}
30168 window_map id=16777240,parent=25165831,name=,class=,mapped=true,viewable=true,enabled=true,renderable=false,surface=false,application=false,keyPress=false,keyRelease=false,focusChange=false,focus_before={id=25165831,parent=3,name=nogui - Wine Desktop,class=explorer.exe,mapped=true,viewable=false,enabled=false,renderable=true,surface=false,application=true,keyPress=true,keyRelease=true,focusChange=true}
30169 window_map_result id=16777240,focus_after={id=25165831,parent=3,name=nogui - Wine Desktop,class=explorer.exe,mapped=true,viewable=false,enabled=false,renderable=true,surface=false,application=true,keyPress=true,keyRelease=true,focusChange=true}
30188 window_map id=16777244,parent=29360135,name=,class=,mapped=true,viewable=true,enabled=true,renderable=true,surface=false,application=false,keyPress=false,keyRelease=false,focusChange=false,focus_before={id=25165831,parent=3,name=nogui - Wine Desktop,class=explorer.exe,mapped=true,viewable=false,enabled=false,renderable=true,surface=false,application=true,keyPress=true,keyRelease=true,focusChange=true}
30188 window_map_result id=16777244,focus_after={id=25165831,parent=3,name=nogui - Wine Desktop,class=explorer.exe,mapped=true,viewable=false,enabled=false,renderable=true,surface=false,application=true,keyPress=true,keyRelease=true,focusChange=true}
30198 window_map id=16777246,parent=29360133,name=,class=,mapped=true,viewable=true,enabled=true,renderable=true,surface=false,application=false,keyPress=false,keyRelease=false,focusChange=false,focus_before={id=25165831,parent=3,name=nogui - Wine Desktop,class=explorer.exe,mapped=true,viewable=false,enabled=false,renderable=true,surface=false,application=true,keyPress=true,keyRelease=true,focusChange=true}
30198 window_map_result id=16777246,focus_after={id=25165831,parent=3,name=nogui - Wine Desktop,class=explorer.exe,mapped=true,viewable=false,enabled=false,renderable=true,surface=false,application=true,keyPress=true,keyRelease=true,focusChange=true}
38333 window_map id=29360133,parent=25165831,name=Stardew Valley,class=stardew valley.exe,mapped=true,viewable=true,enabled=true,renderable=true,surface=false,application=true,keyPress=true,keyRelease=true,focusChange=true,focus_before={id=25165831,parent=3,name=nogui - Wine Desktop,class=explorer.exe,mapped=true,viewable=false,enabled=false,renderable=true,surface=false,application=true,keyPress=true,keyRelease=true,focusChange=true}
38334 focus_notify previous={id=25165831,parent=3,name=nogui - Wine Desktop,class=explorer.exe,mapped=true,viewable=false,enabled=false,renderable=true,surface=false,application=true,keyPress=true,keyRelease=true,focusChange=true},focused={id=29360133,parent=25165831,name=Stardew Valley,class=stardew valley.exe,mapped=true,viewable=true,enabled=true,renderable=true,surface=false,application=true,keyPress=true,keyRelease=true,focusChange=true},outDetail=INFERIOR,inDetail=ANCESTOR,outSelected=true,inSelected=true
38334 window_map_result id=29360133,focus_after={id=29360133,parent=25165831,name=Stardew Valley,class=stardew valley.exe,mapped=true,viewable=true,enabled=true,renderable=true,surface=false,application=true,keyPress=true,keyRelease=true,focusChange=true}
38343 wine_trace 00e8:trace:keyboard:NtUserMapVirtualKeyEx code 32, type 0, layout 0x4090409.
38343 wine_trace 00e8:trace:keyboard:X11DRV_MapVirtualKeyEx wCode=0x20, wMapType=0, hkl 0x4090409
38344 wine_trace 00e8:trace:keyboard:X11DRV_MapVirtualKeyEx returning 0x39.
38344 wine_trace 00e8:trace:keyboard:NtUserToUnicodeEx virt 0x20, scan 0x39, state 0x8016e490, str 0x8016e470, size 16, flags 0, layout 0x4090409.
38345 wine_trace 00e8:trace:key:X11DRV_ToUnicodeEx AltGrMask = 0000
38345 wine_trace 00e8:trace:key:X11DRV_ToUnicodeEx (0020, 0039) : faked state = 0x0000
38346 wine_trace 00e8:trace:key:EVENT_event_to_vkey e->keycode = 65
38346 wine_trace 00e8:trace:key:X11DRV_ToUnicodeEx Found keycode 65
38346 wine_trace 00e8:trace:key:X11DRV_ToUnicodeEx type 2, window 1c00005, state 0x0000, keycode 65
38346 wine_trace 00e8:trace:key:X11DRV_ToUnicodeEx XmbLookupString needs 1 byte(s)
38346 wine_trace 00e8:trace:key:X11DRV_ToUnicodeEx nbyte = 1, status 0x4
38347 wine_trace 00e8:trace:key:X11DRV_ToUnicodeEx KeyPress : keysym=20 (space), # of chars=1 / " "
38347 wine_trace 00e8:trace:key:X11DRV_ToUnicodeEx Translating char 0x20 to unicode
38347 wine_trace 00e8:trace:key:X11DRV_ToUnicodeEx returning 1 with L" "
125016 pointer_focus point={id=16777246,parent=29360133,name=,class=,mapped=true,viewable=true,enabled=true,renderable=true,surface=false,application=false,keyPress=false,keyRelease=false,focusChange=false},focus_before={id=29360133,parent=25165831,name=Stardew Valley,class=stardew valley.exe,mapped=true,viewable=true,enabled=true,renderable=true,surface=false,application=true,keyPress=true,keyRelease=true,focusChange=true}
125018 pointer_focus_result focus_after={id=29360133,parent=25165831,name=Stardew Valley,class=stardew valley.exe,mapped=true,viewable=true,enabled=true,renderable=true,surface=false,application=true,keyPress=true,keyRelease=true,focusChange=true}
126578 pointer_focus point={id=16777246,parent=29360133,name=,class=,mapped=true,viewable=true,enabled=true,renderable=true,surface=false,application=false,keyPress=false,keyRelease=false,focusChange=false},focus_before={id=29360133,parent=25165831,name=Stardew Valley,class=stardew valley.exe,mapped=true,viewable=true,enabled=true,renderable=true,surface=false,application=true,keyPress=true,keyRelease=true,focusChange=true}
126578 pointer_focus_result focus_after={id=29360133,parent=25165831,name=Stardew Valley,class=stardew valley.exe,mapped=true,viewable=true,enabled=true,renderable=true,surface=false,application=true,keyPress=true,keyRelease=true,focusChange=true}
156391 pointer_focus point={id=16777246,parent=29360133,name=,class=,mapped=true,viewable=true,enabled=true,renderable=true,surface=false,application=false,keyPress=false,keyRelease=false,focusChange=false},focus_before={id=29360133,parent=25165831,name=Stardew Valley,class=stardew valley.exe,mapped=true,viewable=true,enabled=true,renderable=true,surface=false,application=true,keyPress=true,keyRelease=true,focusChange=true}
156391 pointer_focus_result focus_after={id=29360133,parent=25165831,name=Stardew Valley,class=stardew valley.exe,mapped=true,viewable=true,enabled=true,renderable=true,surface=false,application=true,keyPress=true,keyRelease=true,focusChange=true}
210362 binding_release binding=KEY_W,keycode=25
210363 inject_release keycode=25
210363 keyboard_release_suppressed reason=not_pressed_or_sticky,keycode=25
210363 binding_release binding=KEY_D,keycode=40
210363 inject_release keycode=40
210363 keyboard_release_suppressed reason=not_pressed_or_sticky,keycode=40
210363 binding_release binding=KEY_S,keycode=39
210364 inject_release keycode=39
210364 keyboard_release_suppressed reason=not_pressed_or_sticky,keycode=39
210364 binding_press binding=KEY_A,keycode=38
210364 inject_press keycode=38,keysym=0
210364 key_press_received keycode=38,keysym=0,focus={id=29360133,parent=25165831,name=Stardew Valley,class=stardew valley.exe,mapped=true,viewable=true,enabled=true,renderable=true,surface=false,application=true,keyPress=true,keyRelease=true,focusChange=true},point={id=16777246,parent=29360133,name=,class=,mapped=true,viewable=true,enabled=true,renderable=true,surface=false,application=false,keyPress=false,keyRelease=false,focusChange=false}
210364 key_press_ancestor_target target={id=29360133,parent=25165831,name=Stardew Valley,class=stardew valley.exe,mapped=true,viewable=true,enabled=true,renderable=true,surface=false,application=true,keyPress=true,keyRelease=true,focusChange=true}
210364 key_press_sent keycode=38,target={id=29360133,parent=25165831,name=Stardew Valley,class=stardew valley.exe,mapped=true,viewable=true,enabled=true,renderable=true,surface=false,application=true,keyPress=true,keyRelease=true,focusChange=true}
210365 winhandler_keyboard_queued vkey=65,flags=0
210365 winhandler_keyboard_packet vkey=65,flags=0,sent=true
210368 binding_release binding=KEY_W,keycode=25
210368 inject_release keycode=25
210368 keyboard_release_suppressed reason=not_pressed_or_sticky,keycode=25
210368 binding_release binding=KEY_D,keycode=40
210368 inject_release keycode=40
210368 keyboard_release_suppressed reason=not_pressed_or_sticky,keycode=40
210369 binding_release binding=KEY_S,keycode=39
210369 inject_release keycode=39
210369 keyboard_release_suppressed reason=not_pressed_or_sticky,keycode=39
210369 binding_press binding=KEY_A,keycode=38
210369 inject_press keycode=38,keysym=0
210369 keyboard_press_suppressed reason=already_pressed,keycode=38
210381 wine_trace 00e8:trace:key:X11DRV_KeyEvent type 2, window 1c00005, state 0x0000, keycode 38
210382 wine_trace 00e8:trace:key:X11DRV_KeyEvent XmbLookupString needs 1 byte(s)
210382 wine_trace 00e8:trace:key:X11DRV_KeyEvent nbyte = 1, status 4
210382 wine_trace 00e8:trace:key:X11DRV_KeyEvent KeyPress : keysym=61 (a), # of chars=1 / "a"
210382 wine_trace 00e8:trace:key:EVENT_event_to_vkey e->keycode = 38
210382 wine_trace 00e8:trace:key:X11DRV_KeyEvent keycode 38 converted to vkey 0x41 scan 78
210383 wine_trace 00e8:trace:key:X11DRV_send_keyboard_input hwnd 0x3008e vkey=0041 scan=0078 flags=0000
210383 wine_trace 00e8:trace:key:NtUserTranslateMessage Translating key VK_A (0041), scancode 0000
210383 wine_trace 00e8:trace:keyboard:NtUserToUnicodeEx virt 0x41, scan 0, state 0x14012f8d0, str 0x14012f8c0, size 8, flags 0, layout 0x4090409.
210383 wine_trace 00e8:trace:key:X11DRV_ToUnicodeEx AltGrMask = 0000
210384 wine_trace 00e8:trace:key:X11DRV_ToUnicodeEx (0041, 0000) : faked state = 0x0000
210384 wine_trace 00e8:trace:key:EVENT_event_to_vkey e->keycode = 38
210384 wine_trace 00e8:trace:key:X11DRV_ToUnicodeEx Found keycode 38
210384 wine_trace 00e8:trace:key:X11DRV_ToUnicodeEx type 2, window 1c00005, state 0x0000, keycode 38
210384 wine_trace 00e8:trace:key:X11DRV_ToUnicodeEx XmbLookupString needs 1 byte(s)
210384 wine_trace 00e8:trace:key:X11DRV_ToUnicodeEx nbyte = 1, status 0x4
210385 wine_trace 00e8:trace:key:X11DRV_ToUnicodeEx KeyPress : keysym=61 (a), # of chars=1 / "a"
210385 wine_trace 00e8:trace:key:X11DRV_ToUnicodeEx Translating char 0x61 to unicode
210385 wine_trace 00e8:trace:key:X11DRV_ToUnicodeEx returning 1 with L"a"
210385 wine_trace 00e8:trace:key:NtUserTranslateMessage 1 -> PostMessageW(0x3008e,WM_CHAR,<x>,00000001) for <x> in L"a"
210385 wine_trace 00e8:trace:key:NtUserTranslateMessage Translating key VK_A (0041), scancode 4078
210385 wine_trace 00e8:trace:keyboard:NtUserToUnicodeEx virt 0x41, scan 0x4078, state 0x14012f8d0, str 0x14012f8c0, size 8, flags 0, layout 0x4090409.
210386 wine_trace 00e8:trace:key:X11DRV_ToUnicodeEx AltGrMask = 0000
210386 wine_trace 00e8:trace:key:X11DRV_ToUnicodeEx (0041, 4078) : faked state = 0x0000
210386 wine_trace 00e8:trace:key:EVENT_event_to_vkey e->keycode = 38
210386 wine_trace 00e8:trace:key:X11DRV_ToUnicodeEx Found keycode 38
210386 wine_trace 00e8:trace:key:X11DRV_ToUnicodeEx type 2, window 1c00005, state 0x0000, keycode 38
210386 wine_trace 00e8:trace:key:X11DRV_ToUnicodeEx XmbLookupString needs 1 byte(s)
210387 wine_trace 00e8:trace:key:X11DRV_ToUnicodeEx nbyte = 1, status 0x4
210387 wine_trace 00e8:trace:key:X11DRV_ToUnicodeEx KeyPress : keysym=61 (a), # of chars=1 / "a"
210387 wine_trace 00e8:trace:key:X11DRV_ToUnicodeEx Translating char 0x61 to unicode
210387 wine_trace 00e8:trace:key:X11DRV_ToUnicodeEx returning 1 with L"a"
210387 wine_trace 00e8:trace:key:NtUserTranslateMessage 1 -> PostMessageW(0x3008e,WM_CHAR,<x>,40780001) for <x> in L"a"
210401 binding_release binding=KEY_W,keycode=25
210402 inject_release keycode=25
210402 keyboard_release_suppressed reason=not_pressed_or_sticky,keycode=25
210402 binding_release binding=KEY_D,keycode=40
210402 inject_release keycode=40
210402 keyboard_release_suppressed reason=not_pressed_or_sticky,keycode=40
210402 binding_release binding=KEY_S,keycode=39
210402 inject_release keycode=39
210402 keyboard_release_suppressed reason=not_pressed_or_sticky,keycode=39
210402 binding_press binding=KEY_A,keycode=38
210402 inject_press keycode=38,keysym=0
210402 keyboard_press_suppressed reason=already_pressed,keycode=38
210501 binding_release binding=KEY_W,keycode=25
210501 inject_release keycode=25
210501 keyboard_release_suppressed reason=not_pressed_or_sticky,keycode=25
210501 binding_release binding=KEY_D,keycode=40
210501 inject_release keycode=40
210501 keyboard_release_suppressed reason=not_pressed_or_sticky,keycode=40
210501 binding_release binding=KEY_S,keycode=39
210501 inject_release keycode=39
210501 keyboard_release_suppressed reason=not_pressed_or_sticky,keycode=39
210501 binding_press binding=KEY_A,keycode=38
210501 inject_press keycode=38,keysym=0
210501 keyboard_press_suppressed reason=already_pressed,keycode=38
210517 binding_release binding=KEY_W,keycode=25
210517 inject_release keycode=25
210517 keyboard_release_suppressed reason=not_pressed_or_sticky,keycode=25
210518 binding_release binding=KEY_D,keycode=40
210518 inject_release keycode=40
210518 keyboard_release_suppressed reason=not_pressed_or_sticky,keycode=40
210518 binding_release binding=KEY_S,keycode=39
210518 inject_release keycode=39
210518 keyboard_release_suppressed reason=not_pressed_or_sticky,keycode=39
210518 binding_press binding=KEY_A,keycode=38
210518 inject_press keycode=38,keysym=0
210518 keyboard_press_suppressed reason=already_pressed,keycode=38
210551 binding_release binding=KEY_W,keycode=25
210551 inject_release keycode=25
210551 keyboard_release_suppressed reason=not_pressed_or_sticky,keycode=25
210551 binding_release binding=KEY_D,keycode=40
210551 inject_release keycode=40
210551 keyboard_release_suppressed reason=not_pressed_or_sticky,keycode=40
210551 binding_release binding=KEY_S,keycode=39
210551 inject_release keycode=39
210551 keyboard_release_suppressed reason=not_pressed_or_sticky,keycode=39
210551 binding_press binding=KEY_A,keycode=38
210551 inject_press keycode=38,keysym=0
210551 keyboard_press_suppressed reason=already_pressed,keycode=38
210567 binding_release binding=KEY_W,keycode=25
210568 inject_release keycode=25
210568 keyboard_release_suppressed reason=not_pressed_or_sticky,keycode=25
210568 binding_release binding=KEY_D,keycode=40
210568 inject_release keycode=40
210568 keyboard_release_suppressed reason=not_pressed_or_sticky,keycode=40
210568 binding_release binding=KEY_S,keycode=39
210568 inject_release keycode=39
210568 keyboard_release_suppressed reason=not_pressed_or_sticky,keycode=39
210568 binding_press binding=KEY_A,keycode=38
210568 inject_press keycode=38,keysym=0
210568 keyboard_press_suppressed reason=already_pressed,keycode=38
210667 binding_release binding=KEY_W,keycode=25
210667 inject_release keycode=25
210667 keyboard_release_suppressed reason=not_pressed_or_sticky,keycode=25
210667 binding_release binding=KEY_D,keycode=40
210668 inject_release keycode=40
210668 keyboard_release_suppressed reason=not_pressed_or_sticky,keycode=40
210668 binding_release binding=KEY_S,keycode=39
210668 inject_release keycode=39
210668 keyboard_release_suppressed reason=not_pressed_or_sticky,keycode=39
210668 binding_press binding=KEY_A,keycode=38
210668 inject_press keycode=38,keysym=0
210668 keyboard_press_suppressed reason=already_pressed,keycode=38
210783 binding_release binding=KEY_W,keycode=25
210783 inject_release keycode=25
210784 keyboard_release_suppressed reason=not_pressed_or_sticky,keycode=25
210784 binding_release binding=KEY_D,keycode=40
210784 inject_release keycode=40
210784 keyboard_release_suppressed reason=not_pressed_or_sticky,keycode=40
210784 binding_release binding=KEY_S,keycode=39
210784 inject_release keycode=39
210784 keyboard_release_suppressed reason=not_pressed_or_sticky,keycode=39
210784 binding_press binding=KEY_A,keycode=38
210784 inject_press keycode=38,keysym=0
210784 keyboard_press_suppressed reason=already_pressed,keycode=38
210883 binding_release binding=KEY_W,keycode=25
210883 inject_release keycode=25
210883 keyboard_release_suppressed reason=not_pressed_or_sticky,keycode=25
210883 binding_release binding=KEY_D,keycode=40
210883 inject_release keycode=40
210883 keyboard_release_suppressed reason=not_pressed_or_sticky,keycode=40
210883 binding_release binding=KEY_S,keycode=39
210883 inject_release keycode=39
210883 keyboard_release_suppressed reason=not_pressed_or_sticky,keycode=39
210883 binding_press binding=KEY_A,keycode=38
210883 inject_press keycode=38,keysym=0
210883 keyboard_press_suppressed reason=already_pressed,keycode=38
210982 binding_release binding=KEY_W,keycode=25
210983 inject_release keycode=25
210983 keyboard_release_suppressed reason=not_pressed_or_sticky,keycode=25
210983 binding_release binding=KEY_D,keycode=40
210983 inject_release keycode=40
210983 keyboard_release_suppressed reason=not_pressed_or_sticky,keycode=40
210983 binding_release binding=KEY_S,keycode=39
210983 inject_release keycode=39
210983 keyboard_release_suppressed reason=not_pressed_or_sticky,keycode=39
210983 binding_press binding=KEY_A,keycode=38
210983 inject_press keycode=38,keysym=0
210983 keyboard_press_suppressed reason=already_pressed,keycode=38
211082 binding_release binding=KEY_W,keycode=25
211083 inject_release keycode=25
211083 keyboard_release_suppressed reason=not_pressed_or_sticky,keycode=25
211083 binding_release binding=KEY_D,keycode=40
211083 inject_release keycode=40
211083 keyboard_release_suppressed reason=not_pressed_or_sticky,keycode=40
211083 binding_release binding=KEY_S,keycode=39
211083 inject_release keycode=39
211083 keyboard_release_suppressed reason=not_pressed_or_sticky,keycode=39
211083 binding_press binding=KEY_A,keycode=38
211083 inject_press keycode=38,keysym=0
211083 keyboard_press_suppressed reason=already_pressed,keycode=38
211182 binding_release binding=KEY_W,keycode=25
211182 inject_release keycode=25
211182 keyboard_release_suppressed reason=not_pressed_or_sticky,keycode=25
211182 binding_release binding=KEY_D,keycode=40
211182 inject_release keycode=40
211182 keyboard_release_suppressed reason=not_pressed_or_sticky,keycode=40
211182 binding_release binding=KEY_S,keycode=39
211182 inject_release keycode=39
211182 keyboard_release_suppressed reason=not_pressed_or_sticky,keycode=39
211182 binding_press binding=KEY_A,keycode=38
211182 inject_press keycode=38,keysym=0
211182 keyboard_press_suppressed reason=already_pressed,keycode=38
211282 binding_release binding=KEY_W,keycode=25
211283 inject_release keycode=25
211283 keyboard_release_suppressed reason=not_pressed_or_sticky,keycode=25
211283 binding_release binding=KEY_D,keycode=40
211283 inject_release keycode=40
211283 keyboard_release_suppressed reason=not_pressed_or_sticky,keycode=40
211283 binding_release binding=KEY_S,keycode=39
211283 inject_release keycode=39
211283 keyboard_release_suppressed reason=not_pressed_or_sticky,keycode=39
211283 binding_press binding=KEY_A,keycode=38
211283 inject_press keycode=38,keysym=0
211283 keyboard_press_suppressed reason=already_pressed,keycode=38
211381 binding_release binding=KEY_W,keycode=25
211382 inject_release keycode=25
211382 keyboard_release_suppressed reason=not_pressed_or_sticky,keycode=25
211382 binding_release binding=KEY_D,keycode=40
211382 inject_release keycode=40
211382 keyboard_release_suppressed reason=not_pressed_or_sticky,keycode=40
211382 binding_release binding=KEY_S,keycode=39
211382 inject_release keycode=39
211382 keyboard_release_suppressed reason=not_pressed_or_sticky,keycode=39
211382 binding_press binding=KEY_A,keycode=38
211382 inject_press keycode=38,keysym=0
211382 keyboard_press_suppressed reason=already_pressed,keycode=38
211481 binding_release binding=KEY_W,keycode=25
211481 inject_release keycode=25
211481 keyboard_release_suppressed reason=not_pressed_or_sticky,keycode=25
211481 binding_release binding=KEY_D,keycode=40
211481 inject_release keycode=40
211481 keyboard_release_suppressed reason=not_pressed_or_sticky,keycode=40
211481 binding_release binding=KEY_S,keycode=39
211482 inject_release keycode=39
211482 keyboard_release_suppressed reason=not_pressed_or_sticky,keycode=39
211483 binding_press binding=KEY_A,keycode=38
211483 inject_press keycode=38,keysym=0
211483 keyboard_press_suppressed reason=already_pressed,keycode=38
211514 binding_release binding=KEY_W,keycode=25
211514 inject_release keycode=25
211515 keyboard_release_suppressed reason=not_pressed_or_sticky,keycode=25
211515 binding_release binding=KEY_D,keycode=40
211515 inject_release keycode=40
211515 keyboard_release_suppressed reason=not_pressed_or_sticky,keycode=40
211515 binding_release binding=KEY_S,keycode=39
211515 inject_release keycode=39
211515 keyboard_release_suppressed reason=not_pressed_or_sticky,keycode=39
211515 binding_press binding=KEY_A,keycode=38
211515 inject_press keycode=38,keysym=0
211515 keyboard_press_suppressed reason=already_pressed,keycode=38
211530 binding_release binding=KEY_W,keycode=25
211531 inject_release keycode=25
211531 keyboard_release_suppressed reason=not_pressed_or_sticky,keycode=25
211531 binding_release binding=KEY_D,keycode=40
211531 inject_release keycode=40
211531 keyboard_release_suppressed reason=not_pressed_or_sticky,keycode=40
211531 binding_release binding=KEY_S,keycode=39
211531 inject_release keycode=39
211531 keyboard_release_suppressed reason=not_pressed_or_sticky,keycode=39
211531 binding_press binding=KEY_A,keycode=38
211531 inject_press keycode=38,keysym=0
211531 keyboard_press_suppressed reason=already_pressed,keycode=38
211547 binding_release binding=KEY_W,keycode=25
211548 inject_release keycode=25
211548 keyboard_release_suppressed reason=not_pressed_or_sticky,keycode=25
211548 binding_release binding=KEY_D,keycode=40
211548 inject_release keycode=40
211548 keyboard_release_suppressed reason=not_pressed_or_sticky,keycode=40
211548 binding_release binding=KEY_S,keycode=39
211548 inject_release keycode=39
211548 keyboard_release_suppressed reason=not_pressed_or_sticky,keycode=39
211548 binding_press binding=KEY_A,keycode=38
211548 inject_press keycode=38,keysym=0
211548 keyboard_press_suppressed reason=already_pressed,keycode=38
211550 binding_release binding=KEY_A,keycode=38
211550 inject_release keycode=38
211551 key_release_received keycode=38,focus={id=29360133,parent=25165831,name=Stardew Valley,class=stardew valley.exe,mapped=true,viewable=true,enabled=true,renderable=true,surface=false,application=true,keyPress=true,keyRelease=true,focusChange=true},point={id=16777246,parent=29360133,name=,class=,mapped=true,viewable=true,enabled=true,renderable=true,surface=false,application=false,keyPress=false,keyRelease=false,focusChange=false}
211551 key_release_ancestor_target target={id=29360133,parent=25165831,name=Stardew Valley,class=stardew valley.exe,mapped=true,viewable=true,enabled=true,renderable=true,surface=false,application=true,keyPress=true,keyRelease=true,focusChange=true}
211551 key_release_sent keycode=38,target={id=29360133,parent=25165831,name=Stardew Valley,class=stardew valley.exe,mapped=true,viewable=true,enabled=true,renderable=true,surface=false,application=true,keyPress=true,keyRelease=true,focusChange=true}
211551 winhandler_keyboard_queued vkey=65,flags=2
211551 winhandler_keyboard_packet vkey=65,flags=2,sent=true
211559 wine_trace 00e8:trace:key:X11DRV_KeyEvent type 3, window 1c00005, state 0x0000, keycode 38
211559 wine_trace 00e8:trace:key:X11DRV_KeyEvent nbyte = 1, status 0
211559 wine_trace 00e8:trace:key:X11DRV_KeyEvent KeyRelease : keysym=61 (a), # of chars=1 / "a"
211559 wine_trace 00e8:trace:key:EVENT_event_to_vkey e->keycode = 38
211560 wine_trace 00e8:trace:key:X11DRV_KeyEvent keycode 38 converted to vkey 0x41 scan 78
211560 wine_trace 00e8:trace:key:X11DRV_send_keyboard_input hwnd 0x3008e vkey=0041 scan=0078 flags=0002
212165 binding_release binding=KEY_W,keycode=25
212165 inject_release keycode=25
212165 keyboard_release_suppressed reason=not_pressed_or_sticky,keycode=25
212165 binding_release binding=KEY_D,keycode=40
212165 inject_release keycode=40
212165 keyboard_release_suppressed reason=not_pressed_or_sticky,keycode=40
212165 binding_release binding=KEY_S,keycode=39
212165 inject_release keycode=39
212165 keyboard_release_suppressed reason=not_pressed_or_sticky,keycode=39
212165 binding_press binding=KEY_A,keycode=38
212166 inject_press keycode=38,keysym=0
212166 key_press_received keycode=38,keysym=0,focus={id=29360133,parent=25165831,name=Stardew Valley,class=stardew valley.exe,mapped=true,viewable=true,enabled=true,renderable=true,surface=false,application=true,keyPress=true,keyRelease=true,focusChange=true},point={id=16777246,parent=29360133,name=,class=,mapped=true,viewable=true,enabled=true,renderable=true,surface=false,application=false,keyPress=false,keyRelease=false,focusChange=false}
212166 key_press_ancestor_target target={id=29360133,parent=25165831,name=Stardew Valley,class=stardew valley.exe,mapped=true,viewable=true,enabled=true,renderable=true,surface=false,application=true,keyPress=true,keyRelease=true,focusChange=true}
212166 key_press_sent keycode=38,target={id=29360133,parent=25165831,name=Stardew Valley,class=stardew valley.exe,mapped=true,viewable=true,enabled=true,renderable=true,surface=false,application=true,keyPress=true,keyRelease=true,focusChange=true}
212166 winhandler_keyboard_queued vkey=65,flags=0
212167 winhandler_keyboard_packet vkey=65,flags=0,sent=true
212179 binding_release binding=KEY_W,keycode=25
212179 inject_release keycode=25
212179 keyboard_release_suppressed reason=not_pressed_or_sticky,keycode=25
212179 binding_release binding=KEY_D,keycode=40
212179 inject_release keycode=40
212179 keyboard_release_suppressed reason=not_pressed_or_sticky,keycode=40
212179 binding_release binding=KEY_S,keycode=39
212179 inject_release keycode=39
212179 keyboard_release_suppressed reason=not_pressed_or_sticky,keycode=39
212180 binding_press binding=KEY_A,keycode=38
212180 inject_press keycode=38,keysym=0
212180 keyboard_press_suppressed reason=already_pressed,keycode=38
212183 wine_trace 00e8:trace:key:NtUserTranslateMessage Translating key VK_A (0041), scancode 0000
212183 wine_trace 00e8:trace:keyboard:NtUserToUnicodeEx virt 0x41, scan 0, state 0x14012f8d0, str 0x14012f8c0, size 8, flags 0, layout 0x4090409.
212183 wine_trace 00e8:trace:key:X11DRV_ToUnicodeEx AltGrMask = 0000
212183 wine_trace 00e8:trace:key:X11DRV_ToUnicodeEx (0041, 0000) : faked state = 0x0000
212184 wine_trace 00e8:trace:key:EVENT_event_to_vkey e->keycode = 38
212184 wine_trace 00e8:trace:key:X11DRV_ToUnicodeEx Found keycode 38
212184 wine_trace 00e8:trace:key:X11DRV_ToUnicodeEx type 2, window 1c00005, state 0x0000, keycode 38
212184 wine_trace 00e8:trace:key:X11DRV_ToUnicodeEx XmbLookupString needs 1 byte(s)
212184 wine_trace 00e8:trace:key:X11DRV_ToUnicodeEx nbyte = 1, status 0x4
212185 wine_trace 00e8:trace:key:X11DRV_ToUnicodeEx KeyPress : keysym=61 (a), # of chars=1 / "a"
212185 wine_trace 00e8:trace:key:X11DRV_ToUnicodeEx Translating char 0x61 to unicode
212185 wine_trace 00e8:trace:key:X11DRV_ToUnicodeEx returning 1 with L"a"
212185 wine_trace 00e8:trace:key:NtUserTranslateMessage 1 -> PostMessageW(0x3008e,WM_CHAR,<x>,00000001) for <x> in L"a"
212195 binding_release binding=KEY_W,keycode=25
212196 inject_release keycode=25
212196 keyboard_release_suppressed reason=not_pressed_or_sticky,keycode=25
212196 binding_release binding=KEY_D,keycode=40
212196 inject_release keycode=40
212196 keyboard_release_suppressed reason=not_pressed_or_sticky,keycode=40
212196 binding_release binding=KEY_S,keycode=39
212196 inject_release keycode=39
212196 keyboard_release_suppressed reason=not_pressed_or_sticky,keycode=39
212196 binding_press binding=KEY_A,keycode=38
212196 inject_press keycode=38,keysym=0
212196 keyboard_press_suppressed reason=already_pressed,keycode=38
212236 wine_trace 00e8:trace:key:X11DRV_KeyEvent type 2, window 1c00005, state 0x0000, keycode 38
212236 wine_trace 00e8:trace:key:X11DRV_KeyEvent XmbLookupString needs 1 byte(s)
212237 wine_trace 00e8:trace:key:X11DRV_KeyEvent nbyte = 1, status 4
212237 wine_trace 00e8:trace:key:X11DRV_KeyEvent KeyPress : keysym=61 (a), # of chars=1 / "a"
212237 wine_trace 00e8:trace:key:EVENT_event_to_vkey e->keycode = 38
212237 wine_trace 00e8:trace:key:X11DRV_KeyEvent keycode 38 converted to vkey 0x41 scan 78
212238 wine_trace 00e8:trace:key:X11DRV_send_keyboard_input hwnd 0x3008e vkey=0041 scan=0078 flags=0000
212253 wine_trace 00e8:trace:key:NtUserTranslateMessage Translating key VK_A (0041), scancode 4078
212253 wine_trace 00e8:trace:keyboard:NtUserToUnicodeEx virt 0x41, scan 0x4078, state 0x14012f8d0, str 0x14012f8c0, size 8, flags 0, layout 0x4090409.
212253 wine_trace 00e8:trace:key:X11DRV_ToUnicodeEx AltGrMask = 0000
212253 wine_trace 00e8:trace:key:X11DRV_ToUnicodeEx (0041, 4078) : faked state = 0x0000
212254 wine_trace 00e8:trace:key:EVENT_event_to_vkey e->keycode = 38
212254 wine_trace 00e8:trace:key:X11DRV_ToUnicodeEx Found keycode 38
212254 wine_trace 00e8:trace:key:X11DRV_ToUnicodeEx type 2, window 1c00005, state 0x0000, keycode 38
212254 wine_trace 00e8:trace:key:X11DRV_ToUnicodeEx XmbLookupString needs 1 byte(s)
212254 wine_trace 00e8:trace:key:X11DRV_ToUnicodeEx nbyte = 1, status 0x4
212254 wine_trace 00e8:trace:key:X11DRV_ToUnicodeEx KeyPress : keysym=61 (a), # of chars=1 / "a"
212254 wine_trace 00e8:trace:key:X11DRV_ToUnicodeEx Translating char 0x61 to unicode
212255 wine_trace 00e8:trace:key:X11DRV_ToUnicodeEx returning 1 with L"a"
212255 wine_trace 00e8:trace:key:NtUserTranslateMessage 1 -> PostMessageW(0x3008e,WM_CHAR,<x>,40780001) for <x> in L"a"
212295 binding_release binding=KEY_W,keycode=25
212295 inject_release keycode=25
212295 keyboard_release_suppressed reason=not_pressed_or_sticky,keycode=25
212295 binding_release binding=KEY_D,keycode=40
212295 inject_release keycode=40
212295 keyboard_release_suppressed reason=not_pressed_or_sticky,keycode=40
212295 binding_release binding=KEY_S,keycode=39
212295 inject_release keycode=39
212295 keyboard_release_suppressed reason=not_pressed_or_sticky,keycode=39
212295 binding_press binding=KEY_A,keycode=38
212295 inject_press keycode=38,keysym=0
212295 keyboard_press_suppressed reason=already_pressed,keycode=38
212394 binding_release binding=KEY_W,keycode=25
212394 inject_release keycode=25
212394 keyboard_release_suppressed reason=not_pressed_or_sticky,keycode=25
212394 binding_release binding=KEY_D,keycode=40
212394 inject_release keycode=40
212394 keyboard_release_suppressed reason=not_pressed_or_sticky,keycode=40
212394 binding_release binding=KEY_S,keycode=39
212394 inject_release keycode=39
212394 keyboard_release_suppressed reason=not_pressed_or_sticky,keycode=39
212394 binding_press binding=KEY_A,keycode=38
212394 inject_press keycode=38,keysym=0
212394 keyboard_press_suppressed reason=already_pressed,keycode=38
212411 binding_release binding=KEY_W,keycode=25
212411 inject_release keycode=25
212411 keyboard_release_suppressed reason=not_pressed_or_sticky,keycode=25
212411 binding_release binding=KEY_D,keycode=40
212411 inject_release keycode=40
212411 keyboard_release_suppressed reason=not_pressed_or_sticky,keycode=40
212411 binding_release binding=KEY_S,keycode=39
212411 inject_release keycode=39
212411 keyboard_release_suppressed reason=not_pressed_or_sticky,keycode=39
212411 binding_press binding=KEY_A,keycode=38
212411 inject_press keycode=38,keysym=0
212411 keyboard_press_suppressed reason=already_pressed,keycode=38
212477 binding_release binding=KEY_W,keycode=25
212477 inject_release keycode=25
212478 keyboard_release_suppressed reason=not_pressed_or_sticky,keycode=25
212478 binding_release binding=KEY_D,keycode=40
212478 inject_release keycode=40
212478 keyboard_release_suppressed reason=not_pressed_or_sticky,keycode=40
212478 binding_release binding=KEY_S,keycode=39
212478 inject_release keycode=39
212478 keyboard_release_suppressed reason=not_pressed_or_sticky,keycode=39
212478 binding_press binding=KEY_A,keycode=38
212478 inject_press keycode=38,keysym=0
212478 keyboard_press_suppressed reason=already_pressed,keycode=38
212527 binding_release binding=KEY_W,keycode=25
212527 inject_release keycode=25
212527 keyboard_release_suppressed reason=not_pressed_or_sticky,keycode=25
212527 binding_release binding=KEY_D,keycode=40
212527 inject_release keycode=40
212527 keyboard_release_suppressed reason=not_pressed_or_sticky,keycode=40
212527 binding_release binding=KEY_S,keycode=39
212527 inject_release keycode=39
212527 keyboard_release_suppressed reason=not_pressed_or_sticky,keycode=39
212528 binding_press binding=KEY_A,keycode=38
212528 inject_press keycode=38,keysym=0
212528 keyboard_press_suppressed reason=already_pressed,keycode=38
212577 binding_release binding=KEY_W,keycode=25
212577 inject_release keycode=25
212577 keyboard_release_suppressed reason=not_pressed_or_sticky,keycode=25
212577 binding_release binding=KEY_D,keycode=40
212577 inject_release keycode=40
212577 keyboard_release_suppressed reason=not_pressed_or_sticky,keycode=40
212577 binding_release binding=KEY_S,keycode=39
212577 inject_release keycode=39
212577 keyboard_release_suppressed reason=not_pressed_or_sticky,keycode=39
212577 binding_press binding=KEY_A,keycode=38
212577 inject_press keycode=38,keysym=0
212577 keyboard_press_suppressed reason=already_pressed,keycode=38
212610 binding_release binding=KEY_W,keycode=25
212610 inject_release keycode=25
212610 keyboard_release_suppressed reason=not_pressed_or_sticky,keycode=25
212610 binding_release binding=KEY_D,keycode=40
212610 inject_release keycode=40
212611 keyboard_release_suppressed reason=not_pressed_or_sticky,keycode=40
212611 binding_release binding=KEY_S,keycode=39
212611 inject_release keycode=39
212611 keyboard_release_suppressed reason=not_pressed_or_sticky,keycode=39
212611 binding_press binding=KEY_A,keycode=38
212611 inject_press keycode=38,keysym=0
212611 keyboard_press_suppressed reason=already_pressed,keycode=38
212627 binding_release binding=KEY_W,keycode=25
212627 inject_release keycode=25
212627 keyboard_release_suppressed reason=not_pressed_or_sticky,keycode=25
212627 binding_release binding=KEY_D,keycode=40
212627 inject_release keycode=40
212627 keyboard_release_suppressed reason=not_pressed_or_sticky,keycode=40
212627 binding_release binding=KEY_S,keycode=39
212627 inject_release keycode=39
212627 keyboard_release_suppressed reason=not_pressed_or_sticky,keycode=39
212627 binding_press binding=KEY_A,keycode=38
212627 inject_press keycode=38,keysym=0
212627 keyboard_press_suppressed reason=already_pressed,keycode=38
212643 binding_release binding=KEY_W,keycode=25
212643 inject_release keycode=25
212644 keyboard_release_suppressed reason=not_pressed_or_sticky,keycode=25
212644 binding_release binding=KEY_D,keycode=40
212644 inject_release keycode=40
212644 keyboard_release_suppressed reason=not_pressed_or_sticky,keycode=40
212644 binding_release binding=KEY_S,keycode=39
212644 inject_release keycode=39
212644 keyboard_release_suppressed reason=not_pressed_or_sticky,keycode=39
212644 binding_press binding=KEY_A,keycode=38
212644 inject_press keycode=38,keysym=0
212644 keyboard_press_suppressed reason=already_pressed,keycode=38
212660 binding_release binding=KEY_W,keycode=25
212660 inject_release keycode=25
212660 keyboard_release_suppressed reason=not_pressed_or_sticky,keycode=25
212660 binding_release binding=KEY_D,keycode=40
212660 inject_release keycode=40
212660 keyboard_release_suppressed reason=not_pressed_or_sticky,keycode=40
212660 binding_release binding=KEY_S,keycode=39
212660 inject_release keycode=39
212660 keyboard_release_suppressed reason=not_pressed_or_sticky,keycode=39
212660 binding_press binding=KEY_A,keycode=38
212660 inject_press keycode=38,keysym=0
212660 keyboard_press_suppressed reason=already_pressed,keycode=38
212677 binding_release binding=KEY_W,keycode=25
212677 inject_release keycode=25
212677 keyboard_release_suppressed reason=not_pressed_or_sticky,keycode=25
212677 binding_release binding=KEY_D,keycode=40
212677 inject_release keycode=40
212677 keyboard_release_suppressed reason=not_pressed_or_sticky,keycode=40
212677 binding_release binding=KEY_S,keycode=39
212677 inject_release keycode=39
212677 keyboard_release_suppressed reason=not_pressed_or_sticky,keycode=39
212677 binding_press binding=KEY_A,keycode=38
212677 inject_press keycode=38,keysym=0
212677 keyboard_press_suppressed reason=already_pressed,keycode=38
212694 binding_release binding=KEY_W,keycode=25
212694 inject_release keycode=25
212694 keyboard_release_suppressed reason=not_pressed_or_sticky,keycode=25
212694 binding_release binding=KEY_D,keycode=40
212694 inject_release keycode=40
212694 keyboard_release_suppressed reason=not_pressed_or_sticky,keycode=40
212694 binding_release binding=KEY_S,keycode=39
212694 inject_release keycode=39
212694 keyboard_release_suppressed reason=not_pressed_or_sticky,keycode=39
212694 binding_press binding=KEY_A,keycode=38
212694 inject_press keycode=38,keysym=0
212694 keyboard_press_suppressed reason=already_pressed,keycode=38
212726 binding_release binding=KEY_W,keycode=25
212727 inject_release keycode=25
212727 keyboard_release_suppressed reason=not_pressed_or_sticky,keycode=25
212727 binding_release binding=KEY_D,keycode=40
212727 inject_release keycode=40
212727 keyboard_release_suppressed reason=not_pressed_or_sticky,keycode=40
212727 binding_release binding=KEY_S,keycode=39
212727 inject_release keycode=39
212727 keyboard_release_suppressed reason=not_pressed_or_sticky,keycode=39
212727 binding_press binding=KEY_A,keycode=38
212727 inject_press keycode=38,keysym=0
212727 keyboard_press_suppressed reason=already_pressed,keycode=38
212743 binding_release binding=KEY_W,keycode=25
212743 inject_release keycode=25
212743 keyboard_release_suppressed reason=not_pressed_or_sticky,keycode=25
212743 binding_release binding=KEY_D,keycode=40
212743 inject_release keycode=40
212743 keyboard_release_suppressed reason=not_pressed_or_sticky,keycode=40
212743 binding_release binding=KEY_S,keycode=39
212743 inject_release keycode=39
212743 keyboard_release_suppressed reason=not_pressed_or_sticky,keycode=39
212743 binding_press binding=KEY_A,keycode=38
212743 inject_press keycode=38,keysym=0
212743 keyboard_press_suppressed reason=already_pressed,keycode=38
212760 binding_release binding=KEY_W,keycode=25
212760 inject_release keycode=25
212760 keyboard_release_suppressed reason=not_pressed_or_sticky,keycode=25
212760 binding_release binding=KEY_D,keycode=40
212760 inject_release keycode=40
212760 keyboard_release_suppressed reason=not_pressed_or_sticky,keycode=40
212760 binding_release binding=KEY_S,keycode=39
212760 inject_release keycode=39
212760 keyboard_release_suppressed reason=not_pressed_or_sticky,keycode=39
212760 binding_press binding=KEY_A,keycode=38
212760 inject_press keycode=38,keysym=0
212760 keyboard_press_suppressed reason=already_pressed,keycode=38
212793 binding_release binding=KEY_W,keycode=25
212793 inject_release keycode=25
212793 keyboard_release_suppressed reason=not_pressed_or_sticky,keycode=25
212793 binding_release binding=KEY_D,keycode=40
212793 inject_release keycode=40
212793 keyboard_release_suppressed reason=not_pressed_or_sticky,keycode=40
212793 binding_release binding=KEY_S,keycode=39
212793 inject_release keycode=39
212793 keyboard_release_suppressed reason=not_pressed_or_sticky,keycode=39
212793 binding_press binding=KEY_A,keycode=38
212793 inject_press keycode=38,keysym=0
212793 keyboard_press_suppressed reason=already_pressed,keycode=38
212809 binding_release binding=KEY_W,keycode=25
212810 inject_release keycode=25
212810 keyboard_release_suppressed reason=not_pressed_or_sticky,keycode=25
212810 binding_release binding=KEY_D,keycode=40
212810 inject_release keycode=40
212810 keyboard_release_suppressed reason=not_pressed_or_sticky,keycode=40
212810 binding_release binding=KEY_S,keycode=39
212810 inject_release keycode=39
212810 keyboard_release_suppressed reason=not_pressed_or_sticky,keycode=39
212810 binding_press binding=KEY_A,keycode=38
212810 inject_press keycode=38,keysym=0
212810 keyboard_press_suppressed reason=already_pressed,keycode=38
212909 binding_release binding=KEY_W,keycode=25
212910 inject_release keycode=25
212910 keyboard_release_suppressed reason=not_pressed_or_sticky,keycode=25
212910 binding_release binding=KEY_D,keycode=40
212910 inject_release keycode=40
212910 keyboard_release_suppressed reason=not_pressed_or_sticky,keycode=40
212910 binding_release binding=KEY_S,keycode=39
212910 inject_release keycode=39
212910 keyboard_release_suppressed reason=not_pressed_or_sticky,keycode=39
212910 binding_press binding=KEY_A,keycode=38
212910 inject_press keycode=38,keysym=0
212910 keyboard_press_suppressed reason=already_pressed,keycode=38
213009 binding_release binding=KEY_W,keycode=25
213009 inject_release keycode=25
213009 keyboard_release_suppressed reason=not_pressed_or_sticky,keycode=25
213009 binding_release binding=KEY_D,keycode=40
213009 inject_release keycode=40
213009 keyboard_release_suppressed reason=not_pressed_or_sticky,keycode=40
213009 binding_release binding=KEY_S,keycode=39
213009 inject_release keycode=39
213009 keyboard_release_suppressed reason=not_pressed_or_sticky,keycode=39
213009 binding_press binding=KEY_A,keycode=38
213009 inject_press keycode=38,keysym=0
213009 keyboard_press_suppressed reason=already_pressed,keycode=38
213109 binding_release binding=KEY_W,keycode=25
213109 inject_release keycode=25
213109 keyboard_release_suppressed reason=not_pressed_or_sticky,keycode=25
213109 binding_release binding=KEY_D,keycode=40
213109 inject_release keycode=40
213109 keyboard_release_suppressed reason=not_pressed_or_sticky,keycode=40
213109 binding_release binding=KEY_S,keycode=39
213109 inject_release keycode=39
213109 keyboard_release_suppressed reason=not_pressed_or_sticky,keycode=39
213109 binding_press binding=KEY_A,keycode=38
213109 inject_press keycode=38,keysym=0
213109 keyboard_press_suppressed reason=already_pressed,keycode=38
213208 binding_release binding=KEY_W,keycode=25
213209 inject_release keycode=25
213209 keyboard_release_suppressed reason=not_pressed_or_sticky,keycode=25
213209 binding_release binding=KEY_D,keycode=40
213209 inject_release keycode=40
213209 keyboard_release_suppressed reason=not_pressed_or_sticky,keycode=40
213209 binding_release binding=KEY_S,keycode=39
213209 inject_release keycode=39
213209 keyboard_release_suppressed reason=not_pressed_or_sticky,keycode=39
213209 binding_press binding=KEY_A,keycode=38
213209 inject_press keycode=38,keysym=0
213209 keyboard_press_suppressed reason=already_pressed,keycode=38
213308 binding_release binding=KEY_W,keycode=25
213308 inject_release keycode=25
213308 keyboard_release_suppressed reason=not_pressed_or_sticky,keycode=25
213308 binding_release binding=KEY_D,keycode=40
213308 inject_release keycode=40
213308 keyboard_release_suppressed reason=not_pressed_or_sticky,keycode=40
213308 binding_release binding=KEY_S,keycode=39
213308 inject_release keycode=39
213308 keyboard_release_suppressed reason=not_pressed_or_sticky,keycode=39
213308 binding_press binding=KEY_A,keycode=38
213308 inject_press keycode=38,keysym=0
213308 keyboard_press_suppressed reason=already_pressed,keycode=38
213341 binding_release binding=KEY_W,keycode=25
213342 inject_release keycode=25
213342 keyboard_release_suppressed reason=not_pressed_or_sticky,keycode=25
213342 binding_release binding=KEY_D,keycode=40
213342 inject_release keycode=40
213342 keyboard_release_suppressed reason=not_pressed_or_sticky,keycode=40
213342 binding_release binding=KEY_S,keycode=39
213342 inject_release keycode=39
213342 keyboard_release_suppressed reason=not_pressed_or_sticky,keycode=39
213342 binding_press binding=KEY_A,keycode=38
213342 inject_press keycode=38,keysym=0
213342 keyboard_press_suppressed reason=already_pressed,keycode=38
213359 binding_release binding=KEY_W,keycode=25
213359 inject_release keycode=25
213359 keyboard_release_suppressed reason=not_pressed_or_sticky,keycode=25
213359 binding_release binding=KEY_D,keycode=40
213360 inject_release keycode=40
213360 keyboard_release_suppressed reason=not_pressed_or_sticky,keycode=40
213360 binding_release binding=KEY_S,keycode=39
213360 inject_release keycode=39
213360 keyboard_release_suppressed reason=not_pressed_or_sticky,keycode=39
213360 binding_press binding=KEY_A,keycode=38
213360 inject_press keycode=38,keysym=0
213360 keyboard_press_suppressed reason=already_pressed,keycode=38
213374 binding_release binding=KEY_W,keycode=25
213374 inject_release keycode=25
213374 keyboard_release_suppressed reason=not_pressed_or_sticky,keycode=25
213374 binding_release binding=KEY_D,keycode=40
213374 inject_release keycode=40
213374 keyboard_release_suppressed reason=not_pressed_or_sticky,keycode=40
213374 binding_release binding=KEY_S,keycode=39
213374 inject_release keycode=39
213374 keyboard_release_suppressed reason=not_pressed_or_sticky,keycode=39
213374 binding_press binding=KEY_A,keycode=38
213374 inject_press keycode=38,keysym=0
213375 keyboard_press_suppressed reason=already_pressed,keycode=38
213391 binding_release binding=KEY_W,keycode=25
213391 inject_release keycode=25
213391 keyboard_release_suppressed reason=not_pressed_or_sticky,keycode=25
213391 binding_release binding=KEY_D,keycode=40
213391 inject_release keycode=40
213391 keyboard_release_suppressed reason=not_pressed_or_sticky,keycode=40
213391 binding_release binding=KEY_S,keycode=39
213391 inject_release keycode=39
213391 keyboard_release_suppressed reason=not_pressed_or_sticky,keycode=39
213391 binding_press binding=KEY_A,keycode=38
213391 inject_press keycode=38,keysym=0
213391 keyboard_press_suppressed reason=already_pressed,keycode=38
213408 binding_release binding=KEY_W,keycode=25
213408 inject_release keycode=25
213408 keyboard_release_suppressed reason=not_pressed_or_sticky,keycode=25
213408 binding_release binding=KEY_D,keycode=40
213408 inject_release keycode=40
213408 keyboard_release_suppressed reason=not_pressed_or_sticky,keycode=40
213408 binding_release binding=KEY_S,keycode=39
213408 inject_release keycode=39
213408 keyboard_release_suppressed reason=not_pressed_or_sticky,keycode=39
213408 binding_press binding=KEY_A,keycode=38
213408 inject_press keycode=38,keysym=0
213408 keyboard_press_suppressed reason=already_pressed,keycode=38
213424 binding_release binding=KEY_W,keycode=25
213425 inject_release keycode=25
213425 keyboard_release_suppressed reason=not_pressed_or_sticky,keycode=25
213425 binding_release binding=KEY_D,keycode=40
213425 inject_release keycode=40
213425 keyboard_release_suppressed reason=not_pressed_or_sticky,keycode=40
213425 binding_release binding=KEY_S,keycode=39
213425 inject_release keycode=39
213425 keyboard_release_suppressed reason=not_pressed_or_sticky,keycode=39
213425 binding_press binding=KEY_A,keycode=38
213425 inject_press keycode=38,keysym=0
213425 keyboard_press_suppressed reason=already_pressed,keycode=38
213441 binding_release binding=KEY_W,keycode=25
213441 inject_release keycode=25
213441 keyboard_release_suppressed reason=not_pressed_or_sticky,keycode=25
213441 binding_release binding=KEY_D,keycode=40
213441 inject_release keycode=40
213441 keyboard_release_suppressed reason=not_pressed_or_sticky,keycode=40
213441 binding_release binding=KEY_S,keycode=39
213441 inject_release keycode=39
213441 keyboard_release_suppressed reason=not_pressed_or_sticky,keycode=39
213441 binding_press binding=KEY_A,keycode=38
213441 inject_press keycode=38,keysym=0
213441 keyboard_press_suppressed reason=already_pressed,keycode=38
213457 binding_release binding=KEY_W,keycode=25
213457 inject_release keycode=25
213457 keyboard_release_suppressed reason=not_pressed_or_sticky,keycode=25
213457 binding_release binding=KEY_D,keycode=40
213457 inject_release keycode=40
213457 keyboard_release_suppressed reason=not_pressed_or_sticky,keycode=40
213457 binding_release binding=KEY_S,keycode=39
213457 inject_release keycode=39
213457 keyboard_release_suppressed reason=not_pressed_or_sticky,keycode=39
213457 binding_press binding=KEY_A,keycode=38
213457 inject_press keycode=38,keysym=0
213457 keyboard_press_suppressed reason=already_pressed,keycode=38
213474 binding_release binding=KEY_W,keycode=25
213474 inject_release keycode=25
213474 keyboard_release_suppressed reason=not_pressed_or_sticky,keycode=25
213474 binding_release binding=KEY_D,keycode=40
213474 inject_release keycode=40
213474 keyboard_release_suppressed reason=not_pressed_or_sticky,keycode=40
213474 binding_release binding=KEY_S,keycode=39
213474 inject_release keycode=39
213474 keyboard_release_suppressed reason=not_pressed_or_sticky,keycode=39
213474 binding_press binding=KEY_A,keycode=38
213474 inject_press keycode=38,keysym=0
213474 keyboard_press_suppressed reason=already_pressed,keycode=38
213490 binding_release binding=KEY_W,keycode=25
213490 inject_release keycode=25
213491 keyboard_release_suppressed reason=not_pressed_or_sticky,keycode=25
213491 binding_release binding=KEY_D,keycode=40
213491 inject_release keycode=40
213491 keyboard_release_suppressed reason=not_pressed_or_sticky,keycode=40
213491 binding_release binding=KEY_S,keycode=39
213491 inject_release keycode=39
213491 keyboard_release_suppressed reason=not_pressed_or_sticky,keycode=39
213491 binding_press binding=KEY_A,keycode=38
213491 inject_press keycode=38,keysym=0
213491 keyboard_press_suppressed reason=already_pressed,keycode=38
213507 binding_release binding=KEY_W,keycode=25
213507 inject_release keycode=25
213507 keyboard_release_suppressed reason=not_pressed_or_sticky,keycode=25
213507 binding_release binding=KEY_D,keycode=40
213507 inject_release keycode=40
213507 keyboard_release_suppressed reason=not_pressed_or_sticky,keycode=40
213507 binding_release binding=KEY_S,keycode=39
213507 inject_release keycode=39
213507 keyboard_release_suppressed reason=not_pressed_or_sticky,keycode=39
213507 binding_press binding=KEY_A,keycode=38
213507 inject_press keycode=38,keysym=0
213507 keyboard_press_suppressed reason=already_pressed,keycode=38
213524 binding_release binding=KEY_W,keycode=25
213524 inject_release keycode=25
213524 keyboard_release_suppressed reason=not_pressed_or_sticky,keycode=25
213524 binding_release binding=KEY_D,keycode=40
213524 inject_release keycode=40
213524 keyboard_release_suppressed reason=not_pressed_or_sticky,keycode=40
213524 binding_release binding=KEY_S,keycode=39
213524 inject_release keycode=39
213524 keyboard_release_suppressed reason=not_pressed_or_sticky,keycode=39
213524 binding_press binding=KEY_A,keycode=38
213524 inject_press keycode=38,keysym=0
213524 keyboard_press_suppressed reason=already_pressed,keycode=38
213542 binding_release binding=KEY_W,keycode=25
213542 inject_release keycode=25
213542 keyboard_release_suppressed reason=not_pressed_or_sticky,keycode=25
213542 binding_release binding=KEY_D,keycode=40
213542 inject_release keycode=40
213542 keyboard_release_suppressed reason=not_pressed_or_sticky,keycode=40
213542 binding_release binding=KEY_S,keycode=39
213543 inject_release keycode=39
213543 keyboard_release_suppressed reason=not_pressed_or_sticky,keycode=39
213543 binding_press binding=KEY_A,keycode=38
213543 inject_press keycode=38,keysym=0
213543 keyboard_press_suppressed reason=already_pressed,keycode=38
213557 binding_release binding=KEY_W,keycode=25
213557 inject_release keycode=25
213557 keyboard_release_suppressed reason=not_pressed_or_sticky,keycode=25
213557 binding_release binding=KEY_D,keycode=40
213557 inject_release keycode=40
213557 keyboard_release_suppressed reason=not_pressed_or_sticky,keycode=40
213557 binding_release binding=KEY_S,keycode=39
213557 inject_release keycode=39
213557 keyboard_release_suppressed reason=not_pressed_or_sticky,keycode=39
213557 binding_press binding=KEY_A,keycode=38
213557 inject_press keycode=38,keysym=0
213557 keyboard_press_suppressed reason=already_pressed,keycode=38
213574 binding_release binding=KEY_W,keycode=25
213574 inject_release keycode=25
213574 keyboard_release_suppressed reason=not_pressed_or_sticky,keycode=25
213574 binding_release binding=KEY_D,keycode=40
213574 inject_release keycode=40
213574 keyboard_release_suppressed reason=not_pressed_or_sticky,keycode=40
213574 binding_release binding=KEY_S,keycode=39
213574 inject_release keycode=39
213574 keyboard_release_suppressed reason=not_pressed_or_sticky,keycode=39
213574 binding_press binding=KEY_A,keycode=38
213574 inject_press keycode=38,keysym=0
213574 keyboard_press_suppressed reason=already_pressed,keycode=38
213590 binding_release binding=KEY_W,keycode=25
213590 inject_release keycode=25
213590 keyboard_release_suppressed reason=not_pressed_or_sticky,keycode=25
213590 binding_release binding=KEY_D,keycode=40
213590 inject_release keycode=40
213590 keyboard_release_suppressed reason=not_pressed_or_sticky,keycode=40
213590 binding_release binding=KEY_S,keycode=39
213590 inject_release keycode=39
213590 keyboard_release_suppressed reason=not_pressed_or_sticky,keycode=39
213590 binding_press binding=KEY_A,keycode=38
213590 inject_press keycode=38,keysym=0
213590 keyboard_press_suppressed reason=already_pressed,keycode=38
213607 binding_release binding=KEY_W,keycode=25
213607 inject_release keycode=25
213607 keyboard_release_suppressed reason=not_pressed_or_sticky,keycode=25
213607 binding_release binding=KEY_D,keycode=40
213607 inject_release keycode=40
213607 keyboard_release_suppressed reason=not_pressed_or_sticky,keycode=40
213607 binding_release binding=KEY_S,keycode=39
213607 inject_release keycode=39
213607 keyboard_release_suppressed reason=not_pressed_or_sticky,keycode=39
213607 binding_press binding=KEY_A,keycode=38
213607 inject_press keycode=38,keysym=0
213607 keyboard_press_suppressed reason=already_pressed,keycode=38
213623 binding_release binding=KEY_W,keycode=25
213623 inject_release keycode=25
213623 keyboard_release_suppressed reason=not_pressed_or_sticky,keycode=25
213623 binding_release binding=KEY_D,keycode=40
213623 inject_release keycode=40
213623 keyboard_release_suppressed reason=not_pressed_or_sticky,keycode=40
213623 binding_release binding=KEY_S,keycode=39
213623 inject_release keycode=39
213623 keyboard_release_suppressed reason=not_pressed_or_sticky,keycode=39
213623 binding_press binding=KEY_A,keycode=38
213623 inject_press keycode=38,keysym=0
213623 keyboard_press_suppressed reason=already_pressed,keycode=38
213640 binding_release binding=KEY_W,keycode=25
213640 inject_release keycode=25
213640 keyboard_release_suppressed reason=not_pressed_or_sticky,keycode=25
213640 binding_release binding=KEY_D,keycode=40
213640 inject_release keycode=40
213640 keyboard_release_suppressed reason=not_pressed_or_sticky,keycode=40
213640 binding_release binding=KEY_S,keycode=39
213640 inject_release keycode=39
213640 keyboard_release_suppressed reason=not_pressed_or_sticky,keycode=39
213640 binding_press binding=KEY_A,keycode=38
213640 inject_press keycode=38,keysym=0
213640 keyboard_press_suppressed reason=already_pressed,keycode=38
213656 binding_release binding=KEY_W,keycode=25
213657 inject_release keycode=25
213657 keyboard_release_suppressed reason=not_pressed_or_sticky,keycode=25
213657 binding_release binding=KEY_D,keycode=40
213657 inject_release keycode=40
213657 keyboard_release_suppressed reason=not_pressed_or_sticky,keycode=40
213657 binding_release binding=KEY_S,keycode=39
213657 inject_release keycode=39
213657 keyboard_release_suppressed reason=not_pressed_or_sticky,keycode=39
213657 binding_press binding=KEY_A,keycode=38
213657 inject_press keycode=38,keysym=0
213657 keyboard_press_suppressed reason=already_pressed,keycode=38
213673 binding_release binding=KEY_W,keycode=25
213673 inject_release keycode=25
213674 keyboard_release_suppressed reason=not_pressed_or_sticky,keycode=25
213674 binding_release binding=KEY_D,keycode=40
213674 inject_release keycode=40
213674 keyboard_release_suppressed reason=not_pressed_or_sticky,keycode=40
213674 binding_release binding=KEY_S,keycode=39
213674 inject_release keycode=39
213674 keyboard_release_suppressed reason=not_pressed_or_sticky,keycode=39
213674 binding_press binding=KEY_A,keycode=38
213674 inject_press keycode=38,keysym=0
213674 keyboard_press_suppressed reason=already_pressed,keycode=38
213690 binding_release binding=KEY_W,keycode=25
213690 inject_release keycode=25
213690 keyboard_release_suppressed reason=not_pressed_or_sticky,keycode=25
213690 binding_release binding=KEY_D,keycode=40
213690 inject_release keycode=40
213690 keyboard_release_suppressed reason=not_pressed_or_sticky,keycode=40
213690 binding_release binding=KEY_S,keycode=39
213690 inject_release keycode=39
213690 keyboard_release_suppressed reason=not_pressed_or_sticky,keycode=39
213691 binding_press binding=KEY_A,keycode=38
213691 inject_press keycode=38,keysym=0
213691 keyboard_press_suppressed reason=already_pressed,keycode=38
213790 binding_release binding=KEY_W,keycode=25
213790 inject_release keycode=25
213790 keyboard_release_suppressed reason=not_pressed_or_sticky,keycode=25
213790 binding_release binding=KEY_D,keycode=40
213790 inject_release keycode=40
213790 keyboard_release_suppressed reason=not_pressed_or_sticky,keycode=40
213790 binding_release binding=KEY_S,keycode=39
213790 inject_release keycode=39
213790 keyboard_release_suppressed reason=not_pressed_or_sticky,keycode=39
213790 binding_press binding=KEY_A,keycode=38
213790 inject_press keycode=38,keysym=0
213790 keyboard_press_suppressed reason=already_pressed,keycode=38
213806 binding_release binding=KEY_W,keycode=25
213806 inject_release keycode=25
213806 keyboard_release_suppressed reason=not_pressed_or_sticky,keycode=25
213806 binding_release binding=KEY_D,keycode=40
213806 inject_release keycode=40
213806 keyboard_release_suppressed reason=not_pressed_or_sticky,keycode=40
213806 binding_release binding=KEY_S,keycode=39
213806 inject_release keycode=39
213806 keyboard_release_suppressed reason=not_pressed_or_sticky,keycode=39
213806 binding_press binding=KEY_A,keycode=38
213806 inject_press keycode=38,keysym=0
213806 keyboard_press_suppressed reason=already_pressed,keycode=38
213823 binding_release binding=KEY_W,keycode=25
213823 inject_release keycode=25
213823 keyboard_release_suppressed reason=not_pressed_or_sticky,keycode=25
213823 binding_release binding=KEY_D,keycode=40
213823 inject_release keycode=40
213823 keyboard_release_suppressed reason=not_pressed_or_sticky,keycode=40
213823 binding_release binding=KEY_S,keycode=39
213823 inject_release keycode=39
213823 keyboard_release_suppressed reason=not_pressed_or_sticky,keycode=39
213823 binding_press binding=KEY_A,keycode=38
213823 inject_press keycode=38,keysym=0
213823 keyboard_press_suppressed reason=already_pressed,keycode=38
213839 binding_release binding=KEY_W,keycode=25
213839 inject_release keycode=25
213839 keyboard_release_suppressed reason=not_pressed_or_sticky,keycode=25
213839 binding_release binding=KEY_D,keycode=40
213839 inject_release keycode=40
213839 keyboard_release_suppressed reason=not_pressed_or_sticky,keycode=40
213839 binding_release binding=KEY_S,keycode=39
213839 inject_release keycode=39
213839 keyboard_release_suppressed reason=not_pressed_or_sticky,keycode=39
213840 binding_press binding=KEY_A,keycode=38
213840 inject_press keycode=38,keysym=0
213840 keyboard_press_suppressed reason=already_pressed,keycode=38
213856 binding_release binding=KEY_W,keycode=25
213856 inject_release keycode=25
213856 keyboard_release_suppressed reason=not_pressed_or_sticky,keycode=25
213856 binding_release binding=KEY_D,keycode=40
213856 inject_release keycode=40
213856 keyboard_release_suppressed reason=not_pressed_or_sticky,keycode=40
213856 binding_release binding=KEY_S,keycode=39
213856 inject_release keycode=39
213856 keyboard_release_suppressed reason=not_pressed_or_sticky,keycode=39
213856 binding_press binding=KEY_A,keycode=38
213856 inject_press keycode=38,keysym=0
213856 keyboard_press_suppressed reason=already_pressed,keycode=38
213872 binding_release binding=KEY_W,keycode=25
213873 inject_release keycode=25
213873 keyboard_release_suppressed reason=not_pressed_or_sticky,keycode=25
213873 binding_release binding=KEY_D,keycode=40
213873 inject_release keycode=40
213873 keyboard_release_suppressed reason=not_pressed_or_sticky,keycode=40
213873 binding_release binding=KEY_S,keycode=39
213873 inject_release keycode=39
213873 keyboard_release_suppressed reason=not_pressed_or_sticky,keycode=39
213873 binding_press binding=KEY_A,keycode=38
213873 inject_press keycode=38,keysym=0
213873 keyboard_press_suppressed reason=already_pressed,keycode=38
213889 binding_release binding=KEY_W,keycode=25
213889 inject_release keycode=25
213889 keyboard_release_suppressed reason=not_pressed_or_sticky,keycode=25
213890 binding_release binding=KEY_D,keycode=40
213890 inject_release keycode=40
213890 keyboard_release_suppressed reason=not_pressed_or_sticky,keycode=40
213890 binding_release binding=KEY_S,keycode=39
213890 inject_release keycode=39
213890 keyboard_release_suppressed reason=not_pressed_or_sticky,keycode=39
213890 binding_press binding=KEY_A,keycode=38
213890 inject_press keycode=38,keysym=0
213890 keyboard_press_suppressed reason=already_pressed,keycode=38
213906 binding_release binding=KEY_W,keycode=25
213906 inject_release keycode=25
213906 keyboard_release_suppressed reason=not_pressed_or_sticky,keycode=25
213906 binding_release binding=KEY_D,keycode=40
213906 inject_release keycode=40
213906 keyboard_release_suppressed reason=not_pressed_or_sticky,keycode=40
213906 binding_release binding=KEY_S,keycode=39
213906 inject_release keycode=39
213906 keyboard_release_suppressed reason=not_pressed_or_sticky,keycode=39
213906 binding_press binding=KEY_A,keycode=38
213906 inject_press keycode=38,keysym=0
213906 keyboard_press_suppressed reason=already_pressed,keycode=38
213922 binding_release binding=KEY_W,keycode=25
213922 inject_release keycode=25
213922 keyboard_release_suppressed reason=not_pressed_or_sticky,keycode=25
213922 binding_release binding=KEY_D,keycode=40
213922 inject_release keycode=40
213922 keyboard_release_suppressed reason=not_pressed_or_sticky,keycode=40
213922 binding_release binding=KEY_S,keycode=39
213922 inject_release keycode=39
213923 keyboard_release_suppressed reason=not_pressed_or_sticky,keycode=39
213923 binding_press binding=KEY_A,keycode=38
213923 inject_press keycode=38,keysym=0
213923 keyboard_press_suppressed reason=already_pressed,keycode=38
213939 binding_release binding=KEY_W,keycode=25
213939 inject_release keycode=25
213939 keyboard_release_suppressed reason=not_pressed_or_sticky,keycode=25
213939 binding_release binding=KEY_D,keycode=40
213939 inject_release keycode=40
213939 keyboard_release_suppressed reason=not_pressed_or_sticky,keycode=40
213939 binding_release binding=KEY_S,keycode=39
213939 inject_release keycode=39
213939 keyboard_release_suppressed reason=not_pressed_or_sticky,keycode=39
213939 binding_press binding=KEY_A,keycode=38
213939 inject_press keycode=38,keysym=0
213939 keyboard_press_suppressed reason=already_pressed,keycode=38
213956 binding_release binding=KEY_W,keycode=25
213956 inject_release keycode=25
213956 keyboard_release_suppressed reason=not_pressed_or_sticky,keycode=25
213956 binding_release binding=KEY_D,keycode=40
213956 inject_release keycode=40
213956 keyboard_release_suppressed reason=not_pressed_or_sticky,keycode=40
213956 binding_release binding=KEY_S,keycode=39
213956 inject_release keycode=39
213956 keyboard_release_suppressed reason=not_pressed_or_sticky,keycode=39
213956 binding_press binding=KEY_A,keycode=38
213956 inject_press keycode=38,keysym=0
213956 keyboard_press_suppressed reason=already_pressed,keycode=38
213972 binding_release binding=KEY_W,keycode=25
213972 inject_release keycode=25
213972 keyboard_release_suppressed reason=not_pressed_or_sticky,keycode=25
213972 binding_release binding=KEY_D,keycode=40
213972 inject_release keycode=40
213972 keyboard_release_suppressed reason=not_pressed_or_sticky,keycode=40
213972 binding_release binding=KEY_S,keycode=39
213972 inject_release keycode=39
213972 keyboard_release_suppressed reason=not_pressed_or_sticky,keycode=39
213973 binding_press binding=KEY_A,keycode=38
213973 inject_press keycode=38,keysym=0
213973 keyboard_press_suppressed reason=already_pressed,keycode=38
213989 binding_release binding=KEY_W,keycode=25
213989 inject_release keycode=25
213989 keyboard_release_suppressed reason=not_pressed_or_sticky,keycode=25
213989 binding_release binding=KEY_D,keycode=40
213989 inject_release keycode=40
213989 keyboard_release_suppressed reason=not_pressed_or_sticky,keycode=40
213989 binding_release binding=KEY_S,keycode=39
213989 inject_release keycode=39
213989 keyboard_release_suppressed reason=not_pressed_or_sticky,keycode=39
213989 binding_press binding=KEY_A,keycode=38
213989 inject_press keycode=38,keysym=0
213989 keyboard_press_suppressed reason=already_pressed,keycode=38
214006 binding_release binding=KEY_W,keycode=25
214006 inject_release keycode=25
214006 keyboard_release_suppressed reason=not_pressed_or_sticky,keycode=25
214006 binding_release binding=KEY_D,keycode=40
214006 inject_release keycode=40
214006 keyboard_release_suppressed reason=not_pressed_or_sticky,keycode=40
214006 binding_release binding=KEY_S,keycode=39
214006 inject_release keycode=39
214006 keyboard_release_suppressed reason=not_pressed_or_sticky,keycode=39
214006 binding_press binding=KEY_A,keycode=38
214006 inject_press keycode=38,keysym=0
214006 keyboard_press_suppressed reason=already_pressed,keycode=38
214022 binding_release binding=KEY_W,keycode=25
214022 inject_release keycode=25
214022 keyboard_release_suppressed reason=not_pressed_or_sticky,keycode=25
214022 binding_release binding=KEY_D,keycode=40
214022 inject_release keycode=40
214022 keyboard_release_suppressed reason=not_pressed_or_sticky,keycode=40
214022 binding_release binding=KEY_S,keycode=39
214022 inject_release keycode=39
214022 keyboard_release_suppressed reason=not_pressed_or_sticky,keycode=39
214022 binding_press binding=KEY_A,keycode=38
214022 inject_press keycode=38,keysym=0
214022 keyboard_press_suppressed reason=already_pressed,keycode=38
214072 binding_release binding=KEY_W,keycode=25
214072 inject_release keycode=25
214072 keyboard_release_suppressed reason=not_pressed_or_sticky,keycode=25
214072 binding_release binding=KEY_D,keycode=40
214072 inject_release keycode=40
214072 keyboard_release_suppressed reason=not_pressed_or_sticky,keycode=40
214072 binding_release binding=KEY_S,keycode=39
214072 inject_release keycode=39
214072 keyboard_release_suppressed reason=not_pressed_or_sticky,keycode=39
214072 binding_press binding=KEY_A,keycode=38
214072 inject_press keycode=38,keysym=0
214072 keyboard_press_suppressed reason=already_pressed,keycode=38
214086 binding_release binding=KEY_W,keycode=25
214087 inject_release keycode=25
214087 keyboard_release_suppressed reason=not_pressed_or_sticky,keycode=25
214087 binding_release binding=KEY_D,keycode=40
214087 inject_release keycode=40
214087 keyboard_release_suppressed reason=not_pressed_or_sticky,keycode=40
214087 binding_release binding=KEY_S,keycode=39
214087 inject_release keycode=39
214087 keyboard_release_suppressed reason=not_pressed_or_sticky,keycode=39
214087 binding_press binding=KEY_A,keycode=38
214087 inject_press keycode=38,keysym=0
214087 keyboard_press_suppressed reason=already_pressed,keycode=38
214087 binding_release binding=KEY_A,keycode=38
214088 inject_release keycode=38
214088 key_release_received keycode=38,focus={id=29360133,parent=25165831,name=Stardew Valley,class=stardew valley.exe,mapped=true,viewable=true,enabled=true,renderable=true,surface=false,application=true,keyPress=true,keyRelease=true,focusChange=true},point={id=16777246,parent=29360133,name=,class=,mapped=true,viewable=true,enabled=true,renderable=true,surface=false,application=false,keyPress=false,keyRelease=false,focusChange=false}
214088 key_release_ancestor_target target={id=29360133,parent=25165831,name=Stardew Valley,class=stardew valley.exe,mapped=true,viewable=true,enabled=true,renderable=true,surface=false,application=true,keyPress=true,keyRelease=true,focusChange=true}
214088 key_release_sent keycode=38,target={id=29360133,parent=25165831,name=Stardew Valley,class=stardew valley.exe,mapped=true,viewable=true,enabled=true,renderable=true,surface=false,application=true,keyPress=true,keyRelease=true,focusChange=true}
214088 winhandler_keyboard_queued vkey=65,flags=2
214088 winhandler_keyboard_packet vkey=65,flags=2,sent=true
214094 wine_trace 00e8:trace:key:X11DRV_KeyEvent type 3, window 1c00005, state 0x0000, keycode 38
214094 wine_trace 00e8:trace:key:X11DRV_KeyEvent nbyte = 1, status 0
214094 wine_trace 00e8:trace:key:X11DRV_KeyEvent KeyRelease : keysym=61 (a), # of chars=1 / "a"
214095 wine_trace 00e8:trace:key:EVENT_event_to_vkey e->keycode = 38
214095 wine_trace 00e8:trace:key:X11DRV_KeyEvent keycode 38 converted to vkey 0x41 scan 78
214095 wine_trace 00e8:trace:key:X11DRV_send_keyboard_input hwnd 0x3008e vkey=0041 scan=0078 flags=0002
222574 focus_notify previous={id=29360133,parent=25165831,name=Stardew Valley,class=stardew valley.exe,mapped=true,viewable=true,enabled=true,renderable=true,surface=false,application=true,keyPress=true,keyRelease=true,focusChange=true},focused={id=25165831,parent=3,name=nogui - Wine Desktop,class=explorer.exe,mapped=false,viewable=false,enabled=false,renderable=false,surface=false,application=false,keyPress=true,keyRelease=true,focusChange=true},outDetail=ANCESTOR,inDetail=INFERIOR,outSelected=true,inSelected=true
222576 focus_notify previous={id=25165831,parent=3,name=nogui - Wine Desktop,class=explorer.exe,mapped=false,viewable=false,enabled=false,renderable=false,surface=false,application=false,keyPress=true,keyRelease=true,focusChange=true},focused={id=3,parent=0,name=,class=,mapped=true,viewable=true,enabled=true,renderable=true,surface=false,application=false,keyPress=false,keyRelease=false,focusChange=false},outDetail=ANCESTOR,inDetail=INFERIOR,outSelected=true,inSelected=false
