11 session_start
2731 window_map id=20971527,parent=3,name=nogui - Wine Desktop,class=explorer.exe,mapped=true,viewable=false,enabled=false,renderable=true,surface=false,application=true,keyPress=true,keyRelease=true,focus_before={null}
2732 window_map_result id=20971527,focus_after={id=20971527,parent=3,name=nogui - Wine Desktop,class=explorer.exe,mapped=true,viewable=false,enabled=false,renderable=true,surface=false,application=true,keyPress=true,keyRelease=true}
28402 window_map id=25165844,parent=3,name=,class=,mapped=true,viewable=true,enabled=true,renderable=false,surface=false,application=false,keyPress=false,keyRelease=false,focus_before={id=20971527,parent=3,name=nogui - Wine Desktop,class=explorer.exe,mapped=true,viewable=false,enabled=false,renderable=true,surface=false,application=true,keyPress=true,keyRelease=true}
28402 window_map_result id=25165844,focus_after={id=20971527,parent=3,name=nogui - Wine Desktop,class=explorer.exe,mapped=true,viewable=false,enabled=false,renderable=true,surface=false,application=true,keyPress=true,keyRelease=true}
28526 window_map id=25165846,parent=29360131,name=,class=,mapped=true,viewable=true,enabled=true,renderable=true,surface=false,application=false,keyPress=false,keyRelease=false,focus_before={id=20971527,parent=3,name=nogui - Wine Desktop,class=explorer.exe,mapped=true,viewable=false,enabled=false,renderable=true,surface=false,application=true,keyPress=true,keyRelease=true}
28526 window_map_result id=25165846,focus_after={id=20971527,parent=3,name=nogui - Wine Desktop,class=explorer.exe,mapped=true,viewable=false,enabled=false,renderable=true,surface=false,application=true,keyPress=true,keyRelease=true}
28547 window_map id=25165848,parent=20971527,name=,class=,mapped=true,viewable=true,enabled=true,renderable=false,surface=false,application=false,keyPress=false,keyRelease=false,focus_before={id=20971527,parent=3,name=nogui - Wine Desktop,class=explorer.exe,mapped=true,viewable=false,enabled=false,renderable=true,surface=false,application=true,keyPress=true,keyRelease=true}
28547 window_map_result id=25165848,focus_after={id=20971527,parent=3,name=nogui - Wine Desktop,class=explorer.exe,mapped=true,viewable=false,enabled=false,renderable=true,surface=false,application=true,keyPress=true,keyRelease=true}
28580 window_map id=25165852,parent=29360135,name=,class=,mapped=true,viewable=true,enabled=true,renderable=true,surface=false,application=false,keyPress=false,keyRelease=false,focus_before={id=20971527,parent=3,name=nogui - Wine Desktop,class=explorer.exe,mapped=true,viewable=false,enabled=false,renderable=true,surface=false,application=true,keyPress=true,keyRelease=true}
28580 window_map_result id=25165852,focus_after={id=20971527,parent=3,name=nogui - Wine Desktop,class=explorer.exe,mapped=true,viewable=false,enabled=false,renderable=true,surface=false,application=true,keyPress=true,keyRelease=true}
28591 window_map id=25165854,parent=29360133,name=,class=,mapped=true,viewable=true,enabled=true,renderable=true,surface=false,application=false,keyPress=false,keyRelease=false,focus_before={id=20971527,parent=3,name=nogui - Wine Desktop,class=explorer.exe,mapped=true,viewable=false,enabled=false,renderable=true,surface=false,application=true,keyPress=true,keyRelease=true}
28591 window_map_result id=25165854,focus_after={id=20971527,parent=3,name=nogui - Wine Desktop,class=explorer.exe,mapped=true,viewable=false,enabled=false,renderable=true,surface=false,application=true,keyPress=true,keyRelease=true}
37049 window_map id=29360133,parent=20971527,name=Stardew Valley,class=stardew valley.exe,mapped=true,viewable=true,enabled=true,renderable=true,surface=false,application=true,keyPress=true,keyRelease=true,focus_before={id=20971527,parent=3,name=nogui - Wine Desktop,class=explorer.exe,mapped=true,viewable=false,enabled=false,renderable=true,surface=false,application=true,keyPress=true,keyRelease=true}
37052 window_map_result id=29360133,focus_after={id=29360133,parent=20971527,name=Stardew Valley,class=stardew valley.exe,mapped=true,viewable=true,enabled=true,renderable=true,surface=false,application=true,keyPress=true,keyRelease=true}
51577 pointer_focus point={id=25165854,parent=29360133,name=,class=,mapped=true,viewable=true,enabled=true,renderable=true,surface=false,application=false,keyPress=false,keyRelease=false},focus_before={id=29360133,parent=20971527,name=Stardew Valley,class=stardew valley.exe,mapped=true,viewable=true,enabled=true,renderable=true,surface=false,application=true,keyPress=true,keyRelease=true}
51577 pointer_focus_result focus_after={id=29360133,parent=20971527,name=Stardew Valley,class=stardew valley.exe,mapped=true,viewable=true,enabled=true,renderable=true,surface=false,application=true,keyPress=true,keyRelease=true}
52583 pointer_focus point={id=25165854,parent=29360133,name=,class=,mapped=true,viewable=true,enabled=true,renderable=true,surface=false,application=false,keyPress=false,keyRelease=false},focus_before={id=29360133,parent=20971527,name=Stardew Valley,class=stardew valley.exe,mapped=true,viewable=true,enabled=true,renderable=true,surface=false,application=true,keyPress=true,keyRelease=true}
52584 pointer_focus_result focus_after={id=29360133,parent=20971527,name=Stardew Valley,class=stardew valley.exe,mapped=true,viewable=true,enabled=true,renderable=true,surface=false,application=true,keyPress=true,keyRelease=true}
58991 pointer_focus point={id=25165854,parent=29360133,name=,class=,mapped=true,viewable=true,enabled=true,renderable=true,surface=false,application=false,keyPress=false,keyRelease=false},focus_before={id=29360133,parent=20971527,name=Stardew Valley,class=stardew valley.exe,mapped=true,viewable=true,enabled=true,renderable=true,surface=false,application=true,keyPress=true,keyRelease=true}
58991 pointer_focus_result focus_after={id=29360133,parent=20971527,name=Stardew Valley,class=stardew valley.exe,mapped=true,viewable=true,enabled=true,renderable=true,surface=false,application=true,keyPress=true,keyRelease=true}
61661 pointer_focus point={id=25165854,parent=29360133,name=,class=,mapped=true,viewable=true,enabled=true,renderable=true,surface=false,application=false,keyPress=false,keyRelease=false},focus_before={id=29360133,parent=20971527,name=Stardew Valley,class=stardew valley.exe,mapped=true,viewable=true,enabled=true,renderable=true,surface=false,application=true,keyPress=true,keyRelease=true}
61661 pointer_focus_result focus_after={id=29360133,parent=20971527,name=Stardew Valley,class=stardew valley.exe,mapped=true,viewable=true,enabled=true,renderable=true,surface=false,application=true,keyPress=true,keyRelease=true}
63377 pointer_focus point={id=25165854,parent=29360133,name=,class=,mapped=true,viewable=true,enabled=true,renderable=true,surface=false,application=false,keyPress=false,keyRelease=false},focus_before={id=29360133,parent=20971527,name=Stardew Valley,class=stardew valley.exe,mapped=true,viewable=true,enabled=true,renderable=true,surface=false,application=true,keyPress=true,keyRelease=true}
63377 pointer_focus_result focus_after={id=29360133,parent=20971527,name=Stardew Valley,class=stardew valley.exe,mapped=true,viewable=true,enabled=true,renderable=true,surface=false,application=true,keyPress=true,keyRelease=true}
66947 pointer_focus point={id=25165854,parent=29360133,name=,class=,mapped=true,viewable=true,enabled=true,renderable=true,surface=false,application=false,keyPress=false,keyRelease=false},focus_before={id=29360133,parent=20971527,name=Stardew Valley,class=stardew valley.exe,mapped=true,viewable=true,enabled=true,renderable=true,surface=false,application=true,keyPress=true,keyRelease=true}
66947 pointer_focus_result focus_after={id=29360133,parent=20971527,name=Stardew Valley,class=stardew valley.exe,mapped=true,viewable=true,enabled=true,renderable=true,surface=false,application=true,keyPress=true,keyRelease=true}
76323 pointer_focus point={id=25165854,parent=29360133,name=,class=,mapped=true,viewable=true,enabled=true,renderable=true,surface=false,application=false,keyPress=false,keyRelease=false},focus_before={id=29360133,parent=20971527,name=Stardew Valley,class=stardew valley.exe,mapped=true,viewable=true,enabled=true,renderable=true,surface=false,application=true,keyPress=true,keyRelease=true}
76323 pointer_focus_result focus_after={id=29360133,parent=20971527,name=Stardew Valley,class=stardew valley.exe,mapped=true,viewable=true,enabled=true,renderable=true,surface=false,application=true,keyPress=true,keyRelease=true}
116799 binding_release binding=KEY_W,keycode=25
116799 inject_release keycode=25
116799 keyboard_release_suppressed reason=not_pressed_or_sticky,keycode=25
116800 binding_release binding=KEY_D,keycode=40
116800 inject_release keycode=40
116800 keyboard_release_suppressed reason=not_pressed_or_sticky,keycode=40
116800 binding_release binding=KEY_S,keycode=39
116800 inject_release keycode=39
116800 keyboard_release_suppressed reason=not_pressed_or_sticky,keycode=39
116800 binding_press binding=KEY_A,keycode=38
116800 inject_press keycode=38,keysym=0
116800 key_press_received keycode=38,keysym=0,focus={id=29360133,parent=20971527,name=Stardew Valley,class=stardew valley.exe,mapped=true,viewable=true,enabled=true,renderable=true,surface=false,application=true,keyPress=true,keyRelease=true},point={id=25165854,parent=29360133,name=,class=,mapped=true,viewable=true,enabled=true,renderable=true,surface=false,application=false,keyPress=false,keyRelease=false}
116800 key_press_ancestor_target target={id=29360133,parent=20971527,name=Stardew Valley,class=stardew valley.exe,mapped=true,viewable=true,enabled=true,renderable=true,surface=false,application=true,keyPress=true,keyRelease=true}
116801 key_press_sent keycode=38,target={id=29360133,parent=20971527,name=Stardew Valley,class=stardew valley.exe,mapped=true,viewable=true,enabled=true,renderable=true,surface=false,application=true,keyPress=true,keyRelease=true}
116846 binding_release binding=KEY_W,keycode=25
116846 inject_release keycode=25
116846 keyboard_release_suppressed reason=not_pressed_or_sticky,keycode=25
116846 binding_release binding=KEY_D,keycode=40
116846 inject_release keycode=40
116846 keyboard_release_suppressed reason=not_pressed_or_sticky,keycode=40
116847 binding_release binding=KEY_S,keycode=39
116847 inject_release keycode=39
116847 keyboard_release_suppressed reason=not_pressed_or_sticky,keycode=39
116847 binding_press binding=KEY_A,keycode=38
116847 inject_press keycode=38,keysym=0
116847 keyboard_press_suppressed reason=already_pressed,keycode=38
116862 binding_release binding=KEY_W,keycode=25
116862 inject_release keycode=25
116863 keyboard_release_suppressed reason=not_pressed_or_sticky,keycode=25
116863 binding_release binding=KEY_D,keycode=40
116863 inject_release keycode=40
116863 keyboard_release_suppressed reason=not_pressed_or_sticky,keycode=40
116863 binding_release binding=KEY_S,keycode=39
116863 inject_release keycode=39
116863 keyboard_release_suppressed reason=not_pressed_or_sticky,keycode=39
116863 binding_press binding=KEY_A,keycode=38
116863 inject_press keycode=38,keysym=0
116863 keyboard_press_suppressed reason=already_pressed,keycode=38
116879 binding_release binding=KEY_W,keycode=25
116879 inject_release keycode=25
116879 keyboard_release_suppressed reason=not_pressed_or_sticky,keycode=25
116879 binding_release binding=KEY_D,keycode=40
116879 inject_release keycode=40
116879 keyboard_release_suppressed reason=not_pressed_or_sticky,keycode=40
116880 binding_release binding=KEY_S,keycode=39
116880 inject_release keycode=39
116880 keyboard_release_suppressed reason=not_pressed_or_sticky,keycode=39
116880 binding_press binding=KEY_A,keycode=38
116880 inject_press keycode=38,keysym=0
116880 keyboard_press_suppressed reason=already_pressed,keycode=38
116962 binding_release binding=KEY_W,keycode=25
116963 inject_release keycode=25
116963 keyboard_release_suppressed reason=not_pressed_or_sticky,keycode=25
116963 binding_release binding=KEY_D,keycode=40
116963 inject_release keycode=40
116963 keyboard_release_suppressed reason=not_pressed_or_sticky,keycode=40
116963 binding_release binding=KEY_S,keycode=39
116963 inject_release keycode=39
116963 keyboard_release_suppressed reason=not_pressed_or_sticky,keycode=39
116963 binding_press binding=KEY_A,keycode=38
116963 inject_press keycode=38,keysym=0
116963 keyboard_press_suppressed reason=already_pressed,keycode=38
116979 binding_release binding=KEY_W,keycode=25
116980 inject_release keycode=25
116980 keyboard_release_suppressed reason=not_pressed_or_sticky,keycode=25
116980 binding_release binding=KEY_D,keycode=40
116980 inject_release keycode=40
116980 keyboard_release_suppressed reason=not_pressed_or_sticky,keycode=40
116980 binding_release binding=KEY_S,keycode=39
116980 inject_release keycode=39
116980 keyboard_release_suppressed reason=not_pressed_or_sticky,keycode=39
116980 binding_press binding=KEY_A,keycode=38
116980 inject_press keycode=38,keysym=0
116980 keyboard_press_suppressed reason=already_pressed,keycode=38
117012 binding_release binding=KEY_W,keycode=25
117012 inject_release keycode=25
117012 keyboard_release_suppressed reason=not_pressed_or_sticky,keycode=25
117013 binding_release binding=KEY_D,keycode=40
117013 inject_release keycode=40
117013 keyboard_release_suppressed reason=not_pressed_or_sticky,keycode=40
117013 binding_release binding=KEY_S,keycode=39
117013 inject_release keycode=39
117013 keyboard_release_suppressed reason=not_pressed_or_sticky,keycode=39
117013 binding_press binding=KEY_A,keycode=38
117014 inject_press keycode=38,keysym=0
117014 keyboard_press_suppressed reason=already_pressed,keycode=38
117028 binding_release binding=KEY_W,keycode=25
117028 inject_release keycode=25
117028 keyboard_release_suppressed reason=not_pressed_or_sticky,keycode=25
117028 binding_release binding=KEY_D,keycode=40
117028 inject_release keycode=40
117029 keyboard_release_suppressed reason=not_pressed_or_sticky,keycode=40
117029 binding_release binding=KEY_S,keycode=39
117029 inject_release keycode=39
117029 keyboard_release_suppressed reason=not_pressed_or_sticky,keycode=39
117029 binding_press binding=KEY_A,keycode=38
117029 inject_press keycode=38,keysym=0
117029 keyboard_press_suppressed reason=already_pressed,keycode=38
117045 binding_release binding=KEY_W,keycode=25
117045 inject_release keycode=25
117045 keyboard_release_suppressed reason=not_pressed_or_sticky,keycode=25
117045 binding_release binding=KEY_D,keycode=40
117045 inject_release keycode=40
117045 keyboard_release_suppressed reason=not_pressed_or_sticky,keycode=40
117046 binding_release binding=KEY_S,keycode=39
117046 inject_release keycode=39
117046 keyboard_release_suppressed reason=not_pressed_or_sticky,keycode=39
117046 binding_press binding=KEY_A,keycode=38
117046 inject_press keycode=38,keysym=0
117046 keyboard_press_suppressed reason=already_pressed,keycode=38
117145 binding_release binding=KEY_W,keycode=25
117145 inject_release keycode=25
117145 keyboard_release_suppressed reason=not_pressed_or_sticky,keycode=25
117145 binding_release binding=KEY_D,keycode=40
117145 inject_release keycode=40
117145 keyboard_release_suppressed reason=not_pressed_or_sticky,keycode=40
117145 binding_release binding=KEY_S,keycode=39
117145 inject_release keycode=39
117145 keyboard_release_suppressed reason=not_pressed_or_sticky,keycode=39
117145 binding_press binding=KEY_A,keycode=38
117146 inject_press keycode=38,keysym=0
117146 keyboard_press_suppressed reason=already_pressed,keycode=38
117195 binding_release binding=KEY_W,keycode=25
117195 inject_release keycode=25
117195 keyboard_release_suppressed reason=not_pressed_or_sticky,keycode=25
117195 binding_release binding=KEY_D,keycode=40
117195 inject_release keycode=40
117195 keyboard_release_suppressed reason=not_pressed_or_sticky,keycode=40
117195 binding_release binding=KEY_S,keycode=39
117195 inject_release keycode=39
117195 keyboard_release_suppressed reason=not_pressed_or_sticky,keycode=39
117195 binding_press binding=KEY_A,keycode=38
117195 inject_press keycode=38,keysym=0
117195 keyboard_press_suppressed reason=already_pressed,keycode=38
117261 binding_release binding=KEY_W,keycode=25
117262 inject_release keycode=25
117262 keyboard_release_suppressed reason=not_pressed_or_sticky,keycode=25
117262 binding_release binding=KEY_D,keycode=40
117262 inject_release keycode=40
117262 keyboard_release_suppressed reason=not_pressed_or_sticky,keycode=40
117262 binding_release binding=KEY_S,keycode=39
117262 inject_release keycode=39
117262 keyboard_release_suppressed reason=not_pressed_or_sticky,keycode=39
117262 binding_press binding=KEY_A,keycode=38
117262 inject_press keycode=38,keysym=0
117262 keyboard_press_suppressed reason=already_pressed,keycode=38
117360 binding_release binding=KEY_W,keycode=25
117361 inject_release keycode=25
117362 keyboard_release_suppressed reason=not_pressed_or_sticky,keycode=25
117362 binding_release binding=KEY_D,keycode=40
117362 inject_release keycode=40
117362 keyboard_release_suppressed reason=not_pressed_or_sticky,keycode=40
117362 binding_release binding=KEY_S,keycode=39
117362 inject_release keycode=39
117362 keyboard_release_suppressed reason=not_pressed_or_sticky,keycode=39
117362 binding_press binding=KEY_A,keycode=38
117362 inject_press keycode=38,keysym=0
117362 keyboard_press_suppressed reason=already_pressed,keycode=38
117394 binding_release binding=KEY_W,keycode=25
117394 inject_release keycode=25
117394 keyboard_release_suppressed reason=not_pressed_or_sticky,keycode=25
117394 binding_release binding=KEY_D,keycode=40
117394 inject_release keycode=40
117394 keyboard_release_suppressed reason=not_pressed_or_sticky,keycode=40
117394 binding_release binding=KEY_S,keycode=39
117394 inject_release keycode=39
117394 keyboard_release_suppressed reason=not_pressed_or_sticky,keycode=39
117394 binding_press binding=KEY_A,keycode=38
117394 inject_press keycode=38,keysym=0
117394 keyboard_press_suppressed reason=already_pressed,keycode=38
117494 binding_release binding=KEY_W,keycode=25
117494 inject_release keycode=25
117494 keyboard_release_suppressed reason=not_pressed_or_sticky,keycode=25
117494 binding_release binding=KEY_D,keycode=40
117494 inject_release keycode=40
117494 keyboard_release_suppressed reason=not_pressed_or_sticky,keycode=40
117495 binding_release binding=KEY_S,keycode=39
117495 inject_release keycode=39
117495 keyboard_release_suppressed reason=not_pressed_or_sticky,keycode=39
117495 binding_press binding=KEY_A,keycode=38
117495 inject_press keycode=38,keysym=0
117495 keyboard_press_suppressed reason=already_pressed,keycode=38
117510 binding_release binding=KEY_W,keycode=25
117510 inject_release keycode=25
117510 keyboard_release_suppressed reason=not_pressed_or_sticky,keycode=25
117510 binding_release binding=KEY_D,keycode=40
117510 inject_release keycode=40
117510 keyboard_release_suppressed reason=not_pressed_or_sticky,keycode=40
117510 binding_release binding=KEY_S,keycode=39
117510 inject_release keycode=39
117510 keyboard_release_suppressed reason=not_pressed_or_sticky,keycode=39
117510 binding_press binding=KEY_A,keycode=38
117510 inject_press keycode=38,keysym=0
117510 keyboard_press_suppressed reason=already_pressed,keycode=38
117527 binding_release binding=KEY_W,keycode=25
117527 inject_release keycode=25
117527 keyboard_release_suppressed reason=not_pressed_or_sticky,keycode=25
117527 binding_release binding=KEY_D,keycode=40
117527 inject_release keycode=40
117527 keyboard_release_suppressed reason=not_pressed_or_sticky,keycode=40
117527 binding_release binding=KEY_S,keycode=39
117527 inject_release keycode=39
117527 keyboard_release_suppressed reason=not_pressed_or_sticky,keycode=39
117527 binding_press binding=KEY_A,keycode=38
117527 inject_press keycode=38,keysym=0
117527 keyboard_press_suppressed reason=already_pressed,keycode=38
117543 binding_release binding=KEY_W,keycode=25
117543 inject_release keycode=25
117543 keyboard_release_suppressed reason=not_pressed_or_sticky,keycode=25
117543 binding_release binding=KEY_D,keycode=40
117543 inject_release keycode=40
117543 keyboard_release_suppressed reason=not_pressed_or_sticky,keycode=40
117543 binding_release binding=KEY_S,keycode=39
117543 inject_release keycode=39
117544 keyboard_release_suppressed reason=not_pressed_or_sticky,keycode=39
117544 binding_press binding=KEY_A,keycode=38
117544 inject_press keycode=38,keysym=0
117544 keyboard_press_suppressed reason=already_pressed,keycode=38
117560 binding_release binding=KEY_W,keycode=25
117560 inject_release keycode=25
117560 keyboard_release_suppressed reason=not_pressed_or_sticky,keycode=25
117560 binding_release binding=KEY_D,keycode=40
117560 inject_release keycode=40
117560 keyboard_release_suppressed reason=not_pressed_or_sticky,keycode=40
117561 binding_release binding=KEY_S,keycode=39
117561 inject_release keycode=39
117561 keyboard_release_suppressed reason=not_pressed_or_sticky,keycode=39
117561 binding_press binding=KEY_A,keycode=38
117561 inject_press keycode=38,keysym=0
117561 keyboard_press_suppressed reason=already_pressed,keycode=38
117610 binding_release binding=KEY_W,keycode=25
117610 inject_release keycode=25
117610 keyboard_release_suppressed reason=not_pressed_or_sticky,keycode=25
117610 binding_release binding=KEY_D,keycode=40
117610 inject_release keycode=40
117610 keyboard_release_suppressed reason=not_pressed_or_sticky,keycode=40
117610 binding_release binding=KEY_S,keycode=39
117610 inject_release keycode=39
117610 keyboard_release_suppressed reason=not_pressed_or_sticky,keycode=39
117610 binding_press binding=KEY_A,keycode=38
117610 inject_press keycode=38,keysym=0
117610 keyboard_press_suppressed reason=already_pressed,keycode=38
117643 binding_release binding=KEY_W,keycode=25
117644 inject_release keycode=25
117644 keyboard_release_suppressed reason=not_pressed_or_sticky,keycode=25
117644 binding_release binding=KEY_D,keycode=40
117644 inject_release keycode=40
117644 keyboard_release_suppressed reason=not_pressed_or_sticky,keycode=40
117644 binding_release binding=KEY_S,keycode=39
117644 inject_release keycode=39
117644 keyboard_release_suppressed reason=not_pressed_or_sticky,keycode=39
117644 binding_press binding=KEY_A,keycode=38
117645 inject_press keycode=38,keysym=0
117645 keyboard_press_suppressed reason=already_pressed,keycode=38
117660 binding_release binding=KEY_W,keycode=25
117660 inject_release keycode=25
117660 keyboard_release_suppressed reason=not_pressed_or_sticky,keycode=25
117660 binding_release binding=KEY_D,keycode=40
117660 inject_release keycode=40
117660 keyboard_release_suppressed reason=not_pressed_or_sticky,keycode=40
117660 binding_release binding=KEY_S,keycode=39
117660 inject_release keycode=39
117660 keyboard_release_suppressed reason=not_pressed_or_sticky,keycode=39
117660 binding_press binding=KEY_A,keycode=38
117660 inject_press keycode=38,keysym=0
117660 keyboard_press_suppressed reason=already_pressed,keycode=38
117667 binding_release binding=KEY_A,keycode=38
117667 inject_release keycode=38
117667 key_release_received keycode=38,focus={id=29360133,parent=20971527,name=Stardew Valley,class=stardew valley.exe,mapped=true,viewable=true,enabled=true,renderable=true,surface=false,application=true,keyPress=true,keyRelease=true},point={id=25165854,parent=29360133,name=,class=,mapped=true,viewable=true,enabled=true,renderable=true,surface=false,application=false,keyPress=false,keyRelease=false}
117668 key_release_ancestor_target target={id=29360133,parent=20971527,name=Stardew Valley,class=stardew valley.exe,mapped=true,viewable=true,enabled=true,renderable=true,surface=false,application=true,keyPress=true,keyRelease=true}
117668 key_release_sent keycode=38,target={id=29360133,parent=20971527,name=Stardew Valley,class=stardew valley.exe,mapped=true,viewable=true,enabled=true,renderable=true,surface=false,application=true,keyPress=true,keyRelease=true}
118134 binding_release binding=KEY_W,keycode=25
118134 inject_release keycode=25
118134 keyboard_release_suppressed reason=not_pressed_or_sticky,keycode=25
118134 binding_release binding=KEY_D,keycode=40
118134 inject_release keycode=40
118134 keyboard_release_suppressed reason=not_pressed_or_sticky,keycode=40
118134 binding_release binding=KEY_S,keycode=39
118134 inject_release keycode=39
118134 keyboard_release_suppressed reason=not_pressed_or_sticky,keycode=39
118134 binding_press binding=KEY_A,keycode=38
118134 inject_press keycode=38,keysym=0
118134 key_press_received keycode=38,keysym=0,focus={id=29360133,parent=20971527,name=Stardew Valley,class=stardew valley.exe,mapped=true,viewable=true,enabled=true,renderable=true,surface=false,application=true,keyPress=true,keyRelease=true},point={id=25165854,parent=29360133,name=,class=,mapped=true,viewable=true,enabled=true,renderable=true,surface=false,application=false,keyPress=false,keyRelease=false}
118135 key_press_ancestor_target target={id=29360133,parent=20971527,name=Stardew Valley,class=stardew valley.exe,mapped=true,viewable=true,enabled=true,renderable=true,surface=false,application=true,keyPress=true,keyRelease=true}
118135 key_press_sent keycode=38,target={id=29360133,parent=20971527,name=Stardew Valley,class=stardew valley.exe,mapped=true,viewable=true,enabled=true,renderable=true,surface=false,application=true,keyPress=true,keyRelease=true}
118158 binding_release binding=KEY_W,keycode=25
118158 inject_release keycode=25
118158 keyboard_release_suppressed reason=not_pressed_or_sticky,keycode=25
118158 binding_release binding=KEY_D,keycode=40
118158 inject_release keycode=40
118158 keyboard_release_suppressed reason=not_pressed_or_sticky,keycode=40
118158 binding_release binding=KEY_S,keycode=39
118158 inject_release keycode=39
118158 keyboard_release_suppressed reason=not_pressed_or_sticky,keycode=39
118158 binding_press binding=KEY_A,keycode=38
118158 inject_press keycode=38,keysym=0
118158 keyboard_press_suppressed reason=already_pressed,keycode=38
118257 binding_release binding=KEY_W,keycode=25
118257 inject_release keycode=25
118257 keyboard_release_suppressed reason=not_pressed_or_sticky,keycode=25
118257 binding_release binding=KEY_D,keycode=40
118257 inject_release keycode=40
118257 keyboard_release_suppressed reason=not_pressed_or_sticky,keycode=40
118257 binding_release binding=KEY_S,keycode=39
118257 inject_release keycode=39
118257 keyboard_release_suppressed reason=not_pressed_or_sticky,keycode=39
118257 binding_press binding=KEY_A,keycode=38
118257 inject_press keycode=38,keysym=0
118258 keyboard_press_suppressed reason=already_pressed,keycode=38
118290 binding_release binding=KEY_W,keycode=25
118290 inject_release keycode=25
118290 keyboard_release_suppressed reason=not_pressed_or_sticky,keycode=25
118290 binding_release binding=KEY_D,keycode=40
118290 inject_release keycode=40
118290 keyboard_release_suppressed reason=not_pressed_or_sticky,keycode=40
118291 binding_release binding=KEY_S,keycode=39
118291 inject_release keycode=39
118291 keyboard_release_suppressed reason=not_pressed_or_sticky,keycode=39
118291 binding_press binding=KEY_A,keycode=38
118291 inject_press keycode=38,keysym=0
118291 keyboard_press_suppressed reason=already_pressed,keycode=38
118307 binding_release binding=KEY_W,keycode=25
118307 inject_release keycode=25
118307 keyboard_release_suppressed reason=not_pressed_or_sticky,keycode=25
118307 binding_release binding=KEY_D,keycode=40
118307 inject_release keycode=40
118307 keyboard_release_suppressed reason=not_pressed_or_sticky,keycode=40
118307 binding_release binding=KEY_S,keycode=39
118307 inject_release keycode=39
118307 keyboard_release_suppressed reason=not_pressed_or_sticky,keycode=39
118307 binding_press binding=KEY_A,keycode=38
118307 inject_press keycode=38,keysym=0
118307 keyboard_press_suppressed reason=already_pressed,keycode=38
118323 binding_release binding=KEY_W,keycode=25
118323 inject_release keycode=25
118323 keyboard_release_suppressed reason=not_pressed_or_sticky,keycode=25
118323 binding_release binding=KEY_D,keycode=40
118323 inject_release keycode=40
118323 keyboard_release_suppressed reason=not_pressed_or_sticky,keycode=40
118324 binding_release binding=KEY_S,keycode=39
118324 inject_release keycode=39
118324 keyboard_release_suppressed reason=not_pressed_or_sticky,keycode=39
118324 binding_press binding=KEY_A,keycode=38
118324 inject_press keycode=38,keysym=0
118324 keyboard_press_suppressed reason=already_pressed,keycode=38
118340 binding_release binding=KEY_W,keycode=25
118340 inject_release keycode=25
118340 keyboard_release_suppressed reason=not_pressed_or_sticky,keycode=25
118340 binding_release binding=KEY_D,keycode=40
118340 inject_release keycode=40
118340 keyboard_release_suppressed reason=not_pressed_or_sticky,keycode=40
118340 binding_release binding=KEY_S,keycode=39
118340 inject_release keycode=39
118340 keyboard_release_suppressed reason=not_pressed_or_sticky,keycode=39
118340 binding_press binding=KEY_A,keycode=38
118340 inject_press keycode=38,keysym=0
118340 keyboard_press_suppressed reason=already_pressed,keycode=38
118357 binding_release binding=KEY_W,keycode=25
118357 inject_release keycode=25
118357 keyboard_release_suppressed reason=not_pressed_or_sticky,keycode=25
118357 binding_release binding=KEY_D,keycode=40
118357 inject_release keycode=40
118357 keyboard_release_suppressed reason=not_pressed_or_sticky,keycode=40
118357 binding_release binding=KEY_S,keycode=39
118357 inject_release keycode=39
118357 keyboard_release_suppressed reason=not_pressed_or_sticky,keycode=39
118357 binding_press binding=KEY_A,keycode=38
118357 inject_press keycode=38,keysym=0
118357 keyboard_press_suppressed reason=already_pressed,keycode=38
118406 binding_release binding=KEY_W,keycode=25
118406 inject_release keycode=25
118406 keyboard_release_suppressed reason=not_pressed_or_sticky,keycode=25
118406 binding_release binding=KEY_D,keycode=40
118407 inject_release keycode=40
118407 keyboard_release_suppressed reason=not_pressed_or_sticky,keycode=40
118407 binding_release binding=KEY_S,keycode=39
118407 inject_release keycode=39
118407 keyboard_release_suppressed reason=not_pressed_or_sticky,keycode=39
118407 binding_press binding=KEY_A,keycode=38
118407 inject_press keycode=38,keysym=0
118407 keyboard_press_suppressed reason=already_pressed,keycode=38
118423 binding_release binding=KEY_W,keycode=25
118423 inject_release keycode=25
118423 keyboard_release_suppressed reason=not_pressed_or_sticky,keycode=25
118423 binding_release binding=KEY_D,keycode=40
118423 inject_release keycode=40
118423 keyboard_release_suppressed reason=not_pressed_or_sticky,keycode=40
118423 binding_release binding=KEY_S,keycode=39
118423 inject_release keycode=39
118423 keyboard_release_suppressed reason=not_pressed_or_sticky,keycode=39
118423 binding_press binding=KEY_A,keycode=38
118423 inject_press keycode=38,keysym=0
118423 keyboard_press_suppressed reason=already_pressed,keycode=38
118440 binding_release binding=KEY_W,keycode=25
118440 inject_release keycode=25
118440 keyboard_release_suppressed reason=not_pressed_or_sticky,keycode=25
118440 binding_release binding=KEY_D,keycode=40
118440 inject_release keycode=40
118440 keyboard_release_suppressed reason=not_pressed_or_sticky,keycode=40
118440 binding_release binding=KEY_S,keycode=39
118440 inject_release keycode=39
118440 keyboard_release_suppressed reason=not_pressed_or_sticky,keycode=39
118440 binding_press binding=KEY_A,keycode=38
118440 inject_press keycode=38,keysym=0
118440 keyboard_press_suppressed reason=already_pressed,keycode=38
118456 binding_release binding=KEY_W,keycode=25
118457 inject_release keycode=25
118457 keyboard_release_suppressed reason=not_pressed_or_sticky,keycode=25
118457 binding_release binding=KEY_D,keycode=40
118457 inject_release keycode=40
118457 keyboard_release_suppressed reason=not_pressed_or_sticky,keycode=40
118457 binding_release binding=KEY_S,keycode=39
118457 inject_release keycode=39
118457 keyboard_release_suppressed reason=not_pressed_or_sticky,keycode=39
118457 binding_press binding=KEY_A,keycode=38
118457 inject_press keycode=38,keysym=0
118457 keyboard_press_suppressed reason=already_pressed,keycode=38
118573 binding_release binding=KEY_W,keycode=25
118573 inject_release keycode=25
118573 keyboard_release_suppressed reason=not_pressed_or_sticky,keycode=25
118573 binding_release binding=KEY_D,keycode=40
118573 inject_release keycode=40
118573 keyboard_release_suppressed reason=not_pressed_or_sticky,keycode=40
118573 binding_release binding=KEY_S,keycode=39
118573 inject_release keycode=39
118573 keyboard_release_suppressed reason=not_pressed_or_sticky,keycode=39
118573 binding_press binding=KEY_A,keycode=38
118573 inject_press keycode=38,keysym=0
118573 keyboard_press_suppressed reason=already_pressed,keycode=38
118672 binding_release binding=KEY_W,keycode=25
118672 inject_release keycode=25
118672 keyboard_release_suppressed reason=not_pressed_or_sticky,keycode=25
118672 binding_release binding=KEY_D,keycode=40
118672 inject_release keycode=40
118672 keyboard_release_suppressed reason=not_pressed_or_sticky,keycode=40
118672 binding_release binding=KEY_S,keycode=39
118672 inject_release keycode=39
118672 keyboard_release_suppressed reason=not_pressed_or_sticky,keycode=39
118672 binding_press binding=KEY_A,keycode=38
118672 inject_press keycode=38,keysym=0
118673 keyboard_press_suppressed reason=already_pressed,keycode=38
118772 binding_release binding=KEY_W,keycode=25
118772 inject_release keycode=25
118772 keyboard_release_suppressed reason=not_pressed_or_sticky,keycode=25
118772 binding_release binding=KEY_D,keycode=40
118772 inject_release keycode=40
118772 keyboard_release_suppressed reason=not_pressed_or_sticky,keycode=40
118772 binding_release binding=KEY_S,keycode=39
118772 inject_release keycode=39
118772 keyboard_release_suppressed reason=not_pressed_or_sticky,keycode=39
118772 binding_press binding=KEY_A,keycode=38
118772 inject_press keycode=38,keysym=0
118772 keyboard_press_suppressed reason=already_pressed,keycode=38
118788 binding_release binding=KEY_W,keycode=25
118788 inject_release keycode=25
118788 keyboard_release_suppressed reason=not_pressed_or_sticky,keycode=25
118789 binding_release binding=KEY_D,keycode=40
118789 inject_release keycode=40
118789 keyboard_release_suppressed reason=not_pressed_or_sticky,keycode=40
118789 binding_release binding=KEY_S,keycode=39
118789 inject_release keycode=39
118789 keyboard_release_suppressed reason=not_pressed_or_sticky,keycode=39
118789 binding_press binding=KEY_A,keycode=38
118789 inject_press keycode=38,keysym=0
118789 keyboard_press_suppressed reason=already_pressed,keycode=38
118821 binding_release binding=KEY_W,keycode=25
118822 inject_release keycode=25
118822 keyboard_release_suppressed reason=not_pressed_or_sticky,keycode=25
118822 binding_release binding=KEY_D,keycode=40
118822 inject_release keycode=40
118822 keyboard_release_suppressed reason=not_pressed_or_sticky,keycode=40
118822 binding_release binding=KEY_S,keycode=39
118822 inject_release keycode=39
118822 keyboard_release_suppressed reason=not_pressed_or_sticky,keycode=39
118822 binding_press binding=KEY_A,keycode=38
118822 inject_press keycode=38,keysym=0
118822 keyboard_press_suppressed reason=already_pressed,keycode=38
118839 binding_release binding=KEY_W,keycode=25
118839 inject_release keycode=25
118839 keyboard_release_suppressed reason=not_pressed_or_sticky,keycode=25
118839 binding_release binding=KEY_D,keycode=40
118839 inject_release keycode=40
118839 keyboard_release_suppressed reason=not_pressed_or_sticky,keycode=40
118839 binding_release binding=KEY_S,keycode=39
118839 inject_release keycode=39
118839 keyboard_release_suppressed reason=not_pressed_or_sticky,keycode=39
118839 binding_press binding=KEY_A,keycode=38
118839 inject_press keycode=38,keysym=0
118839 keyboard_press_suppressed reason=already_pressed,keycode=38
118855 binding_release binding=KEY_W,keycode=25
118855 inject_release keycode=25
118855 keyboard_release_suppressed reason=not_pressed_or_sticky,keycode=25
118855 binding_release binding=KEY_D,keycode=40
118856 inject_release keycode=40
118856 keyboard_release_suppressed reason=not_pressed_or_sticky,keycode=40
118856 binding_release binding=KEY_S,keycode=39
118856 inject_release keycode=39
118856 keyboard_release_suppressed reason=not_pressed_or_sticky,keycode=39
118856 binding_press binding=KEY_A,keycode=38
118856 inject_press keycode=38,keysym=0
118856 keyboard_press_suppressed reason=already_pressed,keycode=38
118871 binding_release binding=KEY_W,keycode=25
118871 inject_release keycode=25
118871 keyboard_release_suppressed reason=not_pressed_or_sticky,keycode=25
118871 binding_release binding=KEY_D,keycode=40
118871 inject_release keycode=40
118871 keyboard_release_suppressed reason=not_pressed_or_sticky,keycode=40
118871 binding_release binding=KEY_S,keycode=39
118871 inject_release keycode=39
118871 keyboard_release_suppressed reason=not_pressed_or_sticky,keycode=39
118871 binding_press binding=KEY_A,keycode=38
118872 inject_press keycode=38,keysym=0
118872 keyboard_press_suppressed reason=already_pressed,keycode=38
118888 binding_release binding=KEY_W,keycode=25
118888 inject_release keycode=25
118888 keyboard_release_suppressed reason=not_pressed_or_sticky,keycode=25
118888 binding_release binding=KEY_D,keycode=40
118888 inject_release keycode=40
118888 keyboard_release_suppressed reason=not_pressed_or_sticky,keycode=40
118888 binding_release binding=KEY_S,keycode=39
118888 inject_release keycode=39
118888 keyboard_release_suppressed reason=not_pressed_or_sticky,keycode=39
118888 binding_press binding=KEY_A,keycode=38
118888 inject_press keycode=38,keysym=0
118889 keyboard_press_suppressed reason=already_pressed,keycode=38
118905 binding_release binding=KEY_W,keycode=25
118905 inject_release keycode=25
118905 keyboard_release_suppressed reason=not_pressed_or_sticky,keycode=25
118905 binding_release binding=KEY_D,keycode=40
118905 inject_release keycode=40
118905 keyboard_release_suppressed reason=not_pressed_or_sticky,keycode=40
118905 binding_release binding=KEY_S,keycode=39
118905 inject_release keycode=39
118905 keyboard_release_suppressed reason=not_pressed_or_sticky,keycode=39
118905 binding_press binding=KEY_A,keycode=38
118905 inject_press keycode=38,keysym=0
118905 keyboard_press_suppressed reason=already_pressed,keycode=38
118921 binding_release binding=KEY_W,keycode=25
118921 inject_release keycode=25
118921 keyboard_release_suppressed reason=not_pressed_or_sticky,keycode=25
118921 binding_release binding=KEY_D,keycode=40
118922 inject_release keycode=40
118922 keyboard_release_suppressed reason=not_pressed_or_sticky,keycode=40
118922 binding_release binding=KEY_S,keycode=39
118922 inject_release keycode=39
118922 keyboard_release_suppressed reason=not_pressed_or_sticky,keycode=39
118922 binding_press binding=KEY_A,keycode=38
118922 inject_press keycode=38,keysym=0
118922 keyboard_press_suppressed reason=already_pressed,keycode=38
118938 binding_release binding=KEY_W,keycode=25
118939 inject_release keycode=25
118939 keyboard_release_suppressed reason=not_pressed_or_sticky,keycode=25
118939 binding_release binding=KEY_D,keycode=40
118939 inject_release keycode=40
118939 keyboard_release_suppressed reason=not_pressed_or_sticky,keycode=40
118939 binding_release binding=KEY_S,keycode=39
118939 inject_release keycode=39
118939 keyboard_release_suppressed reason=not_pressed_or_sticky,keycode=39
118939 binding_press binding=KEY_A,keycode=38
118939 inject_press keycode=38,keysym=0
118939 keyboard_press_suppressed reason=already_pressed,keycode=38
118971 binding_release binding=KEY_W,keycode=25
118971 inject_release keycode=25
118971 keyboard_release_suppressed reason=not_pressed_or_sticky,keycode=25
118972 binding_release binding=KEY_D,keycode=40
118972 inject_release keycode=40
118972 keyboard_release_suppressed reason=not_pressed_or_sticky,keycode=40
118972 binding_release binding=KEY_S,keycode=39
118972 inject_release keycode=39
118972 keyboard_release_suppressed reason=not_pressed_or_sticky,keycode=39
118972 binding_press binding=KEY_A,keycode=38
118972 inject_press keycode=38,keysym=0
118972 keyboard_press_suppressed reason=already_pressed,keycode=38
118988 binding_release binding=KEY_W,keycode=25
118988 inject_release keycode=25
118988 keyboard_release_suppressed reason=not_pressed_or_sticky,keycode=25
118988 binding_release binding=KEY_D,keycode=40
118988 inject_release keycode=40
118988 keyboard_release_suppressed reason=not_pressed_or_sticky,keycode=40
118988 binding_release binding=KEY_S,keycode=39
118988 inject_release keycode=39
118988 keyboard_release_suppressed reason=not_pressed_or_sticky,keycode=39
118988 binding_press binding=KEY_A,keycode=38
118988 inject_press keycode=38,keysym=0
118988 keyboard_press_suppressed reason=already_pressed,keycode=38
119021 binding_release binding=KEY_W,keycode=25
119021 inject_release keycode=25
119021 keyboard_release_suppressed reason=not_pressed_or_sticky,keycode=25
119021 binding_release binding=KEY_D,keycode=40
119021 inject_release keycode=40
119021 keyboard_release_suppressed reason=not_pressed_or_sticky,keycode=40
119021 binding_release binding=KEY_S,keycode=39
119021 inject_release keycode=39
119021 keyboard_release_suppressed reason=not_pressed_or_sticky,keycode=39
119021 binding_press binding=KEY_A,keycode=38
119021 inject_press keycode=38,keysym=0
119021 keyboard_press_suppressed reason=already_pressed,keycode=38
119038 binding_release binding=KEY_W,keycode=25
119038 inject_release keycode=25
119038 keyboard_release_suppressed reason=not_pressed_or_sticky,keycode=25
119038 binding_release binding=KEY_D,keycode=40
119038 inject_release keycode=40
119038 keyboard_release_suppressed reason=not_pressed_or_sticky,keycode=40
119038 binding_release binding=KEY_S,keycode=39
119038 inject_release keycode=39
119038 keyboard_release_suppressed reason=not_pressed_or_sticky,keycode=39
119038 binding_press binding=KEY_A,keycode=38
119038 inject_press keycode=38,keysym=0
119038 keyboard_press_suppressed reason=already_pressed,keycode=38
119055 binding_release binding=KEY_W,keycode=25
119055 inject_release keycode=25
119055 keyboard_release_suppressed reason=not_pressed_or_sticky,keycode=25
119055 binding_release binding=KEY_D,keycode=40
119055 inject_release keycode=40
119055 keyboard_release_suppressed reason=not_pressed_or_sticky,keycode=40
119055 binding_release binding=KEY_S,keycode=39
119055 inject_release keycode=39
119055 keyboard_release_suppressed reason=not_pressed_or_sticky,keycode=39
119055 binding_press binding=KEY_A,keycode=38
119055 inject_press keycode=38,keysym=0
119055 keyboard_press_suppressed reason=already_pressed,keycode=38
119071 binding_release binding=KEY_W,keycode=25
119071 inject_release keycode=25
119071 keyboard_release_suppressed reason=not_pressed_or_sticky,keycode=25
119071 binding_release binding=KEY_D,keycode=40
119071 inject_release keycode=40
119071 keyboard_release_suppressed reason=not_pressed_or_sticky,keycode=40
119071 binding_release binding=KEY_S,keycode=39
119071 inject_release keycode=39
119071 keyboard_release_suppressed reason=not_pressed_or_sticky,keycode=39
119071 binding_press binding=KEY_A,keycode=38
119071 inject_press keycode=38,keysym=0
119071 keyboard_press_suppressed reason=already_pressed,keycode=38
119104 binding_release binding=KEY_W,keycode=25
119104 inject_release keycode=25
119104 keyboard_release_suppressed reason=not_pressed_or_sticky,keycode=25
119104 binding_release binding=KEY_D,keycode=40
119104 inject_release keycode=40
119104 keyboard_release_suppressed reason=not_pressed_or_sticky,keycode=40
119105 binding_release binding=KEY_S,keycode=39
119105 inject_release keycode=39
119105 keyboard_release_suppressed reason=not_pressed_or_sticky,keycode=39
119105 binding_press binding=KEY_A,keycode=38
119105 inject_press keycode=38,keysym=0
119105 keyboard_press_suppressed reason=already_pressed,keycode=38
119137 binding_release binding=KEY_W,keycode=25
119138 inject_release keycode=25
119138 keyboard_release_suppressed reason=not_pressed_or_sticky,keycode=25
119138 binding_release binding=KEY_D,keycode=40
119138 inject_release keycode=40
119138 keyboard_release_suppressed reason=not_pressed_or_sticky,keycode=40
119138 binding_release binding=KEY_S,keycode=39
119138 inject_release keycode=39
119138 keyboard_release_suppressed reason=not_pressed_or_sticky,keycode=39
119138 binding_press binding=KEY_A,keycode=38
119138 inject_press keycode=38,keysym=0
119138 keyboard_press_suppressed reason=already_pressed,keycode=38
119154 binding_release binding=KEY_W,keycode=25
119154 inject_release keycode=25
119154 keyboard_release_suppressed reason=not_pressed_or_sticky,keycode=25
119155 binding_release binding=KEY_D,keycode=40
119155 inject_release keycode=40
119155 keyboard_release_suppressed reason=not_pressed_or_sticky,keycode=40
119155 binding_release binding=KEY_S,keycode=39
119155 inject_release keycode=39
119155 keyboard_release_suppressed reason=not_pressed_or_sticky,keycode=39
119155 binding_press binding=KEY_A,keycode=38
119155 inject_press keycode=38,keysym=0
119155 keyboard_press_suppressed reason=already_pressed,keycode=38
119170 binding_release binding=KEY_W,keycode=25
119171 inject_release keycode=25
119171 keyboard_release_suppressed reason=not_pressed_or_sticky,keycode=25
119171 binding_release binding=KEY_D,keycode=40
119171 inject_release keycode=40
119171 keyboard_release_suppressed reason=not_pressed_or_sticky,keycode=40
119171 binding_release binding=KEY_S,keycode=39
119171 inject_release keycode=39
119171 keyboard_release_suppressed reason=not_pressed_or_sticky,keycode=39
119171 binding_press binding=KEY_A,keycode=38
119171 inject_press keycode=38,keysym=0
119171 keyboard_press_suppressed reason=already_pressed,keycode=38
119204 binding_release binding=KEY_W,keycode=25
119204 inject_release keycode=25
119204 keyboard_release_suppressed reason=not_pressed_or_sticky,keycode=25
119204 binding_release binding=KEY_D,keycode=40
119204 inject_release keycode=40
119204 keyboard_release_suppressed reason=not_pressed_or_sticky,keycode=40
119204 binding_release binding=KEY_S,keycode=39
119204 inject_release keycode=39
119204 keyboard_release_suppressed reason=not_pressed_or_sticky,keycode=39
119204 binding_press binding=KEY_A,keycode=38
119204 inject_press keycode=38,keysym=0
119204 keyboard_press_suppressed reason=already_pressed,keycode=38
119220 binding_release binding=KEY_W,keycode=25
119220 inject_release keycode=25
119220 keyboard_release_suppressed reason=not_pressed_or_sticky,keycode=25
119220 binding_release binding=KEY_D,keycode=40
119220 inject_release keycode=40
119220 keyboard_release_suppressed reason=not_pressed_or_sticky,keycode=40
119220 binding_release binding=KEY_S,keycode=39
119220 inject_release keycode=39
119221 keyboard_release_suppressed reason=not_pressed_or_sticky,keycode=39
119221 binding_press binding=KEY_A,keycode=38
119221 inject_press keycode=38,keysym=0
119221 keyboard_press_suppressed reason=already_pressed,keycode=38
119236 binding_release binding=KEY_W,keycode=25
119237 inject_release keycode=25
119237 keyboard_release_suppressed reason=not_pressed_or_sticky,keycode=25
119237 binding_release binding=KEY_D,keycode=40
119237 inject_release keycode=40
119237 keyboard_release_suppressed reason=not_pressed_or_sticky,keycode=40
119237 binding_release binding=KEY_S,keycode=39
119237 inject_release keycode=39
119237 keyboard_release_suppressed reason=not_pressed_or_sticky,keycode=39
119237 binding_press binding=KEY_A,keycode=38
119237 inject_press keycode=38,keysym=0
119237 keyboard_press_suppressed reason=already_pressed,keycode=38
119270 binding_release binding=KEY_W,keycode=25
119270 inject_release keycode=25
119270 keyboard_release_suppressed reason=not_pressed_or_sticky,keycode=25
119270 binding_release binding=KEY_D,keycode=40
119270 inject_release keycode=40
119270 keyboard_release_suppressed reason=not_pressed_or_sticky,keycode=40
119270 binding_release binding=KEY_S,keycode=39
119270 inject_release keycode=39
119270 keyboard_release_suppressed reason=not_pressed_or_sticky,keycode=39
119270 binding_press binding=KEY_A,keycode=38
119270 inject_press keycode=38,keysym=0
119270 keyboard_press_suppressed reason=already_pressed,keycode=38
119303 binding_release binding=KEY_W,keycode=25
119303 inject_release keycode=25
119303 keyboard_release_suppressed reason=not_pressed_or_sticky,keycode=25
119303 binding_release binding=KEY_D,keycode=40
119303 inject_release keycode=40
119303 keyboard_release_suppressed reason=not_pressed_or_sticky,keycode=40
119303 binding_release binding=KEY_S,keycode=39
119304 inject_release keycode=39
119304 keyboard_release_suppressed reason=not_pressed_or_sticky,keycode=39
119304 binding_press binding=KEY_A,keycode=38
119304 inject_press keycode=38,keysym=0
119304 keyboard_press_suppressed reason=already_pressed,keycode=38
119353 binding_release binding=KEY_W,keycode=25
119353 inject_release keycode=25
119353 keyboard_release_suppressed reason=not_pressed_or_sticky,keycode=25
119353 binding_release binding=KEY_D,keycode=40
119353 inject_release keycode=40
119353 keyboard_release_suppressed reason=not_pressed_or_sticky,keycode=40
119353 binding_release binding=KEY_S,keycode=39
119353 inject_release keycode=39
119353 keyboard_release_suppressed reason=not_pressed_or_sticky,keycode=39
119353 binding_press binding=KEY_A,keycode=38
119353 inject_press keycode=38,keysym=0
119353 keyboard_press_suppressed reason=already_pressed,keycode=38
119369 binding_release binding=KEY_W,keycode=25
119370 inject_release keycode=25
119370 keyboard_release_suppressed reason=not_pressed_or_sticky,keycode=25
119370 binding_release binding=KEY_D,keycode=40
119370 inject_release keycode=40
119370 keyboard_release_suppressed reason=not_pressed_or_sticky,keycode=40
119370 binding_release binding=KEY_S,keycode=39
119370 inject_release keycode=39
119370 keyboard_release_suppressed reason=not_pressed_or_sticky,keycode=39
119370 binding_press binding=KEY_A,keycode=38
119370 inject_press keycode=38,keysym=0
119370 keyboard_press_suppressed reason=already_pressed,keycode=38
119407 binding_release binding=KEY_A,keycode=38
119407 inject_release keycode=38
119408 key_release_received keycode=38,focus={id=29360133,parent=20971527,name=Stardew Valley,class=stardew valley.exe,mapped=true,viewable=true,enabled=true,renderable=true,surface=false,application=true,keyPress=true,keyRelease=true},point={id=25165854,parent=29360133,name=,class=,mapped=true,viewable=true,enabled=true,renderable=true,surface=false,application=false,keyPress=false,keyRelease=false}
119408 key_release_ancestor_target target={id=29360133,parent=20971527,name=Stardew Valley,class=stardew valley.exe,mapped=true,viewable=true,enabled=true,renderable=true,surface=false,application=true,keyPress=true,keyRelease=true}
119408 key_release_sent keycode=38,target={id=29360133,parent=20971527,name=Stardew Valley,class=stardew valley.exe,mapped=true,viewable=true,enabled=true,renderable=true,surface=false,application=true,keyPress=true,keyRelease=true}
119665 binding_release binding=KEY_W,keycode=25
119665 inject_release keycode=25
119666 keyboard_release_suppressed reason=not_pressed_or_sticky,keycode=25
119666 binding_press binding=KEY_D,keycode=40
119666 inject_press keycode=40,keysym=0
119666 key_press_received keycode=40,keysym=0,focus={id=29360133,parent=20971527,name=Stardew Valley,class=stardew valley.exe,mapped=true,viewable=true,enabled=true,renderable=true,surface=false,application=true,keyPress=true,keyRelease=true},point={id=25165854,parent=29360133,name=,class=,mapped=true,viewable=true,enabled=true,renderable=true,surface=false,application=false,keyPress=false,keyRelease=false}
119666 key_press_ancestor_target target={id=29360133,parent=20971527,name=Stardew Valley,class=stardew valley.exe,mapped=true,viewable=true,enabled=true,renderable=true,surface=false,application=true,keyPress=true,keyRelease=true}
119666 key_press_sent keycode=40,target={id=29360133,parent=20971527,name=Stardew Valley,class=stardew valley.exe,mapped=true,viewable=true,enabled=true,renderable=true,surface=false,application=true,keyPress=true,keyRelease=true}
119666 binding_release binding=KEY_S,keycode=39
119666 inject_release keycode=39
119666 keyboard_release_suppressed reason=not_pressed_or_sticky,keycode=39
119666 binding_release binding=KEY_A,keycode=38
119666 inject_release keycode=38
119666 keyboard_release_suppressed reason=not_pressed_or_sticky,keycode=38
119685 binding_release binding=KEY_W,keycode=25
119685 inject_release keycode=25
119685 keyboard_release_suppressed reason=not_pressed_or_sticky,keycode=25
119685 binding_press binding=KEY_D,keycode=40
119685 inject_press keycode=40,keysym=0
119685 keyboard_press_suppressed reason=already_pressed,keycode=40
119685 binding_release binding=KEY_S,keycode=39
119685 inject_release keycode=39
119685 keyboard_release_suppressed reason=not_pressed_or_sticky,keycode=39
119685 binding_release binding=KEY_A,keycode=38
119685 inject_release keycode=38
119685 keyboard_release_suppressed reason=not_pressed_or_sticky,keycode=38
119784 binding_release binding=KEY_W,keycode=25
119785 inject_release keycode=25
119785 keyboard_release_suppressed reason=not_pressed_or_sticky,keycode=25
119785 binding_press binding=KEY_D,keycode=40
119785 inject_press keycode=40,keysym=0
119785 keyboard_press_suppressed reason=already_pressed,keycode=40
119785 binding_release binding=KEY_S,keycode=39
119785 inject_release keycode=39
119785 keyboard_release_suppressed reason=not_pressed_or_sticky,keycode=39
119785 binding_release binding=KEY_A,keycode=38
119785 inject_release keycode=38
119785 keyboard_release_suppressed reason=not_pressed_or_sticky,keycode=38
119884 binding_release binding=KEY_W,keycode=25
119884 inject_release keycode=25
119884 keyboard_release_suppressed reason=not_pressed_or_sticky,keycode=25
119884 binding_press binding=KEY_D,keycode=40
119884 inject_press keycode=40,keysym=0
119884 keyboard_press_suppressed reason=already_pressed,keycode=40
119884 binding_release binding=KEY_S,keycode=39
119884 inject_release keycode=39
119884 keyboard_release_suppressed reason=not_pressed_or_sticky,keycode=39
119885 binding_release binding=KEY_A,keycode=38
119885 inject_release keycode=38
119885 keyboard_release_suppressed reason=not_pressed_or_sticky,keycode=38
119984 binding_release binding=KEY_W,keycode=25
119984 inject_release keycode=25
119984 keyboard_release_suppressed reason=not_pressed_or_sticky,keycode=25
119984 binding_press binding=KEY_D,keycode=40
119984 inject_press keycode=40,keysym=0
119984 keyboard_press_suppressed reason=already_pressed,keycode=40
119984 binding_release binding=KEY_S,keycode=39
119984 inject_release keycode=39
119984 keyboard_release_suppressed reason=not_pressed_or_sticky,keycode=39
119984 binding_release binding=KEY_A,keycode=38
119984 inject_release keycode=38
119984 keyboard_release_suppressed reason=not_pressed_or_sticky,keycode=38
120050 binding_release binding=KEY_W,keycode=25
120050 inject_release keycode=25
120050 keyboard_release_suppressed reason=not_pressed_or_sticky,keycode=25
120050 binding_press binding=KEY_D,keycode=40
120050 inject_press keycode=40,keysym=0
120050 keyboard_press_suppressed reason=already_pressed,keycode=40
120050 binding_release binding=KEY_S,keycode=39
120050 inject_release keycode=39
120050 keyboard_release_suppressed reason=not_pressed_or_sticky,keycode=39
120050 binding_release binding=KEY_A,keycode=38
120051 inject_release keycode=38
120051 keyboard_release_suppressed reason=not_pressed_or_sticky,keycode=38
120067 binding_release binding=KEY_W,keycode=25
120067 inject_release keycode=25
120067 keyboard_release_suppressed reason=not_pressed_or_sticky,keycode=25
120067 binding_press binding=KEY_D,keycode=40
120067 inject_press keycode=40,keysym=0
120067 keyboard_press_suppressed reason=already_pressed,keycode=40
120067 binding_release binding=KEY_S,keycode=39
120067 inject_release keycode=39
120067 keyboard_release_suppressed reason=not_pressed_or_sticky,keycode=39
120067 binding_release binding=KEY_A,keycode=38
120067 inject_release keycode=38
120067 keyboard_release_suppressed reason=not_pressed_or_sticky,keycode=38
120133 binding_release binding=KEY_W,keycode=25
120133 inject_release keycode=25
120133 keyboard_release_suppressed reason=not_pressed_or_sticky,keycode=25
120133 binding_press binding=KEY_D,keycode=40
120133 inject_press keycode=40,keysym=0
120133 keyboard_press_suppressed reason=already_pressed,keycode=40
120133 binding_release binding=KEY_S,keycode=39
120133 inject_release keycode=39
120133 keyboard_release_suppressed reason=not_pressed_or_sticky,keycode=39
120133 binding_release binding=KEY_A,keycode=38
120133 inject_release keycode=38
120133 keyboard_release_suppressed reason=not_pressed_or_sticky,keycode=38
120150 binding_release binding=KEY_W,keycode=25
120150 inject_release keycode=25
120150 keyboard_release_suppressed reason=not_pressed_or_sticky,keycode=25
120150 binding_press binding=KEY_D,keycode=40
120150 inject_press keycode=40,keysym=0
120150 keyboard_press_suppressed reason=already_pressed,keycode=40
120150 binding_release binding=KEY_S,keycode=39
120150 inject_release keycode=39
120150 keyboard_release_suppressed reason=not_pressed_or_sticky,keycode=39
120150 binding_release binding=KEY_A,keycode=38
120150 inject_release keycode=38
120150 keyboard_release_suppressed reason=not_pressed_or_sticky,keycode=38
120249 binding_release binding=KEY_W,keycode=25
120249 inject_release keycode=25
120249 keyboard_release_suppressed reason=not_pressed_or_sticky,keycode=25
120249 binding_press binding=KEY_D,keycode=40
120249 inject_press keycode=40,keysym=0
120250 keyboard_press_suppressed reason=already_pressed,keycode=40
120250 binding_release binding=KEY_S,keycode=39
120250 inject_release keycode=39
120250 keyboard_release_suppressed reason=not_pressed_or_sticky,keycode=39
120250 binding_release binding=KEY_A,keycode=38
120250 inject_release keycode=38
120250 keyboard_release_suppressed reason=not_pressed_or_sticky,keycode=38
120299 binding_release binding=KEY_W,keycode=25
120299 inject_release keycode=25
120299 keyboard_release_suppressed reason=not_pressed_or_sticky,keycode=25
120299 binding_press binding=KEY_D,keycode=40
120299 inject_press keycode=40,keysym=0
120299 keyboard_press_suppressed reason=already_pressed,keycode=40
120299 binding_release binding=KEY_S,keycode=39
120299 inject_release keycode=39
120299 keyboard_release_suppressed reason=not_pressed_or_sticky,keycode=39
120300 binding_release binding=KEY_A,keycode=38
120300 inject_release keycode=38
120300 keyboard_release_suppressed reason=not_pressed_or_sticky,keycode=38
120332 binding_release binding=KEY_W,keycode=25
120332 inject_release keycode=25
120333 keyboard_release_suppressed reason=not_pressed_or_sticky,keycode=25
120333 binding_press binding=KEY_D,keycode=40
120333 inject_press keycode=40,keysym=0
120333 keyboard_press_suppressed reason=already_pressed,keycode=40
120333 binding_release binding=KEY_S,keycode=39
120333 inject_release keycode=39
120333 keyboard_release_suppressed reason=not_pressed_or_sticky,keycode=39
120333 binding_release binding=KEY_A,keycode=38
120333 inject_release keycode=38
120333 keyboard_release_suppressed reason=not_pressed_or_sticky,keycode=38
120349 binding_release binding=KEY_W,keycode=25
120349 inject_release keycode=25
120349 keyboard_release_suppressed reason=not_pressed_or_sticky,keycode=25
120349 binding_press binding=KEY_D,keycode=40
120349 inject_press keycode=40,keysym=0
120349 keyboard_press_suppressed reason=already_pressed,keycode=40
120349 binding_release binding=KEY_S,keycode=39
120350 inject_release keycode=39
120350 keyboard_release_suppressed reason=not_pressed_or_sticky,keycode=39
120350 binding_release binding=KEY_A,keycode=38
120350 inject_release keycode=38
120350 keyboard_release_suppressed reason=not_pressed_or_sticky,keycode=38
120352 binding_release binding=KEY_D,keycode=40
120352 inject_release keycode=40
120352 key_release_received keycode=40,focus={id=29360133,parent=20971527,name=Stardew Valley,class=stardew valley.exe,mapped=true,viewable=true,enabled=true,renderable=true,surface=false,application=true,keyPress=true,keyRelease=true},point={id=25165854,parent=29360133,name=,class=,mapped=true,viewable=true,enabled=true,renderable=true,surface=false,application=false,keyPress=false,keyRelease=false}
120352 key_release_ancestor_target target={id=29360133,parent=20971527,name=Stardew Valley,class=stardew valley.exe,mapped=true,viewable=true,enabled=true,renderable=true,surface=false,application=true,keyPress=true,keyRelease=true}
120352 key_release_sent keycode=40,target={id=29360133,parent=20971527,name=Stardew Valley,class=stardew valley.exe,mapped=true,viewable=true,enabled=true,renderable=true,surface=false,application=true,keyPress=true,keyRelease=true}
120667 binding_release binding=KEY_W,keycode=25
120667 inject_release keycode=25
120667 keyboard_release_suppressed reason=not_pressed_or_sticky,keycode=25
120667 binding_release binding=KEY_D,keycode=40
120667 inject_release keycode=40
120667 keyboard_release_suppressed reason=not_pressed_or_sticky,keycode=40
120667 binding_press binding=KEY_S,keycode=39
120667 inject_press keycode=39,keysym=0
120668 key_press_received keycode=39,keysym=0,focus={id=29360133,parent=20971527,name=Stardew Valley,class=stardew valley.exe,mapped=true,viewable=true,enabled=true,renderable=true,surface=false,application=true,keyPress=true,keyRelease=true},point={id=25165854,parent=29360133,name=,class=,mapped=true,viewable=true,enabled=true,renderable=true,surface=false,application=false,keyPress=false,keyRelease=false}
120668 key_press_ancestor_target target={id=29360133,parent=20971527,name=Stardew Valley,class=stardew valley.exe,mapped=true,viewable=true,enabled=true,renderable=true,surface=false,application=true,keyPress=true,keyRelease=true}
120668 key_press_sent keycode=39,target={id=29360133,parent=20971527,name=Stardew Valley,class=stardew valley.exe,mapped=true,viewable=true,enabled=true,renderable=true,surface=false,application=true,keyPress=true,keyRelease=true}
120668 binding_release binding=KEY_A,keycode=38
120668 inject_release keycode=38
120668 keyboard_release_suppressed reason=not_pressed_or_sticky,keycode=38
120681 binding_release binding=KEY_W,keycode=25
120681 inject_release keycode=25
120681 keyboard_release_suppressed reason=not_pressed_or_sticky,keycode=25
120681 binding_release binding=KEY_D,keycode=40
120681 inject_release keycode=40
120682 keyboard_release_suppressed reason=not_pressed_or_sticky,keycode=40
120682 binding_press binding=KEY_S,keycode=39
120682 inject_press keycode=39,keysym=0
120682 keyboard_press_suppressed reason=already_pressed,keycode=39
120682 binding_release binding=KEY_A,keycode=38
120682 inject_release keycode=38
120682 keyboard_release_suppressed reason=not_pressed_or_sticky,keycode=38
120781 binding_release binding=KEY_W,keycode=25
120781 inject_release keycode=25
120781 keyboard_release_suppressed reason=not_pressed_or_sticky,keycode=25
120781 binding_release binding=KEY_D,keycode=40
120781 inject_release keycode=40
120781 keyboard_release_suppressed reason=not_pressed_or_sticky,keycode=40
120781 binding_press binding=KEY_S,keycode=39
120782 inject_press keycode=39,keysym=0
120782 keyboard_press_suppressed reason=already_pressed,keycode=39
120782 binding_release binding=KEY_A,keycode=38
120782 inject_release keycode=38
120782 keyboard_release_suppressed reason=not_pressed_or_sticky,keycode=38
120798 binding_release binding=KEY_W,keycode=25
120798 inject_release keycode=25
120798 keyboard_release_suppressed reason=not_pressed_or_sticky,keycode=25
120798 binding_release binding=KEY_D,keycode=40
120798 inject_release keycode=40
120798 keyboard_release_suppressed reason=not_pressed_or_sticky,keycode=40
120798 binding_press binding=KEY_S,keycode=39
120798 inject_press keycode=39,keysym=0
120798 keyboard_press_suppressed reason=already_pressed,keycode=39
120798 binding_release binding=KEY_A,keycode=38
120798 inject_release keycode=38
120798 keyboard_release_suppressed reason=not_pressed_or_sticky,keycode=38
120814 binding_release binding=KEY_W,keycode=25
120814 inject_release keycode=25
120814 keyboard_release_suppressed reason=not_pressed_or_sticky,keycode=25
120814 binding_release binding=KEY_D,keycode=40
120814 inject_release keycode=40
120814 keyboard_release_suppressed reason=not_pressed_or_sticky,keycode=40
120814 binding_press binding=KEY_S,keycode=39
120814 inject_press keycode=39,keysym=0
120814 keyboard_press_suppressed reason=already_pressed,keycode=39
120814 binding_release binding=KEY_A,keycode=38
120814 inject_release keycode=38
120815 keyboard_release_suppressed reason=not_pressed_or_sticky,keycode=38
120848 binding_release binding=KEY_W,keycode=25
120848 inject_release keycode=25
120848 keyboard_release_suppressed reason=not_pressed_or_sticky,keycode=25
120848 binding_release binding=KEY_D,keycode=40
120848 inject_release keycode=40
120848 keyboard_release_suppressed reason=not_pressed_or_sticky,keycode=40
120848 binding_press binding=KEY_S,keycode=39
120848 inject_press keycode=39,keysym=0
120848 keyboard_press_suppressed reason=already_pressed,keycode=39
120848 binding_release binding=KEY_A,keycode=38
120848 inject_release keycode=38
120848 keyboard_release_suppressed reason=not_pressed_or_sticky,keycode=38
120857 binding_release binding=KEY_S,keycode=39
120857 inject_release keycode=39
120857 key_release_received keycode=39,focus={id=29360133,parent=20971527,name=Stardew Valley,class=stardew valley.exe,mapped=true,viewable=true,enabled=true,renderable=true,surface=false,application=true,keyPress=true,keyRelease=true},point={id=25165854,parent=29360133,name=,class=,mapped=true,viewable=true,enabled=true,renderable=true,surface=false,application=false,keyPress=false,keyRelease=false}
120857 key_release_ancestor_target target={id=29360133,parent=20971527,name=Stardew Valley,class=stardew valley.exe,mapped=true,viewable=true,enabled=true,renderable=true,surface=false,application=true,keyPress=true,keyRelease=true}
120858 key_release_sent keycode=39,target={id=29360133,parent=20971527,name=Stardew Valley,class=stardew valley.exe,mapped=true,viewable=true,enabled=true,renderable=true,surface=false,application=true,keyPress=true,keyRelease=true}
121022 binding_press binding=KEY_W,keycode=25
121022 inject_press keycode=25,keysym=0
121022 key_press_received keycode=25,keysym=0,focus={id=29360133,parent=20971527,name=Stardew Valley,class=stardew valley.exe,mapped=true,viewable=true,enabled=true,renderable=true,surface=false,application=true,keyPress=true,keyRelease=true},point={id=25165854,parent=29360133,name=,class=,mapped=true,viewable=true,enabled=true,renderable=true,surface=false,application=false,keyPress=false,keyRelease=false}
121022 key_press_ancestor_target target={id=29360133,parent=20971527,name=Stardew Valley,class=stardew valley.exe,mapped=true,viewable=true,enabled=true,renderable=true,surface=false,application=true,keyPress=true,keyRelease=true}
121022 key_press_sent keycode=25,target={id=29360133,parent=20971527,name=Stardew Valley,class=stardew valley.exe,mapped=true,viewable=true,enabled=true,renderable=true,surface=false,application=true,keyPress=true,keyRelease=true}
121022 binding_release binding=KEY_D,keycode=40
121023 inject_release keycode=40
121023 keyboard_release_suppressed reason=not_pressed_or_sticky,keycode=40
121023 binding_release binding=KEY_S,keycode=39
121023 inject_release keycode=39
121023 keyboard_release_suppressed reason=not_pressed_or_sticky,keycode=39
121023 binding_release binding=KEY_A,keycode=38
121023 inject_release keycode=38
121023 keyboard_release_suppressed reason=not_pressed_or_sticky,keycode=38
121030 binding_press binding=KEY_W,keycode=25
121030 inject_press keycode=25,keysym=0
121030 keyboard_press_suppressed reason=already_pressed,keycode=25
121030 binding_release binding=KEY_D,keycode=40
121030 inject_release keycode=40
121030 keyboard_release_suppressed reason=not_pressed_or_sticky,keycode=40
121031 binding_release binding=KEY_S,keycode=39
121031 inject_release keycode=39
121031 keyboard_release_suppressed reason=not_pressed_or_sticky,keycode=39
121031 binding_release binding=KEY_A,keycode=38
121031 inject_release keycode=38
121031 keyboard_release_suppressed reason=not_pressed_or_sticky,keycode=38
121130 binding_press binding=KEY_W,keycode=25
121130 inject_press keycode=25,keysym=0
121130 keyboard_press_suppressed reason=already_pressed,keycode=25
121130 binding_release binding=KEY_D,keycode=40
121130 inject_release keycode=40
121130 keyboard_release_suppressed reason=not_pressed_or_sticky,keycode=40
121130 binding_release binding=KEY_S,keycode=39
121130 inject_release keycode=39
121130 keyboard_release_suppressed reason=not_pressed_or_sticky,keycode=39
121131 binding_release binding=KEY_A,keycode=38
121131 inject_release keycode=38
121131 keyboard_release_suppressed reason=not_pressed_or_sticky,keycode=38
121143 binding_press binding=KEY_W,keycode=25
121143 inject_press keycode=25,keysym=0
121143 keyboard_press_suppressed reason=already_pressed,keycode=25
121143 binding_release binding=KEY_D,keycode=40
121143 inject_release keycode=40
121143 keyboard_release_suppressed reason=not_pressed_or_sticky,keycode=40
121143 binding_release binding=KEY_S,keycode=39
121144 inject_release keycode=39
121144 keyboard_release_suppressed reason=not_pressed_or_sticky,keycode=39
121144 binding_release binding=KEY_A,keycode=38
121144 inject_release keycode=38
121144 keyboard_release_suppressed reason=not_pressed_or_sticky,keycode=38
121145 binding_release binding=KEY_W,keycode=25
121145 inject_release keycode=25
121145 key_release_received keycode=25,focus={id=29360133,parent=20971527,name=Stardew Valley,class=stardew valley.exe,mapped=true,viewable=true,enabled=true,renderable=true,surface=false,application=true,keyPress=true,keyRelease=true},point={id=25165854,parent=29360133,name=,class=,mapped=true,viewable=true,enabled=true,renderable=true,surface=false,application=false,keyPress=false,keyRelease=false}
121145 key_release_ancestor_target target={id=29360133,parent=20971527,name=Stardew Valley,class=stardew valley.exe,mapped=true,viewable=true,enabled=true,renderable=true,surface=false,application=true,keyPress=true,keyRelease=true}
121145 key_release_sent keycode=25,target={id=29360133,parent=20971527,name=Stardew Valley,class=stardew valley.exe,mapped=true,viewable=true,enabled=true,renderable=true,surface=false,application=true,keyPress=true,keyRelease=true}
121291 binding_release binding=KEY_W,keycode=25
121292 inject_release keycode=25
121292 keyboard_release_suppressed reason=not_pressed_or_sticky,keycode=25
121292 binding_release binding=KEY_D,keycode=40
121292 inject_release keycode=40
121292 keyboard_release_suppressed reason=not_pressed_or_sticky,keycode=40
121292 binding_release binding=KEY_S,keycode=39
121292 inject_release keycode=39
121292 keyboard_release_suppressed reason=not_pressed_or_sticky,keycode=39
121292 binding_press binding=KEY_A,keycode=38
121292 inject_press keycode=38,keysym=0
121292 key_press_received keycode=38,keysym=0,focus={id=29360133,parent=20971527,name=Stardew Valley,class=stardew valley.exe,mapped=true,viewable=true,enabled=true,renderable=true,surface=false,application=true,keyPress=true,keyRelease=true},point={id=25165854,parent=29360133,name=,class=,mapped=true,viewable=true,enabled=true,renderable=true,surface=false,application=false,keyPress=false,keyRelease=false}
121292 key_press_ancestor_target target={id=29360133,parent=20971527,name=Stardew Valley,class=stardew valley.exe,mapped=true,viewable=true,enabled=true,renderable=true,surface=false,application=true,keyPress=true,keyRelease=true}
121293 key_press_sent keycode=38,target={id=29360133,parent=20971527,name=Stardew Valley,class=stardew valley.exe,mapped=true,viewable=true,enabled=true,renderable=true,surface=false,application=true,keyPress=true,keyRelease=true}
121312 binding_release binding=KEY_W,keycode=25
121313 inject_release keycode=25
121313 keyboard_release_suppressed reason=not_pressed_or_sticky,keycode=25
121313 binding_release binding=KEY_D,keycode=40
121313 inject_release keycode=40
121313 keyboard_release_suppressed reason=not_pressed_or_sticky,keycode=40
121313 binding_release binding=KEY_S,keycode=39
121313 inject_release keycode=39
121313 keyboard_release_suppressed reason=not_pressed_or_sticky,keycode=39
121313 binding_press binding=KEY_A,keycode=38
121313 inject_press keycode=38,keysym=0
121313 keyboard_press_suppressed reason=already_pressed,keycode=38
121329 binding_release binding=KEY_W,keycode=25
121329 inject_release keycode=25
121329 keyboard_release_suppressed reason=not_pressed_or_sticky,keycode=25
121329 binding_release binding=KEY_D,keycode=40
121329 inject_release keycode=40
121329 keyboard_release_suppressed reason=not_pressed_or_sticky,keycode=40
121329 binding_release binding=KEY_S,keycode=39
121329 inject_release keycode=39
121329 keyboard_release_suppressed reason=not_pressed_or_sticky,keycode=39
121329 binding_press binding=KEY_A,keycode=38
121329 inject_press keycode=38,keysym=0
121329 keyboard_press_suppressed reason=already_pressed,keycode=38
121429 binding_release binding=KEY_W,keycode=25
121429 inject_release keycode=25
121429 keyboard_release_suppressed reason=not_pressed_or_sticky,keycode=25
121429 binding_release binding=KEY_D,keycode=40
121429 inject_release keycode=40
121429 keyboard_release_suppressed reason=not_pressed_or_sticky,keycode=40
121429 binding_release binding=KEY_S,keycode=39
121429 inject_release keycode=39
121429 keyboard_release_suppressed reason=not_pressed_or_sticky,keycode=39
121429 binding_press binding=KEY_A,keycode=38
121429 inject_press keycode=38,keysym=0
121429 keyboard_press_suppressed reason=already_pressed,keycode=38
121528 binding_release binding=KEY_W,keycode=25
121529 inject_release keycode=25
121529 keyboard_release_suppressed reason=not_pressed_or_sticky,keycode=25
121529 binding_release binding=KEY_D,keycode=40
121529 inject_release keycode=40
121529 keyboard_release_suppressed reason=not_pressed_or_sticky,keycode=40
121529 binding_release binding=KEY_S,keycode=39
121529 inject_release keycode=39
121529 keyboard_release_suppressed reason=not_pressed_or_sticky,keycode=39
121529 binding_press binding=KEY_A,keycode=38
121529 inject_press keycode=38,keysym=0
121529 keyboard_press_suppressed reason=already_pressed,keycode=38
121628 binding_release binding=KEY_W,keycode=25
121628 inject_release keycode=25
121628 keyboard_release_suppressed reason=not_pressed_or_sticky,keycode=25
121628 binding_release binding=KEY_D,keycode=40
121628 inject_release keycode=40
121628 keyboard_release_suppressed reason=not_pressed_or_sticky,keycode=40
121628 binding_release binding=KEY_S,keycode=39
121628 inject_release keycode=39
121628 keyboard_release_suppressed reason=not_pressed_or_sticky,keycode=39
121628 binding_press binding=KEY_A,keycode=38
121628 inject_press keycode=38,keysym=0
121628 keyboard_press_suppressed reason=already_pressed,keycode=38
121695 binding_release binding=KEY_W,keycode=25
121695 inject_release keycode=25
121695 keyboard_release_suppressed reason=not_pressed_or_sticky,keycode=25
121695 binding_release binding=KEY_D,keycode=40
121695 inject_release keycode=40
121695 keyboard_release_suppressed reason=not_pressed_or_sticky,keycode=40
121695 binding_release binding=KEY_S,keycode=39
121696 inject_release keycode=39
121696 keyboard_release_suppressed reason=not_pressed_or_sticky,keycode=39
121696 binding_press binding=KEY_A,keycode=38
121696 inject_press keycode=38,keysym=0
121696 keyboard_press_suppressed reason=already_pressed,keycode=38
121728 binding_release binding=KEY_W,keycode=25
121728 inject_release keycode=25
121728 keyboard_release_suppressed reason=not_pressed_or_sticky,keycode=25
121728 binding_release binding=KEY_D,keycode=40
121728 inject_release keycode=40
121728 keyboard_release_suppressed reason=not_pressed_or_sticky,keycode=40
121728 binding_release binding=KEY_S,keycode=39
121728 inject_release keycode=39
121728 keyboard_release_suppressed reason=not_pressed_or_sticky,keycode=39
121728 binding_press binding=KEY_A,keycode=38
121728 inject_press keycode=38,keysym=0
121728 keyboard_press_suppressed reason=already_pressed,keycode=38
121827 binding_release binding=KEY_W,keycode=25
121827 inject_release keycode=25
121827 keyboard_release_suppressed reason=not_pressed_or_sticky,keycode=25
121827 binding_release binding=KEY_D,keycode=40
121827 inject_release keycode=40
121827 keyboard_release_suppressed reason=not_pressed_or_sticky,keycode=40
121828 binding_release binding=KEY_S,keycode=39
121828 inject_release keycode=39
121828 keyboard_release_suppressed reason=not_pressed_or_sticky,keycode=39
121828 binding_press binding=KEY_A,keycode=38
121828 inject_press keycode=38,keysym=0
121828 keyboard_press_suppressed reason=already_pressed,keycode=38
121927 binding_release binding=KEY_W,keycode=25
121927 inject_release keycode=25
121927 keyboard_release_suppressed reason=not_pressed_or_sticky,keycode=25
121927 binding_release binding=KEY_D,keycode=40
121927 inject_release keycode=40
121927 keyboard_release_suppressed reason=not_pressed_or_sticky,keycode=40
121927 binding_release binding=KEY_S,keycode=39
121927 inject_release keycode=39
121927 keyboard_release_suppressed reason=not_pressed_or_sticky,keycode=39
121927 binding_press binding=KEY_A,keycode=38
121927 inject_press keycode=38,keysym=0
121928 keyboard_press_suppressed reason=already_pressed,keycode=38
122027 binding_release binding=KEY_W,keycode=25
122027 inject_release keycode=25
122027 keyboard_release_suppressed reason=not_pressed_or_sticky,keycode=25
122027 binding_release binding=KEY_D,keycode=40
122027 inject_release keycode=40
122027 keyboard_release_suppressed reason=not_pressed_or_sticky,keycode=40
122027 binding_release binding=KEY_S,keycode=39
122027 inject_release keycode=39
122027 keyboard_release_suppressed reason=not_pressed_or_sticky,keycode=39
122027 binding_press binding=KEY_A,keycode=38
122027 inject_press keycode=38,keysym=0
122027 keyboard_press_suppressed reason=already_pressed,keycode=38
122126 binding_release binding=KEY_W,keycode=25
122126 inject_release keycode=25
122127 keyboard_release_suppressed reason=not_pressed_or_sticky,keycode=25
122127 binding_release binding=KEY_D,keycode=40
122127 inject_release keycode=40
122127 keyboard_release_suppressed reason=not_pressed_or_sticky,keycode=40
122127 binding_release binding=KEY_S,keycode=39
122127 inject_release keycode=39
122127 keyboard_release_suppressed reason=not_pressed_or_sticky,keycode=39
122127 binding_press binding=KEY_A,keycode=38
122127 inject_press keycode=38,keysym=0
122127 keyboard_press_suppressed reason=already_pressed,keycode=38
122226 binding_release binding=KEY_W,keycode=25
122226 inject_release keycode=25
122226 keyboard_release_suppressed reason=not_pressed_or_sticky,keycode=25
122226 binding_release binding=KEY_D,keycode=40
122226 inject_release keycode=40
122226 keyboard_release_suppressed reason=not_pressed_or_sticky,keycode=40
122226 binding_release binding=KEY_S,keycode=39
122226 inject_release keycode=39
122226 keyboard_release_suppressed reason=not_pressed_or_sticky,keycode=39
122226 binding_press binding=KEY_A,keycode=38
122226 inject_press keycode=38,keysym=0
122226 keyboard_press_suppressed reason=already_pressed,keycode=38
122326 binding_release binding=KEY_W,keycode=25
122326 inject_release keycode=25
122326 keyboard_release_suppressed reason=not_pressed_or_sticky,keycode=25
122326 binding_release binding=KEY_D,keycode=40
122326 inject_release keycode=40
122326 keyboard_release_suppressed reason=not_pressed_or_sticky,keycode=40
122326 binding_release binding=KEY_S,keycode=39
122326 inject_release keycode=39
122326 keyboard_release_suppressed reason=not_pressed_or_sticky,keycode=39
122327 binding_press binding=KEY_A,keycode=38
122327 inject_press keycode=38,keysym=0
122327 keyboard_press_suppressed reason=already_pressed,keycode=38
122425 binding_release binding=KEY_W,keycode=25
122425 inject_release keycode=25
122425 keyboard_release_suppressed reason=not_pressed_or_sticky,keycode=25
122425 binding_release binding=KEY_D,keycode=40
122425 inject_release keycode=40
122425 keyboard_release_suppressed reason=not_pressed_or_sticky,keycode=40
122425 binding_release binding=KEY_S,keycode=39
122426 inject_release keycode=39
122426 keyboard_release_suppressed reason=not_pressed_or_sticky,keycode=39
122426 binding_press binding=KEY_A,keycode=38
122426 inject_press keycode=38,keysym=0
122426 keyboard_press_suppressed reason=already_pressed,keycode=38
122525 binding_release binding=KEY_W,keycode=25
122525 inject_release keycode=25
122525 keyboard_release_suppressed reason=not_pressed_or_sticky,keycode=25
122525 binding_release binding=KEY_D,keycode=40
122525 inject_release keycode=40
122525 keyboard_release_suppressed reason=not_pressed_or_sticky,keycode=40
122525 binding_release binding=KEY_S,keycode=39
122525 inject_release keycode=39
122525 keyboard_release_suppressed reason=not_pressed_or_sticky,keycode=39
122525 binding_press binding=KEY_A,keycode=38
122525 inject_press keycode=38,keysym=0
122525 keyboard_press_suppressed reason=already_pressed,keycode=38
122642 binding_release binding=KEY_W,keycode=25
122642 inject_release keycode=25
122642 keyboard_release_suppressed reason=not_pressed_or_sticky,keycode=25
122642 binding_release binding=KEY_D,keycode=40
122642 inject_release keycode=40
122642 keyboard_release_suppressed reason=not_pressed_or_sticky,keycode=40
122642 binding_release binding=KEY_S,keycode=39
122642 inject_release keycode=39
122642 keyboard_release_suppressed reason=not_pressed_or_sticky,keycode=39
122643 binding_press binding=KEY_A,keycode=38
122643 inject_press keycode=38,keysym=0
122643 keyboard_press_suppressed reason=already_pressed,keycode=38
122741 binding_release binding=KEY_W,keycode=25
122741 inject_release keycode=25
122741 keyboard_release_suppressed reason=not_pressed_or_sticky,keycode=25
122741 binding_release binding=KEY_D,keycode=40
122741 inject_release keycode=40
122741 keyboard_release_suppressed reason=not_pressed_or_sticky,keycode=40
122741 binding_release binding=KEY_S,keycode=39
122741 inject_release keycode=39
122741 keyboard_release_suppressed reason=not_pressed_or_sticky,keycode=39
122741 binding_press binding=KEY_A,keycode=38
122741 inject_press keycode=38,keysym=0
122741 keyboard_press_suppressed reason=already_pressed,keycode=38
122841 binding_release binding=KEY_W,keycode=25
122841 inject_release keycode=25
122842 keyboard_release_suppressed reason=not_pressed_or_sticky,keycode=25
122842 binding_release binding=KEY_D,keycode=40
122842 inject_release keycode=40
122842 keyboard_release_suppressed reason=not_pressed_or_sticky,keycode=40
122842 binding_release binding=KEY_S,keycode=39
122842 inject_release keycode=39
122842 keyboard_release_suppressed reason=not_pressed_or_sticky,keycode=39
122842 binding_press binding=KEY_A,keycode=38
122842 inject_press keycode=38,keysym=0
122842 keyboard_press_suppressed reason=already_pressed,keycode=38
122940 binding_release binding=KEY_W,keycode=25
122940 inject_release keycode=25
122940 keyboard_release_suppressed reason=not_pressed_or_sticky,keycode=25
122940 binding_release binding=KEY_D,keycode=40
122940 inject_release keycode=40
122940 keyboard_release_suppressed reason=not_pressed_or_sticky,keycode=40
122940 binding_release binding=KEY_S,keycode=39
122940 inject_release keycode=39
122940 keyboard_release_suppressed reason=not_pressed_or_sticky,keycode=39
122940 binding_press binding=KEY_A,keycode=38
122940 inject_press keycode=38,keysym=0
122940 keyboard_press_suppressed reason=already_pressed,keycode=38
122973 binding_release binding=KEY_W,keycode=25
122973 inject_release keycode=25
122973 keyboard_release_suppressed reason=not_pressed_or_sticky,keycode=25
122973 binding_release binding=KEY_D,keycode=40
122973 inject_release keycode=40
122973 keyboard_release_suppressed reason=not_pressed_or_sticky,keycode=40
122973 binding_release binding=KEY_S,keycode=39
122973 inject_release keycode=39
122973 keyboard_release_suppressed reason=not_pressed_or_sticky,keycode=39
122973 binding_press binding=KEY_A,keycode=38
122973 inject_press keycode=38,keysym=0
122973 keyboard_press_suppressed reason=already_pressed,keycode=38
122989 binding_release binding=KEY_W,keycode=25
122990 inject_release keycode=25
122990 keyboard_release_suppressed reason=not_pressed_or_sticky,keycode=25
122990 binding_release binding=KEY_D,keycode=40
122990 inject_release keycode=40
122990 keyboard_release_suppressed reason=not_pressed_or_sticky,keycode=40
122990 binding_release binding=KEY_S,keycode=39
122990 inject_release keycode=39
122990 keyboard_release_suppressed reason=not_pressed_or_sticky,keycode=39
122990 binding_press binding=KEY_A,keycode=38
122990 inject_press keycode=38,keysym=0
122990 keyboard_press_suppressed reason=already_pressed,keycode=38
123023 binding_release binding=KEY_W,keycode=25
123023 inject_release keycode=25
123023 keyboard_release_suppressed reason=not_pressed_or_sticky,keycode=25
123023 binding_release binding=KEY_D,keycode=40
123023 inject_release keycode=40
123023 keyboard_release_suppressed reason=not_pressed_or_sticky,keycode=40
123024 binding_release binding=KEY_S,keycode=39
123024 inject_release keycode=39
123024 keyboard_release_suppressed reason=not_pressed_or_sticky,keycode=39
123024 binding_press binding=KEY_A,keycode=38
123024 inject_press keycode=38,keysym=0
123024 keyboard_press_suppressed reason=already_pressed,keycode=38
123060 binding_release binding=KEY_W,keycode=25
123060 inject_release keycode=25
123060 keyboard_release_suppressed reason=not_pressed_or_sticky,keycode=25
123060 binding_release binding=KEY_D,keycode=40
123060 inject_release keycode=40
123060 keyboard_release_suppressed reason=not_pressed_or_sticky,keycode=40
123061 binding_release binding=KEY_S,keycode=39
123061 inject_release keycode=39
123061 keyboard_release_suppressed reason=not_pressed_or_sticky,keycode=39
123061 binding_press binding=KEY_A,keycode=38
123061 inject_press keycode=38,keysym=0
123061 keyboard_press_suppressed reason=already_pressed,keycode=38
123062 binding_release binding=KEY_A,keycode=38
123062 inject_release keycode=38
123062 key_release_received keycode=38,focus={id=29360133,parent=20971527,name=Stardew Valley,class=stardew valley.exe,mapped=true,viewable=true,enabled=true,renderable=true,surface=false,application=true,keyPress=true,keyRelease=true},point={id=25165854,parent=29360133,name=,class=,mapped=true,viewable=true,enabled=true,renderable=true,surface=false,application=false,keyPress=false,keyRelease=false}
123062 key_release_ancestor_target target={id=29360133,parent=20971527,name=Stardew Valley,class=stardew valley.exe,mapped=true,viewable=true,enabled=true,renderable=true,surface=false,application=true,keyPress=true,keyRelease=true}
123062 key_release_sent keycode=38,target={id=29360133,parent=20971527,name=Stardew Valley,class=stardew valley.exe,mapped=true,viewable=true,enabled=true,renderable=true,surface=false,application=true,keyPress=true,keyRelease=true}
123262 binding_release binding=KEY_W,keycode=25
123262 inject_release keycode=25
123262 keyboard_release_suppressed reason=not_pressed_or_sticky,keycode=25
123262 binding_release binding=KEY_D,keycode=40
123262 inject_release keycode=40
123262 keyboard_release_suppressed reason=not_pressed_or_sticky,keycode=40
123262 binding_release binding=KEY_S,keycode=39
123262 inject_release keycode=39
123262 keyboard_release_suppressed reason=not_pressed_or_sticky,keycode=39
123263 binding_press binding=KEY_A,keycode=38
123263 inject_press keycode=38,keysym=0
123263 key_press_received keycode=38,keysym=0,focus={id=29360133,parent=20971527,name=Stardew Valley,class=stardew valley.exe,mapped=true,viewable=true,enabled=true,renderable=true,surface=false,application=true,keyPress=true,keyRelease=true},point={id=25165854,parent=29360133,name=,class=,mapped=true,viewable=true,enabled=true,renderable=true,surface=false,application=false,keyPress=false,keyRelease=false}
123263 key_press_ancestor_target target={id=29360133,parent=20971527,name=Stardew Valley,class=stardew valley.exe,mapped=true,viewable=true,enabled=true,renderable=true,surface=false,application=true,keyPress=true,keyRelease=true}
123263 key_press_sent keycode=38,target={id=29360133,parent=20971527,name=Stardew Valley,class=stardew valley.exe,mapped=true,viewable=true,enabled=true,renderable=true,surface=false,application=true,keyPress=true,keyRelease=true}
123305 binding_release binding=KEY_W,keycode=25
123305 inject_release keycode=25
123305 keyboard_release_suppressed reason=not_pressed_or_sticky,keycode=25
123306 binding_release binding=KEY_D,keycode=40
123306 inject_release keycode=40
123306 keyboard_release_suppressed reason=not_pressed_or_sticky,keycode=40
123306 binding_release binding=KEY_S,keycode=39
123306 inject_release keycode=39
123306 keyboard_release_suppressed reason=not_pressed_or_sticky,keycode=39
123306 binding_press binding=KEY_A,keycode=38
123306 inject_press keycode=38,keysym=0
123306 keyboard_press_suppressed reason=already_pressed,keycode=38
123389 binding_release binding=KEY_W,keycode=25
123389 inject_release keycode=25
123389 keyboard_release_suppressed reason=not_pressed_or_sticky,keycode=25
123389 binding_release binding=KEY_D,keycode=40
123389 inject_release keycode=40
123389 keyboard_release_suppressed reason=not_pressed_or_sticky,keycode=40
123389 binding_release binding=KEY_S,keycode=39
123389 inject_release keycode=39
123389 keyboard_release_suppressed reason=not_pressed_or_sticky,keycode=39
123389 binding_press binding=KEY_A,keycode=38
123389 inject_press keycode=38,keysym=0
123389 keyboard_press_suppressed reason=already_pressed,keycode=38
123488 binding_release binding=KEY_W,keycode=25
123488 inject_release keycode=25
123488 keyboard_release_suppressed reason=not_pressed_or_sticky,keycode=25
123488 binding_release binding=KEY_D,keycode=40
123488 inject_release keycode=40
123488 keyboard_release_suppressed reason=not_pressed_or_sticky,keycode=40
123488 binding_release binding=KEY_S,keycode=39
123488 inject_release keycode=39
123488 keyboard_release_suppressed reason=not_pressed_or_sticky,keycode=39
123488 binding_press binding=KEY_A,keycode=38
123488 inject_press keycode=38,keysym=0
123488 keyboard_press_suppressed reason=already_pressed,keycode=38
123538 binding_release binding=KEY_W,keycode=25
123538 inject_release keycode=25
123538 keyboard_release_suppressed reason=not_pressed_or_sticky,keycode=25
123538 binding_release binding=KEY_D,keycode=40
123538 inject_release keycode=40
123538 keyboard_release_suppressed reason=not_pressed_or_sticky,keycode=40
123538 binding_release binding=KEY_S,keycode=39
123538 inject_release keycode=39
123538 keyboard_release_suppressed reason=not_pressed_or_sticky,keycode=39
123538 binding_press binding=KEY_A,keycode=38
123538 inject_press keycode=38,keysym=0
123538 keyboard_press_suppressed reason=already_pressed,keycode=38
123554 binding_release binding=KEY_W,keycode=25
123555 inject_release keycode=25
123555 keyboard_release_suppressed reason=not_pressed_or_sticky,keycode=25
123555 binding_release binding=KEY_D,keycode=40
123555 inject_release keycode=40
123555 keyboard_release_suppressed reason=not_pressed_or_sticky,keycode=40
123555 binding_release binding=KEY_S,keycode=39
123555 inject_release keycode=39
123555 keyboard_release_suppressed reason=not_pressed_or_sticky,keycode=39
123555 binding_press binding=KEY_A,keycode=38
123555 inject_press keycode=38,keysym=0
123555 keyboard_press_suppressed reason=already_pressed,keycode=38
123571 binding_release binding=KEY_W,keycode=25
123571 inject_release keycode=25
123571 keyboard_release_suppressed reason=not_pressed_or_sticky,keycode=25
123571 binding_release binding=KEY_D,keycode=40
123571 inject_release keycode=40
123571 keyboard_release_suppressed reason=not_pressed_or_sticky,keycode=40
123571 binding_release binding=KEY_S,keycode=39
123571 inject_release keycode=39
123571 keyboard_release_suppressed reason=not_pressed_or_sticky,keycode=39
123571 binding_press binding=KEY_A,keycode=38
123571 inject_press keycode=38,keysym=0
123571 keyboard_press_suppressed reason=already_pressed,keycode=38
123573 binding_release binding=KEY_A,keycode=38
123574 inject_release keycode=38
123574 key_release_received keycode=38,focus={id=29360133,parent=20971527,name=Stardew Valley,class=stardew valley.exe,mapped=true,viewable=true,enabled=true,renderable=true,surface=false,application=true,keyPress=true,keyRelease=true},point={id=25165854,parent=29360133,name=,class=,mapped=true,viewable=true,enabled=true,renderable=true,surface=false,application=false,keyPress=false,keyRelease=false}
123574 key_release_ancestor_target target={id=29360133,parent=20971527,name=Stardew Valley,class=stardew valley.exe,mapped=true,viewable=true,enabled=true,renderable=true,surface=false,application=true,keyPress=true,keyRelease=true}
123574 key_release_sent keycode=38,target={id=29360133,parent=20971527,name=Stardew Valley,class=stardew valley.exe,mapped=true,viewable=true,enabled=true,renderable=true,surface=false,application=true,keyPress=true,keyRelease=true}
123699 binding_release binding=KEY_W,keycode=25
123699 inject_release keycode=25
123699 keyboard_release_suppressed reason=not_pressed_or_sticky,keycode=25
123700 binding_press binding=KEY_D,keycode=40
123700 inject_press keycode=40,keysym=0
123700 key_press_received keycode=40,keysym=0,focus={id=29360133,parent=20971527,name=Stardew Valley,class=stardew valley.exe,mapped=true,viewable=true,enabled=true,renderable=true,surface=false,application=true,keyPress=true,keyRelease=true},point={id=25165854,parent=29360133,name=,class=,mapped=true,viewable=true,enabled=true,renderable=true,surface=false,application=false,keyPress=false,keyRelease=false}
123700 key_press_ancestor_target target={id=29360133,parent=20971527,name=Stardew Valley,class=stardew valley.exe,mapped=true,viewable=true,enabled=true,renderable=true,surface=false,application=true,keyPress=true,keyRelease=true}
123700 key_press_sent keycode=40,target={id=29360133,parent=20971527,name=Stardew Valley,class=stardew valley.exe,mapped=true,viewable=true,enabled=true,renderable=true,surface=false,application=true,keyPress=true,keyRelease=true}
123700 binding_release binding=KEY_S,keycode=39
123700 inject_release keycode=39
123700 keyboard_release_suppressed reason=not_pressed_or_sticky,keycode=39
123700 binding_release binding=KEY_A,keycode=38
123700 inject_release keycode=38
123700 keyboard_release_suppressed reason=not_pressed_or_sticky,keycode=38
123720 binding_release binding=KEY_W,keycode=25
123721 inject_release keycode=25
123721 keyboard_release_suppressed reason=not_pressed_or_sticky,keycode=25
123721 binding_press binding=KEY_D,keycode=40
123721 inject_press keycode=40,keysym=0
123721 keyboard_press_suppressed reason=already_pressed,keycode=40
123721 binding_release binding=KEY_S,keycode=39
123721 inject_release keycode=39
123721 keyboard_release_suppressed reason=not_pressed_or_sticky,keycode=39
123721 binding_release binding=KEY_A,keycode=38
123721 inject_release keycode=38
123721 keyboard_release_suppressed reason=not_pressed_or_sticky,keycode=38
123787 binding_release binding=KEY_W,keycode=25
123787 inject_release keycode=25
123787 keyboard_release_suppressed reason=not_pressed_or_sticky,keycode=25
123787 binding_press binding=KEY_D,keycode=40
123787 inject_press keycode=40,keysym=0
123787 keyboard_press_suppressed reason=already_pressed,keycode=40
123787 binding_release binding=KEY_S,keycode=39
123787 inject_release keycode=39
123787 keyboard_release_suppressed reason=not_pressed_or_sticky,keycode=39
123787 binding_release binding=KEY_A,keycode=38
123787 inject_release keycode=38
123787 keyboard_release_suppressed reason=not_pressed_or_sticky,keycode=38
123799 binding_release binding=KEY_W,keycode=25
123799 inject_release keycode=25
123799 keyboard_release_suppressed reason=not_pressed_or_sticky,keycode=25
123799 binding_press binding=KEY_D,keycode=40
123799 inject_press keycode=40,keysym=0
123799 keyboard_press_suppressed reason=already_pressed,keycode=40
123799 binding_release binding=KEY_S,keycode=39
123799 inject_release keycode=39
123799 keyboard_release_suppressed reason=not_pressed_or_sticky,keycode=39
123799 binding_release binding=KEY_A,keycode=38
123800 inject_release keycode=38
123800 keyboard_release_suppressed reason=not_pressed_or_sticky,keycode=38
123800 binding_release binding=KEY_D,keycode=40
123800 inject_release keycode=40
123801 key_release_received keycode=40,focus={id=29360133,parent=20971527,name=Stardew Valley,class=stardew valley.exe,mapped=true,viewable=true,enabled=true,renderable=true,surface=false,application=true,keyPress=true,keyRelease=true},point={id=25165854,parent=29360133,name=,class=,mapped=true,viewable=true,enabled=true,renderable=true,surface=false,application=false,keyPress=false,keyRelease=false}
123801 key_release_ancestor_target target={id=29360133,parent=20971527,name=Stardew Valley,class=stardew valley.exe,mapped=true,viewable=true,enabled=true,renderable=true,surface=false,application=true,keyPress=true,keyRelease=true}
123801 key_release_sent keycode=40,target={id=29360133,parent=20971527,name=Stardew Valley,class=stardew valley.exe,mapped=true,viewable=true,enabled=true,renderable=true,surface=false,application=true,keyPress=true,keyRelease=true}
123997 binding_release binding=KEY_W,keycode=25
123997 inject_release keycode=25
123997 keyboard_release_suppressed reason=not_pressed_or_sticky,keycode=25
123997 binding_release binding=KEY_D,keycode=40
123997 inject_release keycode=40
123997 keyboard_release_suppressed reason=not_pressed_or_sticky,keycode=40
123997 binding_release binding=KEY_S,keycode=39
123997 inject_release keycode=39
123997 keyboard_release_suppressed reason=not_pressed_or_sticky,keycode=39
123997 binding_press binding=KEY_A,keycode=38
123997 inject_press keycode=38,keysym=0
123997 key_press_received keycode=38,keysym=0,focus={id=29360133,parent=20971527,name=Stardew Valley,class=stardew valley.exe,mapped=true,viewable=true,enabled=true,renderable=true,surface=false,application=true,keyPress=true,keyRelease=true},point={id=25165854,parent=29360133,name=,class=,mapped=true,viewable=true,enabled=true,renderable=true,surface=false,application=false,keyPress=false,keyRelease=false}
123998 key_press_ancestor_target target={id=29360133,parent=20971527,name=Stardew Valley,class=stardew valley.exe,mapped=true,viewable=true,enabled=true,renderable=true,surface=false,application=true,keyPress=true,keyRelease=true}
123998 key_press_sent keycode=38,target={id=29360133,parent=20971527,name=Stardew Valley,class=stardew valley.exe,mapped=true,viewable=true,enabled=true,renderable=true,surface=false,application=true,keyPress=true,keyRelease=true}
124019 binding_release binding=KEY_W,keycode=25
124019 inject_release keycode=25
124019 keyboard_release_suppressed reason=not_pressed_or_sticky,keycode=25
124019 binding_release binding=KEY_D,keycode=40
124019 inject_release keycode=40
124019 keyboard_release_suppressed reason=not_pressed_or_sticky,keycode=40
124019 binding_release binding=KEY_S,keycode=39
124019 inject_release keycode=39
124019 keyboard_release_suppressed reason=not_pressed_or_sticky,keycode=39
124020 binding_press binding=KEY_A,keycode=38
124020 inject_press keycode=38,keysym=0
124020 keyboard_press_suppressed reason=already_pressed,keycode=38
124069 binding_release binding=KEY_W,keycode=25
124069 inject_release keycode=25
124069 keyboard_release_suppressed reason=not_pressed_or_sticky,keycode=25
124069 binding_release binding=KEY_D,keycode=40
124069 inject_release keycode=40
124069 keyboard_release_suppressed reason=not_pressed_or_sticky,keycode=40
124070 binding_release binding=KEY_S,keycode=39
124070 inject_release keycode=39
124070 keyboard_release_suppressed reason=not_pressed_or_sticky,keycode=39
124070 binding_press binding=KEY_A,keycode=38
124070 inject_press keycode=38,keysym=0
124070 keyboard_press_suppressed reason=already_pressed,keycode=38
124092 binding_release binding=KEY_W,keycode=25
124092 inject_release keycode=25
124092 keyboard_release_suppressed reason=not_pressed_or_sticky,keycode=25
124092 binding_release binding=KEY_D,keycode=40
124092 inject_release keycode=40
124092 keyboard_release_suppressed reason=not_pressed_or_sticky,keycode=40
124092 binding_release binding=KEY_S,keycode=39
124092 inject_release keycode=39
124092 keyboard_release_suppressed reason=not_pressed_or_sticky,keycode=39
124092 binding_press binding=KEY_A,keycode=38
124092 inject_press keycode=38,keysym=0
124092 keyboard_press_suppressed reason=already_pressed,keycode=38
124094 binding_release binding=KEY_A,keycode=38
124094 inject_release keycode=38
124094 key_release_received keycode=38,focus={id=29360133,parent=20971527,name=Stardew Valley,class=stardew valley.exe,mapped=true,viewable=true,enabled=true,renderable=true,surface=false,application=true,keyPress=true,keyRelease=true},point={id=25165854,parent=29360133,name=,class=,mapped=true,viewable=true,enabled=true,renderable=true,surface=false,application=false,keyPress=false,keyRelease=false}
124094 key_release_ancestor_target target={id=29360133,parent=20971527,name=Stardew Valley,class=stardew valley.exe,mapped=true,viewable=true,enabled=true,renderable=true,surface=false,application=true,keyPress=true,keyRelease=true}
124094 key_release_sent keycode=38,target={id=29360133,parent=20971527,name=Stardew Valley,class=stardew valley.exe,mapped=true,viewable=true,enabled=true,renderable=true,surface=false,application=true,keyPress=true,keyRelease=true}
124171 binding_press binding=KEY_W,keycode=25
124171 inject_press keycode=25,keysym=0
124171 key_press_received keycode=25,keysym=0,focus={id=29360133,parent=20971527,name=Stardew Valley,class=stardew valley.exe,mapped=true,viewable=true,enabled=true,renderable=true,surface=false,application=true,keyPress=true,keyRelease=true},point={id=25165854,parent=29360133,name=,class=,mapped=true,viewable=true,enabled=true,renderable=true,surface=false,application=false,keyPress=false,keyRelease=false}
124171 key_press_ancestor_target target={id=29360133,parent=20971527,name=Stardew Valley,class=stardew valley.exe,mapped=true,viewable=true,enabled=true,renderable=true,surface=false,application=true,keyPress=true,keyRelease=true}
124171 key_press_sent keycode=25,target={id=29360133,parent=20971527,name=Stardew Valley,class=stardew valley.exe,mapped=true,viewable=true,enabled=true,renderable=true,surface=false,application=true,keyPress=true,keyRelease=true}
124172 binding_release binding=KEY_D,keycode=40
124172 inject_release keycode=40
124172 keyboard_release_suppressed reason=not_pressed_or_sticky,keycode=40
124172 binding_release binding=KEY_S,keycode=39
124172 inject_release keycode=39
124172 keyboard_release_suppressed reason=not_pressed_or_sticky,keycode=39
124172 binding_release binding=KEY_A,keycode=38
124172 inject_release keycode=38
124172 keyboard_release_suppressed reason=not_pressed_or_sticky,keycode=38
124185 binding_press binding=KEY_W,keycode=25
124185 inject_press keycode=25,keysym=0
124186 keyboard_press_suppressed reason=already_pressed,keycode=25
124186 binding_release binding=KEY_D,keycode=40
124186 inject_release keycode=40
124186 keyboard_release_suppressed reason=not_pressed_or_sticky,keycode=40
124186 binding_release binding=KEY_S,keycode=39
124186 inject_release keycode=39
124186 keyboard_release_suppressed reason=not_pressed_or_sticky,keycode=39
124186 binding_release binding=KEY_A,keycode=38
124186 inject_release keycode=38
124186 keyboard_release_suppressed reason=not_pressed_or_sticky,keycode=38
124202 binding_press binding=KEY_W,keycode=25
124203 inject_press keycode=25,keysym=0
124203 keyboard_press_suppressed reason=already_pressed,keycode=25
124203 binding_release binding=KEY_D,keycode=40
124203 inject_release keycode=40
124203 keyboard_release_suppressed reason=not_pressed_or_sticky,keycode=40
124203 binding_release binding=KEY_S,keycode=39
124203 inject_release keycode=39
124203 keyboard_release_suppressed reason=not_pressed_or_sticky,keycode=39
124203 binding_release binding=KEY_A,keycode=38
124203 inject_release keycode=38
124203 keyboard_release_suppressed reason=not_pressed_or_sticky,keycode=38
124252 binding_press binding=KEY_W,keycode=25
124252 inject_press keycode=25,keysym=0
124252 keyboard_press_suppressed reason=already_pressed,keycode=25
124252 binding_release binding=KEY_D,keycode=40
124252 inject_release keycode=40
124252 keyboard_release_suppressed reason=not_pressed_or_sticky,keycode=40
124252 binding_release binding=KEY_S,keycode=39
124252 inject_release keycode=39
124252 keyboard_release_suppressed reason=not_pressed_or_sticky,keycode=39
124252 binding_release binding=KEY_A,keycode=38
124252 inject_release keycode=38
124252 keyboard_release_suppressed reason=not_pressed_or_sticky,keycode=38
124267 binding_press binding=KEY_W,keycode=25
124267 inject_press keycode=25,keysym=0
124267 keyboard_press_suppressed reason=already_pressed,keycode=25
124267 binding_release binding=KEY_D,keycode=40
124267 inject_release keycode=40
124267 keyboard_release_suppressed reason=not_pressed_or_sticky,keycode=40
124267 binding_release binding=KEY_S,keycode=39
124267 inject_release keycode=39
124267 keyboard_release_suppressed reason=not_pressed_or_sticky,keycode=39
124267 binding_release binding=KEY_A,keycode=38
124267 inject_release keycode=38
124267 keyboard_release_suppressed reason=not_pressed_or_sticky,keycode=38
124268 binding_release binding=KEY_W,keycode=25
124268 inject_release keycode=25
124269 key_release_received keycode=25,focus={id=29360133,parent=20971527,name=Stardew Valley,class=stardew valley.exe,mapped=true,viewable=true,enabled=true,renderable=true,surface=false,application=true,keyPress=true,keyRelease=true},point={id=25165854,parent=29360133,name=,class=,mapped=true,viewable=true,enabled=true,renderable=true,surface=false,application=false,keyPress=false,keyRelease=false}
124269 key_release_ancestor_target target={id=29360133,parent=20971527,name=Stardew Valley,class=stardew valley.exe,mapped=true,viewable=true,enabled=true,renderable=true,surface=false,application=true,keyPress=true,keyRelease=true}
124269 key_release_sent keycode=25,target={id=29360133,parent=20971527,name=Stardew Valley,class=stardew valley.exe,mapped=true,viewable=true,enabled=true,renderable=true,surface=false,application=true,keyPress=true,keyRelease=true}
124398 binding_release binding=KEY_W,keycode=25
124398 inject_release keycode=25
124398 keyboard_release_suppressed reason=not_pressed_or_sticky,keycode=25
124398 binding_release binding=KEY_D,keycode=40
124398 inject_release keycode=40
124398 keyboard_release_suppressed reason=not_pressed_or_sticky,keycode=40
124398 binding_press binding=KEY_S,keycode=39
124398 inject_press keycode=39,keysym=0
124398 key_press_received keycode=39,keysym=0,focus={id=29360133,parent=20971527,name=Stardew Valley,class=stardew valley.exe,mapped=true,viewable=true,enabled=true,renderable=true,surface=false,application=true,keyPress=true,keyRelease=true},point={id=25165854,parent=29360133,name=,class=,mapped=true,viewable=true,enabled=true,renderable=true,surface=false,application=false,keyPress=false,keyRelease=false}
124399 key_press_ancestor_target target={id=29360133,parent=20971527,name=Stardew Valley,class=stardew valley.exe,mapped=true,viewable=true,enabled=true,renderable=true,surface=false,application=true,keyPress=true,keyRelease=true}
124399 key_press_sent keycode=39,target={id=29360133,parent=20971527,name=Stardew Valley,class=stardew valley.exe,mapped=true,viewable=true,enabled=true,renderable=true,surface=false,application=true,keyPress=true,keyRelease=true}
124399 binding_release binding=KEY_A,keycode=38
124399 inject_release keycode=38
124399 keyboard_release_suppressed reason=not_pressed_or_sticky,keycode=38
124418 binding_release binding=KEY_W,keycode=25
124418 inject_release keycode=25
124418 keyboard_release_suppressed reason=not_pressed_or_sticky,keycode=25
124418 binding_release binding=KEY_D,keycode=40
124418 inject_release keycode=40
124418 keyboard_release_suppressed reason=not_pressed_or_sticky,keycode=40
124418 binding_press binding=KEY_S,keycode=39
124418 inject_press keycode=39,keysym=0
124418 keyboard_press_suppressed reason=already_pressed,keycode=39
124418 binding_release binding=KEY_A,keycode=38
124418 inject_release keycode=38
124418 keyboard_release_suppressed reason=not_pressed_or_sticky,keycode=38
124434 binding_release binding=KEY_W,keycode=25
124434 inject_release keycode=25
124434 keyboard_release_suppressed reason=not_pressed_or_sticky,keycode=25
124434 binding_release binding=KEY_D,keycode=40
124434 inject_release keycode=40
124434 keyboard_release_suppressed reason=not_pressed_or_sticky,keycode=40
124434 binding_press binding=KEY_S,keycode=39
124434 inject_press keycode=39,keysym=0
124434 keyboard_press_suppressed reason=already_pressed,keycode=39
124435 binding_release binding=KEY_A,keycode=38
124435 inject_release keycode=38
124435 keyboard_release_suppressed reason=not_pressed_or_sticky,keycode=38
124451 binding_release binding=KEY_W,keycode=25
124451 inject_release keycode=25
124451 keyboard_release_suppressed reason=not_pressed_or_sticky,keycode=25
124451 binding_release binding=KEY_D,keycode=40
124451 inject_release keycode=40
124451 keyboard_release_suppressed reason=not_pressed_or_sticky,keycode=40
124451 binding_press binding=KEY_S,keycode=39
124451 inject_press keycode=39,keysym=0
124451 keyboard_press_suppressed reason=already_pressed,keycode=39
124451 binding_release binding=KEY_A,keycode=38
124451 inject_release keycode=38
124451 keyboard_release_suppressed reason=not_pressed_or_sticky,keycode=38
124467 binding_release binding=KEY_W,keycode=25
124467 inject_release keycode=25
124468 keyboard_release_suppressed reason=not_pressed_or_sticky,keycode=25
124468 binding_release binding=KEY_D,keycode=40
124468 inject_release keycode=40
124468 keyboard_release_suppressed reason=not_pressed_or_sticky,keycode=40
124468 binding_press binding=KEY_S,keycode=39
124468 inject_press keycode=39,keysym=0
124468 keyboard_press_suppressed reason=already_pressed,keycode=39
124468 binding_release binding=KEY_A,keycode=38
124468 inject_release keycode=38
124468 keyboard_release_suppressed reason=not_pressed_or_sticky,keycode=38
124501 binding_release binding=KEY_W,keycode=25
124501 inject_release keycode=25
124501 keyboard_release_suppressed reason=not_pressed_or_sticky,keycode=25
124501 binding_release binding=KEY_D,keycode=40
124501 inject_release keycode=40
124501 keyboard_release_suppressed reason=not_pressed_or_sticky,keycode=40
124501 binding_press binding=KEY_S,keycode=39
124501 inject_press keycode=39,keysym=0
124501 keyboard_press_suppressed reason=already_pressed,keycode=39
124501 binding_release binding=KEY_A,keycode=38
124501 inject_release keycode=38
124501 keyboard_release_suppressed reason=not_pressed_or_sticky,keycode=38
124535 binding_release binding=KEY_W,keycode=25
124535 inject_release keycode=25
124535 keyboard_release_suppressed reason=not_pressed_or_sticky,keycode=25
124535 binding_release binding=KEY_D,keycode=40
124535 inject_release keycode=40
124535 keyboard_release_suppressed reason=not_pressed_or_sticky,keycode=40
124536 binding_press binding=KEY_S,keycode=39
124536 inject_press keycode=39,keysym=0
124536 keyboard_press_suppressed reason=already_pressed,keycode=39
124536 binding_release binding=KEY_A,keycode=38
124536 inject_release keycode=38
124536 keyboard_release_suppressed reason=not_pressed_or_sticky,keycode=38
124550 binding_release binding=KEY_W,keycode=25
124550 inject_release keycode=25
124550 keyboard_release_suppressed reason=not_pressed_or_sticky,keycode=25
124550 binding_release binding=KEY_D,keycode=40
124551 inject_release keycode=40
124551 keyboard_release_suppressed reason=not_pressed_or_sticky,keycode=40
124551 binding_press binding=KEY_S,keycode=39
124551 inject_press keycode=39,keysym=0
124551 keyboard_press_suppressed reason=already_pressed,keycode=39
124551 binding_release binding=KEY_A,keycode=38
124551 inject_release keycode=38
124551 keyboard_release_suppressed reason=not_pressed_or_sticky,keycode=38
124552 binding_release binding=KEY_S,keycode=39
124552 inject_release keycode=39
124552 key_release_received keycode=39,focus={id=29360133,parent=20971527,name=Stardew Valley,class=stardew valley.exe,mapped=true,viewable=true,enabled=true,renderable=true,surface=false,application=true,keyPress=true,keyRelease=true},point={id=25165854,parent=29360133,name=,class=,mapped=true,viewable=true,enabled=true,renderable=true,surface=false,application=false,keyPress=false,keyRelease=false}
124552 key_release_ancestor_target target={id=29360133,parent=20971527,name=Stardew Valley,class=stardew valley.exe,mapped=true,viewable=true,enabled=true,renderable=true,surface=false,application=true,keyPress=true,keyRelease=true}
124552 key_release_sent keycode=39,target={id=29360133,parent=20971527,name=Stardew Valley,class=stardew valley.exe,mapped=true,viewable=true,enabled=true,renderable=true,surface=false,application=true,keyPress=true,keyRelease=true}
124698 binding_release binding=KEY_W,keycode=25
124698 inject_release keycode=25
124698 keyboard_release_suppressed reason=not_pressed_or_sticky,keycode=25
124698 binding_release binding=KEY_D,keycode=40
124698 inject_release keycode=40
124698 keyboard_release_suppressed reason=not_pressed_or_sticky,keycode=40
124698 binding_release binding=KEY_S,keycode=39
124698 inject_release keycode=39
124699 keyboard_release_suppressed reason=not_pressed_or_sticky,keycode=39
124699 binding_press binding=KEY_A,keycode=38
124699 inject_press keycode=38,keysym=0
124699 key_press_received keycode=38,keysym=0,focus={id=29360133,parent=20971527,name=Stardew Valley,class=stardew valley.exe,mapped=true,viewable=true,enabled=true,renderable=true,surface=false,application=true,keyPress=true,keyRelease=true},point={id=25165854,parent=29360133,name=,class=,mapped=true,viewable=true,enabled=true,renderable=true,surface=false,application=false,keyPress=false,keyRelease=false}
124699 key_press_ancestor_target target={id=29360133,parent=20971527,name=Stardew Valley,class=stardew valley.exe,mapped=true,viewable=true,enabled=true,renderable=true,surface=false,application=true,keyPress=true,keyRelease=true}
124699 key_press_sent keycode=38,target={id=29360133,parent=20971527,name=Stardew Valley,class=stardew valley.exe,mapped=true,viewable=true,enabled=true,renderable=true,surface=false,application=true,keyPress=true,keyRelease=true}
124716 binding_release binding=KEY_W,keycode=25
124717 inject_release keycode=25
124717 keyboard_release_suppressed reason=not_pressed_or_sticky,keycode=25
124717 binding_release binding=KEY_D,keycode=40
124717 inject_release keycode=40
124717 keyboard_release_suppressed reason=not_pressed_or_sticky,keycode=40
124717 binding_release binding=KEY_S,keycode=39
124717 inject_release keycode=39
124717 keyboard_release_suppressed reason=not_pressed_or_sticky,keycode=39
124717 binding_press binding=KEY_A,keycode=38
124717 inject_press keycode=38,keysym=0
124717 keyboard_press_suppressed reason=already_pressed,keycode=38
124733 binding_release binding=KEY_W,keycode=25
124733 inject_release keycode=25
124733 keyboard_release_suppressed reason=not_pressed_or_sticky,keycode=25
124733 binding_release binding=KEY_D,keycode=40
124733 inject_release keycode=40
124733 keyboard_release_suppressed reason=not_pressed_or_sticky,keycode=40
124733 binding_release binding=KEY_S,keycode=39
124733 inject_release keycode=39
124733 keyboard_release_suppressed reason=not_pressed_or_sticky,keycode=39
124733 binding_press binding=KEY_A,keycode=38
124733 inject_press keycode=38,keysym=0
124734 keyboard_press_suppressed reason=already_pressed,keycode=38
124849 binding_release binding=KEY_W,keycode=25
124849 inject_release keycode=25
124849 keyboard_release_suppressed reason=not_pressed_or_sticky,keycode=25
124850 binding_release binding=KEY_D,keycode=40
124850 inject_release keycode=40
124850 keyboard_release_suppressed reason=not_pressed_or_sticky,keycode=40
124850 binding_release binding=KEY_S,keycode=39
124850 inject_release keycode=39
124850 keyboard_release_suppressed reason=not_pressed_or_sticky,keycode=39
124850 binding_press binding=KEY_A,keycode=38
124850 inject_press keycode=38,keysym=0
124850 keyboard_press_suppressed reason=already_pressed,keycode=38
124949 binding_release binding=KEY_W,keycode=25
124949 inject_release keycode=25
124949 keyboard_release_suppressed reason=not_pressed_or_sticky,keycode=25
124949 binding_release binding=KEY_D,keycode=40
124949 inject_release keycode=40
124949 keyboard_release_suppressed reason=not_pressed_or_sticky,keycode=40
124949 binding_release binding=KEY_S,keycode=39
124949 inject_release keycode=39
124949 keyboard_release_suppressed reason=not_pressed_or_sticky,keycode=39
124949 binding_press binding=KEY_A,keycode=38
124949 inject_press keycode=38,keysym=0
124949 keyboard_press_suppressed reason=already_pressed,keycode=38
125049 binding_release binding=KEY_W,keycode=25
125049 inject_release keycode=25
125049 keyboard_release_suppressed reason=not_pressed_or_sticky,keycode=25
125049 binding_release binding=KEY_D,keycode=40
125049 inject_release keycode=40
125049 keyboard_release_suppressed reason=not_pressed_or_sticky,keycode=40
125049 binding_release binding=KEY_S,keycode=39
125049 inject_release keycode=39
125049 keyboard_release_suppressed reason=not_pressed_or_sticky,keycode=39
125049 binding_press binding=KEY_A,keycode=38
125049 inject_press keycode=38,keysym=0
125049 keyboard_press_suppressed reason=already_pressed,keycode=38
125148 binding_release binding=KEY_W,keycode=25
125148 inject_release keycode=25
125149 keyboard_release_suppressed reason=not_pressed_or_sticky,keycode=25
125149 binding_release binding=KEY_D,keycode=40
125149 inject_release keycode=40
125149 keyboard_release_suppressed reason=not_pressed_or_sticky,keycode=40
125149 binding_release binding=KEY_S,keycode=39
125149 inject_release keycode=39
125149 keyboard_release_suppressed reason=not_pressed_or_sticky,keycode=39
125149 binding_press binding=KEY_A,keycode=38
125149 inject_press keycode=38,keysym=0
125149 keyboard_press_suppressed reason=already_pressed,keycode=38
125232 binding_release binding=KEY_W,keycode=25
125232 inject_release keycode=25
125232 keyboard_release_suppressed reason=not_pressed_or_sticky,keycode=25
125232 binding_release binding=KEY_D,keycode=40
125232 inject_release keycode=40
125232 keyboard_release_suppressed reason=not_pressed_or_sticky,keycode=40
125233 binding_release binding=KEY_S,keycode=39
125233 inject_release keycode=39
125233 keyboard_release_suppressed reason=not_pressed_or_sticky,keycode=39
125233 binding_press binding=KEY_A,keycode=38
125233 inject_press keycode=38,keysym=0
125233 keyboard_press_suppressed reason=already_pressed,keycode=38
125298 binding_release binding=KEY_W,keycode=25
125298 inject_release keycode=25
125298 keyboard_release_suppressed reason=not_pressed_or_sticky,keycode=25
125298 binding_release binding=KEY_D,keycode=40
125298 inject_release keycode=40
125298 keyboard_release_suppressed reason=not_pressed_or_sticky,keycode=40
125298 binding_release binding=KEY_S,keycode=39
125298 inject_release keycode=39
125298 keyboard_release_suppressed reason=not_pressed_or_sticky,keycode=39
125298 binding_press binding=KEY_A,keycode=38
125298 inject_press keycode=38,keysym=0
125298 keyboard_press_suppressed reason=already_pressed,keycode=38
125315 binding_release binding=KEY_W,keycode=25
125315 inject_release keycode=25
125315 keyboard_release_suppressed reason=not_pressed_or_sticky,keycode=25
125315 binding_release binding=KEY_D,keycode=40
125315 inject_release keycode=40
125315 keyboard_release_suppressed reason=not_pressed_or_sticky,keycode=40
125315 binding_release binding=KEY_S,keycode=39
125315 inject_release keycode=39
125315 keyboard_release_suppressed reason=not_pressed_or_sticky,keycode=39
125315 binding_press binding=KEY_A,keycode=38
125315 inject_press keycode=38,keysym=0
125315 keyboard_press_suppressed reason=already_pressed,keycode=38
125331 binding_release binding=KEY_W,keycode=25
125331 inject_release keycode=25
125331 keyboard_release_suppressed reason=not_pressed_or_sticky,keycode=25
125331 binding_release binding=KEY_D,keycode=40
125331 inject_release keycode=40
125331 keyboard_release_suppressed reason=not_pressed_or_sticky,keycode=40
125331 binding_release binding=KEY_S,keycode=39
125331 inject_release keycode=39
125331 keyboard_release_suppressed reason=not_pressed_or_sticky,keycode=39
125331 binding_press binding=KEY_A,keycode=38
125331 inject_press keycode=38,keysym=0
125331 keyboard_press_suppressed reason=already_pressed,keycode=38
125348 binding_release binding=KEY_W,keycode=25
125348 inject_release keycode=25
125348 keyboard_release_suppressed reason=not_pressed_or_sticky,keycode=25
125348 binding_release binding=KEY_D,keycode=40
125348 inject_release keycode=40
125348 keyboard_release_suppressed reason=not_pressed_or_sticky,keycode=40
125348 binding_release binding=KEY_S,keycode=39
125348 inject_release keycode=39
125348 keyboard_release_suppressed reason=not_pressed_or_sticky,keycode=39
125348 binding_press binding=KEY_A,keycode=38
125348 inject_press keycode=38,keysym=0
125348 keyboard_press_suppressed reason=already_pressed,keycode=38
125447 binding_release binding=KEY_W,keycode=25
125447 inject_release keycode=25
125447 keyboard_release_suppressed reason=not_pressed_or_sticky,keycode=25
125447 binding_release binding=KEY_D,keycode=40
125447 inject_release keycode=40
125447 keyboard_release_suppressed reason=not_pressed_or_sticky,keycode=40
125447 binding_release binding=KEY_S,keycode=39
125447 inject_release keycode=39
125447 keyboard_release_suppressed reason=not_pressed_or_sticky,keycode=39
125447 binding_press binding=KEY_A,keycode=38
125447 inject_press keycode=38,keysym=0
125447 keyboard_press_suppressed reason=already_pressed,keycode=38
125463 binding_release binding=KEY_W,keycode=25
125464 inject_release keycode=25
125464 keyboard_release_suppressed reason=not_pressed_or_sticky,keycode=25
125464 binding_release binding=KEY_D,keycode=40
125464 inject_release keycode=40
125464 keyboard_release_suppressed reason=not_pressed_or_sticky,keycode=40
125464 binding_release binding=KEY_S,keycode=39
125464 inject_release keycode=39
125464 keyboard_release_suppressed reason=not_pressed_or_sticky,keycode=39
125464 binding_press binding=KEY_A,keycode=38
125464 inject_press keycode=38,keysym=0
125464 keyboard_press_suppressed reason=already_pressed,keycode=38
125480 binding_release binding=KEY_W,keycode=25
125480 inject_release keycode=25
125480 keyboard_release_suppressed reason=not_pressed_or_sticky,keycode=25
125480 binding_release binding=KEY_D,keycode=40
125480 inject_release keycode=40
125480 keyboard_release_suppressed reason=not_pressed_or_sticky,keycode=40
125480 binding_release binding=KEY_S,keycode=39
125480 inject_release keycode=39
125480 keyboard_release_suppressed reason=not_pressed_or_sticky,keycode=39
125481 binding_press binding=KEY_A,keycode=38
125481 inject_press keycode=38,keysym=0
125481 keyboard_press_suppressed reason=already_pressed,keycode=38
125497 binding_release binding=KEY_W,keycode=25
125497 inject_release keycode=25
125497 keyboard_release_suppressed reason=not_pressed_or_sticky,keycode=25
125497 binding_release binding=KEY_D,keycode=40
125497 inject_release keycode=40
125497 keyboard_release_suppressed reason=not_pressed_or_sticky,keycode=40
125497 binding_release binding=KEY_S,keycode=39
125497 inject_release keycode=39
125497 keyboard_release_suppressed reason=not_pressed_or_sticky,keycode=39
125497 binding_press binding=KEY_A,keycode=38
125497 inject_press keycode=38,keysym=0
125497 keyboard_press_suppressed reason=already_pressed,keycode=38
125498 binding_release binding=KEY_A,keycode=38
125498 inject_release keycode=38
125499 key_release_received keycode=38,focus={id=29360133,parent=20971527,name=Stardew Valley,class=stardew valley.exe,mapped=true,viewable=true,enabled=true,renderable=true,surface=false,application=true,keyPress=true,keyRelease=true},point={id=25165854,parent=29360133,name=,class=,mapped=true,viewable=true,enabled=true,renderable=true,surface=false,application=false,keyPress=false,keyRelease=false}
125499 key_release_ancestor_target target={id=29360133,parent=20971527,name=Stardew Valley,class=stardew valley.exe,mapped=true,viewable=true,enabled=true,renderable=true,surface=false,application=true,keyPress=true,keyRelease=true}
125499 key_release_sent keycode=38,target={id=29360133,parent=20971527,name=Stardew Valley,class=stardew valley.exe,mapped=true,viewable=true,enabled=true,renderable=true,surface=false,application=true,keyPress=true,keyRelease=true}
132213 inject_press keycode=50,keysym=0
132214 key_press_received keycode=50,keysym=0,focus={id=29360133,parent=20971527,name=Stardew Valley,class=stardew valley.exe,mapped=true,viewable=true,enabled=true,renderable=true,surface=false,application=true,keyPress=true,keyRelease=true},point={id=25165854,parent=29360133,name=,class=,mapped=true,viewable=true,enabled=true,renderable=true,surface=false,application=false,keyPress=false,keyRelease=false}
132214 key_press_ancestor_target target={id=29360133,parent=20971527,name=Stardew Valley,class=stardew valley.exe,mapped=true,viewable=true,enabled=true,renderable=true,surface=false,application=true,keyPress=true,keyRelease=true}
132214 key_press_sent keycode=50,target={id=29360133,parent=20971527,name=Stardew Valley,class=stardew valley.exe,mapped=true,viewable=true,enabled=true,renderable=true,surface=false,application=true,keyPress=true,keyRelease=true}
132214 inject_press keycode=50,keysym=0
132214 keyboard_press_suppressed reason=already_pressed,keycode=50
132218 inject_press keycode=50,keysym=0
132218 keyboard_press_suppressed reason=already_pressed,keycode=50
132218 inject_press keycode=38,keysym=65
132218 key_press_received keycode=38,keysym=65,focus={id=29360133,parent=20971527,name=Stardew Valley,class=stardew valley.exe,mapped=true,viewable=true,enabled=true,renderable=true,surface=false,application=true,keyPress=true,keyRelease=true},point={id=25165854,parent=29360133,name=,class=,mapped=true,viewable=true,enabled=true,renderable=true,surface=false,application=false,keyPress=false,keyRelease=false}
132218 key_press_ancestor_target target={id=29360133,parent=20971527,name=Stardew Valley,class=stardew valley.exe,mapped=true,viewable=true,enabled=true,renderable=true,surface=false,application=true,keyPress=true,keyRelease=true}
132218 key_press_sent keycode=38,target={id=29360133,parent=20971527,name=Stardew Valley,class=stardew valley.exe,mapped=true,viewable=true,enabled=true,renderable=true,surface=false,application=true,keyPress=true,keyRelease=true}
132220 inject_release keycode=50
132220 key_release_received keycode=50,focus={id=29360133,parent=20971527,name=Stardew Valley,class=stardew valley.exe,mapped=true,viewable=true,enabled=true,renderable=true,surface=false,application=true,keyPress=true,keyRelease=true},point={id=25165854,parent=29360133,name=,class=,mapped=true,viewable=true,enabled=true,renderable=true,surface=false,application=false,keyPress=false,keyRelease=false}
132220 key_release_ancestor_target target={id=29360133,parent=20971527,name=Stardew Valley,class=stardew valley.exe,mapped=true,viewable=true,enabled=true,renderable=true,surface=false,application=true,keyPress=true,keyRelease=true}
132220 key_release_sent keycode=50,target={id=29360133,parent=20971527,name=Stardew Valley,class=stardew valley.exe,mapped=true,viewable=true,enabled=true,renderable=true,surface=false,application=true,keyPress=true,keyRelease=true}
132220 inject_release keycode=38
132220 key_release_received keycode=38,focus={id=29360133,parent=20971527,name=Stardew Valley,class=stardew valley.exe,mapped=true,viewable=true,enabled=true,renderable=true,surface=false,application=true,keyPress=true,keyRelease=true},point={id=25165854,parent=29360133,name=,class=,mapped=true,viewable=true,enabled=true,renderable=true,surface=false,application=false,keyPress=false,keyRelease=false}
132221 key_release_ancestor_target target={id=29360133,parent=20971527,name=Stardew Valley,class=stardew valley.exe,mapped=true,viewable=true,enabled=true,renderable=true,surface=false,application=true,keyPress=true,keyRelease=true}
132221 key_release_sent keycode=38,target={id=29360133,parent=20971527,name=Stardew Valley,class=stardew valley.exe,mapped=true,viewable=true,enabled=true,renderable=true,surface=false,application=true,keyPress=true,keyRelease=true}
132222 inject_release keycode=50
132222 keyboard_release_suppressed reason=not_pressed_or_sticky,keycode=50
132222 inject_release keycode=50
132222 keyboard_release_suppressed reason=not_pressed_or_sticky,keycode=50
132606 inject_press keycode=38,keysym=97
132607 key_press_received keycode=38,keysym=97,focus={id=29360133,parent=20971527,name=Stardew Valley,class=stardew valley.exe,mapped=true,viewable=true,enabled=true,renderable=true,surface=false,application=true,keyPress=true,keyRelease=true},point={id=25165854,parent=29360133,name=,class=,mapped=true,viewable=true,enabled=true,renderable=true,surface=false,application=false,keyPress=false,keyRelease=false}
132607 key_press_ancestor_target target={id=29360133,parent=20971527,name=Stardew Valley,class=stardew valley.exe,mapped=true,viewable=true,enabled=true,renderable=true,surface=false,application=true,keyPress=true,keyRelease=true}
132607 key_press_sent keycode=38,target={id=29360133,parent=20971527,name=Stardew Valley,class=stardew valley.exe,mapped=true,viewable=true,enabled=true,renderable=true,surface=false,application=true,keyPress=true,keyRelease=true}
132608 inject_release keycode=50
132608 keyboard_release_suppressed reason=not_pressed_or_sticky,keycode=50
132608 inject_release keycode=38
132608 key_release_received keycode=38,focus={id=29360133,parent=20971527,name=Stardew Valley,class=stardew valley.exe,mapped=true,viewable=true,enabled=true,renderable=true,surface=false,application=true,keyPress=true,keyRelease=true},point={id=25165854,parent=29360133,name=,class=,mapped=true,viewable=true,enabled=true,renderable=true,surface=false,application=false,keyPress=false,keyRelease=false}
132608 key_release_ancestor_target target={id=29360133,parent=20971527,name=Stardew Valley,class=stardew valley.exe,mapped=true,viewable=true,enabled=true,renderable=true,surface=false,application=true,keyPress=true,keyRelease=true}
132608 key_release_sent keycode=38,target={id=29360133,parent=20971527,name=Stardew Valley,class=stardew valley.exe,mapped=true,viewable=true,enabled=true,renderable=true,surface=false,application=true,keyPress=true,keyRelease=true}
132750 inject_press keycode=38,keysym=97
132751 key_press_received keycode=38,keysym=97,focus={id=29360133,parent=20971527,name=Stardew Valley,class=stardew valley.exe,mapped=true,viewable=true,enabled=true,renderable=true,surface=false,application=true,keyPress=true,keyRelease=true},point={id=25165854,parent=29360133,name=,class=,mapped=true,viewable=true,enabled=true,renderable=true,surface=false,application=false,keyPress=false,keyRelease=false}
132751 key_press_ancestor_target target={id=29360133,parent=20971527,name=Stardew Valley,class=stardew valley.exe,mapped=true,viewable=true,enabled=true,renderable=true,surface=false,application=true,keyPress=true,keyRelease=true}
132751 key_press_sent keycode=38,target={id=29360133,parent=20971527,name=Stardew Valley,class=stardew valley.exe,mapped=true,viewable=true,enabled=true,renderable=true,surface=false,application=true,keyPress=true,keyRelease=true}
132752 inject_release keycode=50
132752 keyboard_release_suppressed reason=not_pressed_or_sticky,keycode=50
132752 inject_release keycode=38
132752 key_release_received keycode=38,focus={id=29360133,parent=20971527,name=Stardew Valley,class=stardew valley.exe,mapped=true,viewable=true,enabled=true,renderable=true,surface=false,application=true,keyPress=true,keyRelease=true},point={id=25165854,parent=29360133,name=,class=,mapped=true,viewable=true,enabled=true,renderable=true,surface=false,application=false,keyPress=false,keyRelease=false}
132752 key_release_ancestor_target target={id=29360133,parent=20971527,name=Stardew Valley,class=stardew valley.exe,mapped=true,viewable=true,enabled=true,renderable=true,surface=false,application=true,keyPress=true,keyRelease=true}
132753 key_release_sent keycode=38,target={id=29360133,parent=20971527,name=Stardew Valley,class=stardew valley.exe,mapped=true,viewable=true,enabled=true,renderable=true,surface=false,application=true,keyPress=true,keyRelease=true}
132926 inject_press keycode=38,keysym=97
132927 key_press_received keycode=38,keysym=97,focus={id=29360133,parent=20971527,name=Stardew Valley,class=stardew valley.exe,mapped=true,viewable=true,enabled=true,renderable=true,surface=false,application=true,keyPress=true,keyRelease=true},point={id=25165854,parent=29360133,name=,class=,mapped=true,viewable=true,enabled=true,renderable=true,surface=false,application=false,keyPress=false,keyRelease=false}
132927 key_press_ancestor_target target={id=29360133,parent=20971527,name=Stardew Valley,class=stardew valley.exe,mapped=true,viewable=true,enabled=true,renderable=true,surface=false,application=true,keyPress=true,keyRelease=true}
132927 key_press_sent keycode=38,target={id=29360133,parent=20971527,name=Stardew Valley,class=stardew valley.exe,mapped=true,viewable=true,enabled=true,renderable=true,surface=false,application=true,keyPress=true,keyRelease=true}
132928 inject_release keycode=50
132928 keyboard_release_suppressed reason=not_pressed_or_sticky,keycode=50
132928 inject_release keycode=38
132928 key_release_received keycode=38,focus={id=29360133,parent=20971527,name=Stardew Valley,class=stardew valley.exe,mapped=true,viewable=true,enabled=true,renderable=true,surface=false,application=true,keyPress=true,keyRelease=true},point={id=25165854,parent=29360133,name=,class=,mapped=true,viewable=true,enabled=true,renderable=true,surface=false,application=false,keyPress=false,keyRelease=false}
132928 key_release_ancestor_target target={id=29360133,parent=20971527,name=Stardew Valley,class=stardew valley.exe,mapped=true,viewable=true,enabled=true,renderable=true,surface=false,application=true,keyPress=true,keyRelease=true}
132929 key_release_sent keycode=38,target={id=29360133,parent=20971527,name=Stardew Valley,class=stardew valley.exe,mapped=true,viewable=true,enabled=true,renderable=true,surface=false,application=true,keyPress=true,keyRelease=true}
133202 inject_press keycode=25,keysym=119
133202 key_press_received keycode=25,keysym=119,focus={id=29360133,parent=20971527,name=Stardew Valley,class=stardew valley.exe,mapped=true,viewable=true,enabled=true,renderable=true,surface=false,application=true,keyPress=true,keyRelease=true},point={id=25165854,parent=29360133,name=,class=,mapped=true,viewable=true,enabled=true,renderable=true,surface=false,application=false,keyPress=false,keyRelease=false}
133202 key_press_ancestor_target target={id=29360133,parent=20971527,name=Stardew Valley,class=stardew valley.exe,mapped=true,viewable=true,enabled=true,renderable=true,surface=false,application=true,keyPress=true,keyRelease=true}
133202 key_press_sent keycode=25,target={id=29360133,parent=20971527,name=Stardew Valley,class=stardew valley.exe,mapped=true,viewable=true,enabled=true,renderable=true,surface=false,application=true,keyPress=true,keyRelease=true}
133203 inject_release keycode=50
133204 keyboard_release_suppressed reason=not_pressed_or_sticky,keycode=50
133204 inject_release keycode=25
133204 key_release_received keycode=25,focus={id=29360133,parent=20971527,name=Stardew Valley,class=stardew valley.exe,mapped=true,viewable=true,enabled=true,renderable=true,surface=false,application=true,keyPress=true,keyRelease=true},point={id=25165854,parent=29360133,name=,class=,mapped=true,viewable=true,enabled=true,renderable=true,surface=false,application=false,keyPress=false,keyRelease=false}
133204 key_release_ancestor_target target={id=29360133,parent=20971527,name=Stardew Valley,class=stardew valley.exe,mapped=true,viewable=true,enabled=true,renderable=true,surface=false,application=true,keyPress=true,keyRelease=true}
133204 key_release_sent keycode=25,target={id=29360133,parent=20971527,name=Stardew Valley,class=stardew valley.exe,mapped=true,viewable=true,enabled=true,renderable=true,surface=false,application=true,keyPress=true,keyRelease=true}
133366 inject_press keycode=25,keysym=119
133366 key_press_received keycode=25,keysym=119,focus={id=29360133,parent=20971527,name=Stardew Valley,class=stardew valley.exe,mapped=true,viewable=true,enabled=true,renderable=true,surface=false,application=true,keyPress=true,keyRelease=true},point={id=25165854,parent=29360133,name=,class=,mapped=true,viewable=true,enabled=true,renderable=true,surface=false,application=false,keyPress=false,keyRelease=false}
133367 key_press_ancestor_target target={id=29360133,parent=20971527,name=Stardew Valley,class=stardew valley.exe,mapped=true,viewable=true,enabled=true,renderable=true,surface=false,application=true,keyPress=true,keyRelease=true}
133367 key_press_sent keycode=25,target={id=29360133,parent=20971527,name=Stardew Valley,class=stardew valley.exe,mapped=true,viewable=true,enabled=true,renderable=true,surface=false,application=true,keyPress=true,keyRelease=true}
133368 inject_release keycode=50
133368 keyboard_release_suppressed reason=not_pressed_or_sticky,keycode=50
133368 inject_release keycode=25
133368 key_release_received keycode=25,focus={id=29360133,parent=20971527,name=Stardew Valley,class=stardew valley.exe,mapped=true,viewable=true,enabled=true,renderable=true,surface=false,application=true,keyPress=true,keyRelease=true},point={id=25165854,parent=29360133,name=,class=,mapped=true,viewable=true,enabled=true,renderable=true,surface=false,application=false,keyPress=false,keyRelease=false}
133368 key_release_ancestor_target target={id=29360133,parent=20971527,name=Stardew Valley,class=stardew valley.exe,mapped=true,viewable=true,enabled=true,renderable=true,surface=false,application=true,keyPress=true,keyRelease=true}
133368 key_release_sent keycode=25,target={id=29360133,parent=20971527,name=Stardew Valley,class=stardew valley.exe,mapped=true,viewable=true,enabled=true,renderable=true,surface=false,application=true,keyPress=true,keyRelease=true}
133535 inject_press keycode=25,keysym=119
133536 key_press_received keycode=25,keysym=119,focus={id=29360133,parent=20971527,name=Stardew Valley,class=stardew valley.exe,mapped=true,viewable=true,enabled=true,renderable=true,surface=false,application=true,keyPress=true,keyRelease=true},point={id=25165854,parent=29360133,name=,class=,mapped=true,viewable=true,enabled=true,renderable=true,surface=false,application=false,keyPress=false,keyRelease=false}
133536 key_press_ancestor_target target={id=29360133,parent=20971527,name=Stardew Valley,class=stardew valley.exe,mapped=true,viewable=true,enabled=true,renderable=true,surface=false,application=true,keyPress=true,keyRelease=true}
133536 key_press_sent keycode=25,target={id=29360133,parent=20971527,name=Stardew Valley,class=stardew valley.exe,mapped=true,viewable=true,enabled=true,renderable=true,surface=false,application=true,keyPress=true,keyRelease=true}
133537 inject_release keycode=50
133537 keyboard_release_suppressed reason=not_pressed_or_sticky,keycode=50
133537 inject_release keycode=25
133537 key_release_received keycode=25,focus={id=29360133,parent=20971527,name=Stardew Valley,class=stardew valley.exe,mapped=true,viewable=true,enabled=true,renderable=true,surface=false,application=true,keyPress=true,keyRelease=true},point={id=25165854,parent=29360133,name=,class=,mapped=true,viewable=true,enabled=true,renderable=true,surface=false,application=false,keyPress=false,keyRelease=false}
133537 key_release_ancestor_target target={id=29360133,parent=20971527,name=Stardew Valley,class=stardew valley.exe,mapped=true,viewable=true,enabled=true,renderable=true,surface=false,application=true,keyPress=true,keyRelease=true}
133537 key_release_sent keycode=25,target={id=29360133,parent=20971527,name=Stardew Valley,class=stardew valley.exe,mapped=true,viewable=true,enabled=true,renderable=true,surface=false,application=true,keyPress=true,keyRelease=true}
133692 inject_press keycode=25,keysym=119
133692 key_press_received keycode=25,keysym=119,focus={id=29360133,parent=20971527,name=Stardew Valley,class=stardew valley.exe,mapped=true,viewable=true,enabled=true,renderable=true,surface=false,application=true,keyPress=true,keyRelease=true},point={id=25165854,parent=29360133,name=,class=,mapped=true,viewable=true,enabled=true,renderable=true,surface=false,application=false,keyPress=false,keyRelease=false}
133692 key_press_ancestor_target target={id=29360133,parent=20971527,name=Stardew Valley,class=stardew valley.exe,mapped=true,viewable=true,enabled=true,renderable=true,surface=false,application=true,keyPress=true,keyRelease=true}
133693 key_press_sent keycode=25,target={id=29360133,parent=20971527,name=Stardew Valley,class=stardew valley.exe,mapped=true,viewable=true,enabled=true,renderable=true,surface=false,application=true,keyPress=true,keyRelease=true}
133694 inject_release keycode=50
133694 keyboard_release_suppressed reason=not_pressed_or_sticky,keycode=50
133694 inject_release keycode=25
133694 key_release_received keycode=25,focus={id=29360133,parent=20971527,name=Stardew Valley,class=stardew valley.exe,mapped=true,viewable=true,enabled=true,renderable=true,surface=false,application=true,keyPress=true,keyRelease=true},point={id=25165854,parent=29360133,name=,class=,mapped=true,viewable=true,enabled=true,renderable=true,surface=false,application=false,keyPress=false,keyRelease=false}
133694 key_release_ancestor_target target={id=29360133,parent=20971527,name=Stardew Valley,class=stardew valley.exe,mapped=true,viewable=true,enabled=true,renderable=true,surface=false,application=true,keyPress=true,keyRelease=true}
133694 key_release_sent keycode=25,target={id=29360133,parent=20971527,name=Stardew Valley,class=stardew valley.exe,mapped=true,viewable=true,enabled=true,renderable=true,surface=false,application=true,keyPress=true,keyRelease=true}
135816 inject_press keycode=22,keysym=0
135816 key_press_received keycode=22,keysym=0,focus={id=29360133,parent=20971527,name=Stardew Valley,class=stardew valley.exe,mapped=true,viewable=true,enabled=true,renderable=true,surface=false,application=true,keyPress=true,keyRelease=true},point={id=25165854,parent=29360133,name=,class=,mapped=true,viewable=true,enabled=true,renderable=true,surface=false,application=false,keyPress=false,keyRelease=false}
135816 key_press_ancestor_target target={id=29360133,parent=20971527,name=Stardew Valley,class=stardew valley.exe,mapped=true,viewable=true,enabled=true,renderable=true,surface=false,application=true,keyPress=true,keyRelease=true}
135817 key_press_sent keycode=22,target={id=29360133,parent=20971527,name=Stardew Valley,class=stardew valley.exe,mapped=true,viewable=true,enabled=true,renderable=true,surface=false,application=true,keyPress=true,keyRelease=true}
135818 inject_release keycode=50
135818 keyboard_release_suppressed reason=not_pressed_or_sticky,keycode=50
135818 inject_release keycode=22
135818 key_release_received keycode=22,focus={id=29360133,parent=20971527,name=Stardew Valley,class=stardew valley.exe,mapped=true,viewable=true,enabled=true,renderable=true,surface=false,application=true,keyPress=true,keyRelease=true},point={id=25165854,parent=29360133,name=,class=,mapped=true,viewable=true,enabled=true,renderable=true,surface=false,application=false,keyPress=false,keyRelease=false}
135818 key_release_ancestor_target target={id=29360133,parent=20971527,name=Stardew Valley,class=stardew valley.exe,mapped=true,viewable=true,enabled=true,renderable=true,surface=false,application=true,keyPress=true,keyRelease=true}
135818 key_release_sent keycode=22,target={id=29360133,parent=20971527,name=Stardew Valley,class=stardew valley.exe,mapped=true,viewable=true,enabled=true,renderable=true,surface=false,application=true,keyPress=true,keyRelease=true}
135871 inject_press keycode=22,keysym=0
135872 key_press_received keycode=22,keysym=0,focus={id=29360133,parent=20971527,name=Stardew Valley,class=stardew valley.exe,mapped=true,viewable=true,enabled=true,renderable=true,surface=false,application=true,keyPress=true,keyRelease=true},point={id=25165854,parent=29360133,name=,class=,mapped=true,viewable=true,enabled=true,renderable=true,surface=false,application=false,keyPress=false,keyRelease=false}
135872 key_press_ancestor_target target={id=29360133,parent=20971527,name=Stardew Valley,class=stardew valley.exe,mapped=true,viewable=true,enabled=true,renderable=true,surface=false,application=true,keyPress=true,keyRelease=true}
135872 key_press_sent keycode=22,target={id=29360133,parent=20971527,name=Stardew Valley,class=stardew valley.exe,mapped=true,viewable=true,enabled=true,renderable=true,surface=false,application=true,keyPress=true,keyRelease=true}
135873 inject_release keycode=50
135873 keyboard_release_suppressed reason=not_pressed_or_sticky,keycode=50
135873 inject_release keycode=22
135873 key_release_received keycode=22,focus={id=29360133,parent=20971527,name=Stardew Valley,class=stardew valley.exe,mapped=true,viewable=true,enabled=true,renderable=true,surface=false,application=true,keyPress=true,keyRelease=true},point={id=25165854,parent=29360133,name=,class=,mapped=true,viewable=true,enabled=true,renderable=true,surface=false,application=false,keyPress=false,keyRelease=false}
135873 key_release_ancestor_target target={id=29360133,parent=20971527,name=Stardew Valley,class=stardew valley.exe,mapped=true,viewable=true,enabled=true,renderable=true,surface=false,application=true,keyPress=true,keyRelease=true}
135873 key_release_sent keycode=22,target={id=29360133,parent=20971527,name=Stardew Valley,class=stardew valley.exe,mapped=true,viewable=true,enabled=true,renderable=true,surface=false,application=true,keyPress=true,keyRelease=true}
135935 inject_press keycode=22,keysym=0
135935 key_press_received keycode=22,keysym=0,focus={id=29360133,parent=20971527,name=Stardew Valley,class=stardew valley.exe,mapped=true,viewable=true,enabled=true,renderable=true,surface=false,application=true,keyPress=true,keyRelease=true},point={id=25165854,parent=29360133,name=,class=,mapped=true,viewable=true,enabled=true,renderable=true,surface=false,application=false,keyPress=false,keyRelease=false}
135935 key_press_ancestor_target target={id=29360133,parent=20971527,name=Stardew Valley,class=stardew valley.exe,mapped=true,viewable=true,enabled=true,renderable=true,surface=false,application=true,keyPress=true,keyRelease=true}
135935 key_press_sent keycode=22,target={id=29360133,parent=20971527,name=Stardew Valley,class=stardew valley.exe,mapped=true,viewable=true,enabled=true,renderable=true,surface=false,application=true,keyPress=true,keyRelease=true}
135936 inject_release keycode=50
135936 keyboard_release_suppressed reason=not_pressed_or_sticky,keycode=50
135936 inject_release keycode=22
135936 key_release_received keycode=22,focus={id=29360133,parent=20971527,name=Stardew Valley,class=stardew valley.exe,mapped=true,viewable=true,enabled=true,renderable=true,surface=false,application=true,keyPress=true,keyRelease=true},point={id=25165854,parent=29360133,name=,class=,mapped=true,viewable=true,enabled=true,renderable=true,surface=false,application=false,keyPress=false,keyRelease=false}
135937 key_release_ancestor_target target={id=29360133,parent=20971527,name=Stardew Valley,class=stardew valley.exe,mapped=true,viewable=true,enabled=true,renderable=true,surface=false,application=true,keyPress=true,keyRelease=true}
135937 key_release_sent keycode=22,target={id=29360133,parent=20971527,name=Stardew Valley,class=stardew valley.exe,mapped=true,viewable=true,enabled=true,renderable=true,surface=false,application=true,keyPress=true,keyRelease=true}
135998 inject_press keycode=22,keysym=0
135999 key_press_received keycode=22,keysym=0,focus={id=29360133,parent=20971527,name=Stardew Valley,class=stardew valley.exe,mapped=true,viewable=true,enabled=true,renderable=true,surface=false,application=true,keyPress=true,keyRelease=true},point={id=25165854,parent=29360133,name=,class=,mapped=true,viewable=true,enabled=true,renderable=true,surface=false,application=false,keyPress=false,keyRelease=false}
135999 key_press_ancestor_target target={id=29360133,parent=20971527,name=Stardew Valley,class=stardew valley.exe,mapped=true,viewable=true,enabled=true,renderable=true,surface=false,application=true,keyPress=true,keyRelease=true}
135999 key_press_sent keycode=22,target={id=29360133,parent=20971527,name=Stardew Valley,class=stardew valley.exe,mapped=true,viewable=true,enabled=true,renderable=true,surface=false,application=true,keyPress=true,keyRelease=true}
136000 inject_release keycode=50
136000 keyboard_release_suppressed reason=not_pressed_or_sticky,keycode=50
136000 inject_release keycode=22
136000 key_release_received keycode=22,focus={id=29360133,parent=20971527,name=Stardew Valley,class=stardew valley.exe,mapped=true,viewable=true,enabled=true,renderable=true,surface=false,application=true,keyPress=true,keyRelease=true},point={id=25165854,parent=29360133,name=,class=,mapped=true,viewable=true,enabled=true,renderable=true,surface=false,application=false,keyPress=false,keyRelease=false}
136000 key_release_ancestor_target target={id=29360133,parent=20971527,name=Stardew Valley,class=stardew valley.exe,mapped=true,viewable=true,enabled=true,renderable=true,surface=false,application=true,keyPress=true,keyRelease=true}
136000 key_release_sent keycode=22,target={id=29360133,parent=20971527,name=Stardew Valley,class=stardew valley.exe,mapped=true,viewable=true,enabled=true,renderable=true,surface=false,application=true,keyPress=true,keyRelease=true}
136062 inject_press keycode=22,keysym=0
136062 key_press_received keycode=22,keysym=0,focus={id=29360133,parent=20971527,name=Stardew Valley,class=stardew valley.exe,mapped=true,viewable=true,enabled=true,renderable=true,surface=false,application=true,keyPress=true,keyRelease=true},point={id=25165854,parent=29360133,name=,class=,mapped=true,viewable=true,enabled=true,renderable=true,surface=false,application=false,keyPress=false,keyRelease=false}
136062 key_press_ancestor_target target={id=29360133,parent=20971527,name=Stardew Valley,class=stardew valley.exe,mapped=true,viewable=true,enabled=true,renderable=true,surface=false,application=true,keyPress=true,keyRelease=true}
136062 key_press_sent keycode=22,target={id=29360133,parent=20971527,name=Stardew Valley,class=stardew valley.exe,mapped=true,viewable=true,enabled=true,renderable=true,surface=false,application=true,keyPress=true,keyRelease=true}
136063 inject_release keycode=50
136063 keyboard_release_suppressed reason=not_pressed_or_sticky,keycode=50
136063 inject_release keycode=22
136063 key_release_received keycode=22,focus={id=29360133,parent=20971527,name=Stardew Valley,class=stardew valley.exe,mapped=true,viewable=true,enabled=true,renderable=true,surface=false,application=true,keyPress=true,keyRelease=true},point={id=25165854,parent=29360133,name=,class=,mapped=true,viewable=true,enabled=true,renderable=true,surface=false,application=false,keyPress=false,keyRelease=false}
136064 key_release_ancestor_target target={id=29360133,parent=20971527,name=Stardew Valley,class=stardew valley.exe,mapped=true,viewable=true,enabled=true,renderable=true,surface=false,application=true,keyPress=true,keyRelease=true}
136064 key_release_sent keycode=22,target={id=29360133,parent=20971527,name=Stardew Valley,class=stardew valley.exe,mapped=true,viewable=true,enabled=true,renderable=true,surface=false,application=true,keyPress=true,keyRelease=true}
136126 inject_press keycode=22,keysym=0
136126 key_press_received keycode=22,keysym=0,focus={id=29360133,parent=20971527,name=Stardew Valley,class=stardew valley.exe,mapped=true,viewable=true,enabled=true,renderable=true,surface=false,application=true,keyPress=true,keyRelease=true},point={id=25165854,parent=29360133,name=,class=,mapped=true,viewable=true,enabled=true,renderable=true,surface=false,application=false,keyPress=false,keyRelease=false}
136126 key_press_ancestor_target target={id=29360133,parent=20971527,name=Stardew Valley,class=stardew valley.exe,mapped=true,viewable=true,enabled=true,renderable=true,surface=false,application=true,keyPress=true,keyRelease=true}
136127 key_press_sent keycode=22,target={id=29360133,parent=20971527,name=Stardew Valley,class=stardew valley.exe,mapped=true,viewable=true,enabled=true,renderable=true,surface=false,application=true,keyPress=true,keyRelease=true}
136127 inject_release keycode=50
136127 keyboard_release_suppressed reason=not_pressed_or_sticky,keycode=50
136127 inject_release keycode=22
136128 key_release_received keycode=22,focus={id=29360133,parent=20971527,name=Stardew Valley,class=stardew valley.exe,mapped=true,viewable=true,enabled=true,renderable=true,surface=false,application=true,keyPress=true,keyRelease=true},point={id=25165854,parent=29360133,name=,class=,mapped=true,viewable=true,enabled=true,renderable=true,surface=false,application=false,keyPress=false,keyRelease=false}
136128 key_release_ancestor_target target={id=29360133,parent=20971527,name=Stardew Valley,class=stardew valley.exe,mapped=true,viewable=true,enabled=true,renderable=true,surface=false,application=true,keyPress=true,keyRelease=true}
136128 key_release_sent keycode=22,target={id=29360133,parent=20971527,name=Stardew Valley,class=stardew valley.exe,mapped=true,viewable=true,enabled=true,renderable=true,surface=false,application=true,keyPress=true,keyRelease=true}
136190 inject_press keycode=22,keysym=0
136190 key_press_received keycode=22,keysym=0,focus={id=29360133,parent=20971527,name=Stardew Valley,class=stardew valley.exe,mapped=true,viewable=true,enabled=true,renderable=true,surface=false,application=true,keyPress=true,keyRelease=true},point={id=25165854,parent=29360133,name=,class=,mapped=true,viewable=true,enabled=true,renderable=true,surface=false,application=false,keyPress=false,keyRelease=false}
136191 key_press_ancestor_target target={id=29360133,parent=20971527,name=Stardew Valley,class=stardew valley.exe,mapped=true,viewable=true,enabled=true,renderable=true,surface=false,application=true,keyPress=true,keyRelease=true}
136191 key_press_sent keycode=22,target={id=29360133,parent=20971527,name=Stardew Valley,class=stardew valley.exe,mapped=true,viewable=true,enabled=true,renderable=true,surface=false,application=true,keyPress=true,keyRelease=true}
136192 inject_release keycode=50
136192 keyboard_release_suppressed reason=not_pressed_or_sticky,keycode=50
136192 inject_release keycode=22
136192 key_release_received keycode=22,focus={id=29360133,parent=20971527,name=Stardew Valley,class=stardew valley.exe,mapped=true,viewable=true,enabled=true,renderable=true,surface=false,application=true,keyPress=true,keyRelease=true},point={id=25165854,parent=29360133,name=,class=,mapped=true,viewable=true,enabled=true,renderable=true,surface=false,application=false,keyPress=false,keyRelease=false}
136192 key_release_ancestor_target target={id=29360133,parent=20971527,name=Stardew Valley,class=stardew valley.exe,mapped=true,viewable=true,enabled=true,renderable=true,surface=false,application=true,keyPress=true,keyRelease=true}
136192 key_release_sent keycode=22,target={id=29360133,parent=20971527,name=Stardew Valley,class=stardew valley.exe,mapped=true,viewable=true,enabled=true,renderable=true,surface=false,application=true,keyPress=true,keyRelease=true}
136254 inject_press keycode=22,keysym=0
136254 key_press_received keycode=22,keysym=0,focus={id=29360133,parent=20971527,name=Stardew Valley,class=stardew valley.exe,mapped=true,viewable=true,enabled=true,renderable=true,surface=false,application=true,keyPress=true,keyRelease=true},point={id=25165854,parent=29360133,name=,class=,mapped=true,viewable=true,enabled=true,renderable=true,surface=false,application=false,keyPress=false,keyRelease=false}
136254 key_press_ancestor_target target={id=29360133,parent=20971527,name=Stardew Valley,class=stardew valley.exe,mapped=true,viewable=true,enabled=true,renderable=true,surface=false,application=true,keyPress=true,keyRelease=true}
136254 key_press_sent keycode=22,target={id=29360133,parent=20971527,name=Stardew Valley,class=stardew valley.exe,mapped=true,viewable=true,enabled=true,renderable=true,surface=false,application=true,keyPress=true,keyRelease=true}
136258 inject_release keycode=50
136259 keyboard_release_suppressed reason=not_pressed_or_sticky,keycode=50
136259 inject_release keycode=22
136259 key_release_received keycode=22,focus={id=29360133,parent=20971527,name=Stardew Valley,class=stardew valley.exe,mapped=true,viewable=true,enabled=true,renderable=true,surface=false,application=true,keyPress=true,keyRelease=true},point={id=25165854,parent=29360133,name=,class=,mapped=true,viewable=true,enabled=true,renderable=true,surface=false,application=false,keyPress=false,keyRelease=false}
136259 key_release_ancestor_target target={id=29360133,parent=20971527,name=Stardew Valley,class=stardew valley.exe,mapped=true,viewable=true,enabled=true,renderable=true,surface=false,application=true,keyPress=true,keyRelease=true}
136259 key_release_sent keycode=22,target={id=29360133,parent=20971527,name=Stardew Valley,class=stardew valley.exe,mapped=true,viewable=true,enabled=true,renderable=true,surface=false,application=true,keyPress=true,keyRelease=true}
136270 inject_press keycode=22,keysym=0
136270 key_press_received keycode=22,keysym=0,focus={id=29360133,parent=20971527,name=Stardew Valley,class=stardew valley.exe,mapped=true,viewable=true,enabled=true,renderable=true,surface=false,application=true,keyPress=true,keyRelease=true},point={id=25165854,parent=29360133,name=,class=,mapped=true,viewable=true,enabled=true,renderable=true,surface=false,application=false,keyPress=false,keyRelease=false}
136270 key_press_ancestor_target target={id=29360133,parent=20971527,name=Stardew Valley,class=stardew valley.exe,mapped=true,viewable=true,enabled=true,renderable=true,surface=false,application=true,keyPress=true,keyRelease=true}
136271 key_press_sent keycode=22,target={id=29360133,parent=20971527,name=Stardew Valley,class=stardew valley.exe,mapped=true,viewable=true,enabled=true,renderable=true,surface=false,application=true,keyPress=true,keyRelease=true}
136271 inject_release keycode=50
136271 keyboard_release_suppressed reason=not_pressed_or_sticky,keycode=50
136271 inject_release keycode=22
136272 key_release_received keycode=22,focus={id=29360133,parent=20971527,name=Stardew Valley,class=stardew valley.exe,mapped=true,viewable=true,enabled=true,renderable=true,surface=false,application=true,keyPress=true,keyRelease=true},point={id=25165854,parent=29360133,name=,class=,mapped=true,viewable=true,enabled=true,renderable=true,surface=false,application=false,keyPress=false,keyRelease=false}
136272 key_release_ancestor_target target={id=29360133,parent=20971527,name=Stardew Valley,class=stardew valley.exe,mapped=true,viewable=true,enabled=true,renderable=true,surface=false,application=true,keyPress=true,keyRelease=true}
136272 key_release_sent keycode=22,target={id=29360133,parent=20971527,name=Stardew Valley,class=stardew valley.exe,mapped=true,viewable=true,enabled=true,renderable=true,surface=false,application=true,keyPress=true,keyRelease=true}
136356 pointer_focus point={id=25165854,parent=29360133,name=,class=,mapped=true,viewable=true,enabled=true,renderable=true,surface=false,application=false,keyPress=false,keyRelease=false},focus_before={id=29360133,parent=20971527,name=Stardew Valley,class=stardew valley.exe,mapped=true,viewable=true,enabled=true,renderable=true,surface=false,application=true,keyPress=true,keyRelease=true}
136356 pointer_focus_result focus_after={id=29360133,parent=20971527,name=Stardew Valley,class=stardew valley.exe,mapped=true,viewable=true,enabled=true,renderable=true,surface=false,application=true,keyPress=true,keyRelease=true}
138240 binding_release binding=KEY_W,keycode=25
138240 inject_release keycode=25
138240 keyboard_release_suppressed reason=not_pressed_or_sticky,keycode=25
138241 binding_release binding=KEY_D,keycode=40
138241 inject_release keycode=40
138241 keyboard_release_suppressed reason=not_pressed_or_sticky,keycode=40
138241 binding_release binding=KEY_S,keycode=39
138241 inject_release keycode=39
138241 keyboard_release_suppressed reason=not_pressed_or_sticky,keycode=39
138241 binding_press binding=KEY_A,keycode=38
138241 inject_press keycode=38,keysym=0
138241 key_press_received keycode=38,keysym=0,focus={id=29360133,parent=20971527,name=Stardew Valley,class=stardew valley.exe,mapped=true,viewable=true,enabled=true,renderable=true,surface=false,application=true,keyPress=true,keyRelease=true},point={id=25165854,parent=29360133,name=,class=,mapped=true,viewable=true,enabled=true,renderable=true,surface=false,application=false,keyPress=false,keyRelease=false}
138241 key_press_ancestor_target target={id=29360133,parent=20971527,name=Stardew Valley,class=stardew valley.exe,mapped=true,viewable=true,enabled=true,renderable=true,surface=false,application=true,keyPress=true,keyRelease=true}
138241 key_press_sent keycode=38,target={id=29360133,parent=20971527,name=Stardew Valley,class=stardew valley.exe,mapped=true,viewable=true,enabled=true,renderable=true,surface=false,application=true,keyPress=true,keyRelease=true}
138283 binding_release binding=KEY_W,keycode=25
138283 inject_release keycode=25
138283 keyboard_release_suppressed reason=not_pressed_or_sticky,keycode=25
138284 binding_release binding=KEY_D,keycode=40
138284 inject_release keycode=40
138284 keyboard_release_suppressed reason=not_pressed_or_sticky,keycode=40
138284 binding_release binding=KEY_S,keycode=39
138284 inject_release keycode=39
138284 keyboard_release_suppressed reason=not_pressed_or_sticky,keycode=39
138284 binding_press binding=KEY_A,keycode=38
138284 inject_press keycode=38,keysym=0
138284 keyboard_press_suppressed reason=already_pressed,keycode=38
138332 binding_release binding=KEY_W,keycode=25
138332 inject_release keycode=25
138332 keyboard_release_suppressed reason=not_pressed_or_sticky,keycode=25
138332 binding_release binding=KEY_D,keycode=40
138333 inject_release keycode=40
138333 keyboard_release_suppressed reason=not_pressed_or_sticky,keycode=40
138333 binding_release binding=KEY_S,keycode=39
138333 inject_release keycode=39
138333 keyboard_release_suppressed reason=not_pressed_or_sticky,keycode=39
138333 binding_press binding=KEY_A,keycode=38
138333 inject_press keycode=38,keysym=0
138333 keyboard_press_suppressed reason=already_pressed,keycode=38
138382 binding_release binding=KEY_W,keycode=25
138382 inject_release keycode=25
138382 keyboard_release_suppressed reason=not_pressed_or_sticky,keycode=25
138382 binding_release binding=KEY_D,keycode=40
138382 inject_release keycode=40
138382 keyboard_release_suppressed reason=not_pressed_or_sticky,keycode=40
138382 binding_release binding=KEY_S,keycode=39
138382 inject_release keycode=39
138382 keyboard_release_suppressed reason=not_pressed_or_sticky,keycode=39
138382 binding_press binding=KEY_A,keycode=38
138382 inject_press keycode=38,keysym=0
138383 keyboard_press_suppressed reason=already_pressed,keycode=38
138399 binding_release binding=KEY_W,keycode=25
138399 inject_release keycode=25
138399 keyboard_release_suppressed reason=not_pressed_or_sticky,keycode=25
138399 binding_release binding=KEY_D,keycode=40
138399 inject_release keycode=40
138399 keyboard_release_suppressed reason=not_pressed_or_sticky,keycode=40
138399 binding_release binding=KEY_S,keycode=39
138399 inject_release keycode=39
138399 keyboard_release_suppressed reason=not_pressed_or_sticky,keycode=39
138399 binding_press binding=KEY_A,keycode=38
138399 inject_press keycode=38,keysym=0
138399 keyboard_press_suppressed reason=already_pressed,keycode=38
138498 binding_release binding=KEY_W,keycode=25
138499 inject_release keycode=25
138499 keyboard_release_suppressed reason=not_pressed_or_sticky,keycode=25
138499 binding_release binding=KEY_D,keycode=40
138499 inject_release keycode=40
138499 keyboard_release_suppressed reason=not_pressed_or_sticky,keycode=40
138499 binding_release binding=KEY_S,keycode=39
138499 inject_release keycode=39
138499 keyboard_release_suppressed reason=not_pressed_or_sticky,keycode=39
138499 binding_press binding=KEY_A,keycode=38
138499 inject_press keycode=38,keysym=0
138499 keyboard_press_suppressed reason=already_pressed,keycode=38
138598 binding_release binding=KEY_W,keycode=25
138598 inject_release keycode=25
138598 keyboard_release_suppressed reason=not_pressed_or_sticky,keycode=25
138598 binding_release binding=KEY_D,keycode=40
138598 inject_release keycode=40
138598 keyboard_release_suppressed reason=not_pressed_or_sticky,keycode=40
138598 binding_release binding=KEY_S,keycode=39
138598 inject_release keycode=39
138598 keyboard_release_suppressed reason=not_pressed_or_sticky,keycode=39
138599 binding_press binding=KEY_A,keycode=38
138599 inject_press keycode=38,keysym=0
138599 keyboard_press_suppressed reason=already_pressed,keycode=38
138648 binding_release binding=KEY_W,keycode=25
138648 inject_release keycode=25
138648 keyboard_release_suppressed reason=not_pressed_or_sticky,keycode=25
138648 binding_release binding=KEY_D,keycode=40
138648 inject_release keycode=40
138648 keyboard_release_suppressed reason=not_pressed_or_sticky,keycode=40
138648 binding_release binding=KEY_S,keycode=39
138648 inject_release keycode=39
138648 keyboard_release_suppressed reason=not_pressed_or_sticky,keycode=39
138648 binding_press binding=KEY_A,keycode=38
138648 inject_press keycode=38,keysym=0
138649 keyboard_press_suppressed reason=already_pressed,keycode=38
138664 binding_release binding=KEY_W,keycode=25
138664 inject_release keycode=25
138664 keyboard_release_suppressed reason=not_pressed_or_sticky,keycode=25
138664 binding_release binding=KEY_D,keycode=40
138664 inject_release keycode=40
138664 keyboard_release_suppressed reason=not_pressed_or_sticky,keycode=40
138665 binding_release binding=KEY_S,keycode=39
138665 inject_release keycode=39
138665 keyboard_release_suppressed reason=not_pressed_or_sticky,keycode=39
138665 binding_press binding=KEY_A,keycode=38
138665 inject_press keycode=38,keysym=0
138665 keyboard_press_suppressed reason=already_pressed,keycode=38
138764 binding_release binding=KEY_W,keycode=25
138764 inject_release keycode=25
138764 keyboard_release_suppressed reason=not_pressed_or_sticky,keycode=25
138764 binding_release binding=KEY_D,keycode=40
138764 inject_release keycode=40
138764 keyboard_release_suppressed reason=not_pressed_or_sticky,keycode=40
138764 binding_release binding=KEY_S,keycode=39
138764 inject_release keycode=39
138764 keyboard_release_suppressed reason=not_pressed_or_sticky,keycode=39
138764 binding_press binding=KEY_A,keycode=38
138765 inject_press keycode=38,keysym=0
138765 keyboard_press_suppressed reason=already_pressed,keycode=38
138797 binding_release binding=KEY_W,keycode=25
138797 inject_release keycode=25
138797 keyboard_release_suppressed reason=not_pressed_or_sticky,keycode=25
138797 binding_release binding=KEY_D,keycode=40
138797 inject_release keycode=40
138797 keyboard_release_suppressed reason=not_pressed_or_sticky,keycode=40
138798 binding_release binding=KEY_S,keycode=39
138798 inject_release keycode=39
138798 keyboard_release_suppressed reason=not_pressed_or_sticky,keycode=39
138798 binding_press binding=KEY_A,keycode=38
138798 inject_press keycode=38,keysym=0
138798 keyboard_press_suppressed reason=already_pressed,keycode=38
138830 binding_release binding=KEY_W,keycode=25
138831 inject_release keycode=25
138831 keyboard_release_suppressed reason=not_pressed_or_sticky,keycode=25
138831 binding_release binding=KEY_D,keycode=40
138831 inject_release keycode=40
138831 keyboard_release_suppressed reason=not_pressed_or_sticky,keycode=40
138831 binding_release binding=KEY_S,keycode=39
138831 inject_release keycode=39
138831 keyboard_release_suppressed reason=not_pressed_or_sticky,keycode=39
138831 binding_press binding=KEY_A,keycode=38
138831 inject_press keycode=38,keysym=0
138831 keyboard_press_suppressed reason=already_pressed,keycode=38
138864 binding_release binding=KEY_W,keycode=25
138864 inject_release keycode=25
138864 keyboard_release_suppressed reason=not_pressed_or_sticky,keycode=25
138864 binding_release binding=KEY_D,keycode=40
138864 inject_release keycode=40
138864 keyboard_release_suppressed reason=not_pressed_or_sticky,keycode=40
138864 binding_release binding=KEY_S,keycode=39
138864 inject_release keycode=39
138864 keyboard_release_suppressed reason=not_pressed_or_sticky,keycode=39
138864 binding_press binding=KEY_A,keycode=38
138864 inject_press keycode=38,keysym=0
138864 keyboard_press_suppressed reason=already_pressed,keycode=38
138880 binding_release binding=KEY_W,keycode=25
138881 inject_release keycode=25
138881 keyboard_release_suppressed reason=not_pressed_or_sticky,keycode=25
138881 binding_release binding=KEY_D,keycode=40
138881 inject_release keycode=40
138881 keyboard_release_suppressed reason=not_pressed_or_sticky,keycode=40
138881 binding_release binding=KEY_S,keycode=39
138881 inject_release keycode=39
138881 keyboard_release_suppressed reason=not_pressed_or_sticky,keycode=39
138881 binding_press binding=KEY_A,keycode=38
138881 inject_press keycode=38,keysym=0
138881 keyboard_press_suppressed reason=already_pressed,keycode=38
138980 binding_release binding=KEY_W,keycode=25
138980 inject_release keycode=25
138980 keyboard_release_suppressed reason=not_pressed_or_sticky,keycode=25
138980 binding_release binding=KEY_D,keycode=40
138980 inject_release keycode=40
138980 keyboard_release_suppressed reason=not_pressed_or_sticky,keycode=40
138980 binding_release binding=KEY_S,keycode=39
138980 inject_release keycode=39
138980 keyboard_release_suppressed reason=not_pressed_or_sticky,keycode=39
138980 binding_press binding=KEY_A,keycode=38
138980 inject_press keycode=38,keysym=0
138980 keyboard_press_suppressed reason=already_pressed,keycode=38
139047 binding_release binding=KEY_W,keycode=25
139047 inject_release keycode=25
139047 keyboard_release_suppressed reason=not_pressed_or_sticky,keycode=25
139047 binding_release binding=KEY_D,keycode=40
139047 inject_release keycode=40
139047 keyboard_release_suppressed reason=not_pressed_or_sticky,keycode=40
139047 binding_release binding=KEY_S,keycode=39
139047 inject_release keycode=39
139047 keyboard_release_suppressed reason=not_pressed_or_sticky,keycode=39
139047 binding_press binding=KEY_A,keycode=38
139047 inject_press keycode=38,keysym=0
139047 keyboard_press_suppressed reason=already_pressed,keycode=38
139080 binding_release binding=KEY_W,keycode=25
139080 inject_release keycode=25
139080 keyboard_release_suppressed reason=not_pressed_or_sticky,keycode=25
139080 binding_release binding=KEY_D,keycode=40
139080 inject_release keycode=40
139080 keyboard_release_suppressed reason=not_pressed_or_sticky,keycode=40
139080 binding_release binding=KEY_S,keycode=39
139080 inject_release keycode=39
139080 keyboard_release_suppressed reason=not_pressed_or_sticky,keycode=39
139080 binding_press binding=KEY_A,keycode=38
139080 inject_press keycode=38,keysym=0
139080 keyboard_press_suppressed reason=already_pressed,keycode=38
139196 binding_release binding=KEY_W,keycode=25
139196 inject_release keycode=25
139196 keyboard_release_suppressed reason=not_pressed_or_sticky,keycode=25
139196 binding_release binding=KEY_D,keycode=40
139196 inject_release keycode=40
139196 keyboard_release_suppressed reason=not_pressed_or_sticky,keycode=40
139196 binding_release binding=KEY_S,keycode=39
139196 inject_release keycode=39
139196 keyboard_release_suppressed reason=not_pressed_or_sticky,keycode=39
139196 binding_press binding=KEY_A,keycode=38
139197 inject_press keycode=38,keysym=0
139197 keyboard_press_suppressed reason=already_pressed,keycode=38
139229 binding_release binding=KEY_W,keycode=25
139229 inject_release keycode=25
139229 keyboard_release_suppressed reason=not_pressed_or_sticky,keycode=25
139230 binding_release binding=KEY_D,keycode=40
139230 inject_release keycode=40
139230 keyboard_release_suppressed reason=not_pressed_or_sticky,keycode=40
139230 binding_release binding=KEY_S,keycode=39
139230 inject_release keycode=39
139230 keyboard_release_suppressed reason=not_pressed_or_sticky,keycode=39
139230 binding_press binding=KEY_A,keycode=38
139230 inject_press keycode=38,keysym=0
139230 keyboard_press_suppressed reason=already_pressed,keycode=38
139246 binding_release binding=KEY_W,keycode=25
139246 inject_release keycode=25
139246 keyboard_release_suppressed reason=not_pressed_or_sticky,keycode=25
139246 binding_release binding=KEY_D,keycode=40
139246 inject_release keycode=40
139246 keyboard_release_suppressed reason=not_pressed_or_sticky,keycode=40
139246 binding_release binding=KEY_S,keycode=39
139246 inject_release keycode=39
139246 keyboard_release_suppressed reason=not_pressed_or_sticky,keycode=39
139246 binding_press binding=KEY_A,keycode=38
139246 inject_press keycode=38,keysym=0
139246 keyboard_press_suppressed reason=already_pressed,keycode=38
139262 binding_release binding=KEY_W,keycode=25
139262 inject_release keycode=25
139262 keyboard_release_suppressed reason=not_pressed_or_sticky,keycode=25
139262 binding_release binding=KEY_D,keycode=40
139262 inject_release keycode=40
139262 keyboard_release_suppressed reason=not_pressed_or_sticky,keycode=40
139262 binding_release binding=KEY_S,keycode=39
139262 inject_release keycode=39
139262 keyboard_release_suppressed reason=not_pressed_or_sticky,keycode=39
139262 binding_press binding=KEY_A,keycode=38
139262 inject_press keycode=38,keysym=0
139262 keyboard_press_suppressed reason=already_pressed,keycode=38
139269 binding_release binding=KEY_W,keycode=25
139269 inject_release keycode=25
139269 keyboard_release_suppressed reason=not_pressed_or_sticky,keycode=25
139270 binding_release binding=KEY_D,keycode=40
139270 inject_release keycode=40
139270 keyboard_release_suppressed reason=not_pressed_or_sticky,keycode=40
139270 binding_release binding=KEY_S,keycode=39
139270 inject_release keycode=39
139270 keyboard_release_suppressed reason=not_pressed_or_sticky,keycode=39
139270 binding_press binding=KEY_A,keycode=38
139270 inject_press keycode=38,keysym=0
139270 keyboard_press_suppressed reason=already_pressed,keycode=38
139271 binding_release binding=KEY_A,keycode=38
139271 inject_release keycode=38
139271 key_release_received keycode=38,focus={id=29360133,parent=20971527,name=Stardew Valley,class=stardew valley.exe,mapped=true,viewable=true,enabled=true,renderable=true,surface=false,application=true,keyPress=true,keyRelease=true},point={id=25165854,parent=29360133,name=,class=,mapped=true,viewable=true,enabled=true,renderable=true,surface=false,application=false,keyPress=false,keyRelease=false}
139271 key_release_ancestor_target target={id=29360133,parent=20971527,name=Stardew Valley,class=stardew valley.exe,mapped=true,viewable=true,enabled=true,renderable=true,surface=false,application=true,keyPress=true,keyRelease=true}
139271 key_release_sent keycode=38,target={id=29360133,parent=20971527,name=Stardew Valley,class=stardew valley.exe,mapped=true,viewable=true,enabled=true,renderable=true,surface=false,application=true,keyPress=true,keyRelease=true}
139470 binding_release binding=KEY_W,keycode=25
139470 inject_release keycode=25
139470 keyboard_release_suppressed reason=not_pressed_or_sticky,keycode=25
139470 binding_release binding=KEY_D,keycode=40
139470 inject_release keycode=40
139471 keyboard_release_suppressed reason=not_pressed_or_sticky,keycode=40
139471 binding_release binding=KEY_S,keycode=39
139471 inject_release keycode=39
139471 keyboard_release_suppressed reason=not_pressed_or_sticky,keycode=39
139471 binding_press binding=KEY_A,keycode=38
139471 inject_press keycode=38,keysym=0
139471 key_press_received keycode=38,keysym=0,focus={id=29360133,parent=20971527,name=Stardew Valley,class=stardew valley.exe,mapped=true,viewable=true,enabled=true,renderable=true,surface=false,application=true,keyPress=true,keyRelease=true},point={id=25165854,parent=29360133,name=,class=,mapped=true,viewable=true,enabled=true,renderable=true,surface=false,application=false,keyPress=false,keyRelease=false}
139471 key_press_ancestor_target target={id=29360133,parent=20971527,name=Stardew Valley,class=stardew valley.exe,mapped=true,viewable=true,enabled=true,renderable=true,surface=false,application=true,keyPress=true,keyRelease=true}
139471 key_press_sent keycode=38,target={id=29360133,parent=20971527,name=Stardew Valley,class=stardew valley.exe,mapped=true,viewable=true,enabled=true,renderable=true,surface=false,application=true,keyPress=true,keyRelease=true}
139495 binding_release binding=KEY_W,keycode=25
139495 inject_release keycode=25
139495 keyboard_release_suppressed reason=not_pressed_or_sticky,keycode=25
139495 binding_release binding=KEY_D,keycode=40
139495 inject_release keycode=40
139495 keyboard_release_suppressed reason=not_pressed_or_sticky,keycode=40
139495 binding_release binding=KEY_S,keycode=39
139495 inject_release keycode=39
139495 keyboard_release_suppressed reason=not_pressed_or_sticky,keycode=39
139495 binding_press binding=KEY_A,keycode=38
139495 inject_press keycode=38,keysym=0
139496 keyboard_press_suppressed reason=already_pressed,keycode=38
139562 binding_release binding=KEY_W,keycode=25
139562 inject_release keycode=25
139563 keyboard_release_suppressed reason=not_pressed_or_sticky,keycode=25
139563 binding_release binding=KEY_D,keycode=40
139563 inject_release keycode=40
139563 keyboard_release_suppressed reason=not_pressed_or_sticky,keycode=40
139563 binding_release binding=KEY_S,keycode=39
139563 inject_release keycode=39
139563 keyboard_release_suppressed reason=not_pressed_or_sticky,keycode=39
139563 binding_press binding=KEY_A,keycode=38
139563 inject_press keycode=38,keysym=0
139563 keyboard_press_suppressed reason=already_pressed,keycode=38
139571 binding_release binding=KEY_W,keycode=25
139571 inject_release keycode=25
139571 keyboard_release_suppressed reason=not_pressed_or_sticky,keycode=25
139571 binding_release binding=KEY_D,keycode=40
139571 inject_release keycode=40
139571 keyboard_release_suppressed reason=not_pressed_or_sticky,keycode=40
139571 binding_release binding=KEY_S,keycode=39
139571 inject_release keycode=39
139571 keyboard_release_suppressed reason=not_pressed_or_sticky,keycode=39
139571 binding_press binding=KEY_A,keycode=38
139571 inject_press keycode=38,keysym=0
139571 keyboard_press_suppressed reason=already_pressed,keycode=38
139572 binding_release binding=KEY_A,keycode=38
139572 inject_release keycode=38
139572 key_release_received keycode=38,focus={id=29360133,parent=20971527,name=Stardew Valley,class=stardew valley.exe,mapped=true,viewable=true,enabled=true,renderable=true,surface=false,application=true,keyPress=true,keyRelease=true},point={id=25165854,parent=29360133,name=,class=,mapped=true,viewable=true,enabled=true,renderable=true,surface=false,application=false,keyPress=false,keyRelease=false}
139573 key_release_ancestor_target target={id=29360133,parent=20971527,name=Stardew Valley,class=stardew valley.exe,mapped=true,viewable=true,enabled=true,renderable=true,surface=false,application=true,keyPress=true,keyRelease=true}
139573 key_release_sent keycode=38,target={id=29360133,parent=20971527,name=Stardew Valley,class=stardew valley.exe,mapped=true,viewable=true,enabled=true,renderable=true,surface=false,application=true,keyPress=true,keyRelease=true}
139721 binding_release binding=KEY_W,keycode=25
139721 inject_release keycode=25
139722 keyboard_release_suppressed reason=not_pressed_or_sticky,keycode=25
139722 binding_release binding=KEY_D,keycode=40
139722 inject_release keycode=40
139722 keyboard_release_suppressed reason=not_pressed_or_sticky,keycode=40
139722 binding_release binding=KEY_S,keycode=39
139722 inject_release keycode=39
139722 keyboard_release_suppressed reason=not_pressed_or_sticky,keycode=39
139722 binding_press binding=KEY_A,keycode=38
139722 inject_press keycode=38,keysym=0
139722 key_press_received keycode=38,keysym=0,focus={id=29360133,parent=20971527,name=Stardew Valley,class=stardew valley.exe,mapped=true,viewable=true,enabled=true,renderable=true,surface=false,application=true,keyPress=true,keyRelease=true},point={id=25165854,parent=29360133,name=,class=,mapped=true,viewable=true,enabled=true,renderable=true,surface=false,application=false,keyPress=false,keyRelease=false}
139722 key_press_ancestor_target target={id=29360133,parent=20971527,name=Stardew Valley,class=stardew valley.exe,mapped=true,viewable=true,enabled=true,renderable=true,surface=false,application=true,keyPress=true,keyRelease=true}
139722 key_press_sent keycode=38,target={id=29360133,parent=20971527,name=Stardew Valley,class=stardew valley.exe,mapped=true,viewable=true,enabled=true,renderable=true,surface=false,application=true,keyPress=true,keyRelease=true}
139744 binding_release binding=KEY_W,keycode=25
139744 inject_release keycode=25
139744 keyboard_release_suppressed reason=not_pressed_or_sticky,keycode=25
139744 binding_release binding=KEY_D,keycode=40
139744 inject_release keycode=40
139744 keyboard_release_suppressed reason=not_pressed_or_sticky,keycode=40
139744 binding_release binding=KEY_S,keycode=39
139744 inject_release keycode=39
139744 keyboard_release_suppressed reason=not_pressed_or_sticky,keycode=39
139744 binding_press binding=KEY_A,keycode=38
139744 inject_press keycode=38,keysym=0
139744 keyboard_press_suppressed reason=already_pressed,keycode=38
139794 binding_release binding=KEY_W,keycode=25
139794 inject_release keycode=25
139794 keyboard_release_suppressed reason=not_pressed_or_sticky,keycode=25
139794 binding_release binding=KEY_D,keycode=40
139794 inject_release keycode=40
139794 keyboard_release_suppressed reason=not_pressed_or_sticky,keycode=40
139794 binding_release binding=KEY_S,keycode=39
139794 inject_release keycode=39
139794 keyboard_release_suppressed reason=not_pressed_or_sticky,keycode=39
139794 binding_press binding=KEY_A,keycode=38
139795 inject_press keycode=38,keysym=0
139795 keyboard_press_suppressed reason=already_pressed,keycode=38
139797 binding_release binding=KEY_A,keycode=38
139797 inject_release keycode=38
139797 key_release_received keycode=38,focus={id=29360133,parent=20971527,name=Stardew Valley,class=stardew valley.exe,mapped=true,viewable=true,enabled=true,renderable=true,surface=false,application=true,keyPress=true,keyRelease=true},point={id=25165854,parent=29360133,name=,class=,mapped=true,viewable=true,enabled=true,renderable=true,surface=false,application=false,keyPress=false,keyRelease=false}
139797 key_release_ancestor_target target={id=29360133,parent=20971527,name=Stardew Valley,class=stardew valley.exe,mapped=true,viewable=true,enabled=true,renderable=true,surface=false,application=true,keyPress=true,keyRelease=true}
139798 key_release_sent keycode=38,target={id=29360133,parent=20971527,name=Stardew Valley,class=stardew valley.exe,mapped=true,viewable=true,enabled=true,renderable=true,surface=false,application=true,keyPress=true,keyRelease=true}
139965 binding_release binding=KEY_W,keycode=25
139965 inject_release keycode=25
139965 keyboard_release_suppressed reason=not_pressed_or_sticky,keycode=25
139965 binding_release binding=KEY_D,keycode=40
139965 inject_release keycode=40
139965 keyboard_release_suppressed reason=not_pressed_or_sticky,keycode=40
139965 binding_release binding=KEY_S,keycode=39
139965 inject_release keycode=39
139966 keyboard_release_suppressed reason=not_pressed_or_sticky,keycode=39
139966 binding_press binding=KEY_A,keycode=38
139966 inject_press keycode=38,keysym=0
139966 key_press_received keycode=38,keysym=0,focus={id=29360133,parent=20971527,name=Stardew Valley,class=stardew valley.exe,mapped=true,viewable=true,enabled=true,renderable=true,surface=false,application=true,keyPress=true,keyRelease=true},point={id=25165854,parent=29360133,name=,class=,mapped=true,viewable=true,enabled=true,renderable=true,surface=false,application=false,keyPress=false,keyRelease=false}
139966 key_press_ancestor_target target={id=29360133,parent=20971527,name=Stardew Valley,class=stardew valley.exe,mapped=true,viewable=true,enabled=true,renderable=true,surface=false,application=true,keyPress=true,keyRelease=true}
139966 key_press_sent keycode=38,target={id=29360133,parent=20971527,name=Stardew Valley,class=stardew valley.exe,mapped=true,viewable=true,enabled=true,renderable=true,surface=false,application=true,keyPress=true,keyRelease=true}
140022 binding_release binding=KEY_W,keycode=25
140022 inject_release keycode=25
140022 keyboard_release_suppressed reason=not_pressed_or_sticky,keycode=25
140022 binding_release binding=KEY_D,keycode=40
140022 inject_release keycode=40
140022 keyboard_release_suppressed reason=not_pressed_or_sticky,keycode=40
140022 binding_release binding=KEY_S,keycode=39
140022 inject_release keycode=39
140022 keyboard_release_suppressed reason=not_pressed_or_sticky,keycode=39
140022 binding_press binding=KEY_A,keycode=38
140022 inject_press keycode=38,keysym=0
140022 keyboard_press_suppressed reason=already_pressed,keycode=38
140023 binding_release binding=KEY_A,keycode=38
140023 inject_release keycode=38
140024 key_release_received keycode=38,focus={id=29360133,parent=20971527,name=Stardew Valley,class=stardew valley.exe,mapped=true,viewable=true,enabled=true,renderable=true,surface=false,application=true,keyPress=true,keyRelease=true},point={id=25165854,parent=29360133,name=,class=,mapped=true,viewable=true,enabled=true,renderable=true,surface=false,application=false,keyPress=false,keyRelease=false}
140024 key_release_ancestor_target target={id=29360133,parent=20971527,name=Stardew Valley,class=stardew valley.exe,mapped=true,viewable=true,enabled=true,renderable=true,surface=false,application=true,keyPress=true,keyRelease=true}
140024 key_release_sent keycode=38,target={id=29360133,parent=20971527,name=Stardew Valley,class=stardew valley.exe,mapped=true,viewable=true,enabled=true,renderable=true,surface=false,application=true,keyPress=true,keyRelease=true}
140139 binding_release binding=KEY_W,keycode=25
140139 inject_release keycode=25
140139 keyboard_release_suppressed reason=not_pressed_or_sticky,keycode=25
140139 binding_release binding=KEY_D,keycode=40
140139 inject_release keycode=40
140139 keyboard_release_suppressed reason=not_pressed_or_sticky,keycode=40
140139 binding_release binding=KEY_S,keycode=39
140139 inject_release keycode=39
140140 keyboard_release_suppressed reason=not_pressed_or_sticky,keycode=39
140140 binding_press binding=KEY_A,keycode=38
140140 inject_press keycode=38,keysym=0
140140 key_press_received keycode=38,keysym=0,focus={id=29360133,parent=20971527,name=Stardew Valley,class=stardew valley.exe,mapped=true,viewable=true,enabled=true,renderable=true,surface=false,application=true,keyPress=true,keyRelease=true},point={id=25165854,parent=29360133,name=,class=,mapped=true,viewable=true,enabled=true,renderable=true,surface=false,application=false,keyPress=false,keyRelease=false}
140140 key_press_ancestor_target target={id=29360133,parent=20971527,name=Stardew Valley,class=stardew valley.exe,mapped=true,viewable=true,enabled=true,renderable=true,surface=false,application=true,keyPress=true,keyRelease=true}
140140 key_press_sent keycode=38,target={id=29360133,parent=20971527,name=Stardew Valley,class=stardew valley.exe,mapped=true,viewable=true,enabled=true,renderable=true,surface=false,application=true,keyPress=true,keyRelease=true}
140225 binding_release binding=KEY_W,keycode=25
140226 inject_release keycode=25
140226 keyboard_release_suppressed reason=not_pressed_or_sticky,keycode=25
140226 binding_release binding=KEY_D,keycode=40
140226 inject_release keycode=40
140226 keyboard_release_suppressed reason=not_pressed_or_sticky,keycode=40
140226 binding_release binding=KEY_S,keycode=39
140226 inject_release keycode=39
140226 keyboard_release_suppressed reason=not_pressed_or_sticky,keycode=39
140226 binding_press binding=KEY_A,keycode=38
140226 inject_press keycode=38,keysym=0
140226 keyboard_press_suppressed reason=already_pressed,keycode=38
140231 binding_release binding=KEY_W,keycode=25
140231 inject_release keycode=25
140231 keyboard_release_suppressed reason=not_pressed_or_sticky,keycode=25
140231 binding_release binding=KEY_D,keycode=40
140231 inject_release keycode=40
140231 keyboard_release_suppressed reason=not_pressed_or_sticky,keycode=40
140232 binding_release binding=KEY_S,keycode=39
140232 inject_release keycode=39
140232 keyboard_release_suppressed reason=not_pressed_or_sticky,keycode=39
140232 binding_press binding=KEY_A,keycode=38
140232 inject_press keycode=38,keysym=0
140232 keyboard_press_suppressed reason=already_pressed,keycode=38
140232 binding_release binding=KEY_A,keycode=38
140232 inject_release keycode=38
140233 key_release_received keycode=38,focus={id=29360133,parent=20971527,name=Stardew Valley,class=stardew valley.exe,mapped=true,viewable=true,enabled=true,renderable=true,surface=false,application=true,keyPress=true,keyRelease=true},point={id=25165854,parent=29360133,name=,class=,mapped=true,viewable=true,enabled=true,renderable=true,surface=false,application=false,keyPress=false,keyRelease=false}
140233 key_release_ancestor_target target={id=29360133,parent=20971527,name=Stardew Valley,class=stardew valley.exe,mapped=true,viewable=true,enabled=true,renderable=true,surface=false,application=true,keyPress=true,keyRelease=true}
140233 key_release_sent keycode=38,target={id=29360133,parent=20971527,name=Stardew Valley,class=stardew valley.exe,mapped=true,viewable=true,enabled=true,renderable=true,surface=false,application=true,keyPress=true,keyRelease=true}
140343 binding_release binding=KEY_W,keycode=25
140343 inject_release keycode=25
140343 keyboard_release_suppressed reason=not_pressed_or_sticky,keycode=25
140343 binding_release binding=KEY_D,keycode=40
140343 inject_release keycode=40
140343 keyboard_release_suppressed reason=not_pressed_or_sticky,keycode=40
140343 binding_release binding=KEY_S,keycode=39
140343 inject_release keycode=39
140343 keyboard_release_suppressed reason=not_pressed_or_sticky,keycode=39
140343 binding_press binding=KEY_A,keycode=38
140343 inject_press keycode=38,keysym=0
140343 key_press_received keycode=38,keysym=0,focus={id=29360133,parent=20971527,name=Stardew Valley,class=stardew valley.exe,mapped=true,viewable=true,enabled=true,renderable=true,surface=false,application=true,keyPress=true,keyRelease=true},point={id=25165854,parent=29360133,name=,class=,mapped=true,viewable=true,enabled=true,renderable=true,surface=false,application=false,keyPress=false,keyRelease=false}
140344 key_press_ancestor_target target={id=29360133,parent=20971527,name=Stardew Valley,class=stardew valley.exe,mapped=true,viewable=true,enabled=true,renderable=true,surface=false,application=true,keyPress=true,keyRelease=true}
140344 key_press_sent keycode=38,target={id=29360133,parent=20971527,name=Stardew Valley,class=stardew valley.exe,mapped=true,viewable=true,enabled=true,renderable=true,surface=false,application=true,keyPress=true,keyRelease=true}
140423 binding_release binding=KEY_W,keycode=25
140423 inject_release keycode=25
140423 keyboard_release_suppressed reason=not_pressed_or_sticky,keycode=25
140423 binding_release binding=KEY_D,keycode=40
140423 inject_release keycode=40
140423 keyboard_release_suppressed reason=not_pressed_or_sticky,keycode=40
140423 binding_release binding=KEY_S,keycode=39
140423 inject_release keycode=39
140423 keyboard_release_suppressed reason=not_pressed_or_sticky,keycode=39
140423 binding_press binding=KEY_A,keycode=38
140423 inject_press keycode=38,keysym=0
140423 keyboard_press_suppressed reason=already_pressed,keycode=38
140424 binding_release binding=KEY_A,keycode=38
140424 inject_release keycode=38
140424 key_release_received keycode=38,focus={id=29360133,parent=20971527,name=Stardew Valley,class=stardew valley.exe,mapped=true,viewable=true,enabled=true,renderable=true,surface=false,application=true,keyPress=true,keyRelease=true},point={id=25165854,parent=29360133,name=,class=,mapped=true,viewable=true,enabled=true,renderable=true,surface=false,application=false,keyPress=false,keyRelease=false}
140424 key_release_ancestor_target target={id=29360133,parent=20971527,name=Stardew Valley,class=stardew valley.exe,mapped=true,viewable=true,enabled=true,renderable=true,surface=false,application=true,keyPress=true,keyRelease=true}
140424 key_release_sent keycode=38,target={id=29360133,parent=20971527,name=Stardew Valley,class=stardew valley.exe,mapped=true,viewable=true,enabled=true,renderable=true,surface=false,application=true,keyPress=true,keyRelease=true}
143056 binding_release binding=KEY_W,keycode=25
143056 inject_release keycode=25
143057 keyboard_release_suppressed reason=not_pressed_or_sticky,keycode=25
143057 binding_release binding=KEY_D,keycode=40
143057 inject_release keycode=40
143057 keyboard_release_suppressed reason=not_pressed_or_sticky,keycode=40
143057 binding_release binding=KEY_S,keycode=39
143057 inject_release keycode=39
143057 keyboard_release_suppressed reason=not_pressed_or_sticky,keycode=39
143057 binding_press binding=KEY_A,keycode=38
143057 inject_press keycode=38,keysym=0
143057 key_press_received keycode=38,keysym=0,focus={id=29360133,parent=20971527,name=Stardew Valley,class=stardew valley.exe,mapped=true,viewable=true,enabled=true,renderable=true,surface=false,application=true,keyPress=true,keyRelease=true},point={id=25165854,parent=29360133,name=,class=,mapped=true,viewable=true,enabled=true,renderable=true,surface=false,application=false,keyPress=false,keyRelease=false}
143057 key_press_ancestor_target target={id=29360133,parent=20971527,name=Stardew Valley,class=stardew valley.exe,mapped=true,viewable=true,enabled=true,renderable=true,surface=false,application=true,keyPress=true,keyRelease=true}
143057 key_press_sent keycode=38,target={id=29360133,parent=20971527,name=Stardew Valley,class=stardew valley.exe,mapped=true,viewable=true,enabled=true,renderable=true,surface=false,application=true,keyPress=true,keyRelease=true}
143065 binding_release binding=KEY_W,keycode=25
143065 inject_release keycode=25
143066 keyboard_release_suppressed reason=not_pressed_or_sticky,keycode=25
143066 binding_release binding=KEY_D,keycode=40
143066 inject_release keycode=40
143066 keyboard_release_suppressed reason=not_pressed_or_sticky,keycode=40
143066 binding_release binding=KEY_S,keycode=39
143066 inject_release keycode=39
143066 keyboard_release_suppressed reason=not_pressed_or_sticky,keycode=39
143066 binding_press binding=KEY_A,keycode=38
143066 inject_press keycode=38,keysym=0
143066 keyboard_press_suppressed reason=already_pressed,keycode=38
143115 binding_release binding=KEY_W,keycode=25
143115 inject_release keycode=25
143115 keyboard_release_suppressed reason=not_pressed_or_sticky,keycode=25
143115 binding_release binding=KEY_D,keycode=40
143115 inject_release keycode=40
143115 keyboard_release_suppressed reason=not_pressed_or_sticky,keycode=40
143115 binding_release binding=KEY_S,keycode=39
143116 inject_release keycode=39
143116 keyboard_release_suppressed reason=not_pressed_or_sticky,keycode=39
143116 binding_press binding=KEY_A,keycode=38
143116 inject_press keycode=38,keysym=0
143116 keyboard_press_suppressed reason=already_pressed,keycode=38
143198 binding_release binding=KEY_W,keycode=25
143198 inject_release keycode=25
143198 keyboard_release_suppressed reason=not_pressed_or_sticky,keycode=25
143198 binding_release binding=KEY_D,keycode=40
143198 inject_release keycode=40
143198 keyboard_release_suppressed reason=not_pressed_or_sticky,keycode=40
143198 binding_release binding=KEY_S,keycode=39
143198 inject_release keycode=39
143198 keyboard_release_suppressed reason=not_pressed_or_sticky,keycode=39
143198 binding_press binding=KEY_A,keycode=38
143198 inject_press keycode=38,keysym=0
143198 keyboard_press_suppressed reason=already_pressed,keycode=38
143214 binding_release binding=KEY_W,keycode=25
143214 inject_release keycode=25
143214 keyboard_release_suppressed reason=not_pressed_or_sticky,keycode=25
143214 binding_release binding=KEY_D,keycode=40
143215 inject_release keycode=40
143215 keyboard_release_suppressed reason=not_pressed_or_sticky,keycode=40
143215 binding_release binding=KEY_S,keycode=39
143215 inject_release keycode=39
143215 keyboard_release_suppressed reason=not_pressed_or_sticky,keycode=39
143215 binding_press binding=KEY_A,keycode=38
143215 inject_press keycode=38,keysym=0
143215 keyboard_press_suppressed reason=already_pressed,keycode=38
143314 binding_release binding=KEY_W,keycode=25
143314 inject_release keycode=25
143314 keyboard_release_suppressed reason=not_pressed_or_sticky,keycode=25
143314 binding_release binding=KEY_D,keycode=40
143314 inject_release keycode=40
143314 keyboard_release_suppressed reason=not_pressed_or_sticky,keycode=40
143314 binding_release binding=KEY_S,keycode=39
143314 inject_release keycode=39
143314 keyboard_release_suppressed reason=not_pressed_or_sticky,keycode=39
143314 binding_press binding=KEY_A,keycode=38
143314 inject_press keycode=38,keysym=0
143314 keyboard_press_suppressed reason=already_pressed,keycode=38
143414 binding_release binding=KEY_W,keycode=25
143414 inject_release keycode=25
143414 keyboard_release_suppressed reason=not_pressed_or_sticky,keycode=25
143414 binding_release binding=KEY_D,keycode=40
143414 inject_release keycode=40
143414 keyboard_release_suppressed reason=not_pressed_or_sticky,keycode=40
143414 binding_release binding=KEY_S,keycode=39
143414 inject_release keycode=39
143414 keyboard_release_suppressed reason=not_pressed_or_sticky,keycode=39
143414 binding_press binding=KEY_A,keycode=38
143414 inject_press keycode=38,keysym=0
143414 keyboard_press_suppressed reason=already_pressed,keycode=38
143480 binding_release binding=KEY_W,keycode=25
143480 inject_release keycode=25
143480 keyboard_release_suppressed reason=not_pressed_or_sticky,keycode=25
143480 binding_release binding=KEY_D,keycode=40
143480 inject_release keycode=40
143480 keyboard_release_suppressed reason=not_pressed_or_sticky,keycode=40
143480 binding_release binding=KEY_S,keycode=39
143480 inject_release keycode=39
143480 keyboard_release_suppressed reason=not_pressed_or_sticky,keycode=39
143480 binding_press binding=KEY_A,keycode=38
143481 inject_press keycode=38,keysym=0
143481 keyboard_press_suppressed reason=already_pressed,keycode=38
143496 binding_release binding=KEY_W,keycode=25
143496 inject_release keycode=25
143497 keyboard_release_suppressed reason=not_pressed_or_sticky,keycode=25
143497 binding_release binding=KEY_D,keycode=40
143497 inject_release keycode=40
143497 keyboard_release_suppressed reason=not_pressed_or_sticky,keycode=40
143497 binding_release binding=KEY_S,keycode=39
143497 inject_release keycode=39
143497 keyboard_release_suppressed reason=not_pressed_or_sticky,keycode=39
143497 binding_press binding=KEY_A,keycode=38
143497 inject_press keycode=38,keysym=0
143497 keyboard_press_suppressed reason=already_pressed,keycode=38
143513 binding_release binding=KEY_W,keycode=25
143513 inject_release keycode=25
143513 keyboard_release_suppressed reason=not_pressed_or_sticky,keycode=25
143513 binding_release binding=KEY_D,keycode=40
143513 inject_release keycode=40
143513 keyboard_release_suppressed reason=not_pressed_or_sticky,keycode=40
143513 binding_release binding=KEY_S,keycode=39
143513 inject_release keycode=39
143513 keyboard_release_suppressed reason=not_pressed_or_sticky,keycode=39
143514 binding_press binding=KEY_A,keycode=38
143514 inject_press keycode=38,keysym=0
143514 keyboard_press_suppressed reason=already_pressed,keycode=38
143613 binding_release binding=KEY_W,keycode=25
143613 inject_release keycode=25
143613 keyboard_release_suppressed reason=not_pressed_or_sticky,keycode=25
143613 binding_release binding=KEY_D,keycode=40
143613 inject_release keycode=40
143613 keyboard_release_suppressed reason=not_pressed_or_sticky,keycode=40
143613 binding_release binding=KEY_S,keycode=39
143613 inject_release keycode=39
143613 keyboard_release_suppressed reason=not_pressed_or_sticky,keycode=39
143613 binding_press binding=KEY_A,keycode=38
143613 inject_press keycode=38,keysym=0
143613 keyboard_press_suppressed reason=already_pressed,keycode=38
143629 binding_release binding=KEY_W,keycode=25
143629 inject_release keycode=25
143629 keyboard_release_suppressed reason=not_pressed_or_sticky,keycode=25
143629 binding_release binding=KEY_D,keycode=40
143630 inject_release keycode=40
143630 keyboard_release_suppressed reason=not_pressed_or_sticky,keycode=40
143630 binding_release binding=KEY_S,keycode=39
143630 inject_release keycode=39
143630 keyboard_release_suppressed reason=not_pressed_or_sticky,keycode=39
143630 binding_press binding=KEY_A,keycode=38
143630 inject_press keycode=38,keysym=0
143630 keyboard_press_suppressed reason=already_pressed,keycode=38
143712 binding_release binding=KEY_W,keycode=25
143712 inject_release keycode=25
143712 keyboard_release_suppressed reason=not_pressed_or_sticky,keycode=25
143712 binding_release binding=KEY_D,keycode=40
143712 inject_release keycode=40
143713 keyboard_release_suppressed reason=not_pressed_or_sticky,keycode=40
143713 binding_release binding=KEY_S,keycode=39
143713 inject_release keycode=39
143713 keyboard_release_suppressed reason=not_pressed_or_sticky,keycode=39
143713 binding_press binding=KEY_A,keycode=38
143713 inject_press keycode=38,keysym=0
143713 keyboard_press_suppressed reason=already_pressed,keycode=38
143729 binding_release binding=KEY_W,keycode=25
143729 inject_release keycode=25
143729 keyboard_release_suppressed reason=not_pressed_or_sticky,keycode=25
143729 binding_release binding=KEY_D,keycode=40
143729 inject_release keycode=40
143729 keyboard_release_suppressed reason=not_pressed_or_sticky,keycode=40
143729 binding_release binding=KEY_S,keycode=39
143729 inject_release keycode=39
143729 keyboard_release_suppressed reason=not_pressed_or_sticky,keycode=39
143729 binding_press binding=KEY_A,keycode=38
143730 inject_press keycode=38,keysym=0
143730 keyboard_press_suppressed reason=already_pressed,keycode=38
143745 binding_release binding=KEY_W,keycode=25
143746 inject_release keycode=25
143746 keyboard_release_suppressed reason=not_pressed_or_sticky,keycode=25
143746 binding_release binding=KEY_D,keycode=40
143746 inject_release keycode=40
143746 keyboard_release_suppressed reason=not_pressed_or_sticky,keycode=40
143746 binding_release binding=KEY_S,keycode=39
143746 inject_release keycode=39
143746 keyboard_release_suppressed reason=not_pressed_or_sticky,keycode=39
143746 binding_press binding=KEY_A,keycode=38
143746 inject_press keycode=38,keysym=0
143746 keyboard_press_suppressed reason=already_pressed,keycode=38
143762 binding_release binding=KEY_W,keycode=25
143762 inject_release keycode=25
143762 keyboard_release_suppressed reason=not_pressed_or_sticky,keycode=25
143762 binding_release binding=KEY_D,keycode=40
143762 inject_release keycode=40
143762 keyboard_release_suppressed reason=not_pressed_or_sticky,keycode=40
143762 binding_release binding=KEY_S,keycode=39
143762 inject_release keycode=39
143762 keyboard_release_suppressed reason=not_pressed_or_sticky,keycode=39
143762 binding_press binding=KEY_A,keycode=38
143762 inject_press keycode=38,keysym=0
143763 keyboard_press_suppressed reason=already_pressed,keycode=38
143779 binding_release binding=KEY_W,keycode=25
143779 inject_release keycode=25
143779 keyboard_release_suppressed reason=not_pressed_or_sticky,keycode=25
143779 binding_release binding=KEY_D,keycode=40
143779 inject_release keycode=40
143779 keyboard_release_suppressed reason=not_pressed_or_sticky,keycode=40
143779 binding_release binding=KEY_S,keycode=39
143779 inject_release keycode=39
143779 keyboard_release_suppressed reason=not_pressed_or_sticky,keycode=39
143779 binding_press binding=KEY_A,keycode=38
143780 inject_press keycode=38,keysym=0
143780 keyboard_press_suppressed reason=already_pressed,keycode=38
143795 binding_release binding=KEY_W,keycode=25
143796 inject_release keycode=25
143796 keyboard_release_suppressed reason=not_pressed_or_sticky,keycode=25
143796 binding_release binding=KEY_D,keycode=40
143796 inject_release keycode=40
143796 keyboard_release_suppressed reason=not_pressed_or_sticky,keycode=40
143796 binding_release binding=KEY_S,keycode=39
143796 inject_release keycode=39
143796 keyboard_release_suppressed reason=not_pressed_or_sticky,keycode=39
143796 binding_press binding=KEY_A,keycode=38
143796 inject_press keycode=38,keysym=0
143796 keyboard_press_suppressed reason=already_pressed,keycode=38
143812 binding_release binding=KEY_W,keycode=25
143812 inject_release keycode=25
143812 keyboard_release_suppressed reason=not_pressed_or_sticky,keycode=25
143812 binding_release binding=KEY_D,keycode=40
143812 inject_release keycode=40
143812 keyboard_release_suppressed reason=not_pressed_or_sticky,keycode=40
143812 binding_release binding=KEY_S,keycode=39
143813 inject_release keycode=39
143813 keyboard_release_suppressed reason=not_pressed_or_sticky,keycode=39
143813 binding_press binding=KEY_A,keycode=38
143813 inject_press keycode=38,keysym=0
143813 keyboard_press_suppressed reason=already_pressed,keycode=38
143829 binding_release binding=KEY_W,keycode=25
143829 inject_release keycode=25
143829 keyboard_release_suppressed reason=not_pressed_or_sticky,keycode=25
143829 binding_release binding=KEY_D,keycode=40
143829 inject_release keycode=40
143829 keyboard_release_suppressed reason=not_pressed_or_sticky,keycode=40
143829 binding_release binding=KEY_S,keycode=39
143829 inject_release keycode=39
143829 keyboard_release_suppressed reason=not_pressed_or_sticky,keycode=39
143829 binding_press binding=KEY_A,keycode=38
143829 inject_press keycode=38,keysym=0
143829 keyboard_press_suppressed reason=already_pressed,keycode=38
143845 binding_release binding=KEY_W,keycode=25
143845 inject_release keycode=25
143845 keyboard_release_suppressed reason=not_pressed_or_sticky,keycode=25
143845 binding_release binding=KEY_D,keycode=40
143845 inject_release keycode=40
143845 keyboard_release_suppressed reason=not_pressed_or_sticky,keycode=40
143845 binding_release binding=KEY_S,keycode=39
143846 inject_release keycode=39
143846 keyboard_release_suppressed reason=not_pressed_or_sticky,keycode=39
143846 binding_press binding=KEY_A,keycode=38
143846 inject_press keycode=38,keysym=0
143846 keyboard_press_suppressed reason=already_pressed,keycode=38
143862 binding_release binding=KEY_W,keycode=25
143862 inject_release keycode=25
143862 keyboard_release_suppressed reason=not_pressed_or_sticky,keycode=25
143862 binding_release binding=KEY_D,keycode=40
143862 inject_release keycode=40
143862 keyboard_release_suppressed reason=not_pressed_or_sticky,keycode=40
143862 binding_release binding=KEY_S,keycode=39
143862 inject_release keycode=39
143862 keyboard_release_suppressed reason=not_pressed_or_sticky,keycode=39
143862 binding_press binding=KEY_A,keycode=38
143862 inject_press keycode=38,keysym=0
143862 keyboard_press_suppressed reason=already_pressed,keycode=38
143878 binding_release binding=KEY_W,keycode=25
143878 inject_release keycode=25
143879 keyboard_release_suppressed reason=not_pressed_or_sticky,keycode=25
143879 binding_release binding=KEY_D,keycode=40
143879 inject_release keycode=40
143879 keyboard_release_suppressed reason=not_pressed_or_sticky,keycode=40
143879 binding_release binding=KEY_S,keycode=39
143879 inject_release keycode=39
143879 keyboard_release_suppressed reason=not_pressed_or_sticky,keycode=39
143879 binding_press binding=KEY_A,keycode=38
143879 inject_press keycode=38,keysym=0
143879 keyboard_press_suppressed reason=already_pressed,keycode=38
143896 binding_release binding=KEY_W,keycode=25
143896 inject_release keycode=25
143896 keyboard_release_suppressed reason=not_pressed_or_sticky,keycode=25
143896 binding_release binding=KEY_D,keycode=40
143896 inject_release keycode=40
143896 keyboard_release_suppressed reason=not_pressed_or_sticky,keycode=40
143896 binding_release binding=KEY_S,keycode=39
143896 inject_release keycode=39
143896 keyboard_release_suppressed reason=not_pressed_or_sticky,keycode=39
143896 binding_press binding=KEY_A,keycode=38
143896 inject_press keycode=38,keysym=0
143896 keyboard_press_suppressed reason=already_pressed,keycode=38
143897 binding_release binding=KEY_A,keycode=38
143897 inject_release keycode=38
143898 key_release_received keycode=38,focus={id=29360133,parent=20971527,name=Stardew Valley,class=stardew valley.exe,mapped=true,viewable=true,enabled=true,renderable=true,surface=false,application=true,keyPress=true,keyRelease=true},point={id=25165854,parent=29360133,name=,class=,mapped=true,viewable=true,enabled=true,renderable=true,surface=false,application=false,keyPress=false,keyRelease=false}
143898 key_release_ancestor_target target={id=29360133,parent=20971527,name=Stardew Valley,class=stardew valley.exe,mapped=true,viewable=true,enabled=true,renderable=true,surface=false,application=true,keyPress=true,keyRelease=true}
143898 key_release_sent keycode=38,target={id=29360133,parent=20971527,name=Stardew Valley,class=stardew valley.exe,mapped=true,viewable=true,enabled=true,renderable=true,surface=false,application=true,keyPress=true,keyRelease=true}
144051 binding_release binding=KEY_W,keycode=25
144051 inject_release keycode=25
144051 keyboard_release_suppressed reason=not_pressed_or_sticky,keycode=25
144051 binding_release binding=KEY_D,keycode=40
144051 inject_release keycode=40
144051 keyboard_release_suppressed reason=not_pressed_or_sticky,keycode=40
144052 binding_release binding=KEY_S,keycode=39
144052 inject_release keycode=39
144052 keyboard_release_suppressed reason=not_pressed_or_sticky,keycode=39
144052 binding_press binding=KEY_A,keycode=38
144052 inject_press keycode=38,keysym=0
144052 key_press_received keycode=38,keysym=0,focus={id=29360133,parent=20971527,name=Stardew Valley,class=stardew valley.exe,mapped=true,viewable=true,enabled=true,renderable=true,surface=false,application=true,keyPress=true,keyRelease=true},point={id=25165854,parent=29360133,name=,class=,mapped=true,viewable=true,enabled=true,renderable=true,surface=false,application=false,keyPress=false,keyRelease=false}
144052 key_press_ancestor_target target={id=29360133,parent=20971527,name=Stardew Valley,class=stardew valley.exe,mapped=true,viewable=true,enabled=true,renderable=true,surface=false,application=true,keyPress=true,keyRelease=true}
144052 key_press_sent keycode=38,target={id=29360133,parent=20971527,name=Stardew Valley,class=stardew valley.exe,mapped=true,viewable=true,enabled=true,renderable=true,surface=false,application=true,keyPress=true,keyRelease=true}
144160 binding_release binding=KEY_W,keycode=25
144161 inject_release keycode=25
144161 keyboard_release_suppressed reason=not_pressed_or_sticky,keycode=25
144161 binding_release binding=KEY_D,keycode=40
144161 inject_release keycode=40
144161 keyboard_release_suppressed reason=not_pressed_or_sticky,keycode=40
144161 binding_release binding=KEY_S,keycode=39
144161 inject_release keycode=39
144161 keyboard_release_suppressed reason=not_pressed_or_sticky,keycode=39
144161 binding_press binding=KEY_A,keycode=38
144161 inject_press keycode=38,keysym=0
144161 keyboard_press_suppressed reason=already_pressed,keycode=38
144227 binding_release binding=KEY_W,keycode=25
144227 inject_release keycode=25
144227 keyboard_release_suppressed reason=not_pressed_or_sticky,keycode=25
144227 binding_release binding=KEY_D,keycode=40
144227 inject_release keycode=40
144227 keyboard_release_suppressed reason=not_pressed_or_sticky,keycode=40
144227 binding_release binding=KEY_S,keycode=39
144227 inject_release keycode=39
144227 keyboard_release_suppressed reason=not_pressed_or_sticky,keycode=39
144227 binding_press binding=KEY_A,keycode=38
144227 inject_press keycode=38,keysym=0
144227 keyboard_press_suppressed reason=already_pressed,keycode=38
144327 binding_release binding=KEY_W,keycode=25
144327 inject_release keycode=25
144327 keyboard_release_suppressed reason=not_pressed_or_sticky,keycode=25
144327 binding_release binding=KEY_D,keycode=40
144327 inject_release keycode=40
144327 keyboard_release_suppressed reason=not_pressed_or_sticky,keycode=40
144327 binding_release binding=KEY_S,keycode=39
144327 inject_release keycode=39
144327 keyboard_release_suppressed reason=not_pressed_or_sticky,keycode=39
144327 binding_press binding=KEY_A,keycode=38
144327 inject_press keycode=38,keysym=0
144327 keyboard_press_suppressed reason=already_pressed,keycode=38
144409 binding_release binding=KEY_W,keycode=25
144410 inject_release keycode=25
144410 keyboard_release_suppressed reason=not_pressed_or_sticky,keycode=25
144410 binding_release binding=KEY_D,keycode=40
144410 inject_release keycode=40
144410 keyboard_release_suppressed reason=not_pressed_or_sticky,keycode=40
144410 binding_release binding=KEY_S,keycode=39
144410 inject_release keycode=39
144410 keyboard_release_suppressed reason=not_pressed_or_sticky,keycode=39
144410 binding_press binding=KEY_A,keycode=38
144410 inject_press keycode=38,keysym=0
144410 keyboard_press_suppressed reason=already_pressed,keycode=38
144426 binding_release binding=KEY_W,keycode=25
144426 inject_release keycode=25
144426 keyboard_release_suppressed reason=not_pressed_or_sticky,keycode=25
144426 binding_release binding=KEY_D,keycode=40
144426 inject_release keycode=40
144426 keyboard_release_suppressed reason=not_pressed_or_sticky,keycode=40
144426 binding_release binding=KEY_S,keycode=39
144426 inject_release keycode=39
144426 keyboard_release_suppressed reason=not_pressed_or_sticky,keycode=39
144426 binding_press binding=KEY_A,keycode=38
144426 inject_press keycode=38,keysym=0
144426 keyboard_press_suppressed reason=already_pressed,keycode=38
144442 binding_release binding=KEY_W,keycode=25
144443 inject_release keycode=25
144443 keyboard_release_suppressed reason=not_pressed_or_sticky,keycode=25
144443 binding_release binding=KEY_D,keycode=40
144443 inject_release keycode=40
144443 keyboard_release_suppressed reason=not_pressed_or_sticky,keycode=40
144443 binding_release binding=KEY_S,keycode=39
144443 inject_release keycode=39
144443 keyboard_release_suppressed reason=not_pressed_or_sticky,keycode=39
144443 binding_press binding=KEY_A,keycode=38
144443 inject_press keycode=38,keysym=0
144443 keyboard_press_suppressed reason=already_pressed,keycode=38
144493 binding_release binding=KEY_W,keycode=25
144493 inject_release keycode=25
144493 keyboard_release_suppressed reason=not_pressed_or_sticky,keycode=25
144493 binding_release binding=KEY_D,keycode=40
144493 inject_release keycode=40
144493 keyboard_release_suppressed reason=not_pressed_or_sticky,keycode=40
144493 binding_release binding=KEY_S,keycode=39
144493 inject_release keycode=39
144493 keyboard_release_suppressed reason=not_pressed_or_sticky,keycode=39
144493 binding_press binding=KEY_A,keycode=38
144493 inject_press keycode=38,keysym=0
144493 keyboard_press_suppressed reason=already_pressed,keycode=38
144509 binding_release binding=KEY_W,keycode=25
144509 inject_release keycode=25
144509 keyboard_release_suppressed reason=not_pressed_or_sticky,keycode=25
144509 binding_release binding=KEY_D,keycode=40
144509 inject_release keycode=40
144509 keyboard_release_suppressed reason=not_pressed_or_sticky,keycode=40
144509 binding_release binding=KEY_S,keycode=39
144509 inject_release keycode=39
144509 keyboard_release_suppressed reason=not_pressed_or_sticky,keycode=39
144509 binding_press binding=KEY_A,keycode=38
144509 inject_press keycode=38,keysym=0
144510 keyboard_press_suppressed reason=already_pressed,keycode=38
144526 binding_release binding=KEY_W,keycode=25
144526 inject_release keycode=25
144526 keyboard_release_suppressed reason=not_pressed_or_sticky,keycode=25
144526 binding_release binding=KEY_D,keycode=40
144526 inject_release keycode=40
144526 keyboard_release_suppressed reason=not_pressed_or_sticky,keycode=40
144526 binding_release binding=KEY_S,keycode=39
144526 inject_release keycode=39
144526 keyboard_release_suppressed reason=not_pressed_or_sticky,keycode=39
144526 binding_press binding=KEY_A,keycode=38
144526 inject_press keycode=38,keysym=0
144526 keyboard_press_suppressed reason=already_pressed,keycode=38
144542 binding_release binding=KEY_W,keycode=25
144542 inject_release keycode=25
144542 keyboard_release_suppressed reason=not_pressed_or_sticky,keycode=25
144543 binding_release binding=KEY_D,keycode=40
144543 inject_release keycode=40
144543 keyboard_release_suppressed reason=not_pressed_or_sticky,keycode=40
144543 binding_release binding=KEY_S,keycode=39
144543 inject_release keycode=39
144543 keyboard_release_suppressed reason=not_pressed_or_sticky,keycode=39
144543 binding_press binding=KEY_A,keycode=38
144543 inject_press keycode=38,keysym=0
144543 keyboard_press_suppressed reason=already_pressed,keycode=38
144559 binding_release binding=KEY_W,keycode=25
144559 inject_release keycode=25
144559 keyboard_release_suppressed reason=not_pressed_or_sticky,keycode=25
144559 binding_release binding=KEY_D,keycode=40
144559 inject_release keycode=40
144559 keyboard_release_suppressed reason=not_pressed_or_sticky,keycode=40
144559 binding_release binding=KEY_S,keycode=39
144559 inject_release keycode=39
144559 keyboard_release_suppressed reason=not_pressed_or_sticky,keycode=39
144559 binding_press binding=KEY_A,keycode=38
144559 inject_press keycode=38,keysym=0
144559 keyboard_press_suppressed reason=already_pressed,keycode=38
144625 binding_release binding=KEY_W,keycode=25
144626 inject_release keycode=25
144626 keyboard_release_suppressed reason=not_pressed_or_sticky,keycode=25
144626 binding_release binding=KEY_D,keycode=40
144626 inject_release keycode=40
144626 keyboard_release_suppressed reason=not_pressed_or_sticky,keycode=40
144626 binding_release binding=KEY_S,keycode=39
144626 inject_release keycode=39
144626 keyboard_release_suppressed reason=not_pressed_or_sticky,keycode=39
144626 binding_press binding=KEY_A,keycode=38
144626 inject_press keycode=38,keysym=0
144626 keyboard_press_suppressed reason=already_pressed,keycode=38
144725 binding_release binding=KEY_W,keycode=25
144725 inject_release keycode=25
144725 keyboard_release_suppressed reason=not_pressed_or_sticky,keycode=25
144725 binding_release binding=KEY_D,keycode=40
144725 inject_release keycode=40
144725 keyboard_release_suppressed reason=not_pressed_or_sticky,keycode=40
144725 binding_release binding=KEY_S,keycode=39
144725 inject_release keycode=39
144725 keyboard_release_suppressed reason=not_pressed_or_sticky,keycode=39
144725 binding_press binding=KEY_A,keycode=38
144725 inject_press keycode=38,keysym=0
144725 keyboard_press_suppressed reason=already_pressed,keycode=38
144775 binding_release binding=KEY_W,keycode=25
144775 inject_release keycode=25
144775 keyboard_release_suppressed reason=not_pressed_or_sticky,keycode=25
144775 binding_release binding=KEY_D,keycode=40
144775 inject_release keycode=40
144775 keyboard_release_suppressed reason=not_pressed_or_sticky,keycode=40
144775 binding_release binding=KEY_S,keycode=39
144775 inject_release keycode=39
144775 keyboard_release_suppressed reason=not_pressed_or_sticky,keycode=39
144775 binding_press binding=KEY_A,keycode=38
144775 inject_press keycode=38,keysym=0
144775 keyboard_press_suppressed reason=already_pressed,keycode=38
144792 binding_release binding=KEY_W,keycode=25
144792 inject_release keycode=25
144792 keyboard_release_suppressed reason=not_pressed_or_sticky,keycode=25
144792 binding_release binding=KEY_D,keycode=40
144792 inject_release keycode=40
144792 keyboard_release_suppressed reason=not_pressed_or_sticky,keycode=40
144792 binding_release binding=KEY_S,keycode=39
144792 inject_release keycode=39
144792 keyboard_release_suppressed reason=not_pressed_or_sticky,keycode=39
144792 binding_press binding=KEY_A,keycode=38
144792 inject_press keycode=38,keysym=0
144792 keyboard_press_suppressed reason=already_pressed,keycode=38
144808 binding_release binding=KEY_W,keycode=25
144808 inject_release keycode=25
144808 keyboard_release_suppressed reason=not_pressed_or_sticky,keycode=25
144808 binding_release binding=KEY_D,keycode=40
144808 inject_release keycode=40
144808 keyboard_release_suppressed reason=not_pressed_or_sticky,keycode=40
144808 binding_release binding=KEY_S,keycode=39
144808 inject_release keycode=39
144808 keyboard_release_suppressed reason=not_pressed_or_sticky,keycode=39
144808 binding_press binding=KEY_A,keycode=38
144808 inject_press keycode=38,keysym=0
144808 keyboard_press_suppressed reason=already_pressed,keycode=38
144825 binding_release binding=KEY_W,keycode=25
144825 inject_release keycode=25
144825 keyboard_release_suppressed reason=not_pressed_or_sticky,keycode=25
144825 binding_release binding=KEY_D,keycode=40
144825 inject_release keycode=40
144825 keyboard_release_suppressed reason=not_pressed_or_sticky,keycode=40
144825 binding_release binding=KEY_S,keycode=39
144825 inject_release keycode=39
144825 keyboard_release_suppressed reason=not_pressed_or_sticky,keycode=39
144825 binding_press binding=KEY_A,keycode=38
144825 inject_press keycode=38,keysym=0
144825 keyboard_press_suppressed reason=already_pressed,keycode=38
144841 binding_release binding=KEY_W,keycode=25
144841 inject_release keycode=25
144841 keyboard_release_suppressed reason=not_pressed_or_sticky,keycode=25
144841 binding_release binding=KEY_D,keycode=40
144841 inject_release keycode=40
144842 keyboard_release_suppressed reason=not_pressed_or_sticky,keycode=40
144842 binding_release binding=KEY_S,keycode=39
144842 inject_release keycode=39
144842 keyboard_release_suppressed reason=not_pressed_or_sticky,keycode=39
144842 binding_press binding=KEY_A,keycode=38
144842 inject_press keycode=38,keysym=0
144842 keyboard_press_suppressed reason=already_pressed,keycode=38
144858 binding_release binding=KEY_W,keycode=25
144858 inject_release keycode=25
144858 keyboard_release_suppressed reason=not_pressed_or_sticky,keycode=25
144858 binding_release binding=KEY_D,keycode=40
144858 inject_release keycode=40
144858 keyboard_release_suppressed reason=not_pressed_or_sticky,keycode=40
144858 binding_release binding=KEY_S,keycode=39
144858 inject_release keycode=39
144858 keyboard_release_suppressed reason=not_pressed_or_sticky,keycode=39
144858 binding_press binding=KEY_A,keycode=38
144858 inject_press keycode=38,keysym=0
144858 keyboard_press_suppressed reason=already_pressed,keycode=38
144875 binding_release binding=KEY_W,keycode=25
144875 inject_release keycode=25
144875 keyboard_release_suppressed reason=not_pressed_or_sticky,keycode=25
144875 binding_release binding=KEY_D,keycode=40
144875 inject_release keycode=40
144875 keyboard_release_suppressed reason=not_pressed_or_sticky,keycode=40
144875 binding_release binding=KEY_S,keycode=39
144875 inject_release keycode=39
144875 keyboard_release_suppressed reason=not_pressed_or_sticky,keycode=39
144875 binding_press binding=KEY_A,keycode=38
144875 inject_press keycode=38,keysym=0
144875 keyboard_press_suppressed reason=already_pressed,keycode=38
144908 binding_release binding=KEY_W,keycode=25
144908 inject_release keycode=25
144908 keyboard_release_suppressed reason=not_pressed_or_sticky,keycode=25
144908 binding_release binding=KEY_D,keycode=40
144908 inject_release keycode=40
144908 keyboard_release_suppressed reason=not_pressed_or_sticky,keycode=40
144908 binding_release binding=KEY_S,keycode=39
144908 inject_release keycode=39
144908 keyboard_release_suppressed reason=not_pressed_or_sticky,keycode=39
144908 binding_press binding=KEY_A,keycode=38
144908 inject_press keycode=38,keysym=0
144908 keyboard_press_suppressed reason=already_pressed,keycode=38
144918 binding_release binding=KEY_W,keycode=25
144918 inject_release keycode=25
144918 keyboard_release_suppressed reason=not_pressed_or_sticky,keycode=25
144918 binding_release binding=KEY_D,keycode=40
144918 inject_release keycode=40
144918 keyboard_release_suppressed reason=not_pressed_or_sticky,keycode=40
144918 binding_release binding=KEY_S,keycode=39
144918 inject_release keycode=39
144918 keyboard_release_suppressed reason=not_pressed_or_sticky,keycode=39
144918 binding_press binding=KEY_A,keycode=38
144918 inject_press keycode=38,keysym=0
144918 keyboard_press_suppressed reason=already_pressed,keycode=38
144919 binding_release binding=KEY_A,keycode=38
144919 inject_release keycode=38
144919 key_release_received keycode=38,focus={id=29360133,parent=20971527,name=Stardew Valley,class=stardew valley.exe,mapped=true,viewable=true,enabled=true,renderable=true,surface=false,application=true,keyPress=true,keyRelease=true},point={id=25165854,parent=29360133,name=,class=,mapped=true,viewable=true,enabled=true,renderable=true,surface=false,application=false,keyPress=false,keyRelease=false}
144919 key_release_ancestor_target target={id=29360133,parent=20971527,name=Stardew Valley,class=stardew valley.exe,mapped=true,viewable=true,enabled=true,renderable=true,surface=false,application=true,keyPress=true,keyRelease=true}
144919 key_release_sent keycode=38,target={id=29360133,parent=20971527,name=Stardew Valley,class=stardew valley.exe,mapped=true,viewable=true,enabled=true,renderable=true,surface=false,application=true,keyPress=true,keyRelease=true}
145733 binding_press binding=KEY_W,keycode=25
145734 inject_press keycode=25,keysym=0
145734 key_press_received keycode=25,keysym=0,focus={id=29360133,parent=20971527,name=Stardew Valley,class=stardew valley.exe,mapped=true,viewable=true,enabled=true,renderable=true,surface=false,application=true,keyPress=true,keyRelease=true},point={id=25165854,parent=29360133,name=,class=,mapped=true,viewable=true,enabled=true,renderable=true,surface=false,application=false,keyPress=false,keyRelease=false}
145734 key_press_ancestor_target target={id=29360133,parent=20971527,name=Stardew Valley,class=stardew valley.exe,mapped=true,viewable=true,enabled=true,renderable=true,surface=false,application=true,keyPress=true,keyRelease=true}
145734 key_press_sent keycode=25,target={id=29360133,parent=20971527,name=Stardew Valley,class=stardew valley.exe,mapped=true,viewable=true,enabled=true,renderable=true,surface=false,application=true,keyPress=true,keyRelease=true}
145734 binding_release binding=KEY_D,keycode=40
145734 inject_release keycode=40
145734 keyboard_release_suppressed reason=not_pressed_or_sticky,keycode=40
145734 binding_release binding=KEY_S,keycode=39
145734 inject_release keycode=39
145734 keyboard_release_suppressed reason=not_pressed_or_sticky,keycode=39
145734 binding_release binding=KEY_A,keycode=38
145734 inject_release keycode=38
145734 keyboard_release_suppressed reason=not_pressed_or_sticky,keycode=38
145855 binding_press binding=KEY_W,keycode=25
145855 inject_press keycode=25,keysym=0
145855 keyboard_press_suppressed reason=already_pressed,keycode=25
145855 binding_release binding=KEY_D,keycode=40
145855 inject_release keycode=40
145855 keyboard_release_suppressed reason=not_pressed_or_sticky,keycode=40
145855 binding_release binding=KEY_S,keycode=39
145855 inject_release keycode=39
145855 keyboard_release_suppressed reason=not_pressed_or_sticky,keycode=39
145855 binding_release binding=KEY_A,keycode=38
145855 inject_release keycode=38
145855 keyboard_release_suppressed reason=not_pressed_or_sticky,keycode=38
145871 binding_press binding=KEY_W,keycode=25
145871 inject_press keycode=25,keysym=0
145871 keyboard_press_suppressed reason=already_pressed,keycode=25
145871 binding_release binding=KEY_D,keycode=40
145871 inject_release keycode=40
145871 keyboard_release_suppressed reason=not_pressed_or_sticky,keycode=40
145871 binding_release binding=KEY_S,keycode=39
145872 inject_release keycode=39
145872 keyboard_release_suppressed reason=not_pressed_or_sticky,keycode=39
145872 binding_release binding=KEY_A,keycode=38
145872 inject_release keycode=38
145872 keyboard_release_suppressed reason=not_pressed_or_sticky,keycode=38
145902 binding_press binding=KEY_W,keycode=25
145902 inject_press keycode=25,keysym=0
145902 keyboard_press_suppressed reason=already_pressed,keycode=25
145902 binding_release binding=KEY_D,keycode=40
145902 inject_release keycode=40
145902 keyboard_release_suppressed reason=not_pressed_or_sticky,keycode=40
145902 binding_release binding=KEY_S,keycode=39
145902 inject_release keycode=39
145902 keyboard_release_suppressed reason=not_pressed_or_sticky,keycode=39
145902 binding_release binding=KEY_A,keycode=38
145902 inject_release keycode=38
145902 keyboard_release_suppressed reason=not_pressed_or_sticky,keycode=38
145904 binding_release binding=KEY_W,keycode=25
145904 inject_release keycode=25
145904 key_release_received keycode=25,focus={id=29360133,parent=20971527,name=Stardew Valley,class=stardew valley.exe,mapped=true,viewable=true,enabled=true,renderable=true,surface=false,application=true,keyPress=true,keyRelease=true},point={id=25165854,parent=29360133,name=,class=,mapped=true,viewable=true,enabled=true,renderable=true,surface=false,application=false,keyPress=false,keyRelease=false}
145904 key_release_ancestor_target target={id=29360133,parent=20971527,name=Stardew Valley,class=stardew valley.exe,mapped=true,viewable=true,enabled=true,renderable=true,surface=false,application=true,keyPress=true,keyRelease=true}
145904 key_release_sent keycode=25,target={id=29360133,parent=20971527,name=Stardew Valley,class=stardew valley.exe,mapped=true,viewable=true,enabled=true,renderable=true,surface=false,application=true,keyPress=true,keyRelease=true}
