12 session_start
189 xkb_core_fallback installed=true,path=/data/user/0/com.winlator/files/rootfs/usr/lib/libwinlator-xkb-core.so,size=3024
189 xkb_core_fallback preload=true,preserved=false
190 wine_trace_capture enabled=true,channels=-all,+key,+keyboard,+input,+rawinput
1099 wine_trace 0034:trace:keyboard:NtUserGetKeyboardLayoutName name 0x14012e860
1099 wine_trace 0034:trace:keyboard:NtUserGetKeyboardLayoutName ret L"00000409"
1382 wine_trace 0048:trace:keyboard:NtUserGetKeyboardLayoutName name 0x14012e860
1382 wine_trace 0048:trace:keyboard:NtUserGetKeyboardLayoutName ret L"00000409"
1447 keyboard_mapping_reply first=8,count=248,keysyms=496
1448 keyboard_mapping_reply first=8,count=248,keysyms=496
1452 wine_trace 0048:trace:keyboard:KEYBOARD_MapDeadKeysym no character for dead keysym 0x0000ff1b
1453 wine_trace 0048:trace:keyboard:KEYBOARD_MapDeadKeysym no character for dead keysym 0x0000ff08
1453 wine_trace 0048:trace:keyboard:KEYBOARD_MapDeadKeysym no character for dead keysym 0x0000ff09
1453 wine_trace 0048:trace:keyboard:KEYBOARD_MapDeadKeysym no character for dead keysym 0x0000ff0d
1453 wine_trace 0048:trace:keyboard:KEYBOARD_MapDeadKeysym no character for dead keysym 0x0000ffe3
1454 wine_trace 0048:trace:keyboard:KEYBOARD_MapDeadKeysym no character for dead keysym 0x0000ffe1
1454 wine_trace 0048:trace:keyboard:KEYBOARD_MapDeadKeysym no character for dead keysym 0x0000ffe2
1454 wine_trace 0048:trace:keyboard:KEYBOARD_MapDeadKeysym no character for dead keysym 0x0000ffaa
1454 wine_trace 0048:trace:keyboard:KEYBOARD_MapDeadKeysym no character for dead keysym 0x0000ffaa
1454 wine_trace 0048:trace:keyboard:KEYBOARD_MapDeadKeysym no character for dead keysym 0x0000ffe7
1455 wine_trace 0048:trace:keyboard:KEYBOARD_MapDeadKeysym no character for dead keysym 0x00000020
1455 wine_trace 0048:trace:keyboard:KEYBOARD_MapDeadKeysym no character for dead keysym 0x00000020
1455 wine_trace 0048:trace:keyboard:KEYBOARD_MapDeadKeysym no character for dead keysym 0x0000ffbe
1455 wine_trace 0048:trace:keyboard:KEYBOARD_MapDeadKeysym no character for dead keysym 0x0000ffbf
1456 wine_trace 0048:trace:keyboard:KEYBOARD_MapDeadKeysym no character for dead keysym 0x0000ffc0
1456 wine_trace 0048:trace:keyboard:KEYBOARD_MapDeadKeysym no character for dead keysym 0x0000ffc1
1456 wine_trace 0048:trace:keyboard:KEYBOARD_MapDeadKeysym no character for dead keysym 0x0000ffc2
1456 wine_trace 0048:trace:keyboard:KEYBOARD_MapDeadKeysym no character for dead keysym 0x0000ffc3
1456 wine_trace 0048:trace:keyboard:KEYBOARD_MapDeadKeysym no character for dead keysym 0x0000ffc4
1457 wine_trace 0048:trace:keyboard:KEYBOARD_MapDeadKeysym no character for dead keysym 0x0000ffc5
1457 wine_trace 0048:trace:keyboard:KEYBOARD_MapDeadKeysym no character for dead keysym 0x0000ffc6
1457 wine_trace 0048:trace:keyboard:KEYBOARD_MapDeadKeysym no character for dead keysym 0x0000ffc7
1457 wine_trace 0048:trace:keyboard:KEYBOARD_MapDeadKeysym no character for dead keysym 0x0000ffb7
1458 wine_trace 0048:trace:keyboard:KEYBOARD_MapDeadKeysym no character for dead keysym 0x0000ff95
1458 wine_trace 0048:trace:keyboard:KEYBOARD_MapDeadKeysym no character for dead keysym 0x0000ffb8
1458 wine_trace 0048:trace:keyboard:KEYBOARD_MapDeadKeysym no character for dead keysym 0x0000ff97
1458 wine_trace 0048:trace:keyboard:KEYBOARD_MapDeadKeysym no character for dead keysym 0x0000ffb9
1459 wine_trace 0048:trace:keyboard:KEYBOARD_MapDeadKeysym no character for dead keysym 0x0000ffb9
1459 wine_trace 0048:trace:keyboard:KEYBOARD_MapDeadKeysym no character for dead keysym 0x0000ffad
1459 wine_trace 0048:trace:keyboard:KEYBOARD_MapDeadKeysym no character for dead keysym 0x0000ffad
1459 wine_trace 0048:trace:keyboard:KEYBOARD_MapDeadKeysym no character for dead keysym 0x0000ffb4
1460 wine_trace 0048:trace:keyboard:KEYBOARD_MapDeadKeysym no character for dead keysym 0x0000ff96
1460 wine_trace 0048:trace:keyboard:KEYBOARD_MapDeadKeysym no character for dead keysym 0x0000ffb5
1460 wine_trace 0048:trace:keyboard:KEYBOARD_MapDeadKeysym no character for dead keysym 0x0000ffb5
1460 wine_trace 0048:trace:keyboard:KEYBOARD_MapDeadKeysym no character for dead keysym 0x0000ffb6
1461 wine_trace 0048:trace:keyboard:KEYBOARD_MapDeadKeysym no character for dead keysym 0x0000ff98
1461 wine_trace 0048:trace:keyboard:KEYBOARD_MapDeadKeysym no character for dead keysym 0x0000ffab
1461 wine_trace 0048:trace:keyboard:KEYBOARD_MapDeadKeysym no character for dead keysym 0x0000ffab
1461 wine_trace 0048:trace:keyboard:KEYBOARD_MapDeadKeysym no character for dead keysym 0x0000ffb1
1461 wine_trace 0048:trace:keyboard:KEYBOARD_MapDeadKeysym no character for dead keysym 0x0000ff9c
1462 wine_trace 0048:trace:keyboard:KEYBOARD_MapDeadKeysym no character for dead keysym 0x0000ffb2
1462 wine_trace 0048:trace:keyboard:KEYBOARD_MapDeadKeysym no character for dead keysym 0x0000ff99
1462 wine_trace 0048:trace:keyboard:KEYBOARD_MapDeadKeysym no character for dead keysym 0x0000ffb3
1463 wine_trace 0048:trace:keyboard:KEYBOARD_MapDeadKeysym no character for dead keysym 0x0000ffb3
1463 wine_trace 0048:trace:keyboard:KEYBOARD_MapDeadKeysym no character for dead keysym 0x0000ffb0
1463 wine_trace 0048:trace:keyboard:KEYBOARD_MapDeadKeysym no character for dead keysym 0x0000ff9e
1464 wine_trace 0048:trace:keyboard:KEYBOARD_MapDeadKeysym no character for dead keysym 0x0000ff9f
1464 wine_trace 0048:trace:keyboard:KEYBOARD_MapDeadKeysym no character for dead keysym 0x0000ffc8
1464 wine_trace 0048:trace:keyboard:KEYBOARD_MapDeadKeysym no character for dead keysym 0x0000ffc9
1464 wine_trace 0048:trace:keyboard:KEYBOARD_MapDeadKeysym no character for dead keysym 0x0000ffe4
1464 wine_trace 0048:trace:keyboard:KEYBOARD_MapDeadKeysym no character for dead keysym 0x0000ffaf
1465 wine_trace 0048:trace:keyboard:KEYBOARD_MapDeadKeysym no character for dead keysym 0x0000ffaf
1465 wine_trace 0048:trace:keyboard:KEYBOARD_MapDeadKeysym no character for dead keysym 0x0000ffe8
1465 wine_trace 0048:trace:keyboard:KEYBOARD_MapDeadKeysym no character for dead keysym 0x0000ff50
1465 wine_trace 0048:trace:keyboard:KEYBOARD_MapDeadKeysym no character for dead keysym 0x0000ff52
1466 wine_trace 0048:trace:keyboard:KEYBOARD_MapDeadKeysym no character for dead keysym 0x0000ff55
1466 wine_trace 0048:trace:keyboard:KEYBOARD_MapDeadKeysym no character for dead keysym 0x0000ff51
1466 wine_trace 0048:trace:keyboard:KEYBOARD_MapDeadKeysym no character for dead keysym 0x0000ff53
1466 wine_trace 0048:trace:keyboard:KEYBOARD_MapDeadKeysym no character for dead keysym 0x0000ff57
1466 wine_trace 0048:trace:keyboard:KEYBOARD_MapDeadKeysym no character for dead keysym 0x0000ff54
1467 wine_trace 0048:trace:keyboard:KEYBOARD_MapDeadKeysym no character for dead keysym 0x0000ff56
1467 wine_trace 0048:trace:keyboard:KEYBOARD_MapDeadKeysym no character for dead keysym 0x0000ff63
1467 wine_trace 0048:trace:keyboard:KEYBOARD_MapDeadKeysym no character for dead keysym 0x0000ffff
1467 wine_trace 0048:trace:keyboard:X11DRV_KEYBOARD_DetectLayout Attempting to match against "United States keyboard layout"
1468 wine_trace 0048:trace:keyboard:X11DRV_KEYBOARD_DetectLayout matches=47, mismatches=0, seq=46, score=94
1468 wine_trace 0048:trace:keyboard:X11DRV_KEYBOARD_DetectLayout Attempting to match against "United States keyboard layout (phantom key version)"
1468 wine_trace 0048:trace:keyboard:X11DRV_KEYBOARD_DetectLayout matches=47, mismatches=0, seq=46, score=94
1469 wine_trace 0048:trace:keyboard:X11DRV_KEYBOARD_DetectLayout Attempting to match against "United States keyboard layout (dvorak)"
1469 wine_trace 0048:trace:keyboard:X11DRV_KEYBOARD_DetectLayout matches=47, mismatches=0, seq=30, score=94
1469 wine_trace 0048:trace:keyboard:X11DRV_KEYBOARD_DetectLayout Attempting to match against "United States keyboard layout (programmer dvorak)"
1469 wine_trace 0048:trace:key:X11DRV_KEYBOARD_DetectLayout mismatch for keycode 10, got "1!  "
1470 wine_trace 0048:trace:key:X11DRV_KEYBOARD_DetectLayout mismatch for keycode 11, got "2@  "
1470 wine_trace 0048:trace:key:X11DRV_KEYBOARD_DetectLayout mismatch for keycode 12, got "3#  "
1470 wine_trace 0048:trace:key:X11DRV_KEYBOARD_DetectLayout mismatch for keycode 13, got "4$  "
1470 wine_trace 0048:trace:key:X11DRV_KEYBOARD_DetectLayout mismatch for keycode 14, got "5%  "
1471 wine_trace 0048:trace:key:X11DRV_KEYBOARD_DetectLayout mismatch for keycode 15, got "6^  "
1471 wine_trace 0048:trace:key:X11DRV_KEYBOARD_DetectLayout mismatch for keycode 16, got "7&  "
1471 wine_trace 0048:trace:key:X11DRV_KEYBOARD_DetectLayout mismatch for keycode 17, got "8*  "
1471 wine_trace 0048:trace:key:X11DRV_KEYBOARD_DetectLayout mismatch for keycode 18, got "9(  "
1472 wine_trace 0048:trace:key:X11DRV_KEYBOARD_DetectLayout mismatch for keycode 19, got "0)  "
1472 wine_trace 0048:trace:key:X11DRV_KEYBOARD_DetectLayout mismatch for keycode 21, got "=+  "
1472 wine_trace 0048:trace:key:X11DRV_KEYBOARD_DetectLayout mismatch for keycode 34, got "[{  "
1472 wine_trace 0048:trace:key:X11DRV_KEYBOARD_DetectLayout mismatch for keycode 35, got "]}  "
1472 wine_trace 0048:trace:key:X11DRV_KEYBOARD_DetectLayout mismatch for keycode 49, got "`~  "
1472 wine_trace 0048:trace:keyboard:X11DRV_KEYBOARD_DetectLayout matches=33, mismatches=14, seq=18, score=38
1472 wine_trace 0048:trace:keyboard:X11DRV_KEYBOARD_DetectLayout Attempting to match against "United States keyboard layout (dvorak with phantom key)"
1472 wine_trace 0048:trace:keyboard:X11DRV_KEYBOARD_DetectLayout matches=47, mismatches=0, seq=30, score=94
1473 wine_trace 0048:trace:keyboard:X11DRV_KEYBOARD_DetectLayout Attempting to match against "United States International keyboard layout"
1473 wine_trace 0048:trace:keyboard:X11DRV_KEYBOARD_DetectLayout matches=47, mismatches=0, seq=46, score=94
1473 wine_trace 0048:trace:keyboard:X11DRV_KEYBOARD_DetectLayout Attempting to match against "British keyboard layout"
1474 wine_trace 0048:trace:key:X11DRV_KEYBOARD_DetectLayout mismatch for keycode 11, got "2@  "
1474 wine_trace 0048:trace:key:X11DRV_KEYBOARD_DetectLayout mismatch for keycode 12, got "3#  "
1474 wine_trace 0048:trace:key:X11DRV_KEYBOARD_DetectLayout mismatch for keycode 48, got "'\"  "
1474 wine_trace 0048:trace:keyboard:X11DRV_KEYBOARD_DetectLayout matches=44, mismatches=3, seq=42, score=81
1474 wine_trace 0048:trace:keyboard:X11DRV_KEYBOARD_DetectLayout Attempting to match against "German keyboard layout"
1474 wine_trace 0048:trace:key:X11DRV_KEYBOARD_DetectLayout mismatch for keycode 11, got "2@  "
1475 wine_trace 0048:trace:key:X11DRV_KEYBOARD_DetectLayout mismatch for keycode 12, got "3#  "
1475 wine_trace 0048:trace:key:X11DRV_KEYBOARD_DetectLayout mismatch for keycode 15, got "6^  "
1475 wine_trace 0048:trace:key:X11DRV_KEYBOARD_DetectLayout mismatch for keycode 16, got "7&  "
1475 wine_trace 0048:trace:key:X11DRV_KEYBOARD_DetectLayout mismatch for keycode 17, got "8*  "
1475 wine_trace 0048:trace:key:X11DRV_KEYBOARD_DetectLayout mismatch for keycode 18, got "9(  "
1475 wine_trace 0048:trace:key:X11DRV_KEYBOARD_DetectLayout mismatch for keycode 19, got "0)  "
1475 wine_trace 0048:trace:key:X11DRV_KEYBOARD_DetectLayout mismatch for keycode 21, got "=+  "
1476 wine_trace 0048:trace:key:X11DRV_KEYBOARD_DetectLayout mismatch for keycode 34, got "[{  "
1476 wine_trace 0048:trace:key:X11DRV_KEYBOARD_DetectLayout mismatch for keycode 35, got "]}  "
1476 wine_trace 0048:trace:key:X11DRV_KEYBOARD_DetectLayout mismatch for keycode 47, got ";:  "
1476 wine_trace 0048:trace:key:X11DRV_KEYBOARD_DetectLayout mismatch for keycode 48, got "'\"  "
1476 wine_trace 0048:trace:key:X11DRV_KEYBOARD_DetectLayout mismatch for keycode 49, got "`~  "
1476 wine_trace 0048:trace:key:X11DRV_KEYBOARD_DetectLayout mismatch for keycode 51, got "\\|  "
1477 wine_trace 0048:trace:key:X11DRV_KEYBOARD_DetectLayout mismatch for keycode 59, got ",<  "
1477 wine_trace 0048:trace:key:X11DRV_KEYBOARD_DetectLayout mismatch for keycode 60, got ".>  "
1477 wine_trace 0048:trace:key:X11DRV_KEYBOARD_DetectLayout mismatch for keycode 61, got "/?  "
1477 wine_trace 0048:trace:keyboard:X11DRV_KEYBOARD_DetectLayout matches=30, mismatches=17, seq=27, score=26
1477 wine_trace 0048:trace:keyboard:X11DRV_KEYBOARD_DetectLayout Attempting to match against "Swiss German keyboard layout"
1477 wine_trace 0048:trace:key:X11DRV_KEYBOARD_DetectLayout mismatch for keycode 10, got "1!  "
1477 wine_trace 0048:trace:key:X11DRV_KEYBOARD_DetectLayout mismatch for keycode 11, got "2@  "
1477 wine_trace 0048:trace:key:X11DRV_KEYBOARD_DetectLayout mismatch for keycode 12, got "3#  "
1478 wine_trace 0048:trace:key:X11DRV_KEYBOARD_DetectLayout mismatch for keycode 13, got "4$  "
1478 wine_trace 0048:trace:key:X11DRV_KEYBOARD_DetectLayout mismatch for keycode 15, got "6^  "
1478 wine_trace 0048:trace:key:X11DRV_KEYBOARD_DetectLayout mismatch for keycode 16, got "7&  "
1478 wine_trace 0048:trace:key:X11DRV_KEYBOARD_DetectLayout mismatch for keycode 17, got "8*  "
1478 wine_trace 0048:trace:key:X11DRV_KEYBOARD_DetectLayout mismatch for keycode 18, got "9(  "
1478 wine_trace 0048:trace:key:X11DRV_KEYBOARD_DetectLayout mismatch for keycode 19, got "0)  "
1478 wine_trace 0048:trace:key:X11DRV_KEYBOARD_DetectLayout mismatch for keycode 21, got "=+  "
1479 wine_trace 0048:trace:key:X11DRV_KEYBOARD_DetectLayout mismatch for keycode 34, got "[{  "
1479 wine_trace 0048:trace:key:X11DRV_KEYBOARD_DetectLayout mismatch for keycode 35, got "]}  "
1479 wine_trace 0048:trace:key:X11DRV_KEYBOARD_DetectLayout mismatch for keycode 47, got ";:  "
1479 wine_trace 0048:trace:key:X11DRV_KEYBOARD_DetectLayout mismatch for keycode 48, got "'\"  "
1479 wine_trace 0048:trace:key:X11DRV_KEYBOARD_DetectLayout mismatch for keycode 49, got "`~  "
1479 wine_trace 0048:trace:key:X11DRV_KEYBOARD_DetectLayout mismatch for keycode 51, got "\\|  "
1479 wine_trace 0048:trace:key:X11DRV_KEYBOARD_DetectLayout mismatch for keycode 59, got ",<  "
1479 wine_trace 0048:trace:key:X11DRV_KEYBOARD_DetectLayout mismatch for keycode 60, got ".>  "
1480 wine_trace 0048:trace:key:X11DRV_KEYBOARD_DetectLayout mismatch for keycode 61, got "/?  "
1480 wine_trace 0048:trace:keyboard:X11DRV_KEYBOARD_DetectLayout matches=28, mismatches=19, seq=25, score=18
1480 wine_trace 0048:trace:keyboard:X11DRV_KEYBOARD_DetectLayout Attempting to match against "Swiss French keyboard layout"
1480 wine_trace 0048:trace:key:X11DRV_KEYBOARD_DetectLayout mismatch for keycode 10, got "1!  "
1480 wine_trace 0048:trace:key:X11DRV_KEYBOARD_DetectLayout mismatch for keycode 11, got "2@  "
1480 wine_trace 0048:trace:key:X11DRV_KEYBOARD_DetectLayout mismatch for keycode 12, got "3#  "
1480 wine_trace 0048:trace:key:X11DRV_KEYBOARD_DetectLayout mismatch for keycode 13, got "4$  "
1480 wine_trace 0048:trace:key:X11DRV_KEYBOARD_DetectLayout mismatch for keycode 15, got "6^  "
1480 wine_trace 0048:trace:key:X11DRV_KEYBOARD_DetectLayout mismatch for keycode 16, got "7&  "
1481 wine_trace 0048:trace:key:X11DRV_KEYBOARD_DetectLayout mismatch for keycode 17, got "8*  "
1481 wine_trace 0048:trace:key:X11DRV_KEYBOARD_DetectLayout mismatch for keycode 18, got "9(  "
1481 wine_trace 0048:trace:key:X11DRV_KEYBOARD_DetectLayout mismatch for keycode 19, got "0)  "
1481 wine_trace 0048:trace:key:X11DRV_KEYBOARD_DetectLayout mismatch for keycode 21, got "=+  "
1481 wine_trace 0048:trace:key:X11DRV_KEYBOARD_DetectLayout mismatch for keycode 34, got "[{  "
1481 wine_trace 0048:trace:key:X11DRV_KEYBOARD_DetectLayout mismatch for keycode 35, got "]}  "
1481 wine_trace 0048:trace:key:X11DRV_KEYBOARD_DetectLayout mismatch for keycode 47, got ";:  "
1481 wine_trace 0048:trace:key:X11DRV_KEYBOARD_DetectLayout mismatch for keycode 48, got "'\"  "
1481 wine_trace 0048:trace:key:X11DRV_KEYBOARD_DetectLayout mismatch for keycode 49, got "`~  "
1482 wine_trace 0048:trace:key:X11DRV_KEYBOARD_DetectLayout mismatch for keycode 51, got "\\|  "
1482 wine_trace 0048:trace:key:X11DRV_KEYBOARD_DetectLayout mismatch for keycode 59, got ",<  "
1482 wine_trace 0048:trace:key:X11DRV_KEYBOARD_DetectLayout mismatch for keycode 60, got ".>  "
1482 wine_trace 0048:trace:key:X11DRV_KEYBOARD_DetectLayout mismatch for keycode 61, got "/?  "
1482 wine_trace 0048:trace:keyboard:X11DRV_KEYBOARD_DetectLayout matches=28, mismatches=19, seq=25, score=18
1482 wine_trace 0048:trace:keyboard:X11DRV_KEYBOARD_DetectLayout Attempting to match against "Swedish keyboard layout"
1482 wine_trace 0048:trace:key:X11DRV_KEYBOARD_DetectLayout mismatch for keycode 11, got "2@  "
1482 wine_trace 0048:trace:key:X11DRV_KEYBOARD_DetectLayout mismatch for keycode 13, got "4$  "
1483 wine_trace 0048:trace:key:X11DRV_KEYBOARD_DetectLayout mismatch for keycode 15, got "6^  "
1483 wine_trace 0048:trace:key:X11DRV_KEYBOARD_DetectLayout mismatch for keycode 16, got "7&  "
1483 wine_trace 0048:trace:key:X11DRV_KEYBOARD_DetectLayout mismatch for keycode 17, got "8*  "
1483 wine_trace 0048:trace:key:X11DRV_KEYBOARD_DetectLayout mismatch for keycode 18, got "9(  "
1483 wine_trace 0048:trace:key:X11DRV_KEYBOARD_DetectLayout mismatch for keycode 19, got "0)  "
1483 wine_trace 0048:trace:key:X11DRV_KEYBOARD_DetectLayout mismatch for keycode 21, got "=+  "
1484 wine_trace 0048:trace:key:X11DRV_KEYBOARD_DetectLayout mismatch for keycode 34, got "[{  "
1484 wine_trace 0048:trace:key:X11DRV_KEYBOARD_DetectLayout mismatch for keycode 35, got "]}  "
1484 wine_trace 0048:trace:key:X11DRV_KEYBOARD_DetectLayout mismatch for keycode 47, got ";:  "
1484 wine_trace 0048:trace:key:X11DRV_KEYBOARD_DetectLayout mismatch for keycode 48, got "'\"  "
1484 wine_trace 0048:trace:key:X11DRV_KEYBOARD_DetectLayout mismatch for keycode 49, got "`~  "
1484 wine_trace 0048:trace:key:X11DRV_KEYBOARD_DetectLayout mismatch for keycode 51, got "\\|  "
1484 wine_trace 0048:trace:key:X11DRV_KEYBOARD_DetectLayout mismatch for keycode 59, got ",<  "
1484 wine_trace 0048:trace:key:X11DRV_KEYBOARD_DetectLayout mismatch for keycode 60, got ".>  "
1484 wine_trace 0048:trace:key:X11DRV_KEYBOARD_DetectLayout mismatch for keycode 61, got "/?  "
1485 wine_trace 0048:trace:keyboard:X11DRV_KEYBOARD_DetectLayout matches=30, mismatches=17, seq=29, score=26
1485 wine_trace 0048:trace:keyboard:X11DRV_KEYBOARD_DetectLayout Attempting to match against "Estonian keyboard layout"
1485 wine_trace 0048:trace:key:X11DRV_KEYBOARD_DetectLayout mismatch for keycode 11, got "2@  "
1485 wine_trace 0048:trace:key:X11DRV_KEYBOARD_DetectLayout mismatch for keycode 13, got "4$  "
1485 wine_trace 0048:trace:key:X11DRV_KEYBOARD_DetectLayout mismatch for keycode 15, got "6^  "
1485 wine_trace 0048:trace:key:X11DRV_KEYBOARD_DetectLayout mismatch for keycode 16, got "7&  "
1485 wine_trace 0048:trace:key:X11DRV_KEYBOARD_DetectLayout mismatch for keycode 17, got "8*  "
1485 wine_trace 0048:trace:key:X11DRV_KEYBOARD_DetectLayout mismatch for keycode 18, got "9(  "
1486 wine_trace 0048:trace:key:X11DRV_KEYBOARD_DetectLayout mismatch for keycode 19, got "0)  "
1486 wine_trace 0048:trace:key:X11DRV_KEYBOARD_DetectLayout mismatch for keycode 21, got "=+  "
1486 wine_trace 0048:trace:key:X11DRV_KEYBOARD_DetectLayout mismatch for keycode 34, got "[{  "
1486 wine_trace 0048:trace:key:X11DRV_KEYBOARD_DetectLayout mismatch for keycode 35, got "]}  "
1486 wine_trace 0048:trace:key:X11DRV_KEYBOARD_DetectLayout mismatch for keycode 47, got ";:  "
1486 wine_trace 0048:trace:key:X11DRV_KEYBOARD_DetectLayout mismatch for keycode 48, got "'\"  "
1486 wine_trace 0048:trace:key:X11DRV_KEYBOARD_DetectLayout mismatch for keycode 49, got "`~  "
1486 wine_trace 0048:trace:key:X11DRV_KEYBOARD_DetectLayout mismatch for keycode 51, got "\\|  "
1486 wine_trace 0048:trace:key:X11DRV_KEYBOARD_DetectLayout mismatch for keycode 59, got ",<  "
1487 wine_trace 0048:trace:key:X11DRV_KEYBOARD_DetectLayout mismatch for keycode 60, got ".>  "
1487 wine_trace 0048:trace:key:X11DRV_KEYBOARD_DetectLayout mismatch for keycode 61, got "/?  "
1487 wine_trace 0048:trace:keyboard:X11DRV_KEYBOARD_DetectLayout matches=30, mismatches=17, seq=29, score=26
1487 wine_trace 0048:trace:keyboard:X11DRV_KEYBOARD_DetectLayout Attempting to match against "Norwegian keyboard layout"
1487 wine_trace 0048:trace:key:X11DRV_KEYBOARD_DetectLayout mismatch for keycode 11, got "2@  "
1487 wine_trace 0048:trace:key:X11DRV_KEYBOARD_DetectLayout mismatch for keycode 13, got "4$  "
1487 wine_trace 0048:trace:key:X11DRV_KEYBOARD_DetectLayout mismatch for keycode 15, got "6^  "
1488 wine_trace 0048:trace:key:X11DRV_KEYBOARD_DetectLayout mismatch for keycode 16, got "7&  "
1488 wine_trace 0048:trace:key:X11DRV_KEYBOARD_DetectLayout mismatch for keycode 17, got "8*  "
1488 wine_trace 0048:trace:key:X11DRV_KEYBOARD_DetectLayout mismatch for keycode 18, got "9(  "
1488 wine_trace 0048:trace:key:X11DRV_KEYBOARD_DetectLayout mismatch for keycode 19, got "0)  "
1488 wine_trace 0048:trace:key:X11DRV_KEYBOARD_DetectLayout mismatch for keycode 21, got "=+  "
1488 wine_trace 0048:trace:key:X11DRV_KEYBOARD_DetectLayout mismatch for keycode 34, got "[{  "
1488 wine_trace 0048:trace:key:X11DRV_KEYBOARD_DetectLayout mismatch for keycode 35, got "]}  "
1488 wine_trace 0048:trace:key:X11DRV_KEYBOARD_DetectLayout mismatch for keycode 47, got ";:  "
1489 wine_trace 0048:trace:key:X11DRV_KEYBOARD_DetectLayout mismatch for keycode 48, got "'\"  "
1489 wine_trace 0048:trace:key:X11DRV_KEYBOARD_DetectLayout mismatch for keycode 49, got "`~  "
1489 wine_trace 0048:trace:key:X11DRV_KEYBOARD_DetectLayout mismatch for keycode 51, got "\\|  "
1489 wine_trace 0048:trace:key:X11DRV_KEYBOARD_DetectLayout mismatch for keycode 59, got ",<  "
1489 wine_trace 0048:trace:key:X11DRV_KEYBOARD_DetectLayout mismatch for keycode 60, got ".>  "
1489 wine_trace 0048:trace:key:X11DRV_KEYBOARD_DetectLayout mismatch for keycode 61, got "/?  "
1489 wine_trace 0048:trace:keyboard:X11DRV_KEYBOARD_DetectLayout matches=30, mismatches=17, seq=29, score=26
1489 wine_trace 0048:trace:keyboard:X11DRV_KEYBOARD_DetectLayout Attempting to match against "Danish keyboard layout"
1490 wine_trace 0048:trace:key:X11DRV_KEYBOARD_DetectLayout mismatch for keycode 11, got "2@  "
1490 wine_trace 0048:trace:key:X11DRV_KEYBOARD_DetectLayout mismatch for keycode 13, got "4$  "
1490 wine_trace 0048:trace:key:X11DRV_KEYBOARD_DetectLayout mismatch for keycode 15, got "6^  "
1490 wine_trace 0048:trace:key:X11DRV_KEYBOARD_DetectLayout mismatch for keycode 16, got "7&  "
1490 wine_trace 0048:trace:key:X11DRV_KEYBOARD_DetectLayout mismatch for keycode 17, got "8*  "
1490 wine_trace 0048:trace:key:X11DRV_KEYBOARD_DetectLayout mismatch for keycode 18, got "9(  "
1490 wine_trace 0048:trace:key:X11DRV_KEYBOARD_DetectLayout mismatch for keycode 19, got "0)  "
1490 wine_trace 0048:trace:key:X11DRV_KEYBOARD_DetectLayout mismatch for keycode 21, got "=+  "
1491 wine_trace 0048:trace:key:X11DRV_KEYBOARD_DetectLayout mismatch for keycode 34, got "[{  "
1491 wine_trace 0048:trace:key:X11DRV_KEYBOARD_DetectLayout mismatch for keycode 35, got "]}  "
1491 wine_trace 0048:trace:key:X11DRV_KEYBOARD_DetectLayout mismatch for keycode 47, got ";:  "
1491 wine_trace 0048:trace:key:X11DRV_KEYBOARD_DetectLayout mismatch for keycode 48, got "'\"  "
1491 wine_trace 0048:trace:key:X11DRV_KEYBOARD_DetectLayout mismatch for keycode 49, got "`~  "
1491 wine_trace 0048:trace:key:X11DRV_KEYBOARD_DetectLayout mismatch for keycode 51, got "\\|  "
1491 wine_trace 0048:trace:key:X11DRV_KEYBOARD_DetectLayout mismatch for keycode 59, got ",<  "
1491 wine_trace 0048:trace:key:X11DRV_KEYBOARD_DetectLayout mismatch for keycode 60, got ".>  "
1491 wine_trace 0048:trace:key:X11DRV_KEYBOARD_DetectLayout mismatch for keycode 61, got "/?  "
1492 wine_trace 0048:trace:keyboard:X11DRV_KEYBOARD_DetectLayout matches=30, mismatches=17, seq=29, score=26
1492 wine_trace 0048:trace:keyboard:X11DRV_KEYBOARD_DetectLayout Attempting to match against "French keyboard layout"
1492 wine_trace 0048:trace:key:X11DRV_KEYBOARD_DetectLayout mismatch for keycode 10, got "1!  "
1492 wine_trace 0048:trace:key:X11DRV_KEYBOARD_DetectLayout mismatch for keycode 11, got "2@  "
1492 wine_trace 0048:trace:key:X11DRV_KEYBOARD_DetectLayout mismatch for keycode 12, got "3#  "
1492 wine_trace 0048:trace:key:X11DRV_KEYBOARD_DetectLayout mismatch for keycode 13, got "4$  "
1492 wine_trace 0048:trace:key:X11DRV_KEYBOARD_DetectLayout mismatch for keycode 14, got "5%  "
1492 wine_trace 0048:trace:key:X11DRV_KEYBOARD_DetectLayout mismatch for keycode 15, got "6^  "
1493 wine_trace 0048:trace:key:X11DRV_KEYBOARD_DetectLayout mismatch for keycode 16, got "7&  "
1493 wine_trace 0048:trace:key:X11DRV_KEYBOARD_DetectLayout mismatch for keycode 17, got "8*  "
1493 wine_trace 0048:trace:key:X11DRV_KEYBOARD_DetectLayout mismatch for keycode 18, got "9(  "
1493 wine_trace 0048:trace:key:X11DRV_KEYBOARD_DetectLayout mismatch for keycode 19, got "0)  "
1493 wine_trace 0048:trace:key:X11DRV_KEYBOARD_DetectLayout mismatch for keycode 20, got "-_  "
1493 wine_trace 0048:trace:key:X11DRV_KEYBOARD_DetectLayout mismatch for keycode 34, got "[{  "
1493 wine_trace 0048:trace:key:X11DRV_KEYBOARD_DetectLayout mismatch for keycode 35, got "]}  "
1493 wine_trace 0048:trace:key:X11DRV_KEYBOARD_DetectLayout mismatch for keycode 47, got ";:  "
1494 wine_trace 0048:trace:key:X11DRV_KEYBOARD_DetectLayout mismatch for keycode 48, got "'\"  "
1494 wine_trace 0048:trace:key:X11DRV_KEYBOARD_DetectLayout mismatch for keycode 49, got "`~  "
1494 wine_trace 0048:trace:key:X11DRV_KEYBOARD_DetectLayout mismatch for keycode 51, got "\\|  "
1494 wine_trace 0048:trace:key:X11DRV_KEYBOARD_DetectLayout mismatch for keycode 59, got ",<  "
1494 wine_trace 0048:trace:key:X11DRV_KEYBOARD_DetectLayout mismatch for keycode 60, got ".>  "
1494 wine_trace 0048:trace:key:X11DRV_KEYBOARD_DetectLayout mismatch for keycode 61, got "/?  "
1494 wine_trace 0048:trace:keyboard:X11DRV_KEYBOARD_DetectLayout matches=27, mismatches=20, seq=23, score=14
1494 wine_trace 0048:trace:keyboard:X11DRV_KEYBOARD_DetectLayout Attempting to match against "Canadian French keyboard layout"
1494 wine_trace 0048:trace:key:X11DRV_KEYBOARD_DetectLayout mismatch for keycode 11, got "2@  "
1495 wine_trace 0048:trace:key:X11DRV_KEYBOARD_DetectLayout mismatch for keycode 12, got "3#  "
1495 wine_trace 0048:trace:key:X11DRV_KEYBOARD_DetectLayout mismatch for keycode 15, got "6^  "
1495 wine_trace 0048:trace:key:X11DRV_KEYBOARD_DetectLayout mismatch for keycode 34, got "[{  "
1495 wine_trace 0048:trace:key:X11DRV_KEYBOARD_DetectLayout mismatch for keycode 35, got "]}  "
1495 wine_trace 0048:trace:key:X11DRV_KEYBOARD_DetectLayout mismatch for keycode 48, got "'\"  "
1495 wine_trace 0048:trace:key:X11DRV_KEYBOARD_DetectLayout mismatch for keycode 49, got "`~  "
1495 wine_trace 0048:trace:key:X11DRV_KEYBOARD_DetectLayout mismatch for keycode 51, got "\\|  "
1495 wine_trace 0048:trace:key:X11DRV_KEYBOARD_DetectLayout mismatch for keycode 59, got ",<  "
1495 wine_trace 0048:trace:key:X11DRV_KEYBOARD_DetectLayout mismatch for keycode 61, got "/?  "
1496 wine_trace 0048:trace:keyboard:X11DRV_KEYBOARD_DetectLayout matches=37, mismatches=10, seq=37, score=53
1496 wine_trace 0048:trace:keyboard:X11DRV_KEYBOARD_DetectLayout Attempting to match against "Canadian French keyboard layout (CA_fr)"
1496 wine_trace 0048:trace:key:X11DRV_KEYBOARD_DetectLayout mismatch for keycode 11, got "2@  "
1496 wine_trace 0048:trace:key:X11DRV_KEYBOARD_DetectLayout mismatch for keycode 12, got "3#  "
1496 wine_trace 0048:trace:key:X11DRV_KEYBOARD_DetectLayout mismatch for keycode 15, got "6^  "
1496 wine_trace 0048:trace:key:X11DRV_KEYBOARD_DetectLayout mismatch for keycode 34, got "[{  "
1496 wine_trace 0048:trace:key:X11DRV_KEYBOARD_DetectLayout mismatch for keycode 35, got "]}  "
1496 wine_trace 0048:trace:key:X11DRV_KEYBOARD_DetectLayout mismatch for keycode 48, got "'\"  "
1496 wine_trace 0048:trace:key:X11DRV_KEYBOARD_DetectLayout mismatch for keycode 49, got "`~  "
1497 wine_trace 0048:trace:key:X11DRV_KEYBOARD_DetectLayout mismatch for keycode 51, got "\\|  "
1497 wine_trace 0048:trace:key:X11DRV_KEYBOARD_DetectLayout mismatch for keycode 59, got ",<  "
1497 wine_trace 0048:trace:key:X11DRV_KEYBOARD_DetectLayout mismatch for keycode 61, got "/?  "
1497 wine_trace 0048:trace:keyboard:X11DRV_KEYBOARD_DetectLayout matches=37, mismatches=10, seq=37, score=53
1497 wine_trace 0048:trace:keyboard:X11DRV_KEYBOARD_DetectLayout Attempting to match against "Canadian keyboard layout"
1497 wine_trace 0048:trace:key:X11DRV_KEYBOARD_DetectLayout mismatch for keycode 15, got "6^  "
1497 wine_trace 0048:trace:key:X11DRV_KEYBOARD_DetectLayout mismatch for keycode 34, got "[{  "
1497 wine_trace 0048:trace:key:X11DRV_KEYBOARD_DetectLayout mismatch for keycode 35, got "]}  "
1497 wine_trace 0048:trace:key:X11DRV_KEYBOARD_DetectLayout mismatch for keycode 48, got "'\"  "
1498 wine_trace 0048:trace:key:X11DRV_KEYBOARD_DetectLayout mismatch for keycode 49, got "`~  "
1498 wine_trace 0048:trace:key:X11DRV_KEYBOARD_DetectLayout mismatch for keycode 51, got "\\|  "
1498 wine_trace 0048:trace:key:X11DRV_KEYBOARD_DetectLayout mismatch for keycode 59, got ",<  "
1498 wine_trace 0048:trace:key:X11DRV_KEYBOARD_DetectLayout mismatch for keycode 60, got ".>  "
1498 wine_trace 0048:trace:key:X11DRV_KEYBOARD_DetectLayout mismatch for keycode 61, got "/?  "
1498 wine_trace 0048:trace:keyboard:X11DRV_KEYBOARD_DetectLayout matches=38, mismatches=9, seq=38, score=58
1498 wine_trace 0048:trace:keyboard:X11DRV_KEYBOARD_DetectLayout Attempting to match against "Belgian keyboard layout"
1498 wine_trace 0048:trace:key:X11DRV_KEYBOARD_DetectLayout mismatch for keycode 10, got "1!  "
1498 wine_trace 0048:trace:key:X11DRV_KEYBOARD_DetectLayout mismatch for keycode 11, got "2@  "
1499 wine_trace 0048:trace:key:X11DRV_KEYBOARD_DetectLayout mismatch for keycode 12, got "3#  "
1499 wine_trace 0048:trace:key:X11DRV_KEYBOARD_DetectLayout mismatch for keycode 13, got "4$  "
1499 wine_trace 0048:trace:key:X11DRV_KEYBOARD_DetectLayout mismatch for keycode 14, got "5%  "
1499 wine_trace 0048:trace:key:X11DRV_KEYBOARD_DetectLayout mismatch for keycode 15, got "6^  "
1499 wine_trace 0048:trace:key:X11DRV_KEYBOARD_DetectLayout mismatch for keycode 16, got "7&  "
1499 wine_trace 0048:trace:key:X11DRV_KEYBOARD_DetectLayout mismatch for keycode 17, got "8*  "
1499 wine_trace 0048:trace:key:X11DRV_KEYBOARD_DetectLayout mismatch for keycode 18, got "9(  "
1499 wine_trace 0048:trace:key:X11DRV_KEYBOARD_DetectLayout mismatch for keycode 19, got "0)  "
1500 wine_trace 0048:trace:key:X11DRV_KEYBOARD_DetectLayout mismatch for keycode 34, got "[{  "
1500 wine_trace 0048:trace:key:X11DRV_KEYBOARD_DetectLayout mismatch for keycode 35, got "]}  "
1500 wine_trace 0048:trace:key:X11DRV_KEYBOARD_DetectLayout mismatch for keycode 47, got ";:  "
1500 wine_trace 0048:trace:key:X11DRV_KEYBOARD_DetectLayout mismatch for keycode 48, got "'\"  "
1500 wine_trace 0048:trace:key:X11DRV_KEYBOARD_DetectLayout mismatch for keycode 49, got "`~  "
1500 wine_trace 0048:trace:key:X11DRV_KEYBOARD_DetectLayout mismatch for keycode 51, got "\\|  "
1500 wine_trace 0048:trace:key:X11DRV_KEYBOARD_DetectLayout mismatch for keycode 59, got ",<  "
1500 wine_trace 0048:trace:key:X11DRV_KEYBOARD_DetectLayout mismatch for keycode 60, got ".>  "
1500 wine_trace 0048:trace:key:X11DRV_KEYBOARD_DetectLayout mismatch for keycode 61, got "/?  "
1501 wine_trace 0048:trace:keyboard:X11DRV_KEYBOARD_DetectLayout matches=28, mismatches=19, seq=23, score=18
1501 wine_trace 0048:trace:keyboard:X11DRV_KEYBOARD_DetectLayout Attempting to match against "Portuguese keyboard layout"
1501 wine_trace 0048:trace:key:X11DRV_KEYBOARD_DetectLayout mismatch for keycode 11, got "2@  "
1501 wine_trace 0048:trace:key:X11DRV_KEYBOARD_DetectLayout mismatch for keycode 15, got "6^  "
1501 wine_trace 0048:trace:key:X11DRV_KEYBOARD_DetectLayout mismatch for keycode 16, got "7&  "
1501 wine_trace 0048:trace:key:X11DRV_KEYBOARD_DetectLayout mismatch for keycode 17, got "8*  "
1501 wine_trace 0048:trace:key:X11DRV_KEYBOARD_DetectLayout mismatch for keycode 18, got "9(  "
1501 wine_trace 0048:trace:key:X11DRV_KEYBOARD_DetectLayout mismatch for keycode 19, got "0)  "
1502 wine_trace 0048:trace:key:X11DRV_KEYBOARD_DetectLayout mismatch for keycode 21, got "=+  "
1502 wine_trace 0048:trace:key:X11DRV_KEYBOARD_DetectLayout mismatch for keycode 34, got "[{  "
1502 wine_trace 0048:trace:key:X11DRV_KEYBOARD_DetectLayout mismatch for keycode 35, got "]}  "
1502 wine_trace 0048:trace:key:X11DRV_KEYBOARD_DetectLayout mismatch for keycode 47, got ";:  "
1502 wine_trace 0048:trace:key:X11DRV_KEYBOARD_DetectLayout mismatch for keycode 48, got "'\"  "
1502 wine_trace 0048:trace:key:X11DRV_KEYBOARD_DetectLayout mismatch for keycode 49, got "`~  "
1502 wine_trace 0048:trace:key:X11DRV_KEYBOARD_DetectLayout mismatch for keycode 59, got ",<  "
1502 wine_trace 0048:trace:key:X11DRV_KEYBOARD_DetectLayout mismatch for keycode 60, got ".>  "
1502 wine_trace 0048:trace:key:X11DRV_KEYBOARD_DetectLayout mismatch for keycode 61, got "/?  "
1503 wine_trace 0048:trace:keyboard:X11DRV_KEYBOARD_DetectLayout matches=32, mismatches=15, seq=30, score=34
1503 wine_trace 0048:trace:keyboard:X11DRV_KEYBOARD_DetectLayout Attempting to match against "Brazilian ABNT-2 keyboard layout"
1503 wine_trace 0048:trace:key:X11DRV_KEYBOARD_DetectLayout mismatch for keycode 15, got "6^  "
1503 wine_trace 0048:trace:key:X11DRV_KEYBOARD_DetectLayout mismatch for keycode 49, got "`~  "
1503 wine_trace 0048:trace:keyboard:X11DRV_KEYBOARD_DetectLayout matches=45, mismatches=2, seq=43, score=86
1503 wine_trace 0048:trace:keyboard:X11DRV_KEYBOARD_DetectLayout Attempting to match against "Brazilian ABNT-2 keyboard layout ALT GR"
1503 wine_trace 0048:trace:key:X11DRV_KEYBOARD_DetectLayout mismatch for keycode 15, got "6^  "
1504 wine_trace 0048:trace:key:X11DRV_KEYBOARD_DetectLayout mismatch for keycode 49, got "`~  "
1504 wine_trace 0048:trace:keyboard:X11DRV_KEYBOARD_DetectLayout matches=45, mismatches=2, seq=43, score=86
1505 wine_trace 0048:trace:keyboard:X11DRV_KEYBOARD_DetectLayout Attempting to match against "Finnish keyboard layout"
1505 wine_trace 0048:trace:key:X11DRV_KEYBOARD_DetectLayout mismatch for keycode 11, got "2@  "
1505 wine_trace 0048:trace:key:X11DRV_KEYBOARD_DetectLayout mismatch for keycode 13, got "4$  "
1505 wine_trace 0048:trace:key:X11DRV_KEYBOARD_DetectLayout mismatch for keycode 15, got "6^  "
1505 wine_trace 0048:trace:key:X11DRV_KEYBOARD_DetectLayout mismatch for keycode 16, got "7&  "
1505 wine_trace 0048:trace:key:X11DRV_KEYBOARD_DetectLayout mismatch for keycode 17, got "8*  "
1505 wine_trace 0048:trace:key:X11DRV_KEYBOARD_DetectLayout mismatch for keycode 18, got "9(  "
1505 wine_trace 0048:trace:key:X11DRV_KEYBOARD_DetectLayout mismatch for keycode 19, got "0)  "
1506 wine_trace 0048:trace:key:X11DRV_KEYBOARD_DetectLayout mismatch for keycode 21, got "=+  "
1506 wine_trace 0048:trace:key:X11DRV_KEYBOARD_DetectLayout mismatch for keycode 34, got "[{  "
1506 wine_trace 0048:trace:key:X11DRV_KEYBOARD_DetectLayout mismatch for keycode 35, got "]}  "
1506 wine_trace 0048:trace:key:X11DRV_KEYBOARD_DetectLayout mismatch for keycode 47, got ";:  "
1506 wine_trace 0048:trace:key:X11DRV_KEYBOARD_DetectLayout mismatch for keycode 48, got "'\"  "
1506 wine_trace 0048:trace:key:X11DRV_KEYBOARD_DetectLayout mismatch for keycode 49, got "`~  "
1506 wine_trace 0048:trace:key:X11DRV_KEYBOARD_DetectLayout mismatch for keycode 51, got "\\|  "
1506 wine_trace 0048:trace:key:X11DRV_KEYBOARD_DetectLayout mismatch for keycode 59, got ",<  "
1506 wine_trace 0048:trace:key:X11DRV_KEYBOARD_DetectLayout mismatch for keycode 60, got ".>  "
1507 wine_trace 0048:trace:key:X11DRV_KEYBOARD_DetectLayout mismatch for keycode 61, got "/?  "
1507 wine_trace 0048:trace:keyboard:X11DRV_KEYBOARD_DetectLayout matches=30, mismatches=17, seq=29, score=26
1507 wine_trace 0048:trace:keyboard:X11DRV_KEYBOARD_DetectLayout Attempting to match against "Bulgarian bds keyboard layout"
1507 wine_trace 0048:trace:keyboard:X11DRV_KEYBOARD_DetectLayout matches=47, mismatches=0, seq=46, score=94
1507 wine_trace 0048:trace:keyboard:X11DRV_KEYBOARD_DetectLayout Attempting to match against "Bulgarian phonetic keyboard layout"
1507 wine_trace 0048:trace:keyboard:X11DRV_KEYBOARD_DetectLayout matches=47, mismatches=0, seq=46, score=94
1507 wine_trace 0048:trace:keyboard:X11DRV_KEYBOARD_DetectLayout Attempting to match against "Belarusian keyboard layout"
1507 wine_trace 0048:trace:keyboard:X11DRV_KEYBOARD_DetectLayout matches=47, mismatches=0, seq=46, score=94
1507 wine_trace 0048:trace:keyboard:X11DRV_KEYBOARD_DetectLayout Attempting to match against "Russian keyboard layout"
1508 wine_trace 0048:trace:keyboard:X11DRV_KEYBOARD_DetectLayout matches=47, mismatches=0, seq=46, score=94
1508 wine_trace 0048:trace:keyboard:X11DRV_KEYBOARD_DetectLayout Attempting to match against "Russian keyboard layout (phantom key version)"
1508 wine_trace 0048:trace:keyboard:X11DRV_KEYBOARD_DetectLayout matches=47, mismatches=0, seq=46, score=94
1508 wine_trace 0048:trace:keyboard:X11DRV_KEYBOARD_DetectLayout Attempting to match against "Russian keyboard layout KOI8-R"
1508 wine_trace 0048:trace:key:X11DRV_KEYBOARD_DetectLayout mismatch for keycode 11, got "2@  "
1508 wine_trace 0048:trace:key:X11DRV_KEYBOARD_DetectLayout mismatch for keycode 12, got "3#  "
1508 wine_trace 0048:trace:key:X11DRV_KEYBOARD_DetectLayout mismatch for keycode 14, got "5%  "
1508 wine_trace 0048:trace:key:X11DRV_KEYBOARD_DetectLayout mismatch for keycode 15, got "6^  "
1508 wine_trace 0048:trace:key:X11DRV_KEYBOARD_DetectLayout mismatch for keycode 16, got "7&  "
1509 wine_trace 0048:trace:key:X11DRV_KEYBOARD_DetectLayout mismatch for keycode 17, got "8*  "
1509 wine_trace 0048:trace:key:X11DRV_KEYBOARD_DetectLayout mismatch for keycode 18, got "9(  "
1509 wine_trace 0048:trace:key:X11DRV_KEYBOARD_DetectLayout mismatch for keycode 19, got "0)  "
1509 wine_trace 0048:trace:key:X11DRV_KEYBOARD_DetectLayout mismatch for keycode 24, got "qQ  "
1509 wine_trace 0048:trace:key:X11DRV_KEYBOARD_DetectLayout mismatch for keycode 25, got "wW  "
1509 wine_trace 0048:trace:key:X11DRV_KEYBOARD_DetectLayout mismatch for keycode 26, got "eE  "
1509 wine_trace 0048:trace:key:X11DRV_KEYBOARD_DetectLayout mismatch for keycode 27, got "rR  "
1509 wine_trace 0048:trace:key:X11DRV_KEYBOARD_DetectLayout mismatch for keycode 28, got "tT  "
1509 wine_trace 0048:trace:key:X11DRV_KEYBOARD_DetectLayout mismatch for keycode 29, got "yY  "
1510 wine_trace 0048:trace:key:X11DRV_KEYBOARD_DetectLayout mismatch for keycode 30, got "uU  "
1510 wine_trace 0048:trace:key:X11DRV_KEYBOARD_DetectLayout mismatch for keycode 31, got "iI  "
1510 wine_trace 0048:trace:key:X11DRV_KEYBOARD_DetectLayout mismatch for keycode 32, got "oO  "
1510 wine_trace 0048:trace:key:X11DRV_KEYBOARD_DetectLayout mismatch for keycode 33, got "pP  "
1510 wine_trace 0048:trace:key:X11DRV_KEYBOARD_DetectLayout mismatch for keycode 34, got "[{  "
1510 wine_trace 0048:trace:key:X11DRV_KEYBOARD_DetectLayout mismatch for keycode 35, got "]}  "
1510 wine_trace 0048:trace:key:X11DRV_KEYBOARD_DetectLayout mismatch for keycode 38, got "aA  "
1510 wine_trace 0048:trace:key:X11DRV_KEYBOARD_DetectLayout mismatch for keycode 39, got "sS  "
1511 wine_trace 0048:trace:key:X11DRV_KEYBOARD_DetectLayout mismatch for keycode 40, got "dD  "
1511 wine_trace 0048:trace:key:X11DRV_KEYBOARD_DetectLayout mismatch for keycode 41, got "fF  "
1511 wine_trace 0048:trace:key:X11DRV_KEYBOARD_DetectLayout mismatch for keycode 42, got "gG  "
1511 wine_trace 0048:trace:key:X11DRV_KEYBOARD_DetectLayout mismatch for keycode 43, got "hH  "
1511 wine_trace 0048:trace:key:X11DRV_KEYBOARD_DetectLayout mismatch for keycode 44, got "jJ  "
1511 wine_trace 0048:trace:key:X11DRV_KEYBOARD_DetectLayout mismatch for keycode 45, got "kK  "
1511 wine_trace 0048:trace:key:X11DRV_KEYBOARD_DetectLayout mismatch for keycode 46, got "lL  "
1511 wine_trace 0048:trace:key:X11DRV_KEYBOARD_DetectLayout mismatch for keycode 47, got ";:  "
1512 wine_trace 0048:trace:key:X11DRV_KEYBOARD_DetectLayout mismatch for keycode 48, got "'\"  "
1512 wine_trace 0048:trace:key:X11DRV_KEYBOARD_DetectLayout mismatch for keycode 49, got "`~  "
1512 wine_trace 0048:trace:key:X11DRV_KEYBOARD_DetectLayout mismatch for keycode 52, got "zZ  "
1512 wine_trace 0048:trace:key:X11DRV_KEYBOARD_DetectLayout mismatch for keycode 53, got "xX  "
1512 wine_trace 0048:trace:key:X11DRV_KEYBOARD_DetectLayout mismatch for keycode 54, got "cC  "
1512 wine_trace 0048:trace:key:X11DRV_KEYBOARD_DetectLayout mismatch for keycode 55, got "vV  "
1512 wine_trace 0048:trace:key:X11DRV_KEYBOARD_DetectLayout mismatch for keycode 56, got "bB  "
1512 wine_trace 0048:trace:key:X11DRV_KEYBOARD_DetectLayout mismatch for keycode 57, got "nN  "
1512 wine_trace 0048:trace:key:X11DRV_KEYBOARD_DetectLayout mismatch for keycode 58, got "mM  "
1513 wine_trace 0048:trace:key:X11DRV_KEYBOARD_DetectLayout mismatch for keycode 59, got ",<  "
1513 wine_trace 0048:trace:key:X11DRV_KEYBOARD_DetectLayout mismatch for keycode 60, got ".>  "
1513 wine_trace 0048:trace:keyboard:X11DRV_KEYBOARD_DetectLayout matches=6, mismatches=41, seq=6, score=-70
1513 wine_trace 0048:trace:keyboard:X11DRV_KEYBOARD_DetectLayout Attempting to match against "Russian keyboard layout cp1251"
1513 wine_trace 0048:trace:keyboard:X11DRV_KEYBOARD_DetectLayout matches=47, mismatches=0, seq=46, score=94
1513 wine_trace 0048:trace:keyboard:X11DRV_KEYBOARD_DetectLayout Attempting to match against "Russian phonetic keyboard layout"
1513 wine_trace 0048:trace:keyboard:X11DRV_KEYBOARD_DetectLayout matches=47, mismatches=0, seq=46, score=94
1513 wine_trace 0048:trace:keyboard:X11DRV_KEYBOARD_DetectLayout Attempting to match against "Ukrainian keyboard layout KOI8-U"
1513 wine_trace 0048:trace:keyboard:X11DRV_KEYBOARD_DetectLayout matches=47, mismatches=0, seq=46, score=94
1514 wine_trace 0048:trace:keyboard:X11DRV_KEYBOARD_DetectLayout Attempting to match against "Ukrainian keyboard layout (standard)"
1514 wine_trace 0048:trace:key:X11DRV_KEYBOARD_DetectLayout mismatch for keycode 11, got "2@  "
1514 wine_trace 0048:trace:key:X11DRV_KEYBOARD_DetectLayout mismatch for keycode 12, got "3#  "
1514 wine_trace 0048:trace:key:X11DRV_KEYBOARD_DetectLayout mismatch for keycode 13, got "4$  "
1514 wine_trace 0048:trace:key:X11DRV_KEYBOARD_DetectLayout mismatch for keycode 15, got "6^  "
1514 wine_trace 0048:trace:key:X11DRV_KEYBOARD_DetectLayout mismatch for keycode 16, got "7&  "
1514 wine_trace 0048:trace:key:X11DRV_KEYBOARD_DetectLayout mismatch for keycode 24, got "qQ  "
1514 wine_trace 0048:trace:key:X11DRV_KEYBOARD_DetectLayout mismatch for keycode 25, got "wW  "
1514 wine_trace 0048:trace:key:X11DRV_KEYBOARD_DetectLayout mismatch for keycode 26, got "eE  "
1515 wine_trace 0048:trace:key:X11DRV_KEYBOARD_DetectLayout mismatch for keycode 27, got "rR  "
1515 wine_trace 0048:trace:key:X11DRV_KEYBOARD_DetectLayout mismatch for keycode 28, got "tT  "
1515 wine_trace 0048:trace:key:X11DRV_KEYBOARD_DetectLayout mismatch for keycode 29, got "yY  "
1515 wine_trace 0048:trace:key:X11DRV_KEYBOARD_DetectLayout mismatch for keycode 30, got "uU  "
1515 wine_trace 0048:trace:key:X11DRV_KEYBOARD_DetectLayout mismatch for keycode 31, got "iI  "
1515 wine_trace 0048:trace:key:X11DRV_KEYBOARD_DetectLayout mismatch for keycode 32, got "oO  "
1515 wine_trace 0048:trace:key:X11DRV_KEYBOARD_DetectLayout mismatch for keycode 33, got "pP  "
1515 wine_trace 0048:trace:key:X11DRV_KEYBOARD_DetectLayout mismatch for keycode 34, got "[{  "
1516 wine_trace 0048:trace:key:X11DRV_KEYBOARD_DetectLayout mismatch for keycode 35, got "]}  "
1516 wine_trace 0048:trace:key:X11DRV_KEYBOARD_DetectLayout mismatch for keycode 38, got "aA  "
1516 wine_trace 0048:trace:key:X11DRV_KEYBOARD_DetectLayout mismatch for keycode 39, got "sS  "
1516 wine_trace 0048:trace:key:X11DRV_KEYBOARD_DetectLayout mismatch for keycode 40, got "dD  "
1516 wine_trace 0048:trace:key:X11DRV_KEYBOARD_DetectLayout mismatch for keycode 41, got "fF  "
1516 wine_trace 0048:trace:key:X11DRV_KEYBOARD_DetectLayout mismatch for keycode 42, got "gG  "
1516 wine_trace 0048:trace:key:X11DRV_KEYBOARD_DetectLayout mismatch for keycode 43, got "hH  "
1516 wine_trace 0048:trace:key:X11DRV_KEYBOARD_DetectLayout mismatch for keycode 44, got "jJ  "
1516 wine_trace 0048:trace:key:X11DRV_KEYBOARD_DetectLayout mismatch for keycode 45, got "kK  "
1517 wine_trace 0048:trace:key:X11DRV_KEYBOARD_DetectLayout mismatch for keycode 46, got "lL  "
1517 wine_trace 0048:trace:key:X11DRV_KEYBOARD_DetectLayout mismatch for keycode 47, got ";:  "
1517 wine_trace 0048:trace:key:X11DRV_KEYBOARD_DetectLayout mismatch for keycode 48, got "'\"  "
1517 wine_trace 0048:trace:key:X11DRV_KEYBOARD_DetectLayout mismatch for keycode 49, got "`~  "
1517 wine_trace 0048:trace:key:X11DRV_KEYBOARD_DetectLayout mismatch for keycode 51, got "\\|  "
1517 wine_trace 0048:trace:key:X11DRV_KEYBOARD_DetectLayout mismatch for keycode 52, got "zZ  "
1517 wine_trace 0048:trace:key:X11DRV_KEYBOARD_DetectLayout mismatch for keycode 53, got "xX  "
1517 wine_trace 0048:trace:key:X11DRV_KEYBOARD_DetectLayout mismatch for keycode 54, got "cC  "
1517 wine_trace 0048:trace:key:X11DRV_KEYBOARD_DetectLayout mismatch for keycode 55, got "vV  "
1518 wine_trace 0048:trace:key:X11DRV_KEYBOARD_DetectLayout mismatch for keycode 56, got "bB  "
1518 wine_trace 0048:trace:key:X11DRV_KEYBOARD_DetectLayout mismatch for keycode 57, got "nN  "
1518 wine_trace 0048:trace:key:X11DRV_KEYBOARD_DetectLayout mismatch for keycode 58, got "mM  "
1518 wine_trace 0048:trace:key:X11DRV_KEYBOARD_DetectLayout mismatch for keycode 59, got ",<  "
1518 wine_trace 0048:trace:key:X11DRV_KEYBOARD_DetectLayout mismatch for keycode 60, got ".>  "
1518 wine_trace 0048:trace:key:X11DRV_KEYBOARD_DetectLayout mismatch for keycode 61, got "/?  "
1518 wine_trace 0048:trace:keyboard:X11DRV_KEYBOARD_DetectLayout matches=7, mismatches=40, seq=7, score=-66
1518 wine_trace 0048:trace:keyboard:X11DRV_KEYBOARD_DetectLayout Attempting to match against "Russian keyboard layout (standard)"
1518 wine_trace 0048:trace:key:X11DRV_KEYBOARD_DetectLayout mismatch for keycode 11, got "2@  "
1519 wine_trace 0048:trace:key:X11DRV_KEYBOARD_DetectLayout mismatch for keycode 12, got "3#  "
1519 wine_trace 0048:trace:key:X11DRV_KEYBOARD_DetectLayout mismatch for keycode 13, got "4$  "
1519 wine_trace 0048:trace:key:X11DRV_KEYBOARD_DetectLayout mismatch for keycode 15, got "6^  "
1519 wine_trace 0048:trace:key:X11DRV_KEYBOARD_DetectLayout mismatch for keycode 16, got "7&  "
1519 wine_trace 0048:trace:key:X11DRV_KEYBOARD_DetectLayout mismatch for keycode 24, got "qQ  "
1519 wine_trace 0048:trace:key:X11DRV_KEYBOARD_DetectLayout mismatch for keycode 25, got "wW  "
1520 wine_trace 0048:trace:key:X11DRV_KEYBOARD_DetectLayout mismatch for keycode 26, got "eE  "
1520 wine_trace 0048:trace:key:X11DRV_KEYBOARD_DetectLayout mismatch for keycode 27, got "rR  "
1520 wine_trace 0048:trace:key:X11DRV_KEYBOARD_DetectLayout mismatch for keycode 28, got "tT  "
1520 wine_trace 0048:trace:key:X11DRV_KEYBOARD_DetectLayout mismatch for keycode 29, got "yY  "
1520 wine_trace 0048:trace:key:X11DRV_KEYBOARD_DetectLayout mismatch for keycode 30, got "uU  "
1520 wine_trace 0048:trace:key:X11DRV_KEYBOARD_DetectLayout mismatch for keycode 31, got "iI  "
1520 wine_trace 0048:trace:key:X11DRV_KEYBOARD_DetectLayout mismatch for keycode 32, got "oO  "
1520 wine_trace 0048:trace:key:X11DRV_KEYBOARD_DetectLayout mismatch for keycode 33, got "pP  "
1521 wine_trace 0048:trace:key:X11DRV_KEYBOARD_DetectLayout mismatch for keycode 34, got "[{  "
1521 wine_trace 0048:trace:key:X11DRV_KEYBOARD_DetectLayout mismatch for keycode 35, got "]}  "
1521 wine_trace 0048:trace:key:X11DRV_KEYBOARD_DetectLayout mismatch for keycode 38, got "aA  "
1521 wine_trace 0048:trace:key:X11DRV_KEYBOARD_DetectLayout mismatch for keycode 39, got "sS  "
1521 wine_trace 0048:trace:key:X11DRV_KEYBOARD_DetectLayout mismatch for keycode 40, got "dD  "
1521 wine_trace 0048:trace:key:X11DRV_KEYBOARD_DetectLayout mismatch for keycode 41, got "fF  "
1521 wine_trace 0048:trace:key:X11DRV_KEYBOARD_DetectLayout mismatch for keycode 42, got "gG  "
1521 wine_trace 0048:trace:key:X11DRV_KEYBOARD_DetectLayout mismatch for keycode 43, got "hH  "
1522 wine_trace 0048:trace:key:X11DRV_KEYBOARD_DetectLayout mismatch for keycode 44, got "jJ  "
1522 wine_trace 0048:trace:key:X11DRV_KEYBOARD_DetectLayout mismatch for keycode 45, got "kK  "
1522 wine_trace 0048:trace:key:X11DRV_KEYBOARD_DetectLayout mismatch for keycode 46, got "lL  "
1522 wine_trace 0048:trace:key:X11DRV_KEYBOARD_DetectLayout mismatch for keycode 47, got ";:  "
1522 wine_trace 0048:trace:key:X11DRV_KEYBOARD_DetectLayout mismatch for keycode 48, got "'\"  "
1522 wine_trace 0048:trace:key:X11DRV_KEYBOARD_DetectLayout mismatch for keycode 49, got "`~  "
1522 wine_trace 0048:trace:key:X11DRV_KEYBOARD_DetectLayout mismatch for keycode 51, got "\\|  "
1522 wine_trace 0048:trace:key:X11DRV_KEYBOARD_DetectLayout mismatch for keycode 52, got "zZ  "
1522 wine_trace 0048:trace:key:X11DRV_KEYBOARD_DetectLayout mismatch for keycode 53, got "xX  "
1523 wine_trace 0048:trace:key:X11DRV_KEYBOARD_DetectLayout mismatch for keycode 54, got "cC  "
1523 wine_trace 0048:trace:key:X11DRV_KEYBOARD_DetectLayout mismatch for keycode 55, got "vV  "
1523 wine_trace 0048:trace:key:X11DRV_KEYBOARD_DetectLayout mismatch for keycode 56, got "bB  "
1523 wine_trace 0048:trace:key:X11DRV_KEYBOARD_DetectLayout mismatch for keycode 57, got "nN  "
1523 wine_trace 0048:trace:key:X11DRV_KEYBOARD_DetectLayout mismatch for keycode 58, got "mM  "
1523 wine_trace 0048:trace:key:X11DRV_KEYBOARD_DetectLayout mismatch for keycode 59, got ",<  "
1523 wine_trace 0048:trace:key:X11DRV_KEYBOARD_DetectLayout mismatch for keycode 60, got ".>  "
1524 wine_trace 0048:trace:key:X11DRV_KEYBOARD_DetectLayout mismatch for keycode 61, got "/?  "
1524 wine_trace 0048:trace:keyboard:X11DRV_KEYBOARD_DetectLayout matches=7, mismatches=40, seq=7, score=-66
1524 wine_trace 0048:trace:keyboard:X11DRV_KEYBOARD_DetectLayout Attempting to match against "Spanish keyboard layout"
1524 wine_trace 0048:trace:key:X11DRV_KEYBOARD_DetectLayout mismatch for keycode 11, got "2@  "
1524 wine_trace 0048:trace:key:X11DRV_KEYBOARD_DetectLayout mismatch for keycode 12, got "3#  "
1524 wine_trace 0048:trace:key:X11DRV_KEYBOARD_DetectLayout mismatch for keycode 15, got "6^  "
1524 wine_trace 0048:trace:key:X11DRV_KEYBOARD_DetectLayout mismatch for keycode 16, got "7&  "
1524 wine_trace 0048:trace:key:X11DRV_KEYBOARD_DetectLayout mismatch for keycode 17, got "8*  "
1524 wine_trace 0048:trace:key:X11DRV_KEYBOARD_DetectLayout mismatch for keycode 18, got "9(  "
1525 wine_trace 0048:trace:key:X11DRV_KEYBOARD_DetectLayout mismatch for keycode 19, got "0)  "
1525 wine_trace 0048:trace:key:X11DRV_KEYBOARD_DetectLayout mismatch for keycode 21, got "=+  "
1525 wine_trace 0048:trace:key:X11DRV_KEYBOARD_DetectLayout mismatch for keycode 34, got "[{  "
1525 wine_trace 0048:trace:key:X11DRV_KEYBOARD_DetectLayout mismatch for keycode 35, got "]}  "
1525 wine_trace 0048:trace:key:X11DRV_KEYBOARD_DetectLayout mismatch for keycode 47, got ";:  "
1525 wine_trace 0048:trace:key:X11DRV_KEYBOARD_DetectLayout mismatch for keycode 48, got "'\"  "
1525 wine_trace 0048:trace:key:X11DRV_KEYBOARD_DetectLayout mismatch for keycode 49, got "`~  "
1525 wine_trace 0048:trace:key:X11DRV_KEYBOARD_DetectLayout mismatch for keycode 51, got "\\|  "
1525 wine_trace 0048:trace:key:X11DRV_KEYBOARD_DetectLayout mismatch for keycode 59, got ",<  "
1526 wine_trace 0048:trace:key:X11DRV_KEYBOARD_DetectLayout mismatch for keycode 60, got ".>  "
1526 wine_trace 0048:trace:key:X11DRV_KEYBOARD_DetectLayout mismatch for keycode 61, got "/?  "
1526 wine_trace 0048:trace:keyboard:X11DRV_KEYBOARD_DetectLayout matches=30, mismatches=17, seq=29, score=26
1526 wine_trace 0048:trace:keyboard:X11DRV_KEYBOARD_DetectLayout Attempting to match against "Italian keyboard layout"
1526 wine_trace 0048:trace:key:X11DRV_KEYBOARD_DetectLayout mismatch for keycode 11, got "2@  "
1526 wine_trace 0048:trace:key:X11DRV_KEYBOARD_DetectLayout mismatch for keycode 12, got "3#  "
1526 wine_trace 0048:trace:key:X11DRV_KEYBOARD_DetectLayout mismatch for keycode 15, got "6^  "
1526 wine_trace 0048:trace:key:X11DRV_KEYBOARD_DetectLayout mismatch for keycode 16, got "7&  "
1527 wine_trace 0048:trace:key:X11DRV_KEYBOARD_DetectLayout mismatch for keycode 17, got "8*  "
1527 wine_trace 0048:trace:key:X11DRV_KEYBOARD_DetectLayout mismatch for keycode 18, got "9(  "
1527 wine_trace 0048:trace:key:X11DRV_KEYBOARD_DetectLayout mismatch for keycode 19, got "0)  "
1527 wine_trace 0048:trace:key:X11DRV_KEYBOARD_DetectLayout mismatch for keycode 21, got "=+  "
1527 wine_trace 0048:trace:key:X11DRV_KEYBOARD_DetectLayout mismatch for keycode 34, got "[{  "
1527 wine_trace 0048:trace:key:X11DRV_KEYBOARD_DetectLayout mismatch for keycode 35, got "]}  "
1527 wine_trace 0048:trace:key:X11DRV_KEYBOARD_DetectLayout mismatch for keycode 47, got ";:  "
1527 wine_trace 0048:trace:key:X11DRV_KEYBOARD_DetectLayout mismatch for keycode 48, got "'\"  "
1528 wine_trace 0048:trace:key:X11DRV_KEYBOARD_DetectLayout mismatch for keycode 49, got "`~  "
1528 wine_trace 0048:trace:key:X11DRV_KEYBOARD_DetectLayout mismatch for keycode 59, got ",<  "
1528 wine_trace 0048:trace:key:X11DRV_KEYBOARD_DetectLayout mismatch for keycode 60, got ".>  "
1528 wine_trace 0048:trace:key:X11DRV_KEYBOARD_DetectLayout mismatch for keycode 61, got "/?  "
1528 wine_trace 0048:trace:keyboard:X11DRV_KEYBOARD_DetectLayout matches=31, mismatches=16, seq=29, score=30
1528 wine_trace 0048:trace:keyboard:X11DRV_KEYBOARD_DetectLayout Attempting to match against "Icelandic keyboard layout"
1528 wine_trace 0048:trace:key:X11DRV_KEYBOARD_DetectLayout mismatch for keycode 11, got "2@  "
1528 wine_trace 0048:trace:key:X11DRV_KEYBOARD_DetectLayout mismatch for keycode 15, got "6^  "
1528 wine_trace 0048:trace:key:X11DRV_KEYBOARD_DetectLayout mismatch for keycode 16, got "7&  "
1529 wine_trace 0048:trace:key:X11DRV_KEYBOARD_DetectLayout mismatch for keycode 17, got "8*  "
1529 wine_trace 0048:trace:key:X11DRV_KEYBOARD_DetectLayout mismatch for keycode 18, got "9(  "
1529 wine_trace 0048:trace:key:X11DRV_KEYBOARD_DetectLayout mismatch for keycode 19, got "0)  "
1529 wine_trace 0048:trace:key:X11DRV_KEYBOARD_DetectLayout mismatch for keycode 21, got "=+  "
1529 wine_trace 0048:trace:key:X11DRV_KEYBOARD_DetectLayout mismatch for keycode 34, got "[{  "
1529 wine_trace 0048:trace:key:X11DRV_KEYBOARD_DetectLayout mismatch for keycode 35, got "]}  "
1529 wine_trace 0048:trace:key:X11DRV_KEYBOARD_DetectLayout mismatch for keycode 47, got ";:  "
1529 wine_trace 0048:trace:key:X11DRV_KEYBOARD_DetectLayout mismatch for keycode 48, got "'\"  "
1529 wine_trace 0048:trace:key:X11DRV_KEYBOARD_DetectLayout mismatch for keycode 49, got "`~  "
1530 wine_trace 0048:trace:key:X11DRV_KEYBOARD_DetectLayout mismatch for keycode 51, got "\\|  "
1530 wine_trace 0048:trace:key:X11DRV_KEYBOARD_DetectLayout mismatch for keycode 59, got ",<  "
1530 wine_trace 0048:trace:key:X11DRV_KEYBOARD_DetectLayout mismatch for keycode 60, got ".>  "
1530 wine_trace 0048:trace:key:X11DRV_KEYBOARD_DetectLayout mismatch for keycode 61, got "/?  "
1530 wine_trace 0048:trace:keyboard:X11DRV_KEYBOARD_DetectLayout matches=31, mismatches=16, seq=31, score=30
1530 wine_trace 0048:trace:keyboard:X11DRV_KEYBOARD_DetectLayout Attempting to match against "Hungarian keyboard layout"
1530 wine_trace 0048:trace:key:X11DRV_KEYBOARD_DetectLayout mismatch for keycode 10, got "1!  "
1530 wine_trace 0048:trace:key:X11DRV_KEYBOARD_DetectLayout mismatch for keycode 11, got "2@  "
1530 wine_trace 0048:trace:key:X11DRV_KEYBOARD_DetectLayout mismatch for keycode 12, got "3#  "
1531 wine_trace 0048:trace:key:X11DRV_KEYBOARD_DetectLayout mismatch for keycode 13, got "4$  "
1531 wine_trace 0048:trace:key:X11DRV_KEYBOARD_DetectLayout mismatch for keycode 15, got "6^  "
1531 wine_trace 0048:trace:key:X11DRV_KEYBOARD_DetectLayout mismatch for keycode 16, got "7&  "
1531 wine_trace 0048:trace:key:X11DRV_KEYBOARD_DetectLayout mismatch for keycode 17, got "8*  "
1531 wine_trace 0048:trace:key:X11DRV_KEYBOARD_DetectLayout mismatch for keycode 18, got "9(  "
1531 wine_trace 0048:trace:key:X11DRV_KEYBOARD_DetectLayout mismatch for keycode 19, got "0)  "
1531 wine_trace 0048:trace:key:X11DRV_KEYBOARD_DetectLayout mismatch for keycode 21, got "=+  "
1531 wine_trace 0048:trace:key:X11DRV_KEYBOARD_DetectLayout mismatch for keycode 34, got "[{  "
1532 wine_trace 0048:trace:key:X11DRV_KEYBOARD_DetectLayout mismatch for keycode 35, got "]}  "
1532 wine_trace 0048:trace:key:X11DRV_KEYBOARD_DetectLayout mismatch for keycode 47, got ";:  "
1532 wine_trace 0048:trace:key:X11DRV_KEYBOARD_DetectLayout mismatch for keycode 48, got "'\"  "
1532 wine_trace 0048:trace:key:X11DRV_KEYBOARD_DetectLayout mismatch for keycode 49, got "`~  "
1532 wine_trace 0048:trace:key:X11DRV_KEYBOARD_DetectLayout mismatch for keycode 51, got "\\|  "
1532 wine_trace 0048:trace:key:X11DRV_KEYBOARD_DetectLayout mismatch for keycode 59, got ",<  "
1532 wine_trace 0048:trace:key:X11DRV_KEYBOARD_DetectLayout mismatch for keycode 60, got ".>  "
1532 wine_trace 0048:trace:key:X11DRV_KEYBOARD_DetectLayout mismatch for keycode 61, got "/?  "
1532 wine_trace 0048:trace:keyboard:X11DRV_KEYBOARD_DetectLayout matches=28, mismatches=19, seq=25, score=18
1533 wine_trace 0048:trace:keyboard:X11DRV_KEYBOARD_DetectLayout Attempting to match against "Polish (programmer's) keyboard layout"
1533 wine_trace 0048:trace:keyboard:X11DRV_KEYBOARD_DetectLayout matches=47, mismatches=0, seq=46, score=94
1533 wine_trace 0048:trace:keyboard:X11DRV_KEYBOARD_DetectLayout Attempting to match against "Slovenian keyboard layout"
1533 wine_trace 0048:trace:key:X11DRV_KEYBOARD_DetectLayout mismatch for keycode 11, got "2@  "
1533 wine_trace 0048:trace:key:X11DRV_KEYBOARD_DetectLayout mismatch for keycode 15, got "6^  "
1533 wine_trace 0048:trace:key:X11DRV_KEYBOARD_DetectLayout mismatch for keycode 16, got "7&  "
1533 wine_trace 0048:trace:key:X11DRV_KEYBOARD_DetectLayout mismatch for keycode 17, got "8*  "
1533 wine_trace 0048:trace:key:X11DRV_KEYBOARD_DetectLayout mismatch for keycode 18, got "9(  "
1534 wine_trace 0048:trace:key:X11DRV_KEYBOARD_DetectLayout mismatch for keycode 19, got "0)  "
1534 wine_trace 0048:trace:key:X11DRV_KEYBOARD_DetectLayout mismatch for keycode 21, got "=+  "
1534 wine_trace 0048:trace:key:X11DRV_KEYBOARD_DetectLayout mismatch for keycode 34, got "[{  "
1534 wine_trace 0048:trace:key:X11DRV_KEYBOARD_DetectLayout mismatch for keycode 35, got "]}  "
1534 wine_trace 0048:trace:key:X11DRV_KEYBOARD_DetectLayout mismatch for keycode 47, got ";:  "
1534 wine_trace 0048:trace:key:X11DRV_KEYBOARD_DetectLayout mismatch for keycode 48, got "'\"  "
1534 wine_trace 0048:trace:key:X11DRV_KEYBOARD_DetectLayout mismatch for keycode 49, got "`~  "
1534 wine_trace 0048:trace:key:X11DRV_KEYBOARD_DetectLayout mismatch for keycode 51, got "\\|  "
1534 wine_trace 0048:trace:key:X11DRV_KEYBOARD_DetectLayout mismatch for keycode 59, got ",<  "
1535 wine_trace 0048:trace:key:X11DRV_KEYBOARD_DetectLayout mismatch for keycode 60, got ".>  "
1535 wine_trace 0048:trace:key:X11DRV_KEYBOARD_DetectLayout mismatch for keycode 61, got "/?  "
1535 wine_trace 0048:trace:keyboard:X11DRV_KEYBOARD_DetectLayout matches=31, mismatches=16, seq=28, score=30
1535 wine_trace 0048:trace:keyboard:X11DRV_KEYBOARD_DetectLayout Attempting to match against "Serbian keyboard layout sr"
1535 wine_trace 0048:trace:key:X11DRV_KEYBOARD_DetectLayout mismatch for keycode 11, got "2@  "
1535 wine_trace 0048:trace:key:X11DRV_KEYBOARD_DetectLayout mismatch for keycode 15, got "6^  "
1535 wine_trace 0048:trace:key:X11DRV_KEYBOARD_DetectLayout mismatch for keycode 16, got "7&  "
1535 wine_trace 0048:trace:key:X11DRV_KEYBOARD_DetectLayout mismatch for keycode 17, got "8*  "
1536 wine_trace 0048:trace:key:X11DRV_KEYBOARD_DetectLayout mismatch for keycode 18, got "9(  "
1536 wine_trace 0048:trace:key:X11DRV_KEYBOARD_DetectLayout mismatch for keycode 19, got "0)  "
1538 wine_trace 0048:trace:key:X11DRV_KEYBOARD_DetectLayout mismatch for keycode 21, got "=+  "
1538 wine_trace 0048:trace:key:X11DRV_KEYBOARD_DetectLayout mismatch for keycode 24, got "qQ  "
1538 wine_trace 0048:trace:key:X11DRV_KEYBOARD_DetectLayout mismatch for keycode 25, got "wW  "
1538 wine_trace 0048:trace:key:X11DRV_KEYBOARD_DetectLayout mismatch for keycode 26, got "eE  "
1539 wine_trace 0048:trace:key:X11DRV_KEYBOARD_DetectLayout mismatch for keycode 27, got "rR  "
1539 wine_trace 0048:trace:key:X11DRV_KEYBOARD_DetectLayout mismatch for keycode 28, got "tT  "
1539 wine_trace 0048:trace:key:X11DRV_KEYBOARD_DetectLayout mismatch for keycode 29, got "yY  "
1539 wine_trace 0048:trace:key:X11DRV_KEYBOARD_DetectLayout mismatch for keycode 30, got "uU  "
1539 wine_trace 0048:trace:key:X11DRV_KEYBOARD_DetectLayout mismatch for keycode 31, got "iI  "
1540 wine_trace 0048:trace:key:X11DRV_KEYBOARD_DetectLayout mismatch for keycode 32, got "oO  "
1540 wine_trace 0048:trace:key:X11DRV_KEYBOARD_DetectLayout mismatch for keycode 33, got "pP  "
1540 wine_trace 0048:trace:key:X11DRV_KEYBOARD_DetectLayout mismatch for keycode 34, got "[{  "
1540 wine_trace 0048:trace:key:X11DRV_KEYBOARD_DetectLayout mismatch for keycode 35, got "]}  "
1541 wine_trace 0048:trace:key:X11DRV_KEYBOARD_DetectLayout mismatch for keycode 38, got "aA  "
1541 wine_trace 0048:trace:key:X11DRV_KEYBOARD_DetectLayout mismatch for keycode 39, got "sS  "
1541 wine_trace 0048:trace:key:X11DRV_KEYBOARD_DetectLayout mismatch for keycode 40, got "dD  "
1541 wine_trace 0048:trace:key:X11DRV_KEYBOARD_DetectLayout mismatch for keycode 41, got "fF  "
1541 wine_trace 0048:trace:key:X11DRV_KEYBOARD_DetectLayout mismatch for keycode 42, got "gG  "
1542 wine_trace 0048:trace:key:X11DRV_KEYBOARD_DetectLayout mismatch for keycode 43, got "hH  "
1542 wine_trace 0048:trace:key:X11DRV_KEYBOARD_DetectLayout mismatch for keycode 44, got "jJ  "
1543 wine_trace 0048:trace:key:X11DRV_KEYBOARD_DetectLayout mismatch for keycode 45, got "kK  "
1543 wine_trace 0048:trace:key:X11DRV_KEYBOARD_DetectLayout mismatch for keycode 46, got "lL  "
1543 wine_trace 0048:trace:key:X11DRV_KEYBOARD_DetectLayout mismatch for keycode 47, got ";:  "
1543 wine_trace 0048:trace:key:X11DRV_KEYBOARD_DetectLayout mismatch for keycode 48, got "'\"  "
1544 wine_trace 0048:trace:key:X11DRV_KEYBOARD_DetectLayout mismatch for keycode 51, got "\\|  "
1544 wine_trace 0048:trace:key:X11DRV_KEYBOARD_DetectLayout mismatch for keycode 52, got "zZ  "
1544 wine_trace 0048:trace:key:X11DRV_KEYBOARD_DetectLayout mismatch for keycode 53, got "xX  "
1544 wine_trace 0048:trace:key:X11DRV_KEYBOARD_DetectLayout mismatch for keycode 54, got "cC  "
1545 wine_trace 0048:trace:key:X11DRV_KEYBOARD_DetectLayout mismatch for keycode 55, got "vV  "
1545 wine_trace 0048:trace:key:X11DRV_KEYBOARD_DetectLayout mismatch for keycode 56, got "bB  "
1545 wine_trace 0048:trace:key:X11DRV_KEYBOARD_DetectLayout mismatch for keycode 57, got "nN  "
1545 wine_trace 0048:trace:key:X11DRV_KEYBOARD_DetectLayout mismatch for keycode 58, got "mM  "
1545 wine_trace 0048:trace:key:X11DRV_KEYBOARD_DetectLayout mismatch for keycode 59, got ",<  "
1546 wine_trace 0048:trace:key:X11DRV_KEYBOARD_DetectLayout mismatch for keycode 60, got ".>  "
1546 wine_trace 0048:trace:key:X11DRV_KEYBOARD_DetectLayout mismatch for keycode 61, got "/?  "
1546 wine_trace 0048:trace:keyboard:X11DRV_KEYBOARD_DetectLayout matches=6, mismatches=41, seq=5, score=-70
1546 wine_trace 0048:trace:keyboard:X11DRV_KEYBOARD_DetectLayout Attempting to match against "Serbian keyboard layout us,sr"
1546 wine_trace 0048:trace:keyboard:X11DRV_KEYBOARD_DetectLayout matches=47, mismatches=0, seq=46, score=94
1546 wine_trace 0048:trace:keyboard:X11DRV_KEYBOARD_DetectLayout Attempting to match against "Croatian keyboard layout"
1547 wine_trace 0048:trace:key:X11DRV_KEYBOARD_DetectLayout mismatch for keycode 11, got "2@  "
1547 wine_trace 0048:trace:key:X11DRV_KEYBOARD_DetectLayout mismatch for keycode 15, got "6^  "
1547 wine_trace 0048:trace:key:X11DRV_KEYBOARD_DetectLayout mismatch for keycode 16, got "7&  "
1547 wine_trace 0048:trace:key:X11DRV_KEYBOARD_DetectLayout mismatch for keycode 17, got "8*  "
1547 wine_trace 0048:trace:key:X11DRV_KEYBOARD_DetectLayout mismatch for keycode 18, got "9(  "
1547 wine_trace 0048:trace:key:X11DRV_KEYBOARD_DetectLayout mismatch for keycode 19, got "0)  "
1547 wine_trace 0048:trace:key:X11DRV_KEYBOARD_DetectLayout mismatch for keycode 20, got "-_  "
1547 wine_trace 0048:trace:key:X11DRV_KEYBOARD_DetectLayout mismatch for keycode 21, got "=+  "
1548 wine_trace 0048:trace:key:X11DRV_KEYBOARD_DetectLayout mismatch for keycode 34, got "[{  "
1548 wine_trace 0048:trace:key:X11DRV_KEYBOARD_DetectLayout mismatch for keycode 35, got "]}  "
1548 wine_trace 0048:trace:key:X11DRV_KEYBOARD_DetectLayout mismatch for keycode 47, got ";:  "
1548 wine_trace 0048:trace:key:X11DRV_KEYBOARD_DetectLayout mismatch for keycode 48, got "'\"  "
1548 wine_trace 0048:trace:key:X11DRV_KEYBOARD_DetectLayout mismatch for keycode 49, got "`~  "
1548 wine_trace 0048:trace:key:X11DRV_KEYBOARD_DetectLayout mismatch for keycode 51, got "\\|  "
1548 wine_trace 0048:trace:key:X11DRV_KEYBOARD_DetectLayout mismatch for keycode 59, got ",<  "
1548 wine_trace 0048:trace:key:X11DRV_KEYBOARD_DetectLayout mismatch for keycode 60, got ".>  "
1548 wine_trace 0048:trace:keyboard:X11DRV_KEYBOARD_DetectLayout matches=31, mismatches=16, seq=29, score=30
1549 wine_trace 0048:trace:keyboard:X11DRV_KEYBOARD_DetectLayout Attempting to match against "Croatian keyboard layout (specific)"
1549 wine_trace 0048:trace:keyboard:X11DRV_KEYBOARD_DetectLayout matches=47, mismatches=0, seq=46, score=94
1549 wine_trace 0048:trace:keyboard:X11DRV_KEYBOARD_DetectLayout Attempting to match against "Japanese 106 keyboard layout"
1549 wine_trace 0048:trace:key:X11DRV_KEYBOARD_DetectLayout mismatch for keycode 11, got "2@  "
1549 wine_trace 0048:trace:key:X11DRV_KEYBOARD_DetectLayout mismatch for keycode 15, got "6^  "
1549 wine_trace 0048:trace:key:X11DRV_KEYBOARD_DetectLayout mismatch for keycode 16, got "7&  "
1549 wine_trace 0048:trace:key:X11DRV_KEYBOARD_DetectLayout mismatch for keycode 17, got "8*  "
1549 wine_trace 0048:trace:key:X11DRV_KEYBOARD_DetectLayout mismatch for keycode 18, got "9(  "
1549 wine_trace 0048:trace:key:X11DRV_KEYBOARD_DetectLayout mismatch for keycode 19, got "0)  "
1550 wine_trace 0048:trace:key:X11DRV_KEYBOARD_DetectLayout mismatch for keycode 20, got "-_  "
1550 wine_trace 0048:trace:key:X11DRV_KEYBOARD_DetectLayout mismatch for keycode 21, got "=+  "
1550 wine_trace 0048:trace:key:X11DRV_KEYBOARD_DetectLayout mismatch for keycode 47, got ";:  "
1550 wine_trace 0048:trace:key:X11DRV_KEYBOARD_DetectLayout mismatch for keycode 48, got "'\"  "
1550 wine_trace 0048:trace:key:X11DRV_KEYBOARD_DetectLayout mismatch for keycode 49, got "`~  "
1550 wine_trace 0048:trace:keyboard:X11DRV_KEYBOARD_DetectLayout matches=36, mismatches=11, seq=34, score=50
1550 wine_trace 0048:trace:keyboard:X11DRV_KEYBOARD_DetectLayout Attempting to match against "Japanese Mac keyboard layout"
1550 wine_trace 0048:trace:key:X11DRV_KEYBOARD_DetectLayout mismatch for keycode 11, got "2@  "
1550 wine_trace 0048:trace:key:X11DRV_KEYBOARD_DetectLayout mismatch for keycode 15, got "6^  "
1551 wine_trace 0048:trace:key:X11DRV_KEYBOARD_DetectLayout mismatch for keycode 16, got "7&  "
1551 wine_trace 0048:trace:key:X11DRV_KEYBOARD_DetectLayout mismatch for keycode 17, got "8*  "
1551 wine_trace 0048:trace:key:X11DRV_KEYBOARD_DetectLayout mismatch for keycode 18, got "9(  "
1551 wine_trace 0048:trace:key:X11DRV_KEYBOARD_DetectLayout mismatch for keycode 20, got "-_  "
1551 wine_trace 0048:trace:key:X11DRV_KEYBOARD_DetectLayout mismatch for keycode 21, got "=+  "
1551 wine_trace 0048:trace:key:X11DRV_KEYBOARD_DetectLayout mismatch for keycode 47, got ";:  "
1551 wine_trace 0048:trace:key:X11DRV_KEYBOARD_DetectLayout mismatch for keycode 48, got "'\"  "
1551 wine_trace 0048:trace:key:X11DRV_KEYBOARD_DetectLayout mismatch for keycode 49, got "`~  "
1552 wine_trace 0048:trace:keyboard:X11DRV_KEYBOARD_DetectLayout matches=37, mismatches=10, seq=35, score=53
1552 wine_trace 0048:trace:keyboard:X11DRV_KEYBOARD_DetectLayout Attempting to match against "Japanese pc98x1 keyboard layout"
1552 wine_trace 0048:trace:key:X11DRV_KEYBOARD_DetectLayout mismatch for keycode 11, got "2@  "
1552 wine_trace 0048:trace:key:X11DRV_KEYBOARD_DetectLayout mismatch for keycode 15, got "6^  "
1552 wine_trace 0048:trace:key:X11DRV_KEYBOARD_DetectLayout mismatch for keycode 16, got "7&  "
1552 wine_trace 0048:trace:key:X11DRV_KEYBOARD_DetectLayout mismatch for keycode 17, got "8*  "
1552 wine_trace 0048:trace:key:X11DRV_KEYBOARD_DetectLayout mismatch for keycode 18, got "9(  "
1552 wine_trace 0048:trace:key:X11DRV_KEYBOARD_DetectLayout mismatch for keycode 20, got "-_  "
1552 wine_trace 0048:trace:key:X11DRV_KEYBOARD_DetectLayout mismatch for keycode 21, got "=+  "
1553 wine_trace 0048:trace:key:X11DRV_KEYBOARD_DetectLayout mismatch for keycode 47, got ";:  "
1553 wine_trace 0048:trace:key:X11DRV_KEYBOARD_DetectLayout mismatch for keycode 48, got "'\"  "
1553 wine_trace 0048:trace:key:X11DRV_KEYBOARD_DetectLayout mismatch for keycode 49, got "`~  "
1553 wine_trace 0048:trace:keyboard:X11DRV_KEYBOARD_DetectLayout matches=37, mismatches=10, seq=35, score=53
1553 wine_trace 0048:trace:keyboard:X11DRV_KEYBOARD_DetectLayout Attempting to match against "Slovak keyboard layout"
1553 wine_trace 0048:trace:key:X11DRV_KEYBOARD_DetectLayout mismatch for keycode 10, got "1!  "
1553 wine_trace 0048:trace:key:X11DRV_KEYBOARD_DetectLayout mismatch for keycode 11, got "2@  "
1553 wine_trace 0048:trace:key:X11DRV_KEYBOARD_DetectLayout mismatch for keycode 12, got "3#  "
1553 wine_trace 0048:trace:key:X11DRV_KEYBOARD_DetectLayout mismatch for keycode 13, got "4$  "
1554 wine_trace 0048:trace:key:X11DRV_KEYBOARD_DetectLayout mismatch for keycode 14, got "5%  "
1554 wine_trace 0048:trace:key:X11DRV_KEYBOARD_DetectLayout mismatch for keycode 15, got "6^  "
1554 wine_trace 0048:trace:key:X11DRV_KEYBOARD_DetectLayout mismatch for keycode 16, got "7&  "
1554 wine_trace 0048:trace:key:X11DRV_KEYBOARD_DetectLayout mismatch for keycode 17, got "8*  "
1554 wine_trace 0048:trace:key:X11DRV_KEYBOARD_DetectLayout mismatch for keycode 18, got "9(  "
1554 wine_trace 0048:trace:key:X11DRV_KEYBOARD_DetectLayout mismatch for keycode 19, got "0)  "
1554 wine_trace 0048:trace:key:X11DRV_KEYBOARD_DetectLayout mismatch for keycode 21, got "=+  "
1554 wine_trace 0048:trace:key:X11DRV_KEYBOARD_DetectLayout mismatch for keycode 34, got "[{  "
1554 wine_trace 0048:trace:key:X11DRV_KEYBOARD_DetectLayout mismatch for keycode 35, got "]}  "
1555 wine_trace 0048:trace:key:X11DRV_KEYBOARD_DetectLayout mismatch for keycode 47, got ";:  "
1555 wine_trace 0048:trace:key:X11DRV_KEYBOARD_DetectLayout mismatch for keycode 48, got "'\"  "
1555 wine_trace 0048:trace:key:X11DRV_KEYBOARD_DetectLayout mismatch for keycode 49, got "`~  "
1555 wine_trace 0048:trace:key:X11DRV_KEYBOARD_DetectLayout mismatch for keycode 51, got "\\|  "
1555 wine_trace 0048:trace:key:X11DRV_KEYBOARD_DetectLayout mismatch for keycode 59, got ",<  "
1555 wine_trace 0048:trace:key:X11DRV_KEYBOARD_DetectLayout mismatch for keycode 60, got ".>  "
1555 wine_trace 0048:trace:key:X11DRV_KEYBOARD_DetectLayout mismatch for keycode 61, got "/?  "
1556 wine_trace 0048:trace:keyboard:X11DRV_KEYBOARD_DetectLayout matches=27, mismatches=20, seq=26, score=14
1556 wine_trace 0048:trace:keyboard:X11DRV_KEYBOARD_DetectLayout Attempting to match against "Slovak and Czech keyboard layout without dead keys"
1556 wine_trace 0048:trace:keyboard:X11DRV_KEYBOARD_DetectLayout matches=47, mismatches=0, seq=46, score=94
1556 wine_trace 0048:trace:keyboard:X11DRV_KEYBOARD_DetectLayout Attempting to match against "Czech keyboard layout"
1556 wine_trace 0048:trace:key:X11DRV_KEYBOARD_DetectLayout mismatch for keycode 10, got "1!  "
1556 wine_trace 0048:trace:key:X11DRV_KEYBOARD_DetectLayout mismatch for keycode 11, got "2@  "
1556 wine_trace 0048:trace:key:X11DRV_KEYBOARD_DetectLayout mismatch for keycode 12, got "3#  "
1557 wine_trace 0048:trace:key:X11DRV_KEYBOARD_DetectLayout mismatch for keycode 13, got "4$  "
1557 wine_trace 0048:trace:key:X11DRV_KEYBOARD_DetectLayout mismatch for keycode 14, got "5%  "
1557 wine_trace 0048:trace:key:X11DRV_KEYBOARD_DetectLayout mismatch for keycode 15, got "6^  "
1557 wine_trace 0048:trace:key:X11DRV_KEYBOARD_DetectLayout mismatch for keycode 16, got "7&  "
1557 wine_trace 0048:trace:key:X11DRV_KEYBOARD_DetectLayout mismatch for keycode 17, got "8*  "
1557 wine_trace 0048:trace:key:X11DRV_KEYBOARD_DetectLayout mismatch for keycode 18, got "9(  "
1557 wine_trace 0048:trace:key:X11DRV_KEYBOARD_DetectLayout mismatch for keycode 19, got "0)  "
1557 wine_trace 0048:trace:key:X11DRV_KEYBOARD_DetectLayout mismatch for keycode 21, got "=+  "
1558 wine_trace 0048:trace:key:X11DRV_KEYBOARD_DetectLayout mismatch for keycode 34, got "[{  "
1558 wine_trace 0048:trace:key:X11DRV_KEYBOARD_DetectLayout mismatch for keycode 35, got "]}  "
1558 wine_trace 0048:trace:key:X11DRV_KEYBOARD_DetectLayout mismatch for keycode 48, got "'\"  "
1558 wine_trace 0048:trace:key:X11DRV_KEYBOARD_DetectLayout mismatch for keycode 49, got "`~  "
1558 wine_trace 0048:trace:key:X11DRV_KEYBOARD_DetectLayout mismatch for keycode 51, got "\\|  "
1558 wine_trace 0048:trace:key:X11DRV_KEYBOARD_DetectLayout mismatch for keycode 59, got ",<  "
1558 wine_trace 0048:trace:key:X11DRV_KEYBOARD_DetectLayout mismatch for keycode 60, got ".>  "
1558 wine_trace 0048:trace:key:X11DRV_KEYBOARD_DetectLayout mismatch for keycode 61, got "/?  "
1558 wine_trace 0048:trace:keyboard:X11DRV_KEYBOARD_DetectLayout matches=28, mismatches=19, seq=26, score=17
1559 wine_trace 0048:trace:keyboard:X11DRV_KEYBOARD_DetectLayout Attempting to match against "Czech keyboard layout cz"
1559 wine_trace 0048:trace:key:X11DRV_KEYBOARD_DetectLayout mismatch for keycode 10, got "1!  "
1559 wine_trace 0048:trace:key:X11DRV_KEYBOARD_DetectLayout mismatch for keycode 11, got "2@  "
1559 wine_trace 0048:trace:key:X11DRV_KEYBOARD_DetectLayout mismatch for keycode 12, got "3#  "
1559 wine_trace 0048:trace:key:X11DRV_KEYBOARD_DetectLayout mismatch for keycode 13, got "4$  "
1559 wine_trace 0048:trace:key:X11DRV_KEYBOARD_DetectLayout mismatch for keycode 14, got "5%  "
1559 wine_trace 0048:trace:key:X11DRV_KEYBOARD_DetectLayout mismatch for keycode 15, got "6^  "
1559 wine_trace 0048:trace:key:X11DRV_KEYBOARD_DetectLayout mismatch for keycode 16, got "7&  "
1560 wine_trace 0048:trace:key:X11DRV_KEYBOARD_DetectLayout mismatch for keycode 17, got "8*  "
1560 wine_trace 0048:trace:key:X11DRV_KEYBOARD_DetectLayout mismatch for keycode 18, got "9(  "
1560 wine_trace 0048:trace:key:X11DRV_KEYBOARD_DetectLayout mismatch for keycode 19, got "0)  "
1560 wine_trace 0048:trace:key:X11DRV_KEYBOARD_DetectLayout mismatch for keycode 21, got "=+  "
1560 wine_trace 0048:trace:key:X11DRV_KEYBOARD_DetectLayout mismatch for keycode 34, got "[{  "
1560 wine_trace 0048:trace:key:X11DRV_KEYBOARD_DetectLayout mismatch for keycode 35, got "]}  "
1560 wine_trace 0048:trace:key:X11DRV_KEYBOARD_DetectLayout mismatch for keycode 48, got "'\"  "
1560 wine_trace 0048:trace:key:X11DRV_KEYBOARD_DetectLayout mismatch for keycode 49, got "`~  "
1560 wine_trace 0048:trace:key:X11DRV_KEYBOARD_DetectLayout mismatch for keycode 59, got ",<  "
1561 wine_trace 0048:trace:key:X11DRV_KEYBOARD_DetectLayout mismatch for keycode 60, got ".>  "
1561 wine_trace 0048:trace:key:X11DRV_KEYBOARD_DetectLayout mismatch for keycode 61, got "/?  "
1561 wine_trace 0048:trace:keyboard:X11DRV_KEYBOARD_DetectLayout matches=29, mismatches=18, seq=25, score=20
1561 wine_trace 0048:trace:keyboard:X11DRV_KEYBOARD_DetectLayout Attempting to match against "Czech keyboard layout cz_qwerty"
1561 wine_trace 0048:trace:key:X11DRV_KEYBOARD_DetectLayout mismatch for keycode 10, got "1!  "
1561 wine_trace 0048:trace:key:X11DRV_KEYBOARD_DetectLayout mismatch for keycode 11, got "2@  "
1561 wine_trace 0048:trace:key:X11DRV_KEYBOARD_DetectLayout mismatch for keycode 12, got "3#  "
1561 wine_trace 0048:trace:key:X11DRV_KEYBOARD_DetectLayout mismatch for keycode 13, got "4$  "
1561 wine_trace 0048:trace:key:X11DRV_KEYBOARD_DetectLayout mismatch for keycode 14, got "5%  "
1562 wine_trace 0048:trace:key:X11DRV_KEYBOARD_DetectLayout mismatch for keycode 15, got "6^  "
1562 wine_trace 0048:trace:key:X11DRV_KEYBOARD_DetectLayout mismatch for keycode 16, got "7&  "
1562 wine_trace 0048:trace:key:X11DRV_KEYBOARD_DetectLayout mismatch for keycode 17, got "8*  "
1562 wine_trace 0048:trace:key:X11DRV_KEYBOARD_DetectLayout mismatch for keycode 18, got "9(  "
1562 wine_trace 0048:trace:key:X11DRV_KEYBOARD_DetectLayout mismatch for keycode 19, got "0)  "
1562 wine_trace 0048:trace:key:X11DRV_KEYBOARD_DetectLayout mismatch for keycode 21, got "=+  "
1562 wine_trace 0048:trace:key:X11DRV_KEYBOARD_DetectLayout mismatch for keycode 34, got "[{  "
1562 wine_trace 0048:trace:key:X11DRV_KEYBOARD_DetectLayout mismatch for keycode 35, got "]}  "
1562 wine_trace 0048:trace:key:X11DRV_KEYBOARD_DetectLayout mismatch for keycode 48, got "'\"  "
1563 wine_trace 0048:trace:key:X11DRV_KEYBOARD_DetectLayout mismatch for keycode 49, got "`~  "
1563 wine_trace 0048:trace:key:X11DRV_KEYBOARD_DetectLayout mismatch for keycode 59, got ",<  "
1563 wine_trace 0048:trace:key:X11DRV_KEYBOARD_DetectLayout mismatch for keycode 60, got ".>  "
1563 wine_trace 0048:trace:key:X11DRV_KEYBOARD_DetectLayout mismatch for keycode 61, got "/?  "
1563 wine_trace 0048:trace:keyboard:X11DRV_KEYBOARD_DetectLayout matches=29, mismatches=18, seq=26, score=20
1563 wine_trace 0048:trace:keyboard:X11DRV_KEYBOARD_DetectLayout Attempting to match against "Latin American keyboard layout"
1563 wine_trace 0048:trace:key:X11DRV_KEYBOARD_DetectLayout mismatch for keycode 11, got "2@  "
1563 wine_trace 0048:trace:key:X11DRV_KEYBOARD_DetectLayout mismatch for keycode 15, got "6^  "
1563 wine_trace 0048:trace:key:X11DRV_KEYBOARD_DetectLayout mismatch for keycode 16, got "7&  "
1564 wine_trace 0048:trace:key:X11DRV_KEYBOARD_DetectLayout mismatch for keycode 17, got "8*  "
1564 wine_trace 0048:trace:key:X11DRV_KEYBOARD_DetectLayout mismatch for keycode 18, got "9(  "
1564 wine_trace 0048:trace:key:X11DRV_KEYBOARD_DetectLayout mismatch for keycode 19, got "0)  "
1564 wine_trace 0048:trace:key:X11DRV_KEYBOARD_DetectLayout mismatch for keycode 21, got "=+  "
1564 wine_trace 0048:trace:key:X11DRV_KEYBOARD_DetectLayout mismatch for keycode 34, got "[{  "
1564 wine_trace 0048:trace:key:X11DRV_KEYBOARD_DetectLayout mismatch for keycode 35, got "]}  "
1564 wine_trace 0048:trace:key:X11DRV_KEYBOARD_DetectLayout mismatch for keycode 47, got ";:  "
1564 wine_trace 0048:trace:key:X11DRV_KEYBOARD_DetectLayout mismatch for keycode 48, got "'\"  "
1565 wine_trace 0048:trace:key:X11DRV_KEYBOARD_DetectLayout mismatch for keycode 49, got "`~  "
1565 wine_trace 0048:trace:key:X11DRV_KEYBOARD_DetectLayout mismatch for keycode 51, got "\\|  "
1565 wine_trace 0048:trace:key:X11DRV_KEYBOARD_DetectLayout mismatch for keycode 59, got ",<  "
1565 wine_trace 0048:trace:key:X11DRV_KEYBOARD_DetectLayout mismatch for keycode 60, got ".>  "
1565 wine_trace 0048:trace:key:X11DRV_KEYBOARD_DetectLayout mismatch for keycode 61, got "/?  "
1565 wine_trace 0048:trace:keyboard:X11DRV_KEYBOARD_DetectLayout matches=31, mismatches=16, seq=30, score=30
1565 wine_trace 0048:trace:keyboard:X11DRV_KEYBOARD_DetectLayout Attempting to match against "Lithuanian (Baltic) keyboard layout"
1565 wine_trace 0048:trace:key:X11DRV_KEYBOARD_DetectLayout mismatch for keycode 10, got "1!  "
1565 wine_trace 0048:trace:key:X11DRV_KEYBOARD_DetectLayout mismatch for keycode 11, got "2@  "
1565 wine_trace 0048:trace:key:X11DRV_KEYBOARD_DetectLayout mismatch for keycode 12, got "3#  "
1566 wine_trace 0048:trace:key:X11DRV_KEYBOARD_DetectLayout mismatch for keycode 13, got "4$  "
1566 wine_trace 0048:trace:key:X11DRV_KEYBOARD_DetectLayout mismatch for keycode 14, got "5%  "
1566 wine_trace 0048:trace:key:X11DRV_KEYBOARD_DetectLayout mismatch for keycode 15, got "6^  "
1566 wine_trace 0048:trace:key:X11DRV_KEYBOARD_DetectLayout mismatch for keycode 16, got "7&  "
1566 wine_trace 0048:trace:key:X11DRV_KEYBOARD_DetectLayout mismatch for keycode 17, got "8*  "
1566 wine_trace 0048:trace:key:X11DRV_KEYBOARD_DetectLayout mismatch for keycode 18, got "9(  "
1566 wine_trace 0048:trace:key:X11DRV_KEYBOARD_DetectLayout mismatch for keycode 19, got "0)  "
1566 wine_trace 0048:trace:key:X11DRV_KEYBOARD_DetectLayout mismatch for keycode 21, got "=+  "
1567 wine_trace 0048:trace:keyboard:X11DRV_KEYBOARD_DetectLayout matches=36, mismatches=11, seq=35, score=50
1567 wine_trace 0048:trace:keyboard:X11DRV_KEYBOARD_DetectLayout Attempting to match against "Turkish keyboard layout"
1567 wine_trace 0048:trace:key:X11DRV_KEYBOARD_DetectLayout mismatch for keycode 11, got "2@  "
1567 wine_trace 0048:trace:key:X11DRV_KEYBOARD_DetectLayout mismatch for keycode 12, got "3#  "
1567 wine_trace 0048:trace:key:X11DRV_KEYBOARD_DetectLayout mismatch for keycode 13, got "4$  "
1567 wine_trace 0048:trace:key:X11DRV_KEYBOARD_DetectLayout mismatch for keycode 15, got "6^  "
1567 wine_trace 0048:trace:key:X11DRV_KEYBOARD_DetectLayout mismatch for keycode 16, got "7&  "
1567 wine_trace 0048:trace:key:X11DRV_KEYBOARD_DetectLayout mismatch for keycode 17, got "8*  "
1568 wine_trace 0048:trace:key:X11DRV_KEYBOARD_DetectLayout mismatch for keycode 18, got "9(  "
1568 wine_trace 0048:trace:key:X11DRV_KEYBOARD_DetectLayout mismatch for keycode 19, got "0)  "
1568 wine_trace 0048:trace:key:X11DRV_KEYBOARD_DetectLayout mismatch for keycode 21, got "=+  "
1568 wine_trace 0048:trace:key:X11DRV_KEYBOARD_DetectLayout mismatch for keycode 31, got "iI  "
1568 wine_trace 0048:trace:key:X11DRV_KEYBOARD_DetectLayout mismatch for keycode 34, got "[{  "
1568 wine_trace 0048:trace:key:X11DRV_KEYBOARD_DetectLayout mismatch for keycode 35, got "]}  "
1568 wine_trace 0048:trace:key:X11DRV_KEYBOARD_DetectLayout mismatch for keycode 47, got ";:  "
1568 wine_trace 0048:trace:key:X11DRV_KEYBOARD_DetectLayout mismatch for keycode 48, got "'\"  "
1568 wine_trace 0048:trace:key:X11DRV_KEYBOARD_DetectLayout mismatch for keycode 49, got "`~  "
1569 wine_trace 0048:trace:key:X11DRV_KEYBOARD_DetectLayout mismatch for keycode 51, got "\\|  "
1569 wine_trace 0048:trace:key:X11DRV_KEYBOARD_DetectLayout mismatch for keycode 59, got ",<  "
1569 wine_trace 0048:trace:key:X11DRV_KEYBOARD_DetectLayout mismatch for keycode 60, got ".>  "
1569 wine_trace 0048:trace:key:X11DRV_KEYBOARD_DetectLayout mismatch for keycode 61, got "/?  "
1569 wine_trace 0048:trace:keyboard:X11DRV_KEYBOARD_DetectLayout matches=28, mismatches=19, seq=28, score=18
1569 wine_trace 0048:trace:keyboard:X11DRV_KEYBOARD_DetectLayout Attempting to match against "Turkish keyboard layout tr"
1569 wine_trace 0048:trace:key:X11DRV_KEYBOARD_DetectLayout mismatch for keycode 11, got "2@  "
1569 wine_trace 0048:trace:key:X11DRV_KEYBOARD_DetectLayout mismatch for keycode 12, got "3#  "
1570 wine_trace 0048:trace:key:X11DRV_KEYBOARD_DetectLayout mismatch for keycode 13, got "4$  "
1570 wine_trace 0048:trace:key:X11DRV_KEYBOARD_DetectLayout mismatch for keycode 15, got "6^  "
1570 wine_trace 0048:trace:key:X11DRV_KEYBOARD_DetectLayout mismatch for keycode 16, got "7&  "
1570 wine_trace 0048:trace:key:X11DRV_KEYBOARD_DetectLayout mismatch for keycode 17, got "8*  "
1570 wine_trace 0048:trace:key:X11DRV_KEYBOARD_DetectLayout mismatch for keycode 18, got "9(  "
1570 wine_trace 0048:trace:key:X11DRV_KEYBOARD_DetectLayout mismatch for keycode 19, got "0)  "
1570 wine_trace 0048:trace:key:X11DRV_KEYBOARD_DetectLayout mismatch for keycode 21, got "=+  "
1570 wine_trace 0048:trace:key:X11DRV_KEYBOARD_DetectLayout mismatch for keycode 34, got "[{  "
1570 wine_trace 0048:trace:key:X11DRV_KEYBOARD_DetectLayout mismatch for keycode 35, got "]}  "
1571 wine_trace 0048:trace:key:X11DRV_KEYBOARD_DetectLayout mismatch for keycode 47, got ";:  "
1571 wine_trace 0048:trace:key:X11DRV_KEYBOARD_DetectLayout mismatch for keycode 48, got "'\"  "
1571 wine_trace 0048:trace:key:X11DRV_KEYBOARD_DetectLayout mismatch for keycode 49, got "`~  "
1571 wine_trace 0048:trace:key:X11DRV_KEYBOARD_DetectLayout mismatch for keycode 51, got "\\|  "
1571 wine_trace 0048:trace:key:X11DRV_KEYBOARD_DetectLayout mismatch for keycode 59, got ",<  "
1571 wine_trace 0048:trace:key:X11DRV_KEYBOARD_DetectLayout mismatch for keycode 60, got ".>  "
1571 wine_trace 0048:trace:key:X11DRV_KEYBOARD_DetectLayout mismatch for keycode 61, got "/?  "
1571 wine_trace 0048:trace:keyboard:X11DRV_KEYBOARD_DetectLayout matches=29, mismatches=18, seq=28, score=21
1571 wine_trace 0048:trace:keyboard:X11DRV_KEYBOARD_DetectLayout Attempting to match against "Turkish keyboard layout trf"
1572 wine_trace 0048:trace:key:X11DRV_KEYBOARD_DetectLayout mismatch for keycode 11, got "2@  "
1572 wine_trace 0048:trace:key:X11DRV_KEYBOARD_DetectLayout mismatch for keycode 12, got "3#  "
1572 wine_trace 0048:trace:key:X11DRV_KEYBOARD_DetectLayout mismatch for keycode 15, got "6^  "
1572 wine_trace 0048:trace:key:X11DRV_KEYBOARD_DetectLayout mismatch for keycode 16, got "7&  "
1572 wine_trace 0048:trace:key:X11DRV_KEYBOARD_DetectLayout mismatch for keycode 17, got "8*  "
1572 wine_trace 0048:trace:key:X11DRV_KEYBOARD_DetectLayout mismatch for keycode 18, got "9(  "
1572 wine_trace 0048:trace:key:X11DRV_KEYBOARD_DetectLayout mismatch for keycode 19, got "0)  "
1572 wine_trace 0048:trace:key:X11DRV_KEYBOARD_DetectLayout mismatch for keycode 21, got "=+  "
1573 wine_trace 0048:trace:key:X11DRV_KEYBOARD_DetectLayout mismatch for keycode 34, got "[{  "
1573 wine_trace 0048:trace:key:X11DRV_KEYBOARD_DetectLayout mismatch for keycode 35, got "]}  "
1573 wine_trace 0048:trace:key:X11DRV_KEYBOARD_DetectLayout mismatch for keycode 47, got ";:  "
1573 wine_trace 0048:trace:key:X11DRV_KEYBOARD_DetectLayout mismatch for keycode 48, got "'\"  "
1573 wine_trace 0048:trace:key:X11DRV_KEYBOARD_DetectLayout mismatch for keycode 49, got "`~  "
1573 wine_trace 0048:trace:key:X11DRV_KEYBOARD_DetectLayout mismatch for keycode 51, got "\\|  "
1573 wine_trace 0048:trace:key:X11DRV_KEYBOARD_DetectLayout mismatch for keycode 59, got ",<  "
1573 wine_trace 0048:trace:key:X11DRV_KEYBOARD_DetectLayout mismatch for keycode 60, got ".>  "
1573 wine_trace 0048:trace:keyboard:X11DRV_KEYBOARD_DetectLayout matches=31, mismatches=16, seq=21, score=29
1574 wine_trace 0048:trace:keyboard:X11DRV_KEYBOARD_DetectLayout Attempting to match against "Israelian keyboard layout"
1574 wine_trace 0048:trace:keyboard:X11DRV_KEYBOARD_DetectLayout matches=47, mismatches=0, seq=46, score=94
1574 wine_trace 0048:trace:keyboard:X11DRV_KEYBOARD_DetectLayout Attempting to match against "Israelian phonetic keyboard layout"
1574 wine_trace 0048:trace:keyboard:X11DRV_KEYBOARD_DetectLayout matches=47, mismatches=0, seq=46, score=94
1574 wine_trace 0048:trace:keyboard:X11DRV_KEYBOARD_DetectLayout Attempting to match against "Israelian Saharon keyboard layout"
1574 wine_trace 0048:trace:keyboard:X11DRV_KEYBOARD_DetectLayout matches=47, mismatches=0, seq=46, score=94
1574 wine_trace 0048:trace:keyboard:X11DRV_KEYBOARD_DetectLayout Attempting to match against "VNC keyboard layout"
1574 wine_trace 0048:trace:keyboard:X11DRV_KEYBOARD_DetectLayout matches=47, mismatches=0, seq=36, score=94
1574 wine_trace 0048:trace:keyboard:X11DRV_KEYBOARD_DetectLayout Attempting to match against "Greek keyboard layout"
1575 wine_trace 0048:trace:keyboard:X11DRV_KEYBOARD_DetectLayout matches=47, mismatches=0, seq=46, score=94
1575 wine_trace 0048:trace:keyboard:X11DRV_KEYBOARD_DetectLayout Attempting to match against "Thai (Kedmanee)  keyboard layout"
1575 wine_trace 0048:trace:keyboard:X11DRV_KEYBOARD_DetectLayout matches=47, mismatches=0, seq=46, score=94
1575 wine_trace 0048:trace:keyboard:X11DRV_KEYBOARD_DetectLayout Attempting to match against "Dutch keyboard layout"
1575 wine_trace 0048:trace:key:X11DRV_KEYBOARD_DetectLayout mismatch for keycode 11, got "2@  "
1575 wine_trace 0048:trace:key:X11DRV_KEYBOARD_DetectLayout mismatch for keycode 15, got "6^  "
1575 wine_trace 0048:trace:key:X11DRV_KEYBOARD_DetectLayout mismatch for keycode 16, got "7&  "
1575 wine_trace 0048:trace:key:X11DRV_KEYBOARD_DetectLayout mismatch for keycode 17, got "8*  "
1575 wine_trace 0048:trace:key:X11DRV_KEYBOARD_DetectLayout mismatch for keycode 18, got "9(  "
1576 wine_trace 0048:trace:key:X11DRV_KEYBOARD_DetectLayout mismatch for keycode 19, got "0)  "
1576 wine_trace 0048:trace:key:X11DRV_KEYBOARD_DetectLayout mismatch for keycode 20, got "-_  "
1576 wine_trace 0048:trace:key:X11DRV_KEYBOARD_DetectLayout mismatch for keycode 21, got "=+  "
1576 wine_trace 0048:trace:key:X11DRV_KEYBOARD_DetectLayout mismatch for keycode 34, got "[{  "
1576 wine_trace 0048:trace:key:X11DRV_KEYBOARD_DetectLayout mismatch for keycode 35, got "]}  "
1576 wine_trace 0048:trace:key:X11DRV_KEYBOARD_DetectLayout mismatch for keycode 47, got ";:  "
1576 wine_trace 0048:trace:key:X11DRV_KEYBOARD_DetectLayout mismatch for keycode 48, got "'\"  "
1576 wine_trace 0048:trace:key:X11DRV_KEYBOARD_DetectLayout mismatch for keycode 49, got "`~  "
1576 wine_trace 0048:trace:key:X11DRV_KEYBOARD_DetectLayout mismatch for keycode 51, got "\\|  "
1577 wine_trace 0048:trace:key:X11DRV_KEYBOARD_DetectLayout mismatch for keycode 59, got ",<  "
1577 wine_trace 0048:trace:key:X11DRV_KEYBOARD_DetectLayout mismatch for keycode 60, got ".>  "
1577 wine_trace 0048:trace:keyboard:X11DRV_KEYBOARD_DetectLayout matches=31, mismatches=16, seq=30, score=30
1577 wine_trace 0048:trace:keyboard:X11DRV_KEYBOARD_DetectLayout detected layout is "United States keyboard layout"
1577 wine_trace 0048:trace:keyboard:X11DRV_InitKeyboard keycode 8 => vkey 0000
1577 wine_trace 0048:trace:keyboard:X11DRV_InitKeyboard keycode 9 => vkey 001B
1577 wine_trace 0048:trace:keyboard:X11DRV_InitKeyboard keycode 10 => vkey 0031
1577 wine_trace 0048:trace:keyboard:X11DRV_InitKeyboard keycode 11 => vkey 0032
1577 wine_trace 0048:trace:keyboard:X11DRV_InitKeyboard keycode 12 => vkey 0033
1577 wine_trace 0048:trace:keyboard:X11DRV_InitKeyboard keycode 13 => vkey 0034
1578 wine_trace 0048:trace:keyboard:X11DRV_InitKeyboard keycode 14 => vkey 0035
1578 wine_trace 0048:trace:keyboard:X11DRV_InitKeyboard keycode 15 => vkey 0036
1578 wine_trace 0048:trace:keyboard:X11DRV_InitKeyboard keycode 16 => vkey 0037
1578 wine_trace 0048:trace:keyboard:X11DRV_InitKeyboard keycode 17 => vkey 0038
1578 wine_trace 0048:trace:keyboard:X11DRV_InitKeyboard keycode 18 => vkey 0039
1578 wine_trace 0048:trace:keyboard:X11DRV_InitKeyboard keycode 19 => vkey 0030
1578 wine_trace 0048:trace:keyboard:X11DRV_InitKeyboard keycode 20 => vkey 00BD
1578 wine_trace 0048:trace:keyboard:X11DRV_InitKeyboard keycode 21 => vkey 00BB
1578 wine_trace 0048:trace:keyboard:X11DRV_InitKeyboard keycode 22 => vkey 0008
1579 wine_trace 0048:trace:keyboard:X11DRV_InitKeyboard keycode 23 => vkey 0009
1579 wine_trace 0048:trace:keyboard:X11DRV_InitKeyboard keycode 24 => vkey 0051
1579 wine_trace 0048:trace:keyboard:X11DRV_InitKeyboard keycode 25 => vkey 0057
1579 wine_trace 0048:trace:keyboard:X11DRV_InitKeyboard keycode 26 => vkey 0045
1579 wine_trace 0048:trace:keyboard:X11DRV_InitKeyboard keycode 27 => vkey 0052
1579 wine_trace 0048:trace:keyboard:X11DRV_InitKeyboard keycode 28 => vkey 0054
1579 wine_trace 0048:trace:keyboard:X11DRV_InitKeyboard keycode 29 => vkey 0059
1579 wine_trace 0048:trace:keyboard:X11DRV_InitKeyboard keycode 30 => vkey 0055
1580 wine_trace 0048:trace:keyboard:X11DRV_InitKeyboard keycode 31 => vkey 0049
1580 wine_trace 0048:trace:keyboard:X11DRV_InitKeyboard keycode 32 => vkey 004F
1580 wine_trace 0048:trace:keyboard:X11DRV_InitKeyboard keycode 33 => vkey 0050
1580 wine_trace 0048:trace:keyboard:X11DRV_InitKeyboard keycode 34 => vkey 00DB
1580 wine_trace 0048:trace:keyboard:X11DRV_InitKeyboard keycode 35 => vkey 00DD
1580 wine_trace 0048:trace:keyboard:X11DRV_InitKeyboard keycode 36 => vkey 000D
1580 wine_trace 0048:trace:keyboard:X11DRV_InitKeyboard keycode 37 => vkey 00A2
1580 wine_trace 0048:trace:keyboard:X11DRV_InitKeyboard keycode 38 => vkey 0041
1580 wine_trace 0048:trace:keyboard:X11DRV_InitKeyboard keycode 39 => vkey 0053
1580 wine_trace 0048:trace:keyboard:X11DRV_InitKeyboard keycode 40 => vkey 0044
1581 wine_trace 0048:trace:keyboard:X11DRV_InitKeyboard keycode 41 => vkey 0046
1581 wine_trace 0048:trace:keyboard:X11DRV_InitKeyboard keycode 42 => vkey 0047
1581 wine_trace 0048:trace:keyboard:X11DRV_InitKeyboard keycode 43 => vkey 0048
1581 wine_trace 0048:trace:keyboard:X11DRV_InitKeyboard keycode 44 => vkey 004A
1581 wine_trace 0048:trace:keyboard:X11DRV_InitKeyboard keycode 45 => vkey 004B
1581 wine_trace 0048:trace:keyboard:X11DRV_InitKeyboard keycode 46 => vkey 004C
1581 wine_trace 0048:trace:keyboard:X11DRV_InitKeyboard keycode 47 => vkey 00BA
1581 wine_trace 0048:trace:keyboard:X11DRV_InitKeyboard keycode 48 => vkey 00DE
1581 wine_trace 0048:trace:keyboard:X11DRV_InitKeyboard keycode 49 => vkey 00C0
1582 wine_trace 0048:trace:keyboard:X11DRV_InitKeyboard keycode 50 => vkey 00A0
1582 wine_trace 0048:trace:keyboard:X11DRV_InitKeyboard keycode 51 => vkey 00DC
1582 wine_trace 0048:trace:keyboard:X11DRV_InitKeyboard keycode 52 => vkey 005A
1582 wine_trace 0048:trace:keyboard:X11DRV_InitKeyboard keycode 53 => vkey 0058
1582 wine_trace 0048:trace:keyboard:X11DRV_InitKeyboard keycode 54 => vkey 0043
1582 wine_trace 0048:trace:keyboard:X11DRV_InitKeyboard keycode 55 => vkey 0056
1582 wine_trace 0048:trace:keyboard:X11DRV_InitKeyboard keycode 56 => vkey 0042
1582 wine_trace 0048:trace:keyboard:X11DRV_InitKeyboard keycode 57 => vkey 004E
1582 wine_trace 0048:trace:keyboard:X11DRV_InitKeyboard keycode 58 => vkey 004D
1583 wine_trace 0048:trace:keyboard:X11DRV_InitKeyboard keycode 59 => vkey 00BC
1583 wine_trace 0048:trace:keyboard:X11DRV_InitKeyboard keycode 60 => vkey 00BE
1583 wine_trace 0048:trace:keyboard:X11DRV_InitKeyboard keycode 61 => vkey 00BF
1583 wine_trace 0048:trace:keyboard:X11DRV_InitKeyboard keycode 62 => vkey 01A1
1583 wine_trace 0048:trace:keyboard:X11DRV_InitKeyboard keycode 63 => vkey 006A
1583 wine_trace 0048:trace:keyboard:X11DRV_InitKeyboard keycode 64 => vkey 00A4
1583 wine_trace 0048:trace:keyboard:X11DRV_InitKeyboard keycode 65 => vkey 0020
1583 wine_trace 0048:trace:keyboard:X11DRV_InitKeyboard keycode 66 => vkey 0000
1583 wine_trace 0048:trace:keyboard:X11DRV_InitKeyboard keycode 67 => vkey 0070
1584 wine_trace 0048:trace:keyboard:X11DRV_InitKeyboard keycode 68 => vkey 0071
1584 wine_trace 0048:trace:keyboard:X11DRV_InitKeyboard keycode 69 => vkey 0072
1584 wine_trace 0048:trace:keyboard:X11DRV_InitKeyboard keycode 70 => vkey 0073
1584 wine_trace 0048:trace:keyboard:X11DRV_InitKeyboard keycode 71 => vkey 0074
1584 wine_trace 0048:trace:keyboard:X11DRV_InitKeyboard keycode 72 => vkey 0075
1584 wine_trace 0048:trace:keyboard:X11DRV_InitKeyboard keycode 73 => vkey 0076
1584 wine_trace 0048:trace:keyboard:X11DRV_InitKeyboard keycode 74 => vkey 0077
1584 wine_trace 0048:trace:keyboard:X11DRV_InitKeyboard keycode 75 => vkey 0078
1584 wine_trace 0048:trace:keyboard:X11DRV_InitKeyboard keycode 76 => vkey 0079
1585 wine_trace 0048:trace:keyboard:X11DRV_InitKeyboard keycode 77 => vkey 0000
1585 wine_trace 0048:trace:keyboard:X11DRV_InitKeyboard keycode 78 => vkey 0000
1585 wine_trace 0048:trace:keyboard:X11DRV_InitKeyboard keycode 79 => vkey 0067
1585 wine_trace 0048:trace:keyboard:X11DRV_InitKeyboard keycode 80 => vkey 0068
1585 wine_trace 0048:trace:keyboard:X11DRV_InitKeyboard keycode 81 => vkey 0069
1585 wine_trace 0048:trace:keyboard:X11DRV_InitKeyboard keycode 82 => vkey 006D
1585 wine_trace 0048:trace:keyboard:X11DRV_InitKeyboard keycode 83 => vkey 0064
1585 wine_trace 0048:trace:keyboard:X11DRV_InitKeyboard keycode 84 => vkey 0065
1585 wine_trace 0048:trace:keyboard:X11DRV_InitKeyboard keycode 85 => vkey 0066
1585 wine_trace 0048:trace:keyboard:X11DRV_InitKeyboard keycode 86 => vkey 006B
1586 wine_trace 0048:trace:keyboard:X11DRV_InitKeyboard keycode 87 => vkey 0061
1586 wine_trace 0048:trace:keyboard:X11DRV_InitKeyboard keycode 88 => vkey 0062
1586 wine_trace 0048:trace:keyboard:X11DRV_InitKeyboard keycode 89 => vkey 0063
1586 wine_trace 0048:trace:keyboard:X11DRV_InitKeyboard keycode 90 => vkey 0060
1586 wine_trace 0048:trace:keyboard:X11DRV_InitKeyboard keycode 91 => vkey 002E
1586 wine_trace 0048:trace:keyboard:X11DRV_InitKeyboard keycode 92 => vkey 0000
1586 wine_trace 0048:trace:keyboard:X11DRV_InitKeyboard keycode 93 => vkey 0000
1586 wine_trace 0048:trace:keyboard:X11DRV_InitKeyboard keycode 94 => vkey 0000
1586 wine_trace 0048:trace:keyboard:X11DRV_InitKeyboard keycode 95 => vkey 007A
1587 wine_trace 0048:trace:keyboard:X11DRV_InitKeyboard keycode 96 => vkey 007B
1587 wine_trace 0048:trace:keyboard:X11DRV_InitKeyboard keycode 97 => vkey 0000
1587 wine_trace 0048:trace:keyboard:X11DRV_InitKeyboard keycode 98 => vkey 0000
1587 wine_trace 0048:trace:keyboard:X11DRV_InitKeyboard keycode 99 => vkey 0000
1587 wine_trace 0048:trace:keyboard:X11DRV_InitKeyboard keycode 100 => vkey 0000
1587 wine_trace 0048:trace:keyboard:X11DRV_InitKeyboard keycode 101 => vkey 0000
1587 wine_trace 0048:trace:keyboard:X11DRV_InitKeyboard keycode 102 => vkey 0000
1587 wine_trace 0048:trace:keyboard:X11DRV_InitKeyboard keycode 103 => vkey 0000
1588 wine_trace [BOX64] 0048:trace:keyboard:X11DRV_InitKeyboard keycode 104 => vkey 0000
1588 wine_trace 0048:trace:keyboard:X11DRV_InitKeyboard keycode 105 => vkey 01A3
1588 wine_trace 0048:trace:keyboard:X11DRV_InitKeyboard keycode 106 => vkey 016F
1589 wine_trace 0048:trace:keyboard:X11DRV_InitKeyboard keycode 107 => vkey 0000
1589 wine_trace 0048:trace:keyboard:X11DRV_InitKeyboard keycode 108 => vkey 01A5
1589 wine_trace 0048:trace:keyboard:X11DRV_InitKeyboard keycode 109 => vkey 0000
1589 wine_trace 0048:trace:keyboard:X11DRV_InitKeyboard keycode 110 => vkey 0124
1589 wine_trace 0048:trace:keyboard:X11DRV_InitKeyboard keycode 111 => vkey 0126
1589 wine_trace 0048:trace:keyboard:X11DRV_InitKeyboard keycode 112 => vkey 0121
1589 wine_trace 0048:trace:keyboard:X11DRV_InitKeyboard keycode 113 => vkey 0125
1589 wine_trace 0048:trace:keyboard:X11DRV_InitKeyboard keycode 114 => vkey 0127
1590 wine_trace 0048:trace:keyboard:X11DRV_InitKeyboard keycode 115 => vkey 0123
1590 wine_trace 0048:trace:keyboard:X11DRV_InitKeyboard keycode 116 => vkey 0128
1590 wine_trace 0048:trace:keyboard:X11DRV_InitKeyboard keycode 117 => vkey 0122
1590 wine_trace 0048:trace:keyboard:X11DRV_InitKeyboard keycode 118 => vkey 012D
1590 wine_trace 0048:trace:keyboard:X11DRV_InitKeyboard keycode 119 => vkey 012E
1590 wine_trace 0048:warn:keyboard:X11DRV_InitKeyboard vkey 012E is being used by more than one keycode
1590 wine_trace 0048:trace:keyboard:X11DRV_InitKeyboard keycode 120 => vkey 0000
1590 wine_trace 0048:trace:keyboard:X11DRV_InitKeyboard keycode 121 => vkey 0000
1590 wine_trace 0048:trace:keyboard:X11DRV_InitKeyboard keycode 122 => vkey 0000
1591 wine_trace 0048:trace:keyboard:X11DRV_InitKeyboard keycode 123 => vkey 0000
1591 wine_trace 0048:trace:keyboard:X11DRV_InitKeyboard keycode 124 => vkey 0000
1591 wine_trace 0048:trace:keyboard:X11DRV_InitKeyboard keycode 125 => vkey 0000
1591 wine_trace 0048:trace:keyboard:X11DRV_InitKeyboard keycode 126 => vkey 0000
1591 wine_trace 0048:trace:keyboard:X11DRV_InitKeyboard keycode 127 => vkey 0000
1591 wine_trace 0048:trace:keyboard:X11DRV_InitKeyboard keycode 128 => vkey 0000
1591 wine_trace 0048:trace:keyboard:X11DRV_InitKeyboard keycode 129 => vkey 0000
1591 wine_trace 0048:trace:keyboard:X11DRV_InitKeyboard keycode 130 => vkey 0000
1591 wine_trace 0048:trace:keyboard:X11DRV_InitKeyboard keycode 131 => vkey 0000
1592 wine_trace 0048:trace:keyboard:X11DRV_InitKeyboard keycode 132 => vkey 0000
1592 wine_trace 0048:trace:keyboard:X11DRV_InitKeyboard keycode 133 => vkey 0000
1592 wine_trace 0048:trace:keyboard:X11DRV_InitKeyboard keycode 134 => vkey 0000
1592 wine_trace 0048:trace:keyboard:X11DRV_InitKeyboard keycode 135 => vkey 0000
1592 wine_trace 0048:trace:keyboard:X11DRV_InitKeyboard keycode 136 => vkey 0000
1592 wine_trace 0048:trace:keyboard:X11DRV_InitKeyboard keycode 137 => vkey 0000
1592 wine_trace 0048:trace:keyboard:X11DRV_InitKeyboard keycode 138 => vkey 0000
1592 wine_trace 0048:trace:keyboard:X11DRV_InitKeyboard keycode 139 => vkey 0000
1592 wine_trace 0048:trace:keyboard:X11DRV_InitKeyboard keycode 140 => vkey 0000
1593 wine_trace 0048:trace:keyboard:X11DRV_InitKeyboard keycode 141 => vkey 0000
1593 wine_trace 0048:trace:keyboard:X11DRV_InitKeyboard keycode 142 => vkey 0000
1593 wine_trace 0048:trace:keyboard:X11DRV_InitKeyboard keycode 143 => vkey 0000
1593 wine_trace 0048:trace:keyboard:X11DRV_InitKeyboard keycode 144 => vkey 0000
1593 wine_trace 0048:trace:keyboard:X11DRV_InitKeyboard keycode 145 => vkey 0000
1593 wine_trace 0048:trace:keyboard:X11DRV_InitKeyboard keycode 146 => vkey 0000
1593 wine_trace 0048:trace:keyboard:X11DRV_InitKeyboard keycode 147 => vkey 0000
1593 wine_trace 0048:trace:keyboard:X11DRV_InitKeyboard keycode 148 => vkey 0000
1593 wine_trace 0048:trace:keyboard:X11DRV_InitKeyboard keycode 149 => vkey 0000
1594 wine_trace 0048:trace:keyboard:X11DRV_InitKeyboard keycode 150 => vkey 0000
1594 wine_trace 0048:trace:keyboard:X11DRV_InitKeyboard keycode 151 => vkey 0000
1594 wine_trace 0048:trace:keyboard:X11DRV_InitKeyboard keycode 152 => vkey 0000
1594 wine_trace 0048:trace:keyboard:X11DRV_InitKeyboard keycode 153 => vkey 0000
1594 wine_trace 0048:trace:keyboard:X11DRV_InitKeyboard keycode 154 => vkey 0000
1594 wine_trace 0048:trace:keyboard:X11DRV_InitKeyboard keycode 155 => vkey 0000
1594 wine_trace 0048:trace:keyboard:X11DRV_InitKeyboard keycode 156 => vkey 0000
1594 wine_trace 0048:trace:keyboard:X11DRV_InitKeyboard keycode 157 => vkey 0000
1594 wine_trace 0048:trace:keyboard:X11DRV_InitKeyboard keycode 158 => vkey 0000
1595 wine_trace 0048:trace:keyboard:X11DRV_InitKeyboard keycode 159 => vkey 0000
1595 wine_trace 0048:trace:keyboard:X11DRV_InitKeyboard keycode 160 => vkey 0000
1595 wine_trace 0048:trace:keyboard:X11DRV_InitKeyboard keycode 161 => vkey 0000
1595 wine_trace 0048:trace:keyboard:X11DRV_InitKeyboard keycode 162 => vkey 0000
1595 wine_trace 0048:trace:keyboard:X11DRV_InitKeyboard keycode 163 => vkey 0000
1595 wine_trace 0048:trace:keyboard:X11DRV_InitKeyboard keycode 164 => vkey 0000
1595 wine_trace 0048:trace:keyboard:X11DRV_InitKeyboard keycode 165 => vkey 0000
1595 wine_trace 0048:trace:keyboard:X11DRV_InitKeyboard keycode 166 => vkey 0000
1596 wine_trace 0048:trace:keyboard:X11DRV_InitKeyboard keycode 167 => vkey 0000
1596 wine_trace 0048:trace:keyboard:X11DRV_InitKeyboard keycode 168 => vkey 0000
1596 wine_trace 0048:trace:keyboard:X11DRV_InitKeyboard keycode 169 => vkey 0000
1596 wine_trace 0048:trace:keyboard:X11DRV_InitKeyboard keycode 170 => vkey 0000
1596 wine_trace 0048:trace:keyboard:X11DRV_InitKeyboard keycode 171 => vkey 0000
1596 wine_trace 0048:trace:keyboard:X11DRV_InitKeyboard keycode 172 => vkey 0000
1596 wine_trace 0048:trace:keyboard:X11DRV_InitKeyboard keycode 173 => vkey 0000
1596 wine_trace 0048:trace:keyboard:X11DRV_InitKeyboard keycode 174 => vkey 0000
1596 wine_trace 0048:trace:keyboard:X11DRV_InitKeyboard keycode 175 => vkey 0000
1597 wine_trace 0048:trace:keyboard:X11DRV_InitKeyboard keycode 176 => vkey 0000
1597 wine_trace 0048:trace:keyboard:X11DRV_InitKeyboard keycode 177 => vkey 0000
1597 wine_trace 0048:trace:keyboard:X11DRV_InitKeyboard keycode 178 => vkey 0000
1597 wine_trace 0048:trace:keyboard:X11DRV_InitKeyboard keycode 179 => vkey 0000
1597 wine_trace 0048:trace:keyboard:X11DRV_InitKeyboard keycode 180 => vkey 0000
1597 wine_trace 0048:trace:keyboard:X11DRV_InitKeyboard keycode 181 => vkey 0000
1597 wine_trace 0048:trace:keyboard:X11DRV_InitKeyboard keycode 182 => vkey 0000
1597 wine_trace 0048:trace:keyboard:X11DRV_InitKeyboard keycode 183 => vkey 0000
1597 wine_trace 0048:trace:keyboard:X11DRV_InitKeyboard keycode 184 => vkey 0000
1598 wine_trace 0048:trace:keyboard:X11DRV_InitKeyboard keycode 185 => vkey 0000
1598 wine_trace 0048:trace:keyboard:X11DRV_InitKeyboard keycode 186 => vkey 0000
1598 wine_trace 0048:trace:keyboard:X11DRV_InitKeyboard keycode 187 => vkey 0000
1598 wine_trace 0048:trace:keyboard:X11DRV_InitKeyboard keycode 188 => vkey 0000
1598 wine_trace 0048:trace:keyboard:X11DRV_InitKeyboard keycode 189 => vkey 0000
1598 wine_trace 0048:trace:keyboard:X11DRV_InitKeyboard keycode 190 => vkey 0000
1598 wine_trace 0048:trace:keyboard:X11DRV_InitKeyboard keycode 191 => vkey 0000
1598 wine_trace 0048:trace:keyboard:X11DRV_InitKeyboard keycode 192 => vkey 0000
1598 wine_trace 0048:trace:keyboard:X11DRV_InitKeyboard keycode 193 => vkey 0000
1599 wine_trace 0048:trace:keyboard:X11DRV_InitKeyboard keycode 194 => vkey 0000
1599 wine_trace 0048:trace:keyboard:X11DRV_InitKeyboard keycode 195 => vkey 0000
1599 wine_trace 0048:trace:keyboard:X11DRV_InitKeyboard keycode 196 => vkey 0000
1599 wine_trace 0048:trace:keyboard:X11DRV_InitKeyboard keycode 197 => vkey 0000
1599 wine_trace 0048:trace:keyboard:X11DRV_InitKeyboard keycode 198 => vkey 0000
1599 wine_trace 0048:trace:keyboard:X11DRV_InitKeyboard keycode 199 => vkey 0000
1599 wine_trace 0048:trace:keyboard:X11DRV_InitKeyboard keycode 200 => vkey 0000
1599 wine_trace 0048:trace:keyboard:X11DRV_InitKeyboard keycode 201 => vkey 0000
1599 wine_trace 0048:trace:keyboard:X11DRV_InitKeyboard keycode 202 => vkey 0000
1600 wine_trace 0048:trace:keyboard:X11DRV_InitKeyboard keycode 203 => vkey 0000
1600 wine_trace 0048:trace:keyboard:X11DRV_InitKeyboard keycode 204 => vkey 0000
1600 wine_trace 0048:trace:keyboard:X11DRV_InitKeyboard keycode 205 => vkey 0000
1600 wine_trace 0048:trace:keyboard:X11DRV_InitKeyboard keycode 206 => vkey 0000
1600 wine_trace 0048:trace:keyboard:X11DRV_InitKeyboard keycode 207 => vkey 0000
1600 wine_trace 0048:trace:keyboard:X11DRV_InitKeyboard keycode 208 => vkey 0000
1600 wine_trace 0048:trace:keyboard:X11DRV_InitKeyboard keycode 209 => vkey 0000
1600 wine_trace 0048:trace:keyboard:X11DRV_InitKeyboard keycode 210 => vkey 0000
1600 wine_trace 0048:trace:keyboard:X11DRV_InitKeyboard keycode 211 => vkey 0000
1600 wine_trace 0048:trace:keyboard:X11DRV_InitKeyboard keycode 212 => vkey 0000
1601 wine_trace 0048:trace:keyboard:X11DRV_InitKeyboard keycode 213 => vkey 0000
1601 wine_trace 0048:trace:keyboard:X11DRV_InitKeyboard keycode 214 => vkey 0000
1601 wine_trace 0048:trace:keyboard:X11DRV_InitKeyboard keycode 215 => vkey 0000
1601 wine_trace 0048:trace:keyboard:X11DRV_InitKeyboard keycode 216 => vkey 0000
1601 wine_trace 0048:trace:keyboard:X11DRV_InitKeyboard keycode 217 => vkey 0000
1601 wine_trace 0048:trace:keyboard:X11DRV_InitKeyboard keycode 218 => vkey 0000
1601 wine_trace 0048:trace:keyboard:X11DRV_InitKeyboard keycode 219 => vkey 0000
1601 wine_trace 0048:trace:keyboard:X11DRV_InitKeyboard keycode 220 => vkey 0000
1601 wine_trace 0048:trace:keyboard:X11DRV_InitKeyboard keycode 221 => vkey 0000
1602 wine_trace 0048:trace:keyboard:X11DRV_InitKeyboard keycode 222 => vkey 0000
1602 wine_trace 0048:trace:keyboard:X11DRV_InitKeyboard keycode 223 => vkey 0000
1602 wine_trace 0048:trace:keyboard:X11DRV_InitKeyboard keycode 224 => vkey 0000
1602 wine_trace 0048:trace:keyboard:X11DRV_InitKeyboard keycode 225 => vkey 0000
1602 wine_trace 0048:trace:keyboard:X11DRV_InitKeyboard keycode 226 => vkey 0000
1602 wine_trace 0048:trace:keyboard:X11DRV_InitKeyboard keycode 227 => vkey 0000
1602 wine_trace 0048:trace:keyboard:X11DRV_InitKeyboard keycode 228 => vkey 0000
1602 wine_trace 0048:trace:keyboard:X11DRV_InitKeyboard keycode 229 => vkey 0000
1602 wine_trace 0048:trace:keyboard:X11DRV_InitKeyboard keycode 230 => vkey 0000
1603 wine_trace 0048:trace:keyboard:X11DRV_InitKeyboard keycode 231 => vkey 0000
1603 wine_trace 0048:trace:keyboard:X11DRV_InitKeyboard keycode 232 => vkey 0000
1603 wine_trace 0048:trace:keyboard:X11DRV_InitKeyboard keycode 233 => vkey 0000
1603 wine_trace 0048:trace:keyboard:X11DRV_InitKeyboard keycode 234 => vkey 0000
1603 wine_trace 0048:trace:keyboard:X11DRV_InitKeyboard keycode 235 => vkey 0000
1603 wine_trace 0048:trace:keyboard:X11DRV_InitKeyboard keycode 236 => vkey 0000
1603 wine_trace 0048:trace:keyboard:X11DRV_InitKeyboard keycode 237 => vkey 0000
1603 wine_trace 0048:trace:keyboard:X11DRV_InitKeyboard keycode 238 => vkey 0000
1603 wine_trace 0048:trace:keyboard:X11DRV_InitKeyboard keycode 239 => vkey 0000
1604 wine_trace 0048:trace:keyboard:X11DRV_InitKeyboard keycode 240 => vkey 0000
1604 wine_trace 0048:trace:keyboard:X11DRV_InitKeyboard keycode 241 => vkey 0000
1604 wine_trace 0048:trace:keyboard:X11DRV_InitKeyboard keycode 242 => vkey 0000
1604 wine_trace 0048:trace:keyboard:X11DRV_InitKeyboard keycode 243 => vkey 0000
1604 wine_trace 0048:trace:keyboard:X11DRV_InitKeyboard keycode 244 => vkey 0000
1604 wine_trace 0048:trace:keyboard:X11DRV_InitKeyboard keycode 245 => vkey 0000
1604 wine_trace 0048:trace:keyboard:X11DRV_InitKeyboard keycode 246 => vkey 0000
1604 wine_trace 0048:trace:keyboard:X11DRV_InitKeyboard keycode 247 => vkey 0000
1605 wine_trace 0048:trace:keyboard:X11DRV_InitKeyboard keycode 248 => vkey 0000
1605 wine_trace 0048:trace:keyboard:X11DRV_InitKeyboard keycode 249 => vkey 0000
1605 wine_trace 0048:trace:keyboard:X11DRV_InitKeyboard keycode 250 => vkey 0000
1605 wine_trace 0048:trace:keyboard:X11DRV_InitKeyboard keycode 251 => vkey 0000
1605 wine_trace 0048:trace:keyboard:X11DRV_InitKeyboard keycode 252 => vkey 0000
1605 wine_trace 0048:trace:keyboard:X11DRV_InitKeyboard keycode 253 => vkey 0000
1605 wine_trace 0048:trace:keyboard:X11DRV_InitKeyboard keycode 254 => vkey 0000
1605 wine_trace 0048:trace:keyboard:X11DRV_InitKeyboard keycode 255 => vkey 0000
1976 keyboard_mapping_reply first=8,count=248,keysyms=496
1978 keyboard_mapping_reply first=8,count=248,keysyms=496
1979 wine_trace 0034:trace:keyboard:KEYBOARD_MapDeadKeysym no character for dead keysym 0x0000ff1b
1979 wine_trace 0034:trace:keyboard:KEYBOARD_MapDeadKeysym no character for dead keysym 0x0000ff08
1980 wine_trace 0034:trace:keyboard:KEYBOARD_MapDeadKeysym no character for dead keysym 0x0000ff09
1980 wine_trace 0034:trace:keyboard:KEYBOARD_MapDeadKeysym no character for dead keysym 0x0000ff0d
1980 wine_trace 0034:trace:keyboard:KEYBOARD_MapDeadKeysym no character for dead keysym 0x0000ffe3
1980 wine_trace 0034:trace:keyboard:KEYBOARD_MapDeadKeysym no character for dead keysym 0x0000ffe1
1981 wine_trace 0034:trace:keyboard:KEYBOARD_MapDeadKeysym no character for dead keysym 0x0000ffe2
1981 wine_trace 0034:trace:keyboard:KEYBOARD_MapDeadKeysym no character for dead keysym 0x0000ffaa
1981 wine_trace 0034:trace:keyboard:KEYBOARD_MapDeadKeysym no character for dead keysym 0x0000ffaa
1981 wine_trace 0034:trace:keyboard:KEYBOARD_MapDeadKeysym no character for dead keysym 0x0000ffe7
1982 wine_trace 0034:trace:keyboard:KEYBOARD_MapDeadKeysym no character for dead keysym 0x00000020
1982 wine_trace 0034:trace:keyboard:KEYBOARD_MapDeadKeysym no character for dead keysym 0x00000020
1982 wine_trace 0034:trace:keyboard:KEYBOARD_MapDeadKeysym no character for dead keysym 0x0000ffbe
1983 wine_trace 0034:trace:keyboard:KEYBOARD_MapDeadKeysym no character for dead keysym 0x0000ffbf
1983 wine_trace 0034:trace:keyboard:KEYBOARD_MapDeadKeysym no character for dead keysym 0x0000ffc0
1983 wine_trace 0034:trace:keyboard:KEYBOARD_MapDeadKeysym no character for dead keysym 0x0000ffc1
1984 wine_trace 0034:trace:keyboard:KEYBOARD_MapDeadKeysym no character for dead keysym 0x0000ffc2
1985 wine_trace 0034:trace:keyboard:KEYBOARD_MapDeadKeysym no character for dead keysym 0x0000ffc3
1985 wine_trace 0034:trace:keyboard:KEYBOARD_MapDeadKeysym no character for dead keysym 0x0000ffc4
1985 wine_trace 0034:trace:keyboard:KEYBOARD_MapDeadKeysym no character for dead keysym 0x0000ffc5
1985 wine_trace 0034:trace:keyboard:KEYBOARD_MapDeadKeysym no character for dead keysym 0x0000ffc6
1986 wine_trace 0034:trace:keyboard:KEYBOARD_MapDeadKeysym no character for dead keysym 0x0000ffc7
1986 wine_trace 0034:trace:keyboard:KEYBOARD_MapDeadKeysym no character for dead keysym 0x0000ffb7
1986 wine_trace 0034:trace:keyboard:KEYBOARD_MapDeadKeysym no character for dead keysym 0x0000ff95
1986 wine_trace 0034:trace:keyboard:KEYBOARD_MapDeadKeysym no character for dead keysym 0x0000ffb8
1987 wine_trace 0034:trace:keyboard:KEYBOARD_MapDeadKeysym no character for dead keysym 0x0000ff97
1987 wine_trace 0034:trace:keyboard:KEYBOARD_MapDeadKeysym no character for dead keysym 0x0000ffb9
1987 wine_trace 0034:trace:keyboard:KEYBOARD_MapDeadKeysym no character for dead keysym 0x0000ffb9
1987 wine_trace 0034:trace:keyboard:KEYBOARD_MapDeadKeysym no character for dead keysym 0x0000ffad
1988 wine_trace 0034:trace:keyboard:KEYBOARD_MapDeadKeysym no character for dead keysym 0x0000ffad
1988 wine_trace 0034:trace:keyboard:KEYBOARD_MapDeadKeysym no character for dead keysym 0x0000ffb4
1988 wine_trace 0034:trace:keyboard:KEYBOARD_MapDeadKeysym no character for dead keysym 0x0000ff96
1988 wine_trace 0034:trace:keyboard:KEYBOARD_MapDeadKeysym no character for dead keysym 0x0000ffb5
1989 wine_trace 0034:trace:keyboard:KEYBOARD_MapDeadKeysym no character for dead keysym 0x0000ffb5
1989 wine_trace 0034:trace:keyboard:KEYBOARD_MapDeadKeysym no character for dead keysym 0x0000ffb6
1989 wine_trace 0034:trace:keyboard:KEYBOARD_MapDeadKeysym no character for dead keysym 0x0000ff98
1989 wine_trace 0034:trace:keyboard:KEYBOARD_MapDeadKeysym no character for dead keysym 0x0000ffab
1989 wine_trace 0034:trace:keyboard:KEYBOARD_MapDeadKeysym no character for dead keysym 0x0000ffab
1990 wine_trace 0034:trace:keyboard:KEYBOARD_MapDeadKeysym no character for dead keysym 0x0000ffb1
1990 wine_trace 0034:trace:keyboard:KEYBOARD_MapDeadKeysym no character for dead keysym 0x0000ff9c
1990 wine_trace 0034:trace:keyboard:KEYBOARD_MapDeadKeysym no character for dead keysym 0x0000ffb2
1990 wine_trace 0034:trace:keyboard:KEYBOARD_MapDeadKeysym no character for dead keysym 0x0000ff99
1990 wine_trace 0034:trace:keyboard:KEYBOARD_MapDeadKeysym no character for dead keysym 0x0000ffb3
1991 wine_trace 0034:trace:keyboard:KEYBOARD_MapDeadKeysym no character for dead keysym 0x0000ffb3
1991 wine_trace 0034:trace:keyboard:KEYBOARD_MapDeadKeysym no character for dead keysym 0x0000ffb0
1991 wine_trace 0034:trace:keyboard:KEYBOARD_MapDeadKeysym no character for dead keysym 0x0000ff9e
1991 wine_trace 0034:trace:keyboard:KEYBOARD_MapDeadKeysym no character for dead keysym 0x0000ff9f
1992 wine_trace 0034:trace:keyboard:KEYBOARD_MapDeadKeysym no character for dead keysym 0x0000ffc8
1992 wine_trace 0034:trace:keyboard:KEYBOARD_MapDeadKeysym no character for dead keysym 0x0000ffc9
1992 wine_trace 0034:trace:keyboard:KEYBOARD_MapDeadKeysym no character for dead keysym 0x0000ffe4
1992 wine_trace 0034:trace:keyboard:KEYBOARD_MapDeadKeysym no character for dead keysym 0x0000ffaf
1992 wine_trace 0034:trace:keyboard:KEYBOARD_MapDeadKeysym no character for dead keysym 0x0000ffaf
1993 wine_trace 0034:trace:keyboard:KEYBOARD_MapDeadKeysym no character for dead keysym 0x0000ffe8
1993 wine_trace 0034:trace:keyboard:KEYBOARD_MapDeadKeysym no character for dead keysym 0x0000ff50
1993 wine_trace 0034:trace:keyboard:KEYBOARD_MapDeadKeysym no character for dead keysym 0x0000ff52
1993 wine_trace 0034:trace:keyboard:KEYBOARD_MapDeadKeysym no character for dead keysym 0x0000ff55
1994 wine_trace 0034:trace:keyboard:KEYBOARD_MapDeadKeysym no character for dead keysym 0x0000ff51
1994 wine_trace 0034:trace:keyboard:KEYBOARD_MapDeadKeysym no character for dead keysym 0x0000ff53
1994 wine_trace 0034:trace:keyboard:KEYBOARD_MapDeadKeysym no character for dead keysym 0x0000ff57
1994 wine_trace 0034:trace:keyboard:KEYBOARD_MapDeadKeysym no character for dead keysym 0x0000ff54
1994 wine_trace 0034:trace:keyboard:KEYBOARD_MapDeadKeysym no character for dead keysym 0x0000ff56
1995 wine_trace 0034:trace:keyboard:KEYBOARD_MapDeadKeysym no character for dead keysym 0x0000ff63
1995 wine_trace 0034:trace:keyboard:KEYBOARD_MapDeadKeysym no character for dead keysym 0x0000ffff
1995 wine_trace 0034:trace:keyboard:X11DRV_KEYBOARD_DetectLayout Attempting to match against "United States keyboard layout"
1995 wine_trace 0034:trace:keyboard:X11DRV_KEYBOARD_DetectLayout matches=47, mismatches=0, seq=46, score=94
1996 wine_trace 0034:trace:keyboard:X11DRV_KEYBOARD_DetectLayout Attempting to match against "United States keyboard layout (phantom key version)"
1996 wine_trace 0034:trace:keyboard:X11DRV_KEYBOARD_DetectLayout matches=47, mismatches=0, seq=46, score=94
1996 wine_trace 0034:trace:keyboard:X11DRV_KEYBOARD_DetectLayout Attempting to match against "United States keyboard layout (dvorak)"
1996 wine_trace 0034:trace:keyboard:X11DRV_KEYBOARD_DetectLayout matches=47, mismatches=0, seq=30, score=94
1997 wine_trace 0034:trace:keyboard:X11DRV_KEYBOARD_DetectLayout Attempting to match against "United States keyboard layout (programmer dvorak)"
1997 wine_trace 0034:trace:key:X11DRV_KEYBOARD_DetectLayout mismatch for keycode 10, got "1!  "
1997 wine_trace 0034:trace:key:X11DRV_KEYBOARD_DetectLayout mismatch for keycode 11, got "2@  "
1997 wine_trace 0034:trace:key:X11DRV_KEYBOARD_DetectLayout mismatch for keycode 12, got "3#  "
1997 wine_trace 0034:trace:key:X11DRV_KEYBOARD_DetectLayout mismatch for keycode 13, got "4$  "
1998 wine_trace 0034:trace:key:X11DRV_KEYBOARD_DetectLayout mismatch for keycode 14, got "5%  "
1998 wine_trace 0034:trace:key:X11DRV_KEYBOARD_DetectLayout mismatch for keycode 15, got "6^  "
1998 wine_trace 0034:trace:key:X11DRV_KEYBOARD_DetectLayout mismatch for keycode 16, got "7&  "
1999 wine_trace 0034:trace:key:X11DRV_KEYBOARD_DetectLayout mismatch for keycode 17, got "8*  "
1999 wine_trace 0034:trace:key:X11DRV_KEYBOARD_DetectLayout mismatch for keycode 18, got "9(  "
2000 wine_trace 0034:trace:key:X11DRV_KEYBOARD_DetectLayout mismatch for keycode 19, got "0)  "
2000 wine_trace 0034:trace:key:X11DRV_KEYBOARD_DetectLayout mismatch for keycode 21, got "=+  "
2000 wine_trace 0034:trace:key:X11DRV_KEYBOARD_DetectLayout mismatch for keycode 34, got "[{  "
2000 wine_trace 0034:trace:key:X11DRV_KEYBOARD_DetectLayout mismatch for keycode 35, got "]}  "
2000 wine_trace 0034:trace:key:X11DRV_KEYBOARD_DetectLayout mismatch for keycode 49, got "`~  "
2000 wine_trace 0034:trace:keyboard:X11DRV_KEYBOARD_DetectLayout matches=33, mismatches=14, seq=18, score=38
2000 wine_trace 0034:trace:keyboard:X11DRV_KEYBOARD_DetectLayout Attempting to match against "United States keyboard layout (dvorak with phantom key)"
2000 wine_trace 0034:trace:keyboard:X11DRV_KEYBOARD_DetectLayout matches=47, mismatches=0, seq=30, score=94
2001 wine_trace 0034:trace:keyboard:X11DRV_KEYBOARD_DetectLayout Attempting to match against "United States International keyboard layout"
2001 wine_trace 0034:trace:keyboard:X11DRV_KEYBOARD_DetectLayout matches=47, mismatches=0, seq=46, score=94
2001 wine_trace 0034:trace:keyboard:X11DRV_KEYBOARD_DetectLayout Attempting to match against "British keyboard layout"
2001 wine_trace 0034:trace:key:X11DRV_KEYBOARD_DetectLayout mismatch for keycode 11, got "2@  "
2001 wine_trace 0034:trace:key:X11DRV_KEYBOARD_DetectLayout mismatch for keycode 12, got "3#  "
2001 wine_trace 0034:trace:key:X11DRV_KEYBOARD_DetectLayout mismatch for keycode 48, got "'\"  "
2001 wine_trace 0034:trace:keyboard:X11DRV_KEYBOARD_DetectLayout matches=44, mismatches=3, seq=42, score=81
2001 wine_trace 0034:trace:keyboard:X11DRV_KEYBOARD_DetectLayout Attempting to match against "German keyboard layout"
2001 wine_trace 0034:trace:key:X11DRV_KEYBOARD_DetectLayout mismatch for keycode 11, got "2@  "
2002 wine_trace 0034:trace:key:X11DRV_KEYBOARD_DetectLayout mismatch for keycode 12, got "3#  "
2002 wine_trace 0034:trace:key:X11DRV_KEYBOARD_DetectLayout mismatch for keycode 15, got "6^  "
2002 wine_trace 0034:trace:key:X11DRV_KEYBOARD_DetectLayout mismatch for keycode 16, got "7&  "
2002 wine_trace 0034:trace:key:X11DRV_KEYBOARD_DetectLayout mismatch for keycode 17, got "8*  "
2002 wine_trace 0034:trace:key:X11DRV_KEYBOARD_DetectLayout mismatch for keycode 18, got "9(  "
2002 wine_trace 0034:trace:key:X11DRV_KEYBOARD_DetectLayout mismatch for keycode 19, got "0)  "
2002 wine_trace 0034:trace:key:X11DRV_KEYBOARD_DetectLayout mismatch for keycode 21, got "=+  "
2002 wine_trace 0034:trace:key:X11DRV_KEYBOARD_DetectLayout mismatch for keycode 34, got "[{  "
2002 wine_trace 0034:trace:key:X11DRV_KEYBOARD_DetectLayout mismatch for keycode 35, got "]}  "
2002 wine_trace 0034:trace:key:X11DRV_KEYBOARD_DetectLayout mismatch for keycode 47, got ";:  "
2003 wine_trace 0034:trace:key:X11DRV_KEYBOARD_DetectLayout mismatch for keycode 48, got "'\"  "
2003 wine_trace 0034:trace:key:X11DRV_KEYBOARD_DetectLayout mismatch for keycode 49, got "`~  "
2003 wine_trace 0034:trace:key:X11DRV_KEYBOARD_DetectLayout mismatch for keycode 51, got "\\|  "
2003 wine_trace 0034:trace:key:X11DRV_KEYBOARD_DetectLayout mismatch for keycode 59, got ",<  "
2003 wine_trace 0034:trace:key:X11DRV_KEYBOARD_DetectLayout mismatch for keycode 60, got ".>  "
2003 wine_trace 0034:trace:key:X11DRV_KEYBOARD_DetectLayout mismatch for keycode 61, got "/?  "
2003 wine_trace 0034:trace:keyboard:X11DRV_KEYBOARD_DetectLayout matches=30, mismatches=17, seq=27, score=26
2003 wine_trace 0034:trace:keyboard:X11DRV_KEYBOARD_DetectLayout Attempting to match against "Swiss German keyboard layout"
2004 wine_trace 0034:trace:key:X11DRV_KEYBOARD_DetectLayout mismatch for keycode 10, got "1!  "
2004 wine_trace 0034:trace:key:X11DRV_KEYBOARD_DetectLayout mismatch for keycode 11, got "2@  "
2004 wine_trace 0034:trace:key:X11DRV_KEYBOARD_DetectLayout mismatch for keycode 12, got "3#  "
2004 wine_trace 0034:trace:key:X11DRV_KEYBOARD_DetectLayout mismatch for keycode 13, got "4$  "
2004 wine_trace 0034:trace:key:X11DRV_KEYBOARD_DetectLayout mismatch for keycode 15, got "6^  "
2004 wine_trace 0034:trace:key:X11DRV_KEYBOARD_DetectLayout mismatch for keycode 16, got "7&  "
2004 wine_trace 0034:trace:key:X11DRV_KEYBOARD_DetectLayout mismatch for keycode 17, got "8*  "
2004 wine_trace 0034:trace:key:X11DRV_KEYBOARD_DetectLayout mismatch for keycode 18, got "9(  "
2004 wine_trace 0034:trace:key:X11DRV_KEYBOARD_DetectLayout mismatch for keycode 19, got "0)  "
2004 wine_trace 0034:trace:key:X11DRV_KEYBOARD_DetectLayout mismatch for keycode 21, got "=+  "
2005 wine_trace 0034:trace:key:X11DRV_KEYBOARD_DetectLayout mismatch for keycode 34, got "[{  "
2005 wine_trace 0034:trace:key:X11DRV_KEYBOARD_DetectLayout mismatch for keycode 35, got "]}  "
2005 wine_trace 0034:trace:key:X11DRV_KEYBOARD_DetectLayout mismatch for keycode 47, got ";:  "
2005 wine_trace 0034:trace:key:X11DRV_KEYBOARD_DetectLayout mismatch for keycode 48, got "'\"  "
2005 wine_trace 0034:trace:key:X11DRV_KEYBOARD_DetectLayout mismatch for keycode 49, got "`~  "
2005 wine_trace 0034:trace:key:X11DRV_KEYBOARD_DetectLayout mismatch for keycode 51, got "\\|  "
2005 wine_trace 0034:trace:key:X11DRV_KEYBOARD_DetectLayout mismatch for keycode 59, got ",<  "
2005 wine_trace 0034:trace:key:X11DRV_KEYBOARD_DetectLayout mismatch for keycode 60, got ".>  "
2005 wine_trace 0034:trace:key:X11DRV_KEYBOARD_DetectLayout mismatch for keycode 61, got "/?  "
2006 wine_trace 0034:trace:keyboard:X11DRV_KEYBOARD_DetectLayout matches=28, mismatches=19, seq=25, score=18
2006 wine_trace 0034:trace:keyboard:X11DRV_KEYBOARD_DetectLayout Attempting to match against "Swiss French keyboard layout"
2006 wine_trace 0034:trace:key:X11DRV_KEYBOARD_DetectLayout mismatch for keycode 10, got "1!  "
2006 wine_trace 0034:trace:key:X11DRV_KEYBOARD_DetectLayout mismatch for keycode 11, got "2@  "
2006 wine_trace 0034:trace:key:X11DRV_KEYBOARD_DetectLayout mismatch for keycode 12, got "3#  "
2006 wine_trace 0034:trace:key:X11DRV_KEYBOARD_DetectLayout mismatch for keycode 13, got "4$  "
2006 wine_trace 0034:trace:key:X11DRV_KEYBOARD_DetectLayout mismatch for keycode 15, got "6^  "
2006 wine_trace 0034:trace:key:X11DRV_KEYBOARD_DetectLayout mismatch for keycode 16, got "7&  "
2006 wine_trace 0034:trace:key:X11DRV_KEYBOARD_DetectLayout mismatch for keycode 17, got "8*  "
2006 wine_trace 0034:trace:key:X11DRV_KEYBOARD_DetectLayout mismatch for keycode 18, got "9(  "
2007 wine_trace 0034:trace:key:X11DRV_KEYBOARD_DetectLayout mismatch for keycode 19, got "0)  "
2007 wine_trace 0034:trace:key:X11DRV_KEYBOARD_DetectLayout mismatch for keycode 21, got "=+  "
2007 wine_trace 0034:trace:key:X11DRV_KEYBOARD_DetectLayout mismatch for keycode 34, got "[{  "
2007 wine_trace 0034:trace:key:X11DRV_KEYBOARD_DetectLayout mismatch for keycode 35, got "]}  "
2007 wine_trace 0034:trace:key:X11DRV_KEYBOARD_DetectLayout mismatch for keycode 47, got ";:  "
2007 wine_trace 0034:trace:key:X11DRV_KEYBOARD_DetectLayout mismatch for keycode 48, got "'\"  "
2007 wine_trace 0034:trace:key:X11DRV_KEYBOARD_DetectLayout mismatch for keycode 49, got "`~  "
2007 wine_trace 0034:trace:key:X11DRV_KEYBOARD_DetectLayout mismatch for keycode 51, got "\\|  "
2007 wine_trace 0034:trace:key:X11DRV_KEYBOARD_DetectLayout mismatch for keycode 59, got ",<  "
2008 wine_trace 0034:trace:key:X11DRV_KEYBOARD_DetectLayout mismatch for keycode 60, got ".>  "
2008 wine_trace 0034:trace:key:X11DRV_KEYBOARD_DetectLayout mismatch for keycode 61, got "/?  "
2008 wine_trace 0034:trace:keyboard:X11DRV_KEYBOARD_DetectLayout matches=28, mismatches=19, seq=25, score=18
2008 wine_trace 0034:trace:keyboard:X11DRV_KEYBOARD_DetectLayout Attempting to match against "Swedish keyboard layout"
2008 wine_trace 0034:trace:key:X11DRV_KEYBOARD_DetectLayout mismatch for keycode 11, got "2@  "
2008 wine_trace 0034:trace:key:X11DRV_KEYBOARD_DetectLayout mismatch for keycode 13, got "4$  "
2008 wine_trace 0034:trace:key:X11DRV_KEYBOARD_DetectLayout mismatch for keycode 15, got "6^  "
2008 wine_trace 0034:trace:key:X11DRV_KEYBOARD_DetectLayout mismatch for keycode 16, got "7&  "
2008 wine_trace 0034:trace:key:X11DRV_KEYBOARD_DetectLayout mismatch for keycode 17, got "8*  "
2009 wine_trace 0034:trace:key:X11DRV_KEYBOARD_DetectLayout mismatch for keycode 18, got "9(  "
2009 wine_trace 0034:trace:key:X11DRV_KEYBOARD_DetectLayout mismatch for keycode 19, got "0)  "
2009 wine_trace 0034:trace:key:X11DRV_KEYBOARD_DetectLayout mismatch for keycode 21, got "=+  "
2009 wine_trace 0034:trace:key:X11DRV_KEYBOARD_DetectLayout mismatch for keycode 34, got "[{  "
2009 wine_trace 0034:trace:key:X11DRV_KEYBOARD_DetectLayout mismatch for keycode 35, got "]}  "
2009 wine_trace 0034:trace:key:X11DRV_KEYBOARD_DetectLayout mismatch for keycode 47, got ";:  "
2009 wine_trace 0034:trace:key:X11DRV_KEYBOARD_DetectLayout mismatch for keycode 48, got "'\"  "
2009 wine_trace 0034:trace:key:X11DRV_KEYBOARD_DetectLayout mismatch for keycode 49, got "`~  "
2009 wine_trace 0034:trace:key:X11DRV_KEYBOARD_DetectLayout mismatch for keycode 51, got "\\|  "
2010 wine_trace 0034:trace:key:X11DRV_KEYBOARD_DetectLayout mismatch for keycode 59, got ",<  "
2010 wine_trace 0034:trace:key:X11DRV_KEYBOARD_DetectLayout mismatch for keycode 60, got ".>  "
2010 wine_trace 0034:trace:key:X11DRV_KEYBOARD_DetectLayout mismatch for keycode 61, got "/?  "
2010 wine_trace 0034:trace:keyboard:X11DRV_KEYBOARD_DetectLayout matches=30, mismatches=17, seq=29, score=26
2010 wine_trace 0034:trace:keyboard:X11DRV_KEYBOARD_DetectLayout Attempting to match against "Estonian keyboard layout"
2010 wine_trace 0034:trace:key:X11DRV_KEYBOARD_DetectLayout mismatch for keycode 11, got "2@  "
2010 wine_trace 0034:trace:key:X11DRV_KEYBOARD_DetectLayout mismatch for keycode 13, got "4$  "
2010 wine_trace 0034:trace:key:X11DRV_KEYBOARD_DetectLayout mismatch for keycode 15, got "6^  "
2011 wine_trace 0034:trace:key:X11DRV_KEYBOARD_DetectLayout mismatch for keycode 16, got "7&  "
2011 wine_trace 0034:trace:key:X11DRV_KEYBOARD_DetectLayout mismatch for keycode 17, got "8*  "
2011 wine_trace 0034:trace:key:X11DRV_KEYBOARD_DetectLayout mismatch for keycode 18, got "9(  "
2011 wine_trace 0034:trace:key:X11DRV_KEYBOARD_DetectLayout mismatch for keycode 19, got "0)  "
2011 wine_trace 0034:trace:key:X11DRV_KEYBOARD_DetectLayout mismatch for keycode 21, got "=+  "
2011 wine_trace 0034:trace:key:X11DRV_KEYBOARD_DetectLayout mismatch for keycode 34, got "[{  "
2011 wine_trace 0034:trace:key:X11DRV_KEYBOARD_DetectLayout mismatch for keycode 35, got "]}  "
2011 wine_trace 0034:trace:key:X11DRV_KEYBOARD_DetectLayout mismatch for keycode 47, got ";:  "
2012 wine_trace 0034:trace:key:X11DRV_KEYBOARD_DetectLayout mismatch for keycode 48, got "'\"  "
2012 wine_trace 0034:trace:key:X11DRV_KEYBOARD_DetectLayout mismatch for keycode 49, got "`~  "
2012 wine_trace 0034:trace:key:X11DRV_KEYBOARD_DetectLayout mismatch for keycode 51, got "\\|  "
2012 wine_trace 0034:trace:key:X11DRV_KEYBOARD_DetectLayout mismatch for keycode 59, got ",<  "
2012 wine_trace 0034:trace:key:X11DRV_KEYBOARD_DetectLayout mismatch for keycode 60, got ".>  "
2012 wine_trace 0034:trace:key:X11DRV_KEYBOARD_DetectLayout mismatch for keycode 61, got "/?  "
2012 wine_trace 0034:trace:keyboard:X11DRV_KEYBOARD_DetectLayout matches=30, mismatches=17, seq=29, score=26
2012 wine_trace 0034:trace:keyboard:X11DRV_KEYBOARD_DetectLayout Attempting to match against "Norwegian keyboard layout"
2012 wine_trace 0034:trace:key:X11DRV_KEYBOARD_DetectLayout mismatch for keycode 11, got "2@  "
2012 wine_trace 0034:trace:key:X11DRV_KEYBOARD_DetectLayout mismatch for keycode 13, got "4$  "
2013 wine_trace 0034:trace:key:X11DRV_KEYBOARD_DetectLayout mismatch for keycode 15, got "6^  "
2013 wine_trace 0034:trace:key:X11DRV_KEYBOARD_DetectLayout mismatch for keycode 16, got "7&  "
2013 wine_trace 0034:trace:key:X11DRV_KEYBOARD_DetectLayout mismatch for keycode 17, got "8*  "
2013 wine_trace 0034:trace:key:X11DRV_KEYBOARD_DetectLayout mismatch for keycode 18, got "9(  "
2013 wine_trace 0034:trace:key:X11DRV_KEYBOARD_DetectLayout mismatch for keycode 19, got "0)  "
2013 wine_trace 0034:trace:key:X11DRV_KEYBOARD_DetectLayout mismatch for keycode 21, got "=+  "
2013 wine_trace 0034:trace:key:X11DRV_KEYBOARD_DetectLayout mismatch for keycode 34, got "[{  "
2013 wine_trace 0034:trace:key:X11DRV_KEYBOARD_DetectLayout mismatch for keycode 35, got "]}  "
2013 wine_trace 0034:trace:key:X11DRV_KEYBOARD_DetectLayout mismatch for keycode 47, got ";:  "
2014 wine_trace 0034:trace:key:X11DRV_KEYBOARD_DetectLayout mismatch for keycode 48, got "'\"  "
2014 wine_trace 0034:trace:key:X11DRV_KEYBOARD_DetectLayout mismatch for keycode 49, got "`~  "
2014 wine_trace 0034:trace:key:X11DRV_KEYBOARD_DetectLayout mismatch for keycode 51, got "\\|  "
2014 wine_trace 0034:trace:key:X11DRV_KEYBOARD_DetectLayout mismatch for keycode 59, got ",<  "
2014 wine_trace 0034:trace:key:X11DRV_KEYBOARD_DetectLayout mismatch for keycode 60, got ".>  "
2014 wine_trace 0034:trace:key:X11DRV_KEYBOARD_DetectLayout mismatch for keycode 61, got "/?  "
2014 wine_trace 0034:trace:keyboard:X11DRV_KEYBOARD_DetectLayout matches=30, mismatches=17, seq=29, score=26
2014 wine_trace 0034:trace:keyboard:X11DRV_KEYBOARD_DetectLayout Attempting to match against "Danish keyboard layout"
2014 wine_trace 0034:trace:key:X11DRV_KEYBOARD_DetectLayout mismatch for keycode 11, got "2@  "
2015 wine_trace 0034:trace:key:X11DRV_KEYBOARD_DetectLayout mismatch for keycode 13, got "4$  "
2015 wine_trace 0034:trace:key:X11DRV_KEYBOARD_DetectLayout mismatch for keycode 15, got "6^  "
2015 wine_trace 0034:trace:key:X11DRV_KEYBOARD_DetectLayout mismatch for keycode 16, got "7&  "
2015 wine_trace 0034:trace:key:X11DRV_KEYBOARD_DetectLayout mismatch for keycode 17, got "8*  "
2015 wine_trace 0034:trace:key:X11DRV_KEYBOARD_DetectLayout mismatch for keycode 18, got "9(  "
2015 wine_trace 0034:trace:key:X11DRV_KEYBOARD_DetectLayout mismatch for keycode 19, got "0)  "
2015 wine_trace 0034:trace:key:X11DRV_KEYBOARD_DetectLayout mismatch for keycode 21, got "=+  "
2015 wine_trace 0034:trace:key:X11DRV_KEYBOARD_DetectLayout mismatch for keycode 34, got "[{  "
2015 wine_trace 0034:trace:key:X11DRV_KEYBOARD_DetectLayout mismatch for keycode 35, got "]}  "
2015 wine_trace 0034:trace:key:X11DRV_KEYBOARD_DetectLayout mismatch for keycode 47, got ";:  "
2016 wine_trace 0034:trace:key:X11DRV_KEYBOARD_DetectLayout mismatch for keycode 48, got "'\"  "
2016 wine_trace 0034:trace:key:X11DRV_KEYBOARD_DetectLayout mismatch for keycode 49, got "`~  "
2016 wine_trace 0034:trace:key:X11DRV_KEYBOARD_DetectLayout mismatch for keycode 51, got "\\|  "
2016 wine_trace 0034:trace:key:X11DRV_KEYBOARD_DetectLayout mismatch for keycode 59, got ",<  "
2016 wine_trace 0034:trace:key:X11DRV_KEYBOARD_DetectLayout mismatch for keycode 60, got ".>  "
2016 wine_trace 0034:trace:key:X11DRV_KEYBOARD_DetectLayout mismatch for keycode 61, got "/?  "
2016 wine_trace 0034:trace:keyboard:X11DRV_KEYBOARD_DetectLayout matches=30, mismatches=17, seq=29, score=26
2016 wine_trace 0034:trace:keyboard:X11DRV_KEYBOARD_DetectLayout Attempting to match against "French keyboard layout"
2016 wine_trace 0034:trace:key:X11DRV_KEYBOARD_DetectLayout mismatch for keycode 10, got "1!  "
2017 wine_trace 0034:trace:key:X11DRV_KEYBOARD_DetectLayout mismatch for keycode 11, got "2@  "
2017 wine_trace 0034:trace:key:X11DRV_KEYBOARD_DetectLayout mismatch for keycode 12, got "3#  "
2017 wine_trace 0034:trace:key:X11DRV_KEYBOARD_DetectLayout mismatch for keycode 13, got "4$  "
2017 wine_trace 0034:trace:key:X11DRV_KEYBOARD_DetectLayout mismatch for keycode 14, got "5%  "
2017 wine_trace 0034:trace:key:X11DRV_KEYBOARD_DetectLayout mismatch for keycode 15, got "6^  "
2017 wine_trace 0034:trace:key:X11DRV_KEYBOARD_DetectLayout mismatch for keycode 16, got "7&  "
2017 wine_trace 0034:trace:key:X11DRV_KEYBOARD_DetectLayout mismatch for keycode 17, got "8*  "
2017 wine_trace 0034:trace:key:X11DRV_KEYBOARD_DetectLayout mismatch for keycode 18, got "9(  "
2017 wine_trace 0034:trace:key:X11DRV_KEYBOARD_DetectLayout mismatch for keycode 19, got "0)  "
2018 wine_trace 0034:trace:key:X11DRV_KEYBOARD_DetectLayout mismatch for keycode 20, got "-_  "
2018 wine_trace 0034:trace:key:X11DRV_KEYBOARD_DetectLayout mismatch for keycode 34, got "[{  "
2018 wine_trace 0034:trace:key:X11DRV_KEYBOARD_DetectLayout mismatch for keycode 35, got "]}  "
2018 wine_trace 0034:trace:key:X11DRV_KEYBOARD_DetectLayout mismatch for keycode 47, got ";:  "
2018 wine_trace 0034:trace:key:X11DRV_KEYBOARD_DetectLayout mismatch for keycode 48, got "'\"  "
2018 wine_trace 0034:trace:key:X11DRV_KEYBOARD_DetectLayout mismatch for keycode 49, got "`~  "
2018 wine_trace 0034:trace:key:X11DRV_KEYBOARD_DetectLayout mismatch for keycode 51, got "\\|  "
2018 wine_trace 0034:trace:key:X11DRV_KEYBOARD_DetectLayout mismatch for keycode 59, got ",<  "
2018 wine_trace 0034:trace:key:X11DRV_KEYBOARD_DetectLayout mismatch for keycode 60, got ".>  "
2018 wine_trace 0034:trace:key:X11DRV_KEYBOARD_DetectLayout mismatch for keycode 61, got "/?  "
2019 wine_trace 0034:trace:keyboard:X11DRV_KEYBOARD_DetectLayout matches=27, mismatches=20, seq=23, score=14
2019 wine_trace 0034:trace:keyboard:X11DRV_KEYBOARD_DetectLayout Attempting to match against "Canadian French keyboard layout"
2019 wine_trace 0034:trace:key:X11DRV_KEYBOARD_DetectLayout mismatch for keycode 11, got "2@  "
2019 wine_trace 0034:trace:key:X11DRV_KEYBOARD_DetectLayout mismatch for keycode 12, got "3#  "
2019 wine_trace 0034:trace:key:X11DRV_KEYBOARD_DetectLayout mismatch for keycode 15, got "6^  "
2019 wine_trace 0034:trace:key:X11DRV_KEYBOARD_DetectLayout mismatch for keycode 34, got "[{  "
2019 wine_trace 0034:trace:key:X11DRV_KEYBOARD_DetectLayout mismatch for keycode 35, got "]}  "
2020 wine_trace 0034:trace:key:X11DRV_KEYBOARD_DetectLayout mismatch for keycode 48, got "'\"  "
2020 wine_trace 0034:trace:key:X11DRV_KEYBOARD_DetectLayout mismatch for keycode 49, got "`~  "
2020 wine_trace 0034:trace:key:X11DRV_KEYBOARD_DetectLayout mismatch for keycode 51, got "\\|  "
2020 wine_trace 0034:trace:key:X11DRV_KEYBOARD_DetectLayout mismatch for keycode 59, got ",<  "
2020 wine_trace 0034:trace:key:X11DRV_KEYBOARD_DetectLayout mismatch for keycode 61, got "/?  "
2020 wine_trace 0034:trace:keyboard:X11DRV_KEYBOARD_DetectLayout matches=37, mismatches=10, seq=37, score=53
2020 wine_trace 0034:trace:keyboard:X11DRV_KEYBOARD_DetectLayout Attempting to match against "Canadian French keyboard layout (CA_fr)"
2020 wine_trace 0034:trace:key:X11DRV_KEYBOARD_DetectLayout mismatch for keycode 11, got "2@  "
2020 wine_trace 0034:trace:key:X11DRV_KEYBOARD_DetectLayout mismatch for keycode 12, got "3#  "
2021 wine_trace 0034:trace:key:X11DRV_KEYBOARD_DetectLayout mismatch for keycode 15, got "6^  "
2021 wine_trace 0034:trace:key:X11DRV_KEYBOARD_DetectLayout mismatch for keycode 34, got "[{  "
2021 wine_trace 0034:trace:key:X11DRV_KEYBOARD_DetectLayout mismatch for keycode 35, got "]}  "
2021 wine_trace 0034:trace:key:X11DRV_KEYBOARD_DetectLayout mismatch for keycode 48, got "'\"  "
2021 wine_trace 0034:trace:key:X11DRV_KEYBOARD_DetectLayout mismatch for keycode 49, got "`~  "
2021 wine_trace 0034:trace:key:X11DRV_KEYBOARD_DetectLayout mismatch for keycode 51, got "\\|  "
2021 wine_trace 0034:trace:key:X11DRV_KEYBOARD_DetectLayout mismatch for keycode 59, got ",<  "
2021 wine_trace 0034:trace:key:X11DRV_KEYBOARD_DetectLayout mismatch for keycode 61, got "/?  "
2021 wine_trace 0034:trace:keyboard:X11DRV_KEYBOARD_DetectLayout matches=37, mismatches=10, seq=37, score=53
2021 wine_trace 0034:trace:keyboard:X11DRV_KEYBOARD_DetectLayout Attempting to match against "Canadian keyboard layout"
2022 wine_trace 0034:trace:key:X11DRV_KEYBOARD_DetectLayout mismatch for keycode 15, got "6^  "
2022 wine_trace 0034:trace:key:X11DRV_KEYBOARD_DetectLayout mismatch for keycode 34, got "[{  "
2022 wine_trace 0034:trace:key:X11DRV_KEYBOARD_DetectLayout mismatch for keycode 35, got "]}  "
2022 wine_trace 0034:trace:key:X11DRV_KEYBOARD_DetectLayout mismatch for keycode 48, got "'\"  "
2022 wine_trace 0034:trace:key:X11DRV_KEYBOARD_DetectLayout mismatch for keycode 49, got "`~  "
2022 wine_trace 0034:trace:key:X11DRV_KEYBOARD_DetectLayout mismatch for keycode 51, got "\\|  "
2022 wine_trace 0034:trace:key:X11DRV_KEYBOARD_DetectLayout mismatch for keycode 59, got ",<  "
2022 wine_trace 0034:trace:key:X11DRV_KEYBOARD_DetectLayout mismatch for keycode 60, got ".>  "
2022 wine_trace 0034:trace:key:X11DRV_KEYBOARD_DetectLayout mismatch for keycode 61, got "/?  "
2022 wine_trace 0034:trace:keyboard:X11DRV_KEYBOARD_DetectLayout matches=38, mismatches=9, seq=38, score=58
2023 wine_trace 0034:trace:keyboard:X11DRV_KEYBOARD_DetectLayout Attempting to match against "Belgian keyboard layout"
2023 wine_trace 0034:trace:key:X11DRV_KEYBOARD_DetectLayout mismatch for keycode 10, got "1!  "
2023 wine_trace 0034:trace:key:X11DRV_KEYBOARD_DetectLayout mismatch for keycode 11, got "2@  "
2023 wine_trace 0034:trace:key:X11DRV_KEYBOARD_DetectLayout mismatch for keycode 12, got "3#  "
2023 wine_trace 0034:trace:key:X11DRV_KEYBOARD_DetectLayout mismatch for keycode 13, got "4$  "
2023 wine_trace 0034:trace:key:X11DRV_KEYBOARD_DetectLayout mismatch for keycode 14, got "5%  "
2023 wine_trace 0034:trace:key:X11DRV_KEYBOARD_DetectLayout mismatch for keycode 15, got "6^  "
2023 wine_trace 0034:trace:key:X11DRV_KEYBOARD_DetectLayout mismatch for keycode 16, got "7&  "
2024 wine_trace 0034:trace:key:X11DRV_KEYBOARD_DetectLayout mismatch for keycode 17, got "8*  "
2024 wine_trace 0034:trace:key:X11DRV_KEYBOARD_DetectLayout mismatch for keycode 18, got "9(  "
2024 wine_trace 0034:trace:key:X11DRV_KEYBOARD_DetectLayout mismatch for keycode 19, got "0)  "
2024 wine_trace 0034:trace:key:X11DRV_KEYBOARD_DetectLayout mismatch for keycode 34, got "[{  "
2024 wine_trace 0034:trace:key:X11DRV_KEYBOARD_DetectLayout mismatch for keycode 35, got "]}  "
2024 wine_trace 0034:trace:key:X11DRV_KEYBOARD_DetectLayout mismatch for keycode 47, got ";:  "
2024 wine_trace 0034:trace:key:X11DRV_KEYBOARD_DetectLayout mismatch for keycode 48, got "'\"  "
2024 wine_trace 0034:trace:key:X11DRV_KEYBOARD_DetectLayout mismatch for keycode 49, got "`~  "
2024 wine_trace 0034:trace:key:X11DRV_KEYBOARD_DetectLayout mismatch for keycode 51, got "\\|  "
2024 wine_trace 0034:trace:key:X11DRV_KEYBOARD_DetectLayout mismatch for keycode 59, got ",<  "
2025 wine_trace 0034:trace:key:X11DRV_KEYBOARD_DetectLayout mismatch for keycode 60, got ".>  "
2025 wine_trace 0034:trace:key:X11DRV_KEYBOARD_DetectLayout mismatch for keycode 61, got "/?  "
2025 wine_trace 0034:trace:keyboard:X11DRV_KEYBOARD_DetectLayout matches=28, mismatches=19, seq=23, score=18
2025 wine_trace 0034:trace:keyboard:X11DRV_KEYBOARD_DetectLayout Attempting to match against "Portuguese keyboard layout"
2025 wine_trace 0034:trace:key:X11DRV_KEYBOARD_DetectLayout mismatch for keycode 11, got "2@  "
2025 wine_trace 0034:trace:key:X11DRV_KEYBOARD_DetectLayout mismatch for keycode 15, got "6^  "
2025 wine_trace 0034:trace:key:X11DRV_KEYBOARD_DetectLayout mismatch for keycode 16, got "7&  "
2025 wine_trace 0034:trace:key:X11DRV_KEYBOARD_DetectLayout mismatch for keycode 17, got "8*  "
2025 wine_trace 0034:trace:key:X11DRV_KEYBOARD_DetectLayout mismatch for keycode 18, got "9(  "
2026 wine_trace 0034:trace:key:X11DRV_KEYBOARD_DetectLayout mismatch for keycode 19, got "0)  "
2026 wine_trace 0034:trace:key:X11DRV_KEYBOARD_DetectLayout mismatch for keycode 21, got "=+  "
2026 wine_trace 0034:trace:key:X11DRV_KEYBOARD_DetectLayout mismatch for keycode 34, got "[{  "
2026 wine_trace 0034:trace:key:X11DRV_KEYBOARD_DetectLayout mismatch for keycode 35, got "]}  "
2026 wine_trace 0034:trace:key:X11DRV_KEYBOARD_DetectLayout mismatch for keycode 47, got ";:  "
2026 wine_trace 0034:trace:key:X11DRV_KEYBOARD_DetectLayout mismatch for keycode 48, got "'\"  "
2026 wine_trace 0034:trace:key:X11DRV_KEYBOARD_DetectLayout mismatch for keycode 49, got "`~  "
2026 wine_trace 0034:trace:key:X11DRV_KEYBOARD_DetectLayout mismatch for keycode 59, got ",<  "
2026 wine_trace 0034:trace:key:X11DRV_KEYBOARD_DetectLayout mismatch for keycode 60, got ".>  "
2026 wine_trace 0034:trace:key:X11DRV_KEYBOARD_DetectLayout mismatch for keycode 61, got "/?  "
2027 wine_trace 0034:trace:keyboard:X11DRV_KEYBOARD_DetectLayout matches=32, mismatches=15, seq=30, score=34
2027 wine_trace 0034:trace:keyboard:X11DRV_KEYBOARD_DetectLayout Attempting to match against "Brazilian ABNT-2 keyboard layout"
2027 wine_trace 0034:trace:key:X11DRV_KEYBOARD_DetectLayout mismatch for keycode 15, got "6^  "
2027 wine_trace 0034:trace:key:X11DRV_KEYBOARD_DetectLayout mismatch for keycode 49, got "`~  "
2027 wine_trace 0034:trace:keyboard:X11DRV_KEYBOARD_DetectLayout matches=45, mismatches=2, seq=43, score=86
2027 wine_trace 0034:trace:keyboard:X11DRV_KEYBOARD_DetectLayout Attempting to match against "Brazilian ABNT-2 keyboard layout ALT GR"
2027 wine_trace 0034:trace:key:X11DRV_KEYBOARD_DetectLayout mismatch for keycode 15, got "6^  "
2027 wine_trace 0034:trace:key:X11DRV_KEYBOARD_DetectLayout mismatch for keycode 49, got "`~  "
2027 wine_trace 0034:trace:keyboard:X11DRV_KEYBOARD_DetectLayout matches=45, mismatches=2, seq=43, score=86
2028 wine_trace 0034:trace:keyboard:X11DRV_KEYBOARD_DetectLayout Attempting to match against "Finnish keyboard layout"
2028 wine_trace 0034:trace:key:X11DRV_KEYBOARD_DetectLayout mismatch for keycode 11, got "2@  "
2028 wine_trace 0034:trace:key:X11DRV_KEYBOARD_DetectLayout mismatch for keycode 13, got "4$  "
2028 wine_trace 0034:trace:key:X11DRV_KEYBOARD_DetectLayout mismatch for keycode 15, got "6^  "
2028 wine_trace 0034:trace:key:X11DRV_KEYBOARD_DetectLayout mismatch for keycode 16, got "7&  "
2028 wine_trace 0034:trace:key:X11DRV_KEYBOARD_DetectLayout mismatch for keycode 17, got "8*  "
2028 wine_trace 0034:trace:key:X11DRV_KEYBOARD_DetectLayout mismatch for keycode 18, got "9(  "
2028 wine_trace 0034:trace:key:X11DRV_KEYBOARD_DetectLayout mismatch for keycode 19, got "0)  "
2029 wine_trace 0034:trace:key:X11DRV_KEYBOARD_DetectLayout mismatch for keycode 21, got "=+  "
2029 wine_trace 0034:trace:key:X11DRV_KEYBOARD_DetectLayout mismatch for keycode 34, got "[{  "
2029 wine_trace 0034:trace:key:X11DRV_KEYBOARD_DetectLayout mismatch for keycode 35, got "]}  "
2029 wine_trace 0034:trace:key:X11DRV_KEYBOARD_DetectLayout mismatch for keycode 47, got ";:  "
2029 wine_trace 0034:trace:key:X11DRV_KEYBOARD_DetectLayout mismatch for keycode 48, got "'\"  "
2029 wine_trace 0034:trace:key:X11DRV_KEYBOARD_DetectLayout mismatch for keycode 49, got "`~  "
2029 wine_trace 0034:trace:key:X11DRV_KEYBOARD_DetectLayout mismatch for keycode 51, got "\\|  "
2029 wine_trace 0034:trace:key:X11DRV_KEYBOARD_DetectLayout mismatch for keycode 59, got ",<  "
2029 wine_trace 0034:trace:key:X11DRV_KEYBOARD_DetectLayout mismatch for keycode 60, got ".>  "
2029 wine_trace 0034:trace:key:X11DRV_KEYBOARD_DetectLayout mismatch for keycode 61, got "/?  "
2030 wine_trace 0034:trace:keyboard:X11DRV_KEYBOARD_DetectLayout matches=30, mismatches=17, seq=29, score=26
2030 wine_trace 0034:trace:keyboard:X11DRV_KEYBOARD_DetectLayout Attempting to match against "Bulgarian bds keyboard layout"
2030 wine_trace 0034:trace:keyboard:X11DRV_KEYBOARD_DetectLayout matches=47, mismatches=0, seq=46, score=94
2030 wine_trace 0034:trace:keyboard:X11DRV_KEYBOARD_DetectLayout Attempting to match against "Bulgarian phonetic keyboard layout"
2030 wine_trace 0034:trace:keyboard:X11DRV_KEYBOARD_DetectLayout matches=47, mismatches=0, seq=46, score=94
2030 wine_trace 0034:trace:keyboard:X11DRV_KEYBOARD_DetectLayout Attempting to match against "Belarusian keyboard layout"
2030 wine_trace 0034:trace:keyboard:X11DRV_KEYBOARD_DetectLayout matches=47, mismatches=0, seq=46, score=94
2030 wine_trace 0034:trace:keyboard:X11DRV_KEYBOARD_DetectLayout Attempting to match against "Russian keyboard layout"
2031 wine_trace 0034:trace:keyboard:X11DRV_KEYBOARD_DetectLayout matches=47, mismatches=0, seq=46, score=94
2031 wine_trace 0034:trace:keyboard:X11DRV_KEYBOARD_DetectLayout Attempting to match against "Russian keyboard layout (phantom key version)"
2031 wine_trace 0034:trace:keyboard:X11DRV_KEYBOARD_DetectLayout matches=47, mismatches=0, seq=46, score=94
2031 wine_trace 0034:trace:keyboard:X11DRV_KEYBOARD_DetectLayout Attempting to match against "Russian keyboard layout KOI8-R"
2031 wine_trace 0034:trace:key:X11DRV_KEYBOARD_DetectLayout mismatch for keycode 11, got "2@  "
2031 wine_trace 0034:trace:key:X11DRV_KEYBOARD_DetectLayout mismatch for keycode 12, got "3#  "
2031 wine_trace 0034:trace:key:X11DRV_KEYBOARD_DetectLayout mismatch for keycode 14, got "5%  "
2031 wine_trace 0034:trace:key:X11DRV_KEYBOARD_DetectLayout mismatch for keycode 15, got "6^  "
2031 wine_trace 0034:trace:key:X11DRV_KEYBOARD_DetectLayout mismatch for keycode 16, got "7&  "
2032 wine_trace 0034:trace:key:X11DRV_KEYBOARD_DetectLayout mismatch for keycode 17, got "8*  "
2032 wine_trace 0034:trace:key:X11DRV_KEYBOARD_DetectLayout mismatch for keycode 18, got "9(  "
2032 wine_trace 0034:trace:key:X11DRV_KEYBOARD_DetectLayout mismatch for keycode 19, got "0)  "
2032 wine_trace 0034:trace:key:X11DRV_KEYBOARD_DetectLayout mismatch for keycode 24, got "qQ  "
2032 wine_trace 0034:trace:key:X11DRV_KEYBOARD_DetectLayout mismatch for keycode 25, got "wW  "
2032 wine_trace 0034:trace:key:X11DRV_KEYBOARD_DetectLayout mismatch for keycode 26, got "eE  "
2032 wine_trace 0034:trace:key:X11DRV_KEYBOARD_DetectLayout mismatch for keycode 27, got "rR  "
2032 wine_trace 0034:trace:key:X11DRV_KEYBOARD_DetectLayout mismatch for keycode 28, got "tT  "
2032 wine_trace 0034:trace:key:X11DRV_KEYBOARD_DetectLayout mismatch for keycode 29, got "yY  "
2033 wine_trace 0034:trace:key:X11DRV_KEYBOARD_DetectLayout mismatch for keycode 30, got "uU  "
2033 wine_trace 0034:trace:key:X11DRV_KEYBOARD_DetectLayout mismatch for keycode 31, got "iI  "
2033 wine_trace 0034:trace:key:X11DRV_KEYBOARD_DetectLayout mismatch for keycode 32, got "oO  "
2033 wine_trace 0034:trace:key:X11DRV_KEYBOARD_DetectLayout mismatch for keycode 33, got "pP  "
2033 wine_trace 0034:trace:key:X11DRV_KEYBOARD_DetectLayout mismatch for keycode 34, got "[{  "
2033 wine_trace 0034:trace:key:X11DRV_KEYBOARD_DetectLayout mismatch for keycode 35, got "]}  "
2033 wine_trace 0034:trace:key:X11DRV_KEYBOARD_DetectLayout mismatch for keycode 38, got "aA  "
2033 wine_trace 0034:trace:key:X11DRV_KEYBOARD_DetectLayout mismatch for keycode 39, got "sS  "
2033 wine_trace 0034:trace:key:X11DRV_KEYBOARD_DetectLayout mismatch for keycode 40, got "dD  "
2033 wine_trace 0034:trace:key:X11DRV_KEYBOARD_DetectLayout mismatch for keycode 41, got "fF  "
2034 wine_trace 0034:trace:key:X11DRV_KEYBOARD_DetectLayout mismatch for keycode 42, got "gG  "
2034 wine_trace 0034:trace:key:X11DRV_KEYBOARD_DetectLayout mismatch for keycode 43, got "hH  "
2034 wine_trace 0034:trace:key:X11DRV_KEYBOARD_DetectLayout mismatch for keycode 44, got "jJ  "
2034 wine_trace 0034:trace:key:X11DRV_KEYBOARD_DetectLayout mismatch for keycode 45, got "kK  "
2034 wine_trace 0034:trace:key:X11DRV_KEYBOARD_DetectLayout mismatch for keycode 46, got "lL  "
2034 wine_trace 0034:trace:key:X11DRV_KEYBOARD_DetectLayout mismatch for keycode 47, got ";:  "
2034 wine_trace 0034:trace:key:X11DRV_KEYBOARD_DetectLayout mismatch for keycode 48, got "'\"  "
2034 wine_trace 0034:trace:key:X11DRV_KEYBOARD_DetectLayout mismatch for keycode 49, got "`~  "
2034 wine_trace 0034:trace:key:X11DRV_KEYBOARD_DetectLayout mismatch for keycode 52, got "zZ  "
2035 wine_trace 0034:trace:key:X11DRV_KEYBOARD_DetectLayout mismatch for keycode 53, got "xX  "
2035 wine_trace 0034:trace:key:X11DRV_KEYBOARD_DetectLayout mismatch for keycode 54, got "cC  "
2035 wine_trace 0034:trace:key:X11DRV_KEYBOARD_DetectLayout mismatch for keycode 55, got "vV  "
2035 wine_trace 0034:trace:key:X11DRV_KEYBOARD_DetectLayout mismatch for keycode 56, got "bB  "
2035 wine_trace 0034:trace:key:X11DRV_KEYBOARD_DetectLayout mismatch for keycode 57, got "nN  "
2035 wine_trace 0034:trace:key:X11DRV_KEYBOARD_DetectLayout mismatch for keycode 58, got "mM  "
2035 wine_trace 0034:trace:key:X11DRV_KEYBOARD_DetectLayout mismatch for keycode 59, got ",<  "
2035 wine_trace 0034:trace:key:X11DRV_KEYBOARD_DetectLayout mismatch for keycode 60, got ".>  "
2035 wine_trace 0034:trace:keyboard:X11DRV_KEYBOARD_DetectLayout matches=6, mismatches=41, seq=6, score=-70
2036 wine_trace 0034:trace:keyboard:X11DRV_KEYBOARD_DetectLayout Attempting to match against "Russian keyboard layout cp1251"
2036 wine_trace 0034:trace:keyboard:X11DRV_KEYBOARD_DetectLayout matches=47, mismatches=0, seq=46, score=94
2036 wine_trace 0034:trace:keyboard:X11DRV_KEYBOARD_DetectLayout Attempting to match against "Russian phonetic keyboard layout"
2036 wine_trace 0034:trace:keyboard:X11DRV_KEYBOARD_DetectLayout matches=47, mismatches=0, seq=46, score=94
2036 wine_trace 0034:trace:keyboard:X11DRV_KEYBOARD_DetectLayout Attempting to match against "Ukrainian keyboard layout KOI8-U"
2036 wine_trace 0034:trace:keyboard:X11DRV_KEYBOARD_DetectLayout matches=47, mismatches=0, seq=46, score=94
2036 wine_trace 0034:trace:keyboard:X11DRV_KEYBOARD_DetectLayout Attempting to match against "Ukrainian keyboard layout (standard)"
2036 wine_trace 0034:trace:key:X11DRV_KEYBOARD_DetectLayout mismatch for keycode 11, got "2@  "
2036 wine_trace 0034:trace:key:X11DRV_KEYBOARD_DetectLayout mismatch for keycode 12, got "3#  "
2037 wine_trace 0034:trace:key:X11DRV_KEYBOARD_DetectLayout mismatch for keycode 13, got "4$  "
2037 wine_trace 0034:trace:key:X11DRV_KEYBOARD_DetectLayout mismatch for keycode 15, got "6^  "
2037 wine_trace 0034:trace:key:X11DRV_KEYBOARD_DetectLayout mismatch for keycode 16, got "7&  "
2037 wine_trace 0034:trace:key:X11DRV_KEYBOARD_DetectLayout mismatch for keycode 24, got "qQ  "
2037 wine_trace 0034:trace:key:X11DRV_KEYBOARD_DetectLayout mismatch for keycode 25, got "wW  "
2037 wine_trace 0034:trace:key:X11DRV_KEYBOARD_DetectLayout mismatch for keycode 26, got "eE  "
2037 wine_trace 0034:trace:key:X11DRV_KEYBOARD_DetectLayout mismatch for keycode 27, got "rR  "
2037 wine_trace 0034:trace:key:X11DRV_KEYBOARD_DetectLayout mismatch for keycode 28, got "tT  "
2037 wine_trace 0034:trace:key:X11DRV_KEYBOARD_DetectLayout mismatch for keycode 29, got "yY  "
2038 wine_trace 0034:trace:key:X11DRV_KEYBOARD_DetectLayout mismatch for keycode 30, got "uU  "
2038 wine_trace 0034:trace:key:X11DRV_KEYBOARD_DetectLayout mismatch for keycode 31, got "iI  "
2038 wine_trace 0034:trace:key:X11DRV_KEYBOARD_DetectLayout mismatch for keycode 32, got "oO  "
2038 wine_trace 0034:trace:key:X11DRV_KEYBOARD_DetectLayout mismatch for keycode 33, got "pP  "
2038 wine_trace 0034:trace:key:X11DRV_KEYBOARD_DetectLayout mismatch for keycode 34, got "[{  "
2038 wine_trace 0034:trace:key:X11DRV_KEYBOARD_DetectLayout mismatch for keycode 35, got "]}  "
2038 wine_trace 0034:trace:key:X11DRV_KEYBOARD_DetectLayout mismatch for keycode 38, got "aA  "
2038 wine_trace 0034:trace:key:X11DRV_KEYBOARD_DetectLayout mismatch for keycode 39, got "sS  "
2038 wine_trace 0034:trace:key:X11DRV_KEYBOARD_DetectLayout mismatch for keycode 40, got "dD  "
2039 wine_trace 0034:trace:key:X11DRV_KEYBOARD_DetectLayout mismatch for keycode 41, got "fF  "
2039 wine_trace 0034:trace:key:X11DRV_KEYBOARD_DetectLayout mismatch for keycode 42, got "gG  "
2039 wine_trace 0034:trace:key:X11DRV_KEYBOARD_DetectLayout mismatch for keycode 43, got "hH  "
2039 wine_trace 0034:trace:key:X11DRV_KEYBOARD_DetectLayout mismatch for keycode 44, got "jJ  "
2039 wine_trace 0034:trace:key:X11DRV_KEYBOARD_DetectLayout mismatch for keycode 45, got "kK  "
2039 wine_trace 0034:trace:key:X11DRV_KEYBOARD_DetectLayout mismatch for keycode 46, got "lL  "
2039 wine_trace 0034:trace:key:X11DRV_KEYBOARD_DetectLayout mismatch for keycode 47, got ";:  "
2039 wine_trace 0034:trace:key:X11DRV_KEYBOARD_DetectLayout mismatch for keycode 48, got "'\"  "
2039 wine_trace 0034:trace:key:X11DRV_KEYBOARD_DetectLayout mismatch for keycode 49, got "`~  "
2039 wine_trace 0034:trace:key:X11DRV_KEYBOARD_DetectLayout mismatch for keycode 51, got "\\|  "
2040 wine_trace 0034:trace:key:X11DRV_KEYBOARD_DetectLayout mismatch for keycode 52, got "zZ  "
2040 wine_trace 0034:trace:key:X11DRV_KEYBOARD_DetectLayout mismatch for keycode 53, got "xX  "
2040 wine_trace 0034:trace:key:X11DRV_KEYBOARD_DetectLayout mismatch for keycode 54, got "cC  "
2040 wine_trace 0034:trace:key:X11DRV_KEYBOARD_DetectLayout mismatch for keycode 55, got "vV  "
2040 wine_trace 0034:trace:key:X11DRV_KEYBOARD_DetectLayout mismatch for keycode 56, got "bB  "
2040 wine_trace 0034:trace:key:X11DRV_KEYBOARD_DetectLayout mismatch for keycode 57, got "nN  "
2040 wine_trace 0034:trace:key:X11DRV_KEYBOARD_DetectLayout mismatch for keycode 58, got "mM  "
2040 wine_trace 0034:trace:key:X11DRV_KEYBOARD_DetectLayout mismatch for keycode 59, got ",<  "
2040 wine_trace 0034:trace:key:X11DRV_KEYBOARD_DetectLayout mismatch for keycode 60, got ".>  "
2040 wine_trace 0034:trace:key:X11DRV_KEYBOARD_DetectLayout mismatch for keycode 61, got "/?  "
2041 wine_trace 0034:trace:keyboard:X11DRV_KEYBOARD_DetectLayout matches=7, mismatches=40, seq=7, score=-66
2041 wine_trace 0034:trace:keyboard:X11DRV_KEYBOARD_DetectLayout Attempting to match against "Russian keyboard layout (standard)"
2041 wine_trace 0034:trace:key:X11DRV_KEYBOARD_DetectLayout mismatch for keycode 11, got "2@  "
2041 wine_trace 0034:trace:key:X11DRV_KEYBOARD_DetectLayout mismatch for keycode 12, got "3#  "
2041 wine_trace 0034:trace:key:X11DRV_KEYBOARD_DetectLayout mismatch for keycode 13, got "4$  "
2041 wine_trace 0034:trace:key:X11DRV_KEYBOARD_DetectLayout mismatch for keycode 15, got "6^  "
2041 wine_trace 0034:trace:key:X11DRV_KEYBOARD_DetectLayout mismatch for keycode 16, got "7&  "
2041 wine_trace 0034:trace:key:X11DRV_KEYBOARD_DetectLayout mismatch for keycode 24, got "qQ  "
2041 wine_trace 0034:trace:key:X11DRV_KEYBOARD_DetectLayout mismatch for keycode 25, got "wW  "
2041 wine_trace 0034:trace:key:X11DRV_KEYBOARD_DetectLayout mismatch for keycode 26, got "eE  "
2042 wine_trace 0034:trace:key:X11DRV_KEYBOARD_DetectLayout mismatch for keycode 27, got "rR  "
2042 wine_trace 0034:trace:key:X11DRV_KEYBOARD_DetectLayout mismatch for keycode 28, got "tT  "
2042 wine_trace 0034:trace:key:X11DRV_KEYBOARD_DetectLayout mismatch for keycode 29, got "yY  "
2042 wine_trace 0034:trace:key:X11DRV_KEYBOARD_DetectLayout mismatch for keycode 30, got "uU  "
2042 wine_trace 0034:trace:key:X11DRV_KEYBOARD_DetectLayout mismatch for keycode 31, got "iI  "
2042 wine_trace 0034:trace:key:X11DRV_KEYBOARD_DetectLayout mismatch for keycode 32, got "oO  "
2042 wine_trace 0034:trace:key:X11DRV_KEYBOARD_DetectLayout mismatch for keycode 33, got "pP  "
2042 wine_trace 0034:trace:key:X11DRV_KEYBOARD_DetectLayout mismatch for keycode 34, got "[{  "
2042 wine_trace 0034:trace:key:X11DRV_KEYBOARD_DetectLayout mismatch for keycode 35, got "]}  "
2043 wine_trace 0034:trace:key:X11DRV_KEYBOARD_DetectLayout mismatch for keycode 38, got "aA  "
2043 wine_trace 0034:trace:key:X11DRV_KEYBOARD_DetectLayout mismatch for keycode 39, got "sS  "
2043 wine_trace 0034:trace:key:X11DRV_KEYBOARD_DetectLayout mismatch for keycode 40, got "dD  "
2043 wine_trace 0034:trace:key:X11DRV_KEYBOARD_DetectLayout mismatch for keycode 41, got "fF  "
2043 wine_trace 0034:trace:key:X11DRV_KEYBOARD_DetectLayout mismatch for keycode 42, got "gG  "
2043 wine_trace 0034:trace:key:X11DRV_KEYBOARD_DetectLayout mismatch for keycode 43, got "hH  "
2043 wine_trace 0034:trace:key:X11DRV_KEYBOARD_DetectLayout mismatch for keycode 44, got "jJ  "
2043 wine_trace 0034:trace:key:X11DRV_KEYBOARD_DetectLayout mismatch for keycode 45, got "kK  "
2044 wine_trace 0034:trace:key:X11DRV_KEYBOARD_DetectLayout mismatch for keycode 46, got "lL  "
2044 wine_trace 0034:trace:key:X11DRV_KEYBOARD_DetectLayout mismatch for keycode 47, got ";:  "
2044 wine_trace 0034:trace:key:X11DRV_KEYBOARD_DetectLayout mismatch for keycode 48, got "'\"  "
2044 wine_trace 0034:trace:key:X11DRV_KEYBOARD_DetectLayout mismatch for keycode 49, got "`~  "
2044 wine_trace 0034:trace:key:X11DRV_KEYBOARD_DetectLayout mismatch for keycode 51, got "\\|  "
2044 wine_trace 0034:trace:key:X11DRV_KEYBOARD_DetectLayout mismatch for keycode 52, got "zZ  "
2044 wine_trace 0034:trace:key:X11DRV_KEYBOARD_DetectLayout mismatch for keycode 53, got "xX  "
2044 wine_trace 0034:trace:key:X11DRV_KEYBOARD_DetectLayout mismatch for keycode 54, got "cC  "
2044 wine_trace 0034:trace:key:X11DRV_KEYBOARD_DetectLayout mismatch for keycode 55, got "vV  "
2044 wine_trace 0034:trace:key:X11DRV_KEYBOARD_DetectLayout mismatch for keycode 56, got "bB  "
2045 wine_trace 0034:trace:key:X11DRV_KEYBOARD_DetectLayout mismatch for keycode 57, got "nN  "
2045 wine_trace 0034:trace:key:X11DRV_KEYBOARD_DetectLayout mismatch for keycode 58, got "mM  "
2045 wine_trace 0034:trace:key:X11DRV_KEYBOARD_DetectLayout mismatch for keycode 59, got ",<  "
2045 wine_trace 0034:trace:key:X11DRV_KEYBOARD_DetectLayout mismatch for keycode 60, got ".>  "
2045 wine_trace 0034:trace:key:X11DRV_KEYBOARD_DetectLayout mismatch for keycode 61, got "/?  "
2045 wine_trace 0034:trace:keyboard:X11DRV_KEYBOARD_DetectLayout matches=7, mismatches=40, seq=7, score=-66
2045 wine_trace 0034:trace:keyboard:X11DRV_KEYBOARD_DetectLayout Attempting to match against "Spanish keyboard layout"
2045 wine_trace 0034:trace:key:X11DRV_KEYBOARD_DetectLayout mismatch for keycode 11, got "2@  "
2045 wine_trace 0034:trace:key:X11DRV_KEYBOARD_DetectLayout mismatch for keycode 12, got "3#  "
2046 wine_trace 0034:trace:key:X11DRV_KEYBOARD_DetectLayout mismatch for keycode 15, got "6^  "
2046 wine_trace 0034:trace:key:X11DRV_KEYBOARD_DetectLayout mismatch for keycode 16, got "7&  "
2046 wine_trace 0034:trace:key:X11DRV_KEYBOARD_DetectLayout mismatch for keycode 17, got "8*  "
2046 wine_trace 0034:trace:key:X11DRV_KEYBOARD_DetectLayout mismatch for keycode 18, got "9(  "
2046 wine_trace 0034:trace:key:X11DRV_KEYBOARD_DetectLayout mismatch for keycode 19, got "0)  "
2046 wine_trace 0034:trace:key:X11DRV_KEYBOARD_DetectLayout mismatch for keycode 21, got "=+  "
2046 wine_trace 0034:trace:key:X11DRV_KEYBOARD_DetectLayout mismatch for keycode 34, got "[{  "
2046 wine_trace 0034:trace:key:X11DRV_KEYBOARD_DetectLayout mismatch for keycode 35, got "]}  "
2046 wine_trace 0034:trace:key:X11DRV_KEYBOARD_DetectLayout mismatch for keycode 47, got ";:  "
2046 wine_trace 0034:trace:key:X11DRV_KEYBOARD_DetectLayout mismatch for keycode 48, got "'\"  "
2047 wine_trace 0034:trace:key:X11DRV_KEYBOARD_DetectLayout mismatch for keycode 49, got "`~  "
2047 wine_trace 0034:trace:key:X11DRV_KEYBOARD_DetectLayout mismatch for keycode 51, got "\\|  "
2047 wine_trace 0034:trace:key:X11DRV_KEYBOARD_DetectLayout mismatch for keycode 59, got ",<  "
2047 wine_trace 0034:trace:key:X11DRV_KEYBOARD_DetectLayout mismatch for keycode 60, got ".>  "
2047 wine_trace 0034:trace:key:X11DRV_KEYBOARD_DetectLayout mismatch for keycode 61, got "/?  "
2047 wine_trace 0034:trace:keyboard:X11DRV_KEYBOARD_DetectLayout matches=30, mismatches=17, seq=29, score=26
2047 wine_trace 0034:trace:keyboard:X11DRV_KEYBOARD_DetectLayout Attempting to match against "Italian keyboard layout"
2047 wine_trace 0034:trace:key:X11DRV_KEYBOARD_DetectLayout mismatch for keycode 11, got "2@  "
2047 wine_trace 0034:trace:key:X11DRV_KEYBOARD_DetectLayout mismatch for keycode 12, got "3#  "
2048 wine_trace 0034:trace:key:X11DRV_KEYBOARD_DetectLayout mismatch for keycode 15, got "6^  "
2048 wine_trace 0034:trace:key:X11DRV_KEYBOARD_DetectLayout mismatch for keycode 16, got "7&  "
2048 wine_trace 0034:trace:key:X11DRV_KEYBOARD_DetectLayout mismatch for keycode 17, got "8*  "
2048 wine_trace 0034:trace:key:X11DRV_KEYBOARD_DetectLayout mismatch for keycode 18, got "9(  "
2048 wine_trace 0034:trace:key:X11DRV_KEYBOARD_DetectLayout mismatch for keycode 19, got "0)  "
2048 wine_trace 0034:trace:key:X11DRV_KEYBOARD_DetectLayout mismatch for keycode 21, got "=+  "
2048 wine_trace 0034:trace:key:X11DRV_KEYBOARD_DetectLayout mismatch for keycode 34, got "[{  "
2048 wine_trace 0034:trace:key:X11DRV_KEYBOARD_DetectLayout mismatch for keycode 35, got "]}  "
2048 wine_trace 0034:trace:key:X11DRV_KEYBOARD_DetectLayout mismatch for keycode 47, got ";:  "
2049 wine_trace 0034:trace:key:X11DRV_KEYBOARD_DetectLayout mismatch for keycode 48, got "'\"  "
2049 wine_trace 0034:trace:key:X11DRV_KEYBOARD_DetectLayout mismatch for keycode 49, got "`~  "
2049 wine_trace 0034:trace:key:X11DRV_KEYBOARD_DetectLayout mismatch for keycode 59, got ",<  "
2049 wine_trace 0034:trace:key:X11DRV_KEYBOARD_DetectLayout mismatch for keycode 60, got ".>  "
2049 wine_trace 0034:trace:key:X11DRV_KEYBOARD_DetectLayout mismatch for keycode 61, got "/?  "
2049 wine_trace 0034:trace:keyboard:X11DRV_KEYBOARD_DetectLayout matches=31, mismatches=16, seq=29, score=30
2049 wine_trace 0034:trace:keyboard:X11DRV_KEYBOARD_DetectLayout Attempting to match against "Icelandic keyboard layout"
2049 wine_trace 0034:trace:key:X11DRV_KEYBOARD_DetectLayout mismatch for keycode 11, got "2@  "
2049 wine_trace 0034:trace:key:X11DRV_KEYBOARD_DetectLayout mismatch for keycode 15, got "6^  "
2050 wine_trace 0034:trace:key:X11DRV_KEYBOARD_DetectLayout mismatch for keycode 16, got "7&  "
2050 wine_trace 0034:trace:key:X11DRV_KEYBOARD_DetectLayout mismatch for keycode 17, got "8*  "
2050 wine_trace 0034:trace:key:X11DRV_KEYBOARD_DetectLayout mismatch for keycode 18, got "9(  "
2050 wine_trace 0034:trace:key:X11DRV_KEYBOARD_DetectLayout mismatch for keycode 19, got "0)  "
2050 wine_trace 0034:trace:key:X11DRV_KEYBOARD_DetectLayout mismatch for keycode 21, got "=+  "
2050 wine_trace 0034:trace:key:X11DRV_KEYBOARD_DetectLayout mismatch for keycode 34, got "[{  "
2050 wine_trace 0034:trace:key:X11DRV_KEYBOARD_DetectLayout mismatch for keycode 35, got "]}  "
2050 wine_trace 0034:trace:key:X11DRV_KEYBOARD_DetectLayout mismatch for keycode 47, got ";:  "
2050 wine_trace 0034:trace:key:X11DRV_KEYBOARD_DetectLayout mismatch for keycode 48, got "'\"  "
2051 wine_trace 0034:trace:key:X11DRV_KEYBOARD_DetectLayout mismatch for keycode 49, got "`~  "
2051 wine_trace 0034:trace:key:X11DRV_KEYBOARD_DetectLayout mismatch for keycode 51, got "\\|  "
2051 wine_trace 0034:trace:key:X11DRV_KEYBOARD_DetectLayout mismatch for keycode 59, got ",<  "
2051 wine_trace 0034:trace:key:X11DRV_KEYBOARD_DetectLayout mismatch for keycode 60, got ".>  "
2051 wine_trace 0034:trace:key:X11DRV_KEYBOARD_DetectLayout mismatch for keycode 61, got "/?  "
2051 wine_trace 0034:trace:keyboard:X11DRV_KEYBOARD_DetectLayout matches=31, mismatches=16, seq=31, score=30
2051 wine_trace 0034:trace:keyboard:X11DRV_KEYBOARD_DetectLayout Attempting to match against "Hungarian keyboard layout"
2051 wine_trace 0034:trace:key:X11DRV_KEYBOARD_DetectLayout mismatch for keycode 10, got "1!  "
2051 wine_trace 0034:trace:key:X11DRV_KEYBOARD_DetectLayout mismatch for keycode 11, got "2@  "
2052 wine_trace 0034:trace:key:X11DRV_KEYBOARD_DetectLayout mismatch for keycode 12, got "3#  "
2052 wine_trace 0034:trace:key:X11DRV_KEYBOARD_DetectLayout mismatch for keycode 13, got "4$  "
2052 wine_trace 0034:trace:key:X11DRV_KEYBOARD_DetectLayout mismatch for keycode 15, got "6^  "
2052 wine_trace 0034:trace:key:X11DRV_KEYBOARD_DetectLayout mismatch for keycode 16, got "7&  "
2052 wine_trace 0034:trace:key:X11DRV_KEYBOARD_DetectLayout mismatch for keycode 17, got "8*  "
2052 wine_trace 0034:trace:key:X11DRV_KEYBOARD_DetectLayout mismatch for keycode 18, got "9(  "
2052 wine_trace 0034:trace:key:X11DRV_KEYBOARD_DetectLayout mismatch for keycode 19, got "0)  "
2052 wine_trace 0034:trace:key:X11DRV_KEYBOARD_DetectLayout mismatch for keycode 21, got "=+  "
2053 wine_trace 0034:trace:key:X11DRV_KEYBOARD_DetectLayout mismatch for keycode 34, got "[{  "
2053 wine_trace 0034:trace:key:X11DRV_KEYBOARD_DetectLayout mismatch for keycode 35, got "]}  "
2053 wine_trace 0034:trace:key:X11DRV_KEYBOARD_DetectLayout mismatch for keycode 47, got ";:  "
2053 wine_trace 0034:trace:key:X11DRV_KEYBOARD_DetectLayout mismatch for keycode 48, got "'\"  "
2053 wine_trace 0034:trace:key:X11DRV_KEYBOARD_DetectLayout mismatch for keycode 49, got "`~  "
2053 wine_trace 0034:trace:key:X11DRV_KEYBOARD_DetectLayout mismatch for keycode 51, got "\\|  "
2053 wine_trace 0034:trace:key:X11DRV_KEYBOARD_DetectLayout mismatch for keycode 59, got ",<  "
2053 wine_trace 0034:trace:key:X11DRV_KEYBOARD_DetectLayout mismatch for keycode 60, got ".>  "
2054 wine_trace 0034:trace:key:X11DRV_KEYBOARD_DetectLayout mismatch for keycode 61, got "/?  "
2054 wine_trace 0034:trace:keyboard:X11DRV_KEYBOARD_DetectLayout matches=28, mismatches=19, seq=25, score=18
2054 wine_trace 0034:trace:keyboard:X11DRV_KEYBOARD_DetectLayout Attempting to match against "Polish (programmer's) keyboard layout"
2054 wine_trace 0034:trace:keyboard:X11DRV_KEYBOARD_DetectLayout matches=47, mismatches=0, seq=46, score=94
2054 wine_trace 0034:trace:keyboard:X11DRV_KEYBOARD_DetectLayout Attempting to match against "Slovenian keyboard layout"
2054 wine_trace 0034:trace:key:X11DRV_KEYBOARD_DetectLayout mismatch for keycode 11, got "2@  "
2054 wine_trace 0034:trace:key:X11DRV_KEYBOARD_DetectLayout mismatch for keycode 15, got "6^  "
2054 wine_trace 0034:trace:key:X11DRV_KEYBOARD_DetectLayout mismatch for keycode 16, got "7&  "
2054 wine_trace 0034:trace:key:X11DRV_KEYBOARD_DetectLayout mismatch for keycode 17, got "8*  "
2055 wine_trace 0034:trace:key:X11DRV_KEYBOARD_DetectLayout mismatch for keycode 18, got "9(  "
2055 wine_trace 0034:trace:key:X11DRV_KEYBOARD_DetectLayout mismatch for keycode 19, got "0)  "
2055 wine_trace 0034:trace:key:X11DRV_KEYBOARD_DetectLayout mismatch for keycode 21, got "=+  "
2055 wine_trace 0034:trace:key:X11DRV_KEYBOARD_DetectLayout mismatch for keycode 34, got "[{  "
2055 wine_trace 0034:trace:key:X11DRV_KEYBOARD_DetectLayout mismatch for keycode 35, got "]}  "
2055 wine_trace 0034:trace:key:X11DRV_KEYBOARD_DetectLayout mismatch for keycode 47, got ";:  "
2055 wine_trace 0034:trace:key:X11DRV_KEYBOARD_DetectLayout mismatch for keycode 48, got "'\"  "
2055 wine_trace 0034:trace:key:X11DRV_KEYBOARD_DetectLayout mismatch for keycode 49, got "`~  "
2055 wine_trace 0034:trace:key:X11DRV_KEYBOARD_DetectLayout mismatch for keycode 51, got "\\|  "
2056 wine_trace 0034:trace:key:X11DRV_KEYBOARD_DetectLayout mismatch for keycode 59, got ",<  "
2056 wine_trace 0034:trace:key:X11DRV_KEYBOARD_DetectLayout mismatch for keycode 60, got ".>  "
2056 wine_trace 0034:trace:key:X11DRV_KEYBOARD_DetectLayout mismatch for keycode 61, got "/?  "
2056 wine_trace 0034:trace:keyboard:X11DRV_KEYBOARD_DetectLayout matches=31, mismatches=16, seq=28, score=30
2056 wine_trace 0034:trace:keyboard:X11DRV_KEYBOARD_DetectLayout Attempting to match against "Serbian keyboard layout sr"
2056 wine_trace 0034:trace:key:X11DRV_KEYBOARD_DetectLayout mismatch for keycode 11, got "2@  "
2056 wine_trace 0034:trace:key:X11DRV_KEYBOARD_DetectLayout mismatch for keycode 15, got "6^  "
2056 wine_trace 0034:trace:key:X11DRV_KEYBOARD_DetectLayout mismatch for keycode 16, got "7&  "
2056 wine_trace 0034:trace:key:X11DRV_KEYBOARD_DetectLayout mismatch for keycode 17, got "8*  "
2056 wine_trace 0034:trace:key:X11DRV_KEYBOARD_DetectLayout mismatch for keycode 18, got "9(  "
2057 wine_trace 0034:trace:key:X11DRV_KEYBOARD_DetectLayout mismatch for keycode 19, got "0)  "
2057 wine_trace 0034:trace:key:X11DRV_KEYBOARD_DetectLayout mismatch for keycode 21, got "=+  "
2057 wine_trace 0034:trace:key:X11DRV_KEYBOARD_DetectLayout mismatch for keycode 24, got "qQ  "
2057 wine_trace 0034:trace:key:X11DRV_KEYBOARD_DetectLayout mismatch for keycode 25, got "wW  "
2057 wine_trace 0034:trace:key:X11DRV_KEYBOARD_DetectLayout mismatch for keycode 26, got "eE  "
2057 wine_trace 0034:trace:key:X11DRV_KEYBOARD_DetectLayout mismatch for keycode 27, got "rR  "
2057 wine_trace 0034:trace:key:X11DRV_KEYBOARD_DetectLayout mismatch for keycode 28, got "tT  "
2057 wine_trace 0034:trace:key:X11DRV_KEYBOARD_DetectLayout mismatch for keycode 29, got "yY  "
2057 wine_trace 0034:trace:key:X11DRV_KEYBOARD_DetectLayout mismatch for keycode 30, got "uU  "
2058 wine_trace 0034:trace:key:X11DRV_KEYBOARD_DetectLayout mismatch for keycode 31, got "iI  "
2058 wine_trace 0034:trace:key:X11DRV_KEYBOARD_DetectLayout mismatch for keycode 32, got "oO  "
2058 wine_trace 0034:trace:key:X11DRV_KEYBOARD_DetectLayout mismatch for keycode 33, got "pP  "
2058 wine_trace 0034:trace:key:X11DRV_KEYBOARD_DetectLayout mismatch for keycode 34, got "[{  "
2058 wine_trace 0034:trace:key:X11DRV_KEYBOARD_DetectLayout mismatch for keycode 35, got "]}  "
2058 wine_trace 0034:trace:key:X11DRV_KEYBOARD_DetectLayout mismatch for keycode 38, got "aA  "
2058 wine_trace 0034:trace:key:X11DRV_KEYBOARD_DetectLayout mismatch for keycode 39, got "sS  "
2058 wine_trace 0034:trace:key:X11DRV_KEYBOARD_DetectLayout mismatch for keycode 40, got "dD  "
2058 wine_trace 0034:trace:key:X11DRV_KEYBOARD_DetectLayout mismatch for keycode 41, got "fF  "
2058 wine_trace 0034:trace:key:X11DRV_KEYBOARD_DetectLayout mismatch for keycode 42, got "gG  "
2059 wine_trace 0034:trace:key:X11DRV_KEYBOARD_DetectLayout mismatch for keycode 43, got "hH  "
2059 wine_trace 0034:trace:key:X11DRV_KEYBOARD_DetectLayout mismatch for keycode 44, got "jJ  "
2059 wine_trace 0034:trace:key:X11DRV_KEYBOARD_DetectLayout mismatch for keycode 45, got "kK  "
2059 wine_trace 0034:trace:key:X11DRV_KEYBOARD_DetectLayout mismatch for keycode 46, got "lL  "
2059 wine_trace 0034:trace:key:X11DRV_KEYBOARD_DetectLayout mismatch for keycode 47, got ";:  "
2059 wine_trace 0034:trace:key:X11DRV_KEYBOARD_DetectLayout mismatch for keycode 48, got "'\"  "
2059 wine_trace 0034:trace:key:X11DRV_KEYBOARD_DetectLayout mismatch for keycode 51, got "\\|  "
2059 wine_trace 0034:trace:key:X11DRV_KEYBOARD_DetectLayout mismatch for keycode 52, got "zZ  "
2060 wine_trace 0034:trace:key:X11DRV_KEYBOARD_DetectLayout mismatch for keycode 53, got "xX  "
2060 wine_trace 0034:trace:key:X11DRV_KEYBOARD_DetectLayout mismatch for keycode 54, got "cC  "
2060 wine_trace 0034:trace:key:X11DRV_KEYBOARD_DetectLayout mismatch for keycode 55, got "vV  "
2060 wine_trace 0034:trace:key:X11DRV_KEYBOARD_DetectLayout mismatch for keycode 56, got "bB  "
2060 wine_trace 0034:trace:key:X11DRV_KEYBOARD_DetectLayout mismatch for keycode 57, got "nN  "
2060 wine_trace 0034:trace:key:X11DRV_KEYBOARD_DetectLayout mismatch for keycode 58, got "mM  "
2060 wine_trace 0034:trace:key:X11DRV_KEYBOARD_DetectLayout mismatch for keycode 59, got ",<  "
2060 wine_trace 0034:trace:key:X11DRV_KEYBOARD_DetectLayout mismatch for keycode 60, got ".>  "
2060 wine_trace 0034:trace:key:X11DRV_KEYBOARD_DetectLayout mismatch for keycode 61, got "/?  "
2060 wine_trace 0034:trace:keyboard:X11DRV_KEYBOARD_DetectLayout matches=6, mismatches=41, seq=5, score=-70
2061 wine_trace 0034:trace:keyboard:X11DRV_KEYBOARD_DetectLayout Attempting to match against "Serbian keyboard layout us,sr"
2061 wine_trace 0034:trace:keyboard:X11DRV_KEYBOARD_DetectLayout matches=47, mismatches=0, seq=46, score=94
2061 wine_trace 0034:trace:keyboard:X11DRV_KEYBOARD_DetectLayout Attempting to match against "Croatian keyboard layout"
2061 wine_trace 0034:trace:key:X11DRV_KEYBOARD_DetectLayout mismatch for keycode 11, got "2@  "
2061 wine_trace 0034:trace:key:X11DRV_KEYBOARD_DetectLayout mismatch for keycode 15, got "6^  "
2061 wine_trace 0034:trace:key:X11DRV_KEYBOARD_DetectLayout mismatch for keycode 16, got "7&  "
2061 wine_trace 0034:trace:key:X11DRV_KEYBOARD_DetectLayout mismatch for keycode 17, got "8*  "
2061 wine_trace 0034:trace:key:X11DRV_KEYBOARD_DetectLayout mismatch for keycode 18, got "9(  "
2061 wine_trace 0034:trace:key:X11DRV_KEYBOARD_DetectLayout mismatch for keycode 19, got "0)  "
2062 wine_trace 0034:trace:key:X11DRV_KEYBOARD_DetectLayout mismatch for keycode 20, got "-_  "
2062 wine_trace 0034:trace:key:X11DRV_KEYBOARD_DetectLayout mismatch for keycode 21, got "=+  "
2062 wine_trace 0034:trace:key:X11DRV_KEYBOARD_DetectLayout mismatch for keycode 34, got "[{  "
2062 wine_trace 0034:trace:key:X11DRV_KEYBOARD_DetectLayout mismatch for keycode 35, got "]}  "
2062 wine_trace 0034:trace:key:X11DRV_KEYBOARD_DetectLayout mismatch for keycode 47, got ";:  "
2062 wine_trace 0034:trace:key:X11DRV_KEYBOARD_DetectLayout mismatch for keycode 48, got "'\"  "
2062 wine_trace 0034:trace:key:X11DRV_KEYBOARD_DetectLayout mismatch for keycode 49, got "`~  "
2062 wine_trace 0034:trace:key:X11DRV_KEYBOARD_DetectLayout mismatch for keycode 51, got "\\|  "
2062 wine_trace 0034:trace:key:X11DRV_KEYBOARD_DetectLayout mismatch for keycode 59, got ",<  "
2063 wine_trace 0034:trace:key:X11DRV_KEYBOARD_DetectLayout mismatch for keycode 60, got ".>  "
2063 wine_trace 0034:trace:keyboard:X11DRV_KEYBOARD_DetectLayout matches=31, mismatches=16, seq=29, score=30
2063 wine_trace 0034:trace:keyboard:X11DRV_KEYBOARD_DetectLayout Attempting to match against "Croatian keyboard layout (specific)"
2063 wine_trace 0034:trace:keyboard:X11DRV_KEYBOARD_DetectLayout matches=47, mismatches=0, seq=46, score=94
2063 wine_trace 0034:trace:keyboard:X11DRV_KEYBOARD_DetectLayout Attempting to match against "Japanese 106 keyboard layout"
2063 wine_trace 0034:trace:key:X11DRV_KEYBOARD_DetectLayout mismatch for keycode 11, got "2@  "
2063 wine_trace 0034:trace:key:X11DRV_KEYBOARD_DetectLayout mismatch for keycode 15, got "6^  "
2064 wine_trace 0034:trace:key:X11DRV_KEYBOARD_DetectLayout mismatch for keycode 16, got "7&  "
2064 wine_trace 0034:trace:key:X11DRV_KEYBOARD_DetectLayout mismatch for keycode 17, got "8*  "
2064 wine_trace 0034:trace:key:X11DRV_KEYBOARD_DetectLayout mismatch for keycode 18, got "9(  "
2064 wine_trace 0034:trace:key:X11DRV_KEYBOARD_DetectLayout mismatch for keycode 19, got "0)  "
2064 wine_trace 0034:trace:key:X11DRV_KEYBOARD_DetectLayout mismatch for keycode 20, got "-_  "
2064 wine_trace 0034:trace:key:X11DRV_KEYBOARD_DetectLayout mismatch for keycode 21, got "=+  "
2064 wine_trace 0034:trace:key:X11DRV_KEYBOARD_DetectLayout mismatch for keycode 47, got ";:  "
2064 wine_trace 0034:trace:key:X11DRV_KEYBOARD_DetectLayout mismatch for keycode 48, got "'\"  "
2064 wine_trace 0034:trace:key:X11DRV_KEYBOARD_DetectLayout mismatch for keycode 49, got "`~  "
2065 wine_trace 0034:trace:keyboard:X11DRV_KEYBOARD_DetectLayout matches=36, mismatches=11, seq=34, score=50
2065 wine_trace 0034:trace:keyboard:X11DRV_KEYBOARD_DetectLayout Attempting to match against "Japanese Mac keyboard layout"
2065 wine_trace 0034:trace:key:X11DRV_KEYBOARD_DetectLayout mismatch for keycode 11, got "2@  "
2065 wine_trace 0034:trace:key:X11DRV_KEYBOARD_DetectLayout mismatch for keycode 15, got "6^  "
2065 wine_trace 0034:trace:key:X11DRV_KEYBOARD_DetectLayout mismatch for keycode 16, got "7&  "
2065 wine_trace 0034:trace:key:X11DRV_KEYBOARD_DetectLayout mismatch for keycode 17, got "8*  "
2065 wine_trace 0034:trace:key:X11DRV_KEYBOARD_DetectLayout mismatch for keycode 18, got "9(  "
2065 wine_trace 0034:trace:key:X11DRV_KEYBOARD_DetectLayout mismatch for keycode 20, got "-_  "
2065 wine_trace 0034:trace:key:X11DRV_KEYBOARD_DetectLayout mismatch for keycode 21, got "=+  "
2065 wine_trace 0034:trace:key:X11DRV_KEYBOARD_DetectLayout mismatch for keycode 47, got ";:  "
2066 wine_trace 0034:trace:key:X11DRV_KEYBOARD_DetectLayout mismatch for keycode 48, got "'\"  "
2066 wine_trace 0034:trace:key:X11DRV_KEYBOARD_DetectLayout mismatch for keycode 49, got "`~  "
2066 wine_trace 0034:trace:keyboard:X11DRV_KEYBOARD_DetectLayout matches=37, mismatches=10, seq=35, score=53
2066 wine_trace 0034:trace:keyboard:X11DRV_KEYBOARD_DetectLayout Attempting to match against "Japanese pc98x1 keyboard layout"
2066 wine_trace 0034:trace:key:X11DRV_KEYBOARD_DetectLayout mismatch for keycode 11, got "2@  "
2066 wine_trace 0034:trace:key:X11DRV_KEYBOARD_DetectLayout mismatch for keycode 15, got "6^  "
2066 wine_trace 0034:trace:key:X11DRV_KEYBOARD_DetectLayout mismatch for keycode 16, got "7&  "
2066 wine_trace 0034:trace:key:X11DRV_KEYBOARD_DetectLayout mismatch for keycode 17, got "8*  "
2066 wine_trace 0034:trace:key:X11DRV_KEYBOARD_DetectLayout mismatch for keycode 18, got "9(  "
2067 wine_trace 0034:trace:key:X11DRV_KEYBOARD_DetectLayout mismatch for keycode 20, got "-_  "
2067 wine_trace 0034:trace:key:X11DRV_KEYBOARD_DetectLayout mismatch for keycode 21, got "=+  "
2067 wine_trace 0034:trace:key:X11DRV_KEYBOARD_DetectLayout mismatch for keycode 47, got ";:  "
2067 wine_trace 0034:trace:key:X11DRV_KEYBOARD_DetectLayout mismatch for keycode 48, got "'\"  "
2067 wine_trace 0034:trace:key:X11DRV_KEYBOARD_DetectLayout mismatch for keycode 49, got "`~  "
2067 wine_trace 0034:trace:keyboard:X11DRV_KEYBOARD_DetectLayout matches=37, mismatches=10, seq=35, score=53
2067 wine_trace 0034:trace:keyboard:X11DRV_KEYBOARD_DetectLayout Attempting to match against "Slovak keyboard layout"
2067 wine_trace 0034:trace:key:X11DRV_KEYBOARD_DetectLayout mismatch for keycode 10, got "1!  "
2067 wine_trace 0034:trace:key:X11DRV_KEYBOARD_DetectLayout mismatch for keycode 11, got "2@  "
2068 wine_trace 0034:trace:key:X11DRV_KEYBOARD_DetectLayout mismatch for keycode 12, got "3#  "
2068 wine_trace 0034:trace:key:X11DRV_KEYBOARD_DetectLayout mismatch for keycode 13, got "4$  "
2068 wine_trace 0034:trace:key:X11DRV_KEYBOARD_DetectLayout mismatch for keycode 14, got "5%  "
2068 wine_trace 0034:trace:key:X11DRV_KEYBOARD_DetectLayout mismatch for keycode 15, got "6^  "
2068 wine_trace 0034:trace:key:X11DRV_KEYBOARD_DetectLayout mismatch for keycode 16, got "7&  "
2068 wine_trace 0034:trace:key:X11DRV_KEYBOARD_DetectLayout mismatch for keycode 17, got "8*  "
2068 wine_trace 0034:trace:key:X11DRV_KEYBOARD_DetectLayout mismatch for keycode 18, got "9(  "
2068 wine_trace 0034:trace:key:X11DRV_KEYBOARD_DetectLayout mismatch for keycode 19, got "0)  "
2068 wine_trace 0034:trace:key:X11DRV_KEYBOARD_DetectLayout mismatch for keycode 21, got "=+  "
2068 wine_trace 0034:trace:key:X11DRV_KEYBOARD_DetectLayout mismatch for keycode 34, got "[{  "
2069 wine_trace 0034:trace:key:X11DRV_KEYBOARD_DetectLayout mismatch for keycode 35, got "]}  "
2069 wine_trace 0034:trace:key:X11DRV_KEYBOARD_DetectLayout mismatch for keycode 47, got ";:  "
2069 wine_trace 0034:trace:key:X11DRV_KEYBOARD_DetectLayout mismatch for keycode 48, got "'\"  "
2069 wine_trace 0034:trace:key:X11DRV_KEYBOARD_DetectLayout mismatch for keycode 49, got "`~  "
2069 wine_trace 0034:trace:key:X11DRV_KEYBOARD_DetectLayout mismatch for keycode 51, got "\\|  "
2069 wine_trace 0034:trace:key:X11DRV_KEYBOARD_DetectLayout mismatch for keycode 59, got ",<  "
2069 wine_trace 0034:trace:key:X11DRV_KEYBOARD_DetectLayout mismatch for keycode 60, got ".>  "
2069 wine_trace 0034:trace:key:X11DRV_KEYBOARD_DetectLayout mismatch for keycode 61, got "/?  "
2069 wine_trace 0034:trace:keyboard:X11DRV_KEYBOARD_DetectLayout matches=27, mismatches=20, seq=26, score=14
2069 wine_trace 0034:trace:keyboard:X11DRV_KEYBOARD_DetectLayout Attempting to match against "Slovak and Czech keyboard layout without dead keys"
2070 wine_trace 0034:trace:keyboard:X11DRV_KEYBOARD_DetectLayout matches=47, mismatches=0, seq=46, score=94
2070 wine_trace 0034:trace:keyboard:X11DRV_KEYBOARD_DetectLayout Attempting to match against "Czech keyboard layout"
2070 wine_trace 0034:trace:key:X11DRV_KEYBOARD_DetectLayout mismatch for keycode 10, got "1!  "
2070 wine_trace 0034:trace:key:X11DRV_KEYBOARD_DetectLayout mismatch for keycode 11, got "2@  "
2070 wine_trace 0034:trace:key:X11DRV_KEYBOARD_DetectLayout mismatch for keycode 12, got "3#  "
2070 wine_trace 0034:trace:key:X11DRV_KEYBOARD_DetectLayout mismatch for keycode 13, got "4$  "
2070 wine_trace 0034:trace:key:X11DRV_KEYBOARD_DetectLayout mismatch for keycode 14, got "5%  "
2070 wine_trace 0034:trace:key:X11DRV_KEYBOARD_DetectLayout mismatch for keycode 15, got "6^  "
2070 wine_trace 0034:trace:key:X11DRV_KEYBOARD_DetectLayout mismatch for keycode 16, got "7&  "
2071 wine_trace 0034:trace:key:X11DRV_KEYBOARD_DetectLayout mismatch for keycode 17, got "8*  "
2071 wine_trace 0034:trace:key:X11DRV_KEYBOARD_DetectLayout mismatch for keycode 18, got "9(  "
2071 wine_trace 0034:trace:key:X11DRV_KEYBOARD_DetectLayout mismatch for keycode 19, got "0)  "
2071 wine_trace 0034:trace:key:X11DRV_KEYBOARD_DetectLayout mismatch for keycode 21, got "=+  "
2071 wine_trace 0034:trace:key:X11DRV_KEYBOARD_DetectLayout mismatch for keycode 34, got "[{  "
2071 wine_trace 0034:trace:key:X11DRV_KEYBOARD_DetectLayout mismatch for keycode 35, got "]}  "
2071 wine_trace 0034:trace:key:X11DRV_KEYBOARD_DetectLayout mismatch for keycode 48, got "'\"  "
2071 wine_trace 0034:trace:key:X11DRV_KEYBOARD_DetectLayout mismatch for keycode 49, got "`~  "
2071 wine_trace 0034:trace:key:X11DRV_KEYBOARD_DetectLayout mismatch for keycode 51, got "\\|  "
2071 wine_trace 0034:trace:key:X11DRV_KEYBOARD_DetectLayout mismatch for keycode 59, got ",<  "
2072 wine_trace 0034:trace:key:X11DRV_KEYBOARD_DetectLayout mismatch for keycode 60, got ".>  "
2072 wine_trace 0034:trace:key:X11DRV_KEYBOARD_DetectLayout mismatch for keycode 61, got "/?  "
2072 wine_trace 0034:trace:keyboard:X11DRV_KEYBOARD_DetectLayout matches=28, mismatches=19, seq=26, score=17
2072 wine_trace 0034:trace:keyboard:X11DRV_KEYBOARD_DetectLayout Attempting to match against "Czech keyboard layout cz"
2072 wine_trace 0034:trace:key:X11DRV_KEYBOARD_DetectLayout mismatch for keycode 10, got "1!  "
2072 wine_trace 0034:trace:key:X11DRV_KEYBOARD_DetectLayout mismatch for keycode 11, got "2@  "
2072 wine_trace 0034:trace:key:X11DRV_KEYBOARD_DetectLayout mismatch for keycode 12, got "3#  "
2072 wine_trace 0034:trace:key:X11DRV_KEYBOARD_DetectLayout mismatch for keycode 13, got "4$  "
2072 wine_trace 0034:trace:key:X11DRV_KEYBOARD_DetectLayout mismatch for keycode 14, got "5%  "
2073 wine_trace 0034:trace:key:X11DRV_KEYBOARD_DetectLayout mismatch for keycode 15, got "6^  "
2073 wine_trace 0034:trace:key:X11DRV_KEYBOARD_DetectLayout mismatch for keycode 16, got "7&  "
2073 wine_trace 0034:trace:key:X11DRV_KEYBOARD_DetectLayout mismatch for keycode 17, got "8*  "
2073 wine_trace 0034:trace:key:X11DRV_KEYBOARD_DetectLayout mismatch for keycode 18, got "9(  "
2073 wine_trace 0034:trace:key:X11DRV_KEYBOARD_DetectLayout mismatch for keycode 19, got "0)  "
2073 wine_trace 0034:trace:key:X11DRV_KEYBOARD_DetectLayout mismatch for keycode 21, got "=+  "
2073 wine_trace 0034:trace:key:X11DRV_KEYBOARD_DetectLayout mismatch for keycode 34, got "[{  "
2073 wine_trace 0034:trace:key:X11DRV_KEYBOARD_DetectLayout mismatch for keycode 35, got "]}  "
2073 wine_trace 0034:trace:key:X11DRV_KEYBOARD_DetectLayout mismatch for keycode 48, got "'\"  "
2074 wine_trace 0034:trace:key:X11DRV_KEYBOARD_DetectLayout mismatch for keycode 49, got "`~  "
2074 wine_trace 0034:trace:key:X11DRV_KEYBOARD_DetectLayout mismatch for keycode 59, got ",<  "
2074 wine_trace 0034:trace:key:X11DRV_KEYBOARD_DetectLayout mismatch for keycode 60, got ".>  "
2074 wine_trace 0034:trace:key:X11DRV_KEYBOARD_DetectLayout mismatch for keycode 61, got "/?  "
2074 wine_trace 0034:trace:keyboard:X11DRV_KEYBOARD_DetectLayout matches=29, mismatches=18, seq=25, score=20
2074 wine_trace 0034:trace:keyboard:X11DRV_KEYBOARD_DetectLayout Attempting to match against "Czech keyboard layout cz_qwerty"
2074 wine_trace 0034:trace:key:X11DRV_KEYBOARD_DetectLayout mismatch for keycode 10, got "1!  "
2074 wine_trace 0034:trace:key:X11DRV_KEYBOARD_DetectLayout mismatch for keycode 11, got "2@  "
2074 wine_trace 0034:trace:key:X11DRV_KEYBOARD_DetectLayout mismatch for keycode 12, got "3#  "
2074 wine_trace 0034:trace:key:X11DRV_KEYBOARD_DetectLayout mismatch for keycode 13, got "4$  "
2075 wine_trace 0034:trace:key:X11DRV_KEYBOARD_DetectLayout mismatch for keycode 14, got "5%  "
2075 wine_trace 0034:trace:key:X11DRV_KEYBOARD_DetectLayout mismatch for keycode 15, got "6^  "
2075 wine_trace 0034:trace:key:X11DRV_KEYBOARD_DetectLayout mismatch for keycode 16, got "7&  "
2075 wine_trace 0034:trace:key:X11DRV_KEYBOARD_DetectLayout mismatch for keycode 17, got "8*  "
2075 wine_trace 0034:trace:key:X11DRV_KEYBOARD_DetectLayout mismatch for keycode 18, got "9(  "
2075 wine_trace 0034:trace:key:X11DRV_KEYBOARD_DetectLayout mismatch for keycode 19, got "0)  "
2075 wine_trace 0034:trace:key:X11DRV_KEYBOARD_DetectLayout mismatch for keycode 21, got "=+  "
2075 wine_trace 0034:trace:key:X11DRV_KEYBOARD_DetectLayout mismatch for keycode 34, got "[{  "
2076 wine_trace 0034:trace:key:X11DRV_KEYBOARD_DetectLayout mismatch for keycode 35, got "]}  "
2076 wine_trace 0034:trace:key:X11DRV_KEYBOARD_DetectLayout mismatch for keycode 48, got "'\"  "
2076 wine_trace 0034:trace:key:X11DRV_KEYBOARD_DetectLayout mismatch for keycode 49, got "`~  "
2076 wine_trace 0034:trace:key:X11DRV_KEYBOARD_DetectLayout mismatch for keycode 59, got ",<  "
2076 wine_trace 0034:trace:key:X11DRV_KEYBOARD_DetectLayout mismatch for keycode 60, got ".>  "
2076 wine_trace 0034:trace:key:X11DRV_KEYBOARD_DetectLayout mismatch for keycode 61, got "/?  "
2076 wine_trace 0034:trace:keyboard:X11DRV_KEYBOARD_DetectLayout matches=29, mismatches=18, seq=26, score=20
2076 wine_trace 0034:trace:keyboard:X11DRV_KEYBOARD_DetectLayout Attempting to match against "Latin American keyboard layout"
2076 wine_trace 0034:trace:key:X11DRV_KEYBOARD_DetectLayout mismatch for keycode 11, got "2@  "
2077 wine_trace 0034:trace:key:X11DRV_KEYBOARD_DetectLayout mismatch for keycode 15, got "6^  "
2077 wine_trace 0034:trace:key:X11DRV_KEYBOARD_DetectLayout mismatch for keycode 16, got "7&  "
2077 wine_trace 0034:trace:key:X11DRV_KEYBOARD_DetectLayout mismatch for keycode 17, got "8*  "
2077 wine_trace 0034:trace:key:X11DRV_KEYBOARD_DetectLayout mismatch for keycode 18, got "9(  "
2077 wine_trace 0034:trace:key:X11DRV_KEYBOARD_DetectLayout mismatch for keycode 19, got "0)  "
2077 wine_trace 0034:trace:key:X11DRV_KEYBOARD_DetectLayout mismatch for keycode 21, got "=+  "
2077 wine_trace 0034:trace:key:X11DRV_KEYBOARD_DetectLayout mismatch for keycode 34, got "[{  "
2077 wine_trace 0034:trace:key:X11DRV_KEYBOARD_DetectLayout mismatch for keycode 35, got "]}  "
2077 wine_trace 0034:trace:key:X11DRV_KEYBOARD_DetectLayout mismatch for keycode 47, got ";:  "
2077 wine_trace 0034:trace:key:X11DRV_KEYBOARD_DetectLayout mismatch for keycode 48, got "'\"  "
2078 wine_trace 0034:trace:key:X11DRV_KEYBOARD_DetectLayout mismatch for keycode 49, got "`~  "
2078 wine_trace 0034:trace:key:X11DRV_KEYBOARD_DetectLayout mismatch for keycode 51, got "\\|  "
2078 wine_trace 0034:trace:key:X11DRV_KEYBOARD_DetectLayout mismatch for keycode 59, got ",<  "
2078 wine_trace 0034:trace:key:X11DRV_KEYBOARD_DetectLayout mismatch for keycode 60, got ".>  "
2078 wine_trace 0034:trace:key:X11DRV_KEYBOARD_DetectLayout mismatch for keycode 61, got "/?  "
2078 wine_trace 0034:trace:keyboard:X11DRV_KEYBOARD_DetectLayout matches=31, mismatches=16, seq=30, score=30
2078 wine_trace 0034:trace:keyboard:X11DRV_KEYBOARD_DetectLayout Attempting to match against "Lithuanian (Baltic) keyboard layout"
2078 wine_trace 0034:trace:key:X11DRV_KEYBOARD_DetectLayout mismatch for keycode 10, got "1!  "
2078 wine_trace 0034:trace:key:X11DRV_KEYBOARD_DetectLayout mismatch for keycode 11, got "2@  "
2078 wine_trace 0034:trace:key:X11DRV_KEYBOARD_DetectLayout mismatch for keycode 12, got "3#  "
2079 wine_trace 0034:trace:key:X11DRV_KEYBOARD_DetectLayout mismatch for keycode 13, got "4$  "
2079 wine_trace 0034:trace:key:X11DRV_KEYBOARD_DetectLayout mismatch for keycode 14, got "5%  "
2079 wine_trace 0034:trace:key:X11DRV_KEYBOARD_DetectLayout mismatch for keycode 15, got "6^  "
2079 wine_trace 0034:trace:key:X11DRV_KEYBOARD_DetectLayout mismatch for keycode 16, got "7&  "
2079 wine_trace 0034:trace:key:X11DRV_KEYBOARD_DetectLayout mismatch for keycode 17, got "8*  "
2079 wine_trace 0034:trace:key:X11DRV_KEYBOARD_DetectLayout mismatch for keycode 18, got "9(  "
2079 wine_trace 0034:trace:key:X11DRV_KEYBOARD_DetectLayout mismatch for keycode 19, got "0)  "
2079 wine_trace 0034:trace:key:X11DRV_KEYBOARD_DetectLayout mismatch for keycode 21, got "=+  "
2079 wine_trace 0034:trace:keyboard:X11DRV_KEYBOARD_DetectLayout matches=36, mismatches=11, seq=35, score=50
2079 wine_trace 0034:trace:keyboard:X11DRV_KEYBOARD_DetectLayout Attempting to match against "Turkish keyboard layout"
2080 wine_trace 0034:trace:key:X11DRV_KEYBOARD_DetectLayout mismatch for keycode 11, got "2@  "
2080 wine_trace 0034:trace:key:X11DRV_KEYBOARD_DetectLayout mismatch for keycode 12, got "3#  "
2080 wine_trace 0034:trace:key:X11DRV_KEYBOARD_DetectLayout mismatch for keycode 13, got "4$  "
2080 wine_trace 0034:trace:key:X11DRV_KEYBOARD_DetectLayout mismatch for keycode 15, got "6^  "
2080 wine_trace 0034:trace:key:X11DRV_KEYBOARD_DetectLayout mismatch for keycode 16, got "7&  "
2080 wine_trace 0034:trace:key:X11DRV_KEYBOARD_DetectLayout mismatch for keycode 17, got "8*  "
2080 wine_trace 0034:trace:key:X11DRV_KEYBOARD_DetectLayout mismatch for keycode 18, got "9(  "
2080 wine_trace 0034:trace:key:X11DRV_KEYBOARD_DetectLayout mismatch for keycode 19, got "0)  "
2080 wine_trace 0034:trace:key:X11DRV_KEYBOARD_DetectLayout mismatch for keycode 21, got "=+  "
2080 wine_trace 0034:trace:key:X11DRV_KEYBOARD_DetectLayout mismatch for keycode 31, got "iI  "
2081 wine_trace 0034:trace:key:X11DRV_KEYBOARD_DetectLayout mismatch for keycode 34, got "[{  "
2081 wine_trace 0034:trace:key:X11DRV_KEYBOARD_DetectLayout mismatch for keycode 35, got "]}  "
2081 wine_trace 0034:trace:key:X11DRV_KEYBOARD_DetectLayout mismatch for keycode 47, got ";:  "
2081 wine_trace 0034:trace:key:X11DRV_KEYBOARD_DetectLayout mismatch for keycode 48, got "'\"  "
2081 wine_trace 0034:trace:key:X11DRV_KEYBOARD_DetectLayout mismatch for keycode 49, got "`~  "
2081 wine_trace 0034:trace:key:X11DRV_KEYBOARD_DetectLayout mismatch for keycode 51, got "\\|  "
2081 wine_trace 0034:trace:key:X11DRV_KEYBOARD_DetectLayout mismatch for keycode 59, got ",<  "
2081 wine_trace 0034:trace:key:X11DRV_KEYBOARD_DetectLayout mismatch for keycode 60, got ".>  "
2081 wine_trace 0034:trace:key:X11DRV_KEYBOARD_DetectLayout mismatch for keycode 61, got "/?  "
2082 wine_trace 0034:trace:keyboard:X11DRV_KEYBOARD_DetectLayout matches=28, mismatches=19, seq=28, score=18
2082 wine_trace 0034:trace:keyboard:X11DRV_KEYBOARD_DetectLayout Attempting to match against "Turkish keyboard layout tr"
2082 wine_trace 0034:trace:key:X11DRV_KEYBOARD_DetectLayout mismatch for keycode 11, got "2@  "
2082 wine_trace 0034:trace:key:X11DRV_KEYBOARD_DetectLayout mismatch for keycode 12, got "3#  "
2082 wine_trace 0034:trace:key:X11DRV_KEYBOARD_DetectLayout mismatch for keycode 13, got "4$  "
2082 wine_trace 0034:trace:key:X11DRV_KEYBOARD_DetectLayout mismatch for keycode 15, got "6^  "
2082 wine_trace 0034:trace:key:X11DRV_KEYBOARD_DetectLayout mismatch for keycode 16, got "7&  "
2082 wine_trace 0034:trace:key:X11DRV_KEYBOARD_DetectLayout mismatch for keycode 17, got "8*  "
2082 wine_trace 0034:trace:key:X11DRV_KEYBOARD_DetectLayout mismatch for keycode 18, got "9(  "
2082 wine_trace 0034:trace:key:X11DRV_KEYBOARD_DetectLayout mismatch for keycode 19, got "0)  "
2082 wine_trace 0034:trace:key:X11DRV_KEYBOARD_DetectLayout mismatch for keycode 21, got "=+  "
2083 wine_trace 0034:trace:key:X11DRV_KEYBOARD_DetectLayout mismatch for keycode 34, got "[{  "
2083 wine_trace 0034:trace:key:X11DRV_KEYBOARD_DetectLayout mismatch for keycode 35, got "]}  "
2083 wine_trace 0034:trace:key:X11DRV_KEYBOARD_DetectLayout mismatch for keycode 47, got ";:  "
2083 wine_trace 0034:trace:key:X11DRV_KEYBOARD_DetectLayout mismatch for keycode 48, got "'\"  "
2083 wine_trace 0034:trace:key:X11DRV_KEYBOARD_DetectLayout mismatch for keycode 49, got "`~  "
2083 wine_trace 0034:trace:key:X11DRV_KEYBOARD_DetectLayout mismatch for keycode 51, got "\\|  "
2083 wine_trace 0034:trace:key:X11DRV_KEYBOARD_DetectLayout mismatch for keycode 59, got ",<  "
2083 wine_trace 0034:trace:key:X11DRV_KEYBOARD_DetectLayout mismatch for keycode 60, got ".>  "
2083 wine_trace 0034:trace:key:X11DRV_KEYBOARD_DetectLayout mismatch for keycode 61, got "/?  "
2084 wine_trace 0034:trace:keyboard:X11DRV_KEYBOARD_DetectLayout matches=29, mismatches=18, seq=28, score=21
2084 wine_trace 0034:trace:keyboard:X11DRV_KEYBOARD_DetectLayout Attempting to match against "Turkish keyboard layout trf"
2084 wine_trace 0034:trace:key:X11DRV_KEYBOARD_DetectLayout mismatch for keycode 11, got "2@  "
2084 wine_trace 0034:trace:key:X11DRV_KEYBOARD_DetectLayout mismatch for keycode 12, got "3#  "
2084 wine_trace 0034:trace:key:X11DRV_KEYBOARD_DetectLayout mismatch for keycode 15, got "6^  "
2084 wine_trace 0034:trace:key:X11DRV_KEYBOARD_DetectLayout mismatch for keycode 16, got "7&  "
2084 wine_trace 0034:trace:key:X11DRV_KEYBOARD_DetectLayout mismatch for keycode 17, got "8*  "
2084 wine_trace 0034:trace:key:X11DRV_KEYBOARD_DetectLayout mismatch for keycode 18, got "9(  "
2084 wine_trace 0034:trace:key:X11DRV_KEYBOARD_DetectLayout mismatch for keycode 19, got "0)  "
2085 wine_trace 0034:trace:key:X11DRV_KEYBOARD_DetectLayout mismatch for keycode 21, got "=+  "
2085 wine_trace 0034:trace:key:X11DRV_KEYBOARD_DetectLayout mismatch for keycode 34, got "[{  "
2085 wine_trace 0034:trace:key:X11DRV_KEYBOARD_DetectLayout mismatch for keycode 35, got "]}  "
2085 wine_trace 0034:trace:key:X11DRV_KEYBOARD_DetectLayout mismatch for keycode 47, got ";:  "
2085 wine_trace 0034:trace:key:X11DRV_KEYBOARD_DetectLayout mismatch for keycode 48, got "'\"  "
2085 wine_trace 0034:trace:key:X11DRV_KEYBOARD_DetectLayout mismatch for keycode 49, got "`~  "
2085 wine_trace 0034:trace:key:X11DRV_KEYBOARD_DetectLayout mismatch for keycode 51, got "\\|  "
2085 wine_trace 0034:trace:key:X11DRV_KEYBOARD_DetectLayout mismatch for keycode 59, got ",<  "
2085 wine_trace 0034:trace:key:X11DRV_KEYBOARD_DetectLayout mismatch for keycode 60, got ".>  "
2085 wine_trace 0034:trace:keyboard:X11DRV_KEYBOARD_DetectLayout matches=31, mismatches=16, seq=21, score=29
2086 wine_trace 0034:trace:keyboard:X11DRV_KEYBOARD_DetectLayout Attempting to match against "Israelian keyboard layout"
2086 wine_trace 0034:trace:keyboard:X11DRV_KEYBOARD_DetectLayout matches=47, mismatches=0, seq=46, score=94
2086 wine_trace 0034:trace:keyboard:X11DRV_KEYBOARD_DetectLayout Attempting to match against "Israelian phonetic keyboard layout"
2086 wine_trace 0034:trace:keyboard:X11DRV_KEYBOARD_DetectLayout matches=47, mismatches=0, seq=46, score=94
2086 wine_trace 0034:trace:keyboard:X11DRV_KEYBOARD_DetectLayout Attempting to match against "Israelian Saharon keyboard layout"
2086 wine_trace 0034:trace:keyboard:X11DRV_KEYBOARD_DetectLayout matches=47, mismatches=0, seq=46, score=94
2086 wine_trace 0034:trace:keyboard:X11DRV_KEYBOARD_DetectLayout Attempting to match against "VNC keyboard layout"
2086 wine_trace 0034:trace:keyboard:X11DRV_KEYBOARD_DetectLayout matches=47, mismatches=0, seq=36, score=94
2086 wine_trace 0034:trace:keyboard:X11DRV_KEYBOARD_DetectLayout Attempting to match against "Greek keyboard layout"
2086 wine_trace 0034:trace:keyboard:X11DRV_KEYBOARD_DetectLayout matches=47, mismatches=0, seq=46, score=94
2087 wine_trace 0034:trace:keyboard:X11DRV_KEYBOARD_DetectLayout Attempting to match against "Thai (Kedmanee)  keyboard layout"
2087 wine_trace 0034:trace:keyboard:X11DRV_KEYBOARD_DetectLayout matches=47, mismatches=0, seq=46, score=94
2087 wine_trace 0034:trace:keyboard:X11DRV_KEYBOARD_DetectLayout Attempting to match against "Dutch keyboard layout"
2087 wine_trace 0034:trace:key:X11DRV_KEYBOARD_DetectLayout mismatch for keycode 11, got "2@  "
2087 wine_trace 0034:trace:key:X11DRV_KEYBOARD_DetectLayout mismatch for keycode 15, got "6^  "
2087 wine_trace 0034:trace:key:X11DRV_KEYBOARD_DetectLayout mismatch for keycode 16, got "7&  "
2087 wine_trace 0034:trace:key:X11DRV_KEYBOARD_DetectLayout mismatch for keycode 17, got "8*  "
2087 wine_trace 0034:trace:key:X11DRV_KEYBOARD_DetectLayout mismatch for keycode 18, got "9(  "
2087 wine_trace 0034:trace:key:X11DRV_KEYBOARD_DetectLayout mismatch for keycode 19, got "0)  "
2088 wine_trace 0034:trace:key:X11DRV_KEYBOARD_DetectLayout mismatch for keycode 20, got "-_  "
2088 wine_trace 0034:trace:key:X11DRV_KEYBOARD_DetectLayout mismatch for keycode 21, got "=+  "
2088 wine_trace 0034:trace:key:X11DRV_KEYBOARD_DetectLayout mismatch for keycode 34, got "[{  "
2088 wine_trace 0034:trace:key:X11DRV_KEYBOARD_DetectLayout mismatch for keycode 35, got "]}  "
2088 wine_trace 0034:trace:key:X11DRV_KEYBOARD_DetectLayout mismatch for keycode 47, got ";:  "
2088 wine_trace 0034:trace:key:X11DRV_KEYBOARD_DetectLayout mismatch for keycode 48, got "'\"  "
2088 wine_trace 0034:trace:key:X11DRV_KEYBOARD_DetectLayout mismatch for keycode 49, got "`~  "
2088 wine_trace 0034:trace:key:X11DRV_KEYBOARD_DetectLayout mismatch for keycode 51, got "\\|  "
2088 wine_trace 0034:trace:key:X11DRV_KEYBOARD_DetectLayout mismatch for keycode 59, got ",<  "
2088 wine_trace 0034:trace:key:X11DRV_KEYBOARD_DetectLayout mismatch for keycode 60, got ".>  "
2089 wine_trace 0034:trace:keyboard:X11DRV_KEYBOARD_DetectLayout matches=31, mismatches=16, seq=30, score=30
2089 wine_trace 0034:trace:keyboard:X11DRV_KEYBOARD_DetectLayout detected layout is "United States keyboard layout"
2089 wine_trace 0034:trace:keyboard:X11DRV_InitKeyboard keycode 8 => vkey 0000
2089 wine_trace 0034:trace:keyboard:X11DRV_InitKeyboard keycode 9 => vkey 001B
2089 wine_trace 0034:trace:keyboard:X11DRV_InitKeyboard keycode 10 => vkey 0031
2089 wine_trace 0034:trace:keyboard:X11DRV_InitKeyboard keycode 11 => vkey 0032
2089 wine_trace 0034:trace:keyboard:X11DRV_InitKeyboard keycode 12 => vkey 0033
2089 wine_trace 0034:trace:keyboard:X11DRV_InitKeyboard keycode 13 => vkey 0034
2089 wine_trace 0034:trace:keyboard:X11DRV_InitKeyboard keycode 14 => vkey 0035
2090 wine_trace 0034:trace:keyboard:X11DRV_InitKeyboard keycode 15 => vkey 0036
2090 wine_trace 0034:trace:keyboard:X11DRV_InitKeyboard keycode 16 => vkey 0037
2090 wine_trace 0034:trace:keyboard:X11DRV_InitKeyboard keycode 17 => vkey 0038
2090 wine_trace 0034:trace:keyboard:X11DRV_InitKeyboard keycode 18 => vkey 0039
2090 wine_trace 0034:trace:keyboard:X11DRV_InitKeyboard keycode 19 => vkey 0030
2090 wine_trace 0034:trace:keyboard:X11DRV_InitKeyboard keycode 20 => vkey 00BD
2090 wine_trace 0034:trace:keyboard:X11DRV_InitKeyboard keycode 21 => vkey 00BB
2090 wine_trace 0034:trace:keyboard:X11DRV_InitKeyboard keycode 22 => vkey 0008
2091 wine_trace 0034:trace:keyboard:X11DRV_InitKeyboard keycode 23 => vkey 0009
2091 wine_trace 0034:trace:keyboard:X11DRV_InitKeyboard keycode 24 => vkey 0051
2091 wine_trace 0034:trace:keyboard:X11DRV_InitKeyboard keycode 25 => vkey 0057
2091 wine_trace 0034:trace:keyboard:X11DRV_InitKeyboard keycode 26 => vkey 0045
2091 wine_trace 0034:trace:keyboard:X11DRV_InitKeyboard keycode 27 => vkey 0052
2091 wine_trace 0034:trace:keyboard:X11DRV_InitKeyboard keycode 28 => vkey 0054
2091 wine_trace 0034:trace:keyboard:X11DRV_InitKeyboard keycode 29 => vkey 0059
2091 wine_trace 0034:trace:keyboard:X11DRV_InitKeyboard keycode 30 => vkey 0055
2091 wine_trace 0034:trace:keyboard:X11DRV_InitKeyboard keycode 31 => vkey 0049
2092 wine_trace 0034:trace:keyboard:X11DRV_InitKeyboard keycode 32 => vkey 004F
2092 wine_trace 0034:trace:keyboard:X11DRV_InitKeyboard keycode 33 => vkey 0050
2092 wine_trace 0034:trace:keyboard:X11DRV_InitKeyboard keycode 34 => vkey 00DB
2092 wine_trace 0034:trace:keyboard:X11DRV_InitKeyboard keycode 35 => vkey 00DD
2092 wine_trace 0034:trace:keyboard:X11DRV_InitKeyboard keycode 36 => vkey 000D
2092 wine_trace 0034:trace:keyboard:X11DRV_InitKeyboard keycode 37 => vkey 00A2
2092 wine_trace 0034:trace:keyboard:X11DRV_InitKeyboard keycode 38 => vkey 0041
2092 wine_trace 0034:trace:keyboard:X11DRV_InitKeyboard keycode 39 => vkey 0053
2092 wine_trace 0034:trace:keyboard:X11DRV_InitKeyboard keycode 40 => vkey 0044
2092 wine_trace 0034:trace:keyboard:X11DRV_InitKeyboard keycode 41 => vkey 0046
2093 wine_trace 0034:trace:keyboard:X11DRV_InitKeyboard keycode 42 => vkey 0047
2093 wine_trace 0034:trace:keyboard:X11DRV_InitKeyboard keycode 43 => vkey 0048
2093 wine_trace 0034:trace:keyboard:X11DRV_InitKeyboard keycode 44 => vkey 004A
2093 wine_trace 0034:trace:keyboard:X11DRV_InitKeyboard keycode 45 => vkey 004B
2093 wine_trace 0034:trace:keyboard:X11DRV_InitKeyboard keycode 46 => vkey 004C
2093 wine_trace 0034:trace:keyboard:X11DRV_InitKeyboard keycode 47 => vkey 00BA
2093 wine_trace 0034:trace:keyboard:X11DRV_InitKeyboard keycode 48 => vkey 00DE
2093 wine_trace 0034:trace:keyboard:X11DRV_InitKeyboard keycode 49 => vkey 00C0
2093 wine_trace 0034:trace:keyboard:X11DRV_InitKeyboard keycode 50 => vkey 00A0
2093 wine_trace 0034:trace:keyboard:X11DRV_InitKeyboard keycode 51 => vkey 00DC
2094 wine_trace 0034:trace:keyboard:X11DRV_InitKeyboard keycode 52 => vkey 005A
2094 wine_trace 0034:trace:keyboard:X11DRV_InitKeyboard keycode 53 => vkey 0058
2094 wine_trace 0034:trace:keyboard:X11DRV_InitKeyboard keycode 54 => vkey 0043
2094 wine_trace 0034:trace:keyboard:X11DRV_InitKeyboard keycode 55 => vkey 0056
2094 wine_trace 0034:trace:keyboard:X11DRV_InitKeyboard keycode 56 => vkey 0042
2094 wine_trace 0034:trace:keyboard:X11DRV_InitKeyboard keycode 57 => vkey 004E
2094 wine_trace 0034:trace:keyboard:X11DRV_InitKeyboard keycode 58 => vkey 004D
2094 wine_trace [[31mBOX64[0m] 0034:trace:keyboard:X11DRV_InitKeyboard keycode 59 => vkey 00BC
2094 wine_trace 0034:trace:keyboard:X11DRV_InitKeyboard keycode 60 => vkey 00BE
2095 wine_trace 0034:trace:keyboard:X11DRV_InitKeyboard keycode 61 => vkey 00BF
2095 wine_trace 0034:trace:keyboard:X11DRV_InitKeyboard keycode 62 => vkey 01A1
2095 wine_trace 0034:trace:keyboard:X11DRV_InitKeyboard keycode 63 => vkey 006A
2095 wine_trace 0034:trace:keyboard:X11DRV_InitKeyboard keycode 64 => vkey 00A4
2095 wine_trace 0034:trace:keyboard:X11DRV_InitKeyboard keycode 65 => vkey 0020
2095 wine_trace 0034:trace:keyboard:X11DRV_InitKeyboard keycode 66 => vkey 0000
2095 wine_trace 0034:trace:keyboard:X11DRV_InitKeyboard keycode 67 => vkey 0070
2096 wine_trace 0034:trace:keyboard:X11DRV_InitKeyboard keycode 68 => vkey 0071
2096 wine_trace 0034:trace:keyboard:X11DRV_InitKeyboard keycode 69 => vkey 0072
2096 wine_trace 0034:trace:keyboard:X11DRV_InitKeyboard keycode 70 => vkey 0073
2096 wine_trace 0034:trace:keyboard:X11DRV_InitKeyboard keycode 71 => vkey 0074
2096 wine_trace 0034:trace:keyboard:X11DRV_InitKeyboard keycode 72 => vkey 0075
2096 wine_trace 0034:trace:keyboard:X11DRV_InitKeyboard keycode 73 => vkey 0076
2096 wine_trace 0034:trace:keyboard:X11DRV_InitKeyboard keycode 74 => vkey 0077
2096 wine_trace 0034:trace:keyboard:X11DRV_InitKeyboard keycode 75 => vkey 0078
2096 wine_trace 0034:trace:keyboard:X11DRV_InitKeyboard keycode 76 => vkey 0079
2096 wine_trace 0034:trace:keyboard:X11DRV_InitKeyboard keycode 77 => vkey 0000
2097 wine_trace 0034:trace:keyboard:X11DRV_InitKeyboard keycode 78 => vkey 0000
2097 wine_trace 0034:trace:keyboard:X11DRV_InitKeyboard keycode 79 => vkey 0067
2097 wine_trace 0034:trace:keyboard:X11DRV_InitKeyboard keycode 80 => vkey 0068
2097 wine_trace 0034:trace:keyboard:X11DRV_InitKeyboard keycode 81 => vkey 0069
2097 wine_trace 0034:trace:keyboard:X11DRV_InitKeyboard keycode 82 => vkey 006D
2097 wine_trace 0034:trace:keyboard:X11DRV_InitKeyboard keycode 83 => vkey 0064
2097 wine_trace 0034:trace:keyboard:X11DRV_InitKeyboard keycode 84 => vkey 0065
2097 wine_trace 0034:trace:keyboard:X11DRV_InitKeyboard keycode 85 => vkey 0066
2097 wine_trace 0034:trace:keyboard:X11DRV_InitKeyboard keycode 86 => vkey 006B
2097 wine_trace 0034:trace:keyboard:X11DRV_InitKeyboard keycode 87 => vkey 0061
2098 wine_trace 0034:trace:keyboard:X11DRV_InitKeyboard keycode 88 => vkey 0062
2098 wine_trace 0034:trace:keyboard:X11DRV_InitKeyboard keycode 89 => vkey 0063
2098 wine_trace 0034:trace:keyboard:X11DRV_InitKeyboard keycode 90 => vkey 0060
2098 wine_trace 0034:trace:keyboard:X11DRV_InitKeyboard keycode 91 => vkey 002E
2098 wine_trace 0034:trace:keyboard:X11DRV_InitKeyboard keycode 92 => vkey 0000
2098 wine_trace 0034:trace:keyboard:X11DRV_InitKeyboard keycode 93 => vkey 0000
2098 wine_trace 0034:trace:keyboard:X11DRV_InitKeyboard keycode 94 => vkey 0000
2098 wine_trace 0034:trace:keyboard:X11DRV_InitKeyboard keycode 95 => vkey 007A
2098 wine_trace 0034:trace:keyboard:X11DRV_InitKeyboard keycode 96 => vkey 007B
2098 wine_trace 0034:trace:keyboard:X11DRV_InitKeyboard keycode 97 => vkey 0000
2099 wine_trace 0034:trace:keyboard:X11DRV_InitKeyboard keycode 98 => vkey 0000
2099 wine_trace 0034:trace:keyboard:X11DRV_InitKeyboard keycode 99 => vkey 0000
2099 wine_trace 0034:trace:keyboard:X11DRV_InitKeyboard keycode 100 => vkey 0000
2099 wine_trace 0034:trace:keyboard:X11DRV_InitKeyboard keycode 101 => vkey 0000
2099 wine_trace 0034:trace:keyboard:X11DRV_InitKeyboard keycode 102 => vkey 0000
2099 wine_trace 0034:trace:keyboard:X11DRV_InitKeyboard keycode 103 => vkey 0000
2099 wine_trace 0034:trace:keyboard:X11DRV_InitKeyboard keycode 104 => vkey 0000
2099 wine_trace 0034:trace:keyboard:X11DRV_InitKeyboard keycode 105 => vkey 01A3
2099 wine_trace 0034:trace:keyboard:X11DRV_InitKeyboard keycode 106 => vkey 016F
2100 wine_trace 0034:trace:keyboard:X11DRV_InitKeyboard keycode 107 => vkey 0000
2100 wine_trace 0034:trace:keyboard:X11DRV_InitKeyboard keycode 108 => vkey 01A5
2100 wine_trace 0034:trace:keyboard:X11DRV_InitKeyboard keycode 109 => vkey 0000
2100 wine_trace 0034:trace:keyboard:X11DRV_InitKeyboard keycode 110 => vkey 0124
2100 wine_trace 0034:trace:keyboard:X11DRV_InitKeyboard keycode 111 => vkey 0126
2100 wine_trace 0034:trace:keyboard:X11DRV_InitKeyboard keycode 112 => vkey 0121
2100 wine_trace 0034:trace:keyboard:X11DRV_InitKeyboard keycode 113 => vkey 0125
2100 wine_trace 0034:trace:keyboard:X11DRV_InitKeyboard keycode 114 => vkey 0127
2100 wine_trace 0034:trace:keyboard:X11DRV_InitKeyboard keycode 115 => vkey 0123
2101 wine_trace 0034:trace:keyboard:X11DRV_InitKeyboard keycode 116 => vkey 0128
2101 wine_trace 0034:trace:keyboard:X11DRV_InitKeyboard keycode 117 => vkey 0122
2101 wine_trace 0034:trace:keyboard:X11DRV_InitKeyboard keycode 118 => vkey 012D
2101 wine_trace 0034:trace:keyboard:X11DRV_InitKeyboard keycode 119 => vkey 012E
2101 wine_trace 0034:warn:keyboard:X11DRV_InitKeyboard vkey 012E is being used by more than one keycode
2101 wine_trace 0034:trace:keyboard:X11DRV_InitKeyboard keycode 120 => vkey 0000
2101 wine_trace 0034:trace:keyboard:X11DRV_InitKeyboard keycode 121 => vkey 0000
2101 wine_trace 0034:trace:keyboard:X11DRV_InitKeyboard keycode 122 => vkey 0000
2101 wine_trace 0034:trace:keyboard:X11DRV_InitKeyboard keycode 123 => vkey 0000
2101 wine_trace 0034:trace:keyboard:X11DRV_InitKeyboard keycode 124 => vkey 0000
2102 wine_trace 0034:trace:keyboard:X11DRV_InitKeyboard keycode 125 => vkey 0000
2102 wine_trace 0034:trace:keyboard:X11DRV_InitKeyboard keycode 126 => vkey 0000
2102 wine_trace 0034:trace:keyboard:X11DRV_InitKeyboard keycode 127 => vkey 0000
2102 wine_trace 0034:trace:keyboard:X11DRV_InitKeyboard keycode 128 => vkey 0000
2102 wine_trace 0034:trace:keyboard:X11DRV_InitKeyboard keycode 129 => vkey 0000
2102 wine_trace 0034:trace:keyboard:X11DRV_InitKeyboard keycode 130 => vkey 0000
2102 wine_trace 0034:trace:keyboard:X11DRV_InitKeyboard keycode 131 => vkey 0000
2102 wine_trace 0034:trace:keyboard:X11DRV_InitKeyboard keycode 132 => vkey 0000
2102 wine_trace 0034:trace:keyboard:X11DRV_InitKeyboard keycode 133 => vkey 0000
2102 wine_trace 0034:trace:keyboard:X11DRV_InitKeyboard keycode 134 => vkey 0000
2103 wine_trace 0034:trace:keyboard:X11DRV_InitKeyboard keycode 135 => vkey 0000
2103 wine_trace 0034:trace:keyboard:X11DRV_InitKeyboard keycode 136 => vkey 0000
2103 wine_trace 0034:trace:keyboard:X11DRV_InitKeyboard keycode 137 => vkey 0000
2103 wine_trace 0034:trace:keyboard:X11DRV_InitKeyboard keycode 138 => vkey 0000
2103 wine_trace 0034:trace:keyboard:X11DRV_InitKeyboard keycode 139 => vkey 0000
2103 wine_trace 0034:trace:keyboard:X11DRV_InitKeyboard keycode 140 => vkey 0000
2103 wine_trace 0034:trace:keyboard:X11DRV_InitKeyboard keycode 141 => vkey 0000
2103 wine_trace 0034:trace:keyboard:X11DRV_InitKeyboard keycode 142 => vkey 0000
2103 wine_trace 0034:trace:keyboard:X11DRV_InitKeyboard keycode 143 => vkey 0000
2103 wine_trace 0034:trace:keyboard:X11DRV_InitKeyboard keycode 144 => vkey 0000
2104 wine_trace 0034:trace:keyboard:X11DRV_InitKeyboard keycode 145 => vkey 0000
2104 wine_trace 0034:trace:keyboard:X11DRV_InitKeyboard keycode 146 => vkey 0000
2104 wine_trace 0034:trace:keyboard:X11DRV_InitKeyboard keycode 147 => vkey 0000
2104 wine_trace 0034:trace:keyboard:X11DRV_InitKeyboard keycode 148 => vkey 0000
2104 wine_trace 0034:trace:keyboard:X11DRV_InitKeyboard keycode 149 => vkey 0000
2104 wine_trace 0034:trace:keyboard:X11DRV_InitKeyboard keycode 150 => vkey 0000
2104 wine_trace 0034:trace:keyboard:X11DRV_InitKeyboard keycode 151 => vkey 0000
2104 wine_trace 0034:trace:keyboard:X11DRV_InitKeyboard keycode 152 => vkey 0000
2104 wine_trace 0034:trace:keyboard:X11DRV_InitKeyboard keycode 153 => vkey 0000
2104 wine_trace 0034:trace:keyboard:X11DRV_InitKeyboard keycode 154 => vkey 0000
2105 wine_trace 0034:trace:keyboard:X11DRV_InitKeyboard keycode 155 => vkey 0000
2105 wine_trace 0034:trace:keyboard:X11DRV_InitKeyboard keycode 156 => vkey 0000
2105 wine_trace 0034:trace:keyboard:X11DRV_InitKeyboard keycode 157 => vkey 0000
2105 wine_trace 0034:trace:keyboard:X11DRV_InitKeyboard keycode 158 => vkey 0000
2105 wine_trace 0034:trace:keyboard:X11DRV_InitKeyboard keycode 159 => vkey 0000
2105 wine_trace 0034:trace:keyboard:X11DRV_InitKeyboard keycode 160 => vkey 0000
2105 wine_trace 0034:trace:keyboard:X11DRV_InitKeyboard keycode 161 => vkey 0000
2105 wine_trace 0034:trace:keyboard:X11DRV_InitKeyboard keycode 162 => vkey 0000
2105 wine_trace 0034:trace:keyboard:X11DRV_InitKeyboard keycode 163 => vkey 0000
2105 wine_trace 0034:trace:keyboard:X11DRV_InitKeyboard keycode 164 => vkey 0000
2106 wine_trace 0034:trace:keyboard:X11DRV_InitKeyboard keycode 165 => vkey 0000
2106 wine_trace 0034:trace:keyboard:X11DRV_InitKeyboard keycode 166 => vkey 0000
2106 wine_trace 0034:trace:keyboard:X11DRV_InitKeyboard keycode 167 => vkey 0000
2106 wine_trace 0034:trace:keyboard:X11DRV_InitKeyboard keycode 168 => vkey 0000
2106 wine_trace 0034:trace:keyboard:X11DRV_InitKeyboard keycode 169 => vkey 0000
2106 wine_trace 0034:trace:keyboard:X11DRV_InitKeyboard keycode 170 => vkey 0000
2106 wine_trace 0034:trace:keyboard:X11DRV_InitKeyboard keycode 171 => vkey 0000
2106 wine_trace 0034:trace:keyboard:X11DRV_InitKeyboard keycode 172 => vkey 0000
2106 wine_trace 0034:trace:keyboard:X11DRV_InitKeyboard keycode 173 => vkey 0000
2107 wine_trace 0034:trace:keyboard:X11DRV_InitKeyboard keycode 174 => vkey 0000
2107 wine_trace 0034:trace:keyboard:X11DRV_InitKeyboard keycode 175 => vkey 0000
2107 wine_trace 0034:trace:keyboard:X11DRV_InitKeyboard keycode 176 => vkey 0000
2107 wine_trace 0034:trace:keyboard:X11DRV_InitKeyboard keycode 177 => vkey 0000
2107 wine_trace 0034:trace:keyboard:X11DRV_InitKeyboard keycode 178 => vkey 0000
2107 wine_trace 0034:trace:keyboard:X11DRV_InitKeyboard keycode 179 => vkey 0000
2107 wine_trace 0034:trace:keyboard:X11DRV_InitKeyboard keycode 180 => vkey 0000
2107 wine_trace 0034:trace:keyboard:X11DRV_InitKeyboard keycode 181 => vkey 0000
2107 wine_trace 0034:trace:keyboard:X11DRV_InitKeyboard keycode 182 => vkey 0000
2108 wine_trace 0034:trace:keyboard:X11DRV_InitKeyboard keycode 183 => vkey 0000
2108 wine_trace 0034:trace:keyboard:X11DRV_InitKeyboard keycode 184 => vkey 0000
2108 wine_trace 0034:trace:keyboard:X11DRV_InitKeyboard keycode 185 => vkey 0000
2108 wine_trace 0034:trace:keyboard:X11DRV_InitKeyboard keycode 186 => vkey 0000
2108 wine_trace 0034:trace:keyboard:X11DRV_InitKeyboard keycode 187 => vkey 0000
2108 wine_trace 0034:trace:keyboard:X11DRV_InitKeyboard keycode 188 => vkey 0000
2108 wine_trace 0034:trace:keyboard:X11DRV_InitKeyboard keycode 189 => vkey 0000
2108 wine_trace 0034:trace:keyboard:X11DRV_InitKeyboard keycode 190 => vkey 0000
2108 wine_trace 0034:trace:keyboard:X11DRV_InitKeyboard keycode 191 => vkey 0000
2109 wine_trace 0034:trace:keyboard:X11DRV_InitKeyboard keycode 192 => vkey 0000
2109 wine_trace 0034:trace:keyboard:X11DRV_InitKeyboard keycode 193 => vkey 0000
2109 wine_trace 0034:trace:keyboard:X11DRV_InitKeyboard keycode 194 => vkey 0000
2109 wine_trace 0034:trace:keyboard:X11DRV_InitKeyboard keycode 195 => vkey 0000
2109 wine_trace 0034:trace:keyboard:X11DRV_InitKeyboard keycode 196 => vkey 0000
2109 wine_trace 0034:trace:keyboard:X11DRV_InitKeyboard keycode 197 => vkey 0000
2109 wine_trace 0034:trace:keyboard:X11DRV_InitKeyboard keycode 198 => vkey 0000
2109 wine_trace 0034:trace:keyboard:X11DRV_InitKeyboard keycode 199 => vkey 0000
2109 wine_trace 0034:trace:keyboard:X11DRV_InitKeyboard keycode 200 => vkey 0000
2109 wine_trace 0034:trace:keyboard:X11DRV_InitKeyboard keycode 201 => vkey 0000
2110 wine_trace 0034:trace:keyboard:X11DRV_InitKeyboard keycode 202 => vkey 0000
2110 wine_trace 0034:trace:keyboard:X11DRV_InitKeyboard keycode 203 => vkey 0000
2110 wine_trace 0034:trace:keyboard:X11DRV_InitKeyboard keycode 204 => vkey 0000
2110 wine_trace 0034:trace:keyboard:X11DRV_InitKeyboard keycode 205 => vkey 0000
2110 wine_trace 0034:trace:keyboard:X11DRV_InitKeyboard keycode 206 => vkey 0000
2110 wine_trace 0034:trace:keyboard:X11DRV_InitKeyboard keycode 207 => vkey 0000
2110 wine_trace 0034:trace:keyboard:X11DRV_InitKeyboard keycode 208 => vkey 0000
2110 wine_trace 0034:trace:keyboard:X11DRV_InitKeyboard keycode 209 => vkey 0000
2110 wine_trace 0034:trace:keyboard:X11DRV_InitKeyboard keycode 210 => vkey 0000
2110 wine_trace 0034:trace:keyboard:X11DRV_InitKeyboard keycode 211 => vkey 0000
2111 wine_trace 0034:trace:keyboard:X11DRV_InitKeyboard keycode 212 => vkey 0000
2111 wine_trace 0034:trace:keyboard:X11DRV_InitKeyboard keycode 213 => vkey 0000
2111 wine_trace 0034:trace:keyboard:X11DRV_InitKeyboard keycode 214 => vkey 0000
2111 wine_trace 0034:trace:keyboard:X11DRV_InitKeyboard keycode 215 => vkey 0000
2111 wine_trace 0034:trace:keyboard:X11DRV_InitKeyboard keycode 216 => vkey 0000
2111 wine_trace 0034:trace:keyboard:X11DRV_InitKeyboard keycode 217 => vkey 0000
2111 wine_trace 0034:trace:keyboard:X11DRV_InitKeyboard keycode 218 => vkey 0000
2111 wine_trace 0034:trace:keyboard:X11DRV_InitKeyboard keycode 219 => vkey 0000
2111 wine_trace 0034:trace:keyboard:X11DRV_InitKeyboard keycode 220 => vkey 0000
2112 wine_trace 0034:trace:keyboard:X11DRV_InitKeyboard keycode 221 => vkey 0000
2112 wine_trace 0034:trace:keyboard:X11DRV_InitKeyboard keycode 222 => vkey 0000
2112 wine_trace 0034:trace:keyboard:X11DRV_InitKeyboard keycode 223 => vkey 0000
2112 wine_trace 0034:trace:keyboard:X11DRV_InitKeyboard keycode 224 => vkey 0000
2112 wine_trace 0034:trace:keyboard:X11DRV_InitKeyboard keycode 225 => vkey 0000
2112 wine_trace 0034:trace:keyboard:X11DRV_InitKeyboard keycode 226 => vkey 0000
2112 wine_trace 0034:trace:keyboard:X11DRV_InitKeyboard keycode 227 => vkey 0000
2112 wine_trace 0034:trace:keyboard:X11DRV_InitKeyboard keycode 228 => vkey 0000
2112 wine_trace 0034:trace:keyboard:X11DRV_InitKeyboard keycode 229 => vkey 0000
2112 wine_trace 0034:trace:keyboard:X11DRV_InitKeyboard keycode 230 => vkey 0000
2113 wine_trace 0034:trace:keyboard:X11DRV_InitKeyboard keycode 231 => vkey 0000
2113 wine_trace 0034:trace:keyboard:X11DRV_InitKeyboard keycode 232 => vkey 0000
2113 wine_trace 0034:trace:keyboard:X11DRV_InitKeyboard keycode 233 => vkey 0000
2113 wine_trace 0034:trace:keyboard:X11DRV_InitKeyboard keycode 234 => vkey 0000
2113 wine_trace 0034:trace:keyboard:X11DRV_InitKeyboard keycode 235 => vkey 0000
2113 wine_trace 0034:trace:keyboard:X11DRV_InitKeyboard keycode 236 => vkey 0000
2113 wine_trace 0034:trace:keyboard:X11DRV_InitKeyboard keycode 237 => vkey 0000
2113 wine_trace 0034:trace:keyboard:X11DRV_InitKeyboard keycode 238 => vkey 0000
2113 wine_trace 0034:trace:keyboard:X11DRV_InitKeyboard keycode 239 => vkey 0000
2114 wine_trace 0034:trace:keyboard:X11DRV_InitKeyboard keycode 240 => vkey 0000
2114 wine_trace 0034:trace:keyboard:X11DRV_InitKeyboard keycode 241 => vkey 0000
2114 wine_trace 0034:trace:keyboard:X11DRV_InitKeyboard keycode 242 => vkey 0000
2114 wine_trace 0034:trace:keyboard:X11DRV_InitKeyboard keycode 243 => vkey 0000
2114 wine_trace 0034:trace:keyboard:X11DRV_InitKeyboard keycode 244 => vkey 0000
2114 wine_trace 0034:trace:keyboard:X11DRV_InitKeyboard keycode 245 => vkey 0000
2114 wine_trace 0034:trace:keyboard:X11DRV_InitKeyboard keycode 246 => vkey 0000
2114 wine_trace 0034:trace:keyboard:X11DRV_InitKeyboard keycode 247 => vkey 0000
2114 wine_trace 0034:trace:keyboard:X11DRV_InitKeyboard keycode 248 => vkey 0000
2115 wine_trace 0034:trace:keyboard:X11DRV_InitKeyboard keycode 249 => vkey 0000
2115 wine_trace 0034:trace:keyboard:X11DRV_InitKeyboard keycode 250 => vkey 0000
2115 wine_trace 0034:trace:keyboard:X11DRV_InitKeyboard keycode 251 => vkey 0000
2115 wine_trace 0034:trace:keyboard:X11DRV_InitKeyboard keycode 252 => vkey 0000
2115 wine_trace 0034:trace:keyboard:X11DRV_InitKeyboard keycode 253 => vkey 0000
2115 wine_trace 0034:trace:keyboard:X11DRV_InitKeyboard keycode 254 => vkey 0000
2115 wine_trace 0034:trace:keyboard:X11DRV_InitKeyboard keycode 255 => vkey 0000
2116 wine_trace 002c:trace:keyboard:NtUserGetKeyboardLayoutName name 0x14012e860
2116 wine_trace 002c:trace:keyboard:NtUserGetKeyboardLayoutName ret L"00000409"
2463 wine_trace 0024:trace:keyboard:NtUserGetKeyboardLayoutName name 0x10010e860
2463 wine_trace 0024:trace:keyboard:NtUserGetKeyboardLayoutName ret L"00000409"
2638 wine_trace 00c4:trace:keyboard:NtUserGetKeyboardLayoutName name 0x14012e860
2639 wine_trace 00c4:trace:keyboard:NtUserGetKeyboardLayoutName ret L"00000409"
2668 keyboard_mapping_reply first=8,count=248,keysyms=496
2669 keyboard_mapping_reply first=8,count=248,keysyms=496
2670 wine_trace 00c4:trace:keyboard:KEYBOARD_MapDeadKeysym no character for dead keysym 0x0000ff1b
2670 wine_trace 00c4:trace:keyboard:KEYBOARD_MapDeadKeysym no character for dead keysym 0x0000ff08
2670 wine_trace 00c4:trace:keyboard:KEYBOARD_MapDeadKeysym no character for dead keysym 0x0000ff09
2670 wine_trace 00c4:trace:keyboard:KEYBOARD_MapDeadKeysym no character for dead keysym 0x0000ff0d
2670 wine_trace 00c4:trace:keyboard:KEYBOARD_MapDeadKeysym no character for dead keysym 0x0000ffe3
2671 wine_trace 00c4:trace:keyboard:KEYBOARD_MapDeadKeysym no character for dead keysym 0x0000ffe1
2671 wine_trace 00c4:trace:keyboard:KEYBOARD_MapDeadKeysym no character for dead keysym 0x0000ffe2
2671 wine_trace 00c4:trace:keyboard:KEYBOARD_MapDeadKeysym no character for dead keysym 0x0000ffaa
2671 wine_trace 00c4:trace:keyboard:KEYBOARD_MapDeadKeysym no character for dead keysym 0x0000ffaa
2671 wine_trace 00c4:trace:keyboard:KEYBOARD_MapDeadKeysym no character for dead keysym 0x0000ffe7
2671 wine_trace 00c4:trace:keyboard:KEYBOARD_MapDeadKeysym no character for dead keysym 0x00000020
2672 wine_trace 00c4:trace:keyboard:KEYBOARD_MapDeadKeysym no character for dead keysym 0x00000020
2672 wine_trace 00c4:trace:keyboard:KEYBOARD_MapDeadKeysym no character for dead keysym 0x0000ffbe
2672 wine_trace 00c4:trace:keyboard:KEYBOARD_MapDeadKeysym no character for dead keysym 0x0000ffbf
2672 wine_trace 00c4:trace:keyboard:KEYBOARD_MapDeadKeysym no character for dead keysym 0x0000ffc0
2672 wine_trace 00c4:trace:keyboard:KEYBOARD_MapDeadKeysym no character for dead keysym 0x0000ffc1
2672 wine_trace 00c4:trace:keyboard:KEYBOARD_MapDeadKeysym no character for dead keysym 0x0000ffc2
2672 wine_trace 00c4:trace:keyboard:KEYBOARD_MapDeadKeysym no character for dead keysym 0x0000ffc3
2673 wine_trace 00c4:trace:keyboard:KEYBOARD_MapDeadKeysym no character for dead keysym 0x0000ffc4
2673 wine_trace 00c4:trace:keyboard:KEYBOARD_MapDeadKeysym no character for dead keysym 0x0000ffc5
2673 wine_trace 00c4:trace:keyboard:KEYBOARD_MapDeadKeysym no character for dead keysym 0x0000ffc6
2673 wine_trace 00c4:trace:keyboard:KEYBOARD_MapDeadKeysym no character for dead keysym 0x0000ffc7
2673 wine_trace 00c4:trace:keyboard:KEYBOARD_MapDeadKeysym no character for dead keysym 0x0000ffb7
2673 wine_trace 00c4:trace:keyboard:KEYBOARD_MapDeadKeysym no character for dead keysym 0x0000ff95
2674 wine_trace 00c4:trace:keyboard:KEYBOARD_MapDeadKeysym no character for dead keysym 0x0000ffb8
2674 wine_trace 00c4:trace:keyboard:KEYBOARD_MapDeadKeysym no character for dead keysym 0x0000ff97
2674 wine_trace 00c4:trace:keyboard:KEYBOARD_MapDeadKeysym no character for dead keysym 0x0000ffb9
2674 wine_trace 00c4:trace:keyboard:KEYBOARD_MapDeadKeysym no character for dead keysym 0x0000ffb9
2674 wine_trace 00c4:trace:keyboard:KEYBOARD_MapDeadKeysym no character for dead keysym 0x0000ffad
2674 wine_trace 00c4:trace:keyboard:KEYBOARD_MapDeadKeysym no character for dead keysym 0x0000ffad
2674 wine_trace 00c4:trace:keyboard:KEYBOARD_MapDeadKeysym no character for dead keysym 0x0000ffb4
2675 wine_trace 00c4:trace:keyboard:KEYBOARD_MapDeadKeysym no character for dead keysym 0x0000ff96
2675 wine_trace 00c4:trace:keyboard:KEYBOARD_MapDeadKeysym no character for dead keysym 0x0000ffb5
2675 wine_trace 00c4:trace:keyboard:KEYBOARD_MapDeadKeysym no character for dead keysym 0x0000ffb5
2675 wine_trace 00c4:trace:keyboard:KEYBOARD_MapDeadKeysym no character for dead keysym 0x0000ffb6
2675 wine_trace 00c4:trace:keyboard:KEYBOARD_MapDeadKeysym no character for dead keysym 0x0000ff98
2675 wine_trace 00c4:trace:keyboard:KEYBOARD_MapDeadKeysym no character for dead keysym 0x0000ffab
2675 wine_trace 00c4:trace:keyboard:KEYBOARD_MapDeadKeysym no character for dead keysym 0x0000ffab
2676 wine_trace 00c4:trace:keyboard:KEYBOARD_MapDeadKeysym no character for dead keysym 0x0000ffb1
2676 wine_trace 00c4:trace:keyboard:KEYBOARD_MapDeadKeysym no character for dead keysym 0x0000ff9c
2676 wine_trace 00c4:trace:keyboard:KEYBOARD_MapDeadKeysym no character for dead keysym 0x0000ffb2
2676 wine_trace 00c4:trace:keyboard:KEYBOARD_MapDeadKeysym no character for dead keysym 0x0000ff99
2676 wine_trace 00c4:trace:keyboard:KEYBOARD_MapDeadKeysym no character for dead keysym 0x0000ffb3
2676 wine_trace 00c4:trace:keyboard:KEYBOARD_MapDeadKeysym no character for dead keysym 0x0000ffb3
2676 wine_trace 00c4:trace:keyboard:KEYBOARD_MapDeadKeysym no character for dead keysym 0x0000ffb0
2677 wine_trace 00c4:trace:keyboard:KEYBOARD_MapDeadKeysym no character for dead keysym 0x0000ff9e
2677 wine_trace 00c4:trace:keyboard:KEYBOARD_MapDeadKeysym no character for dead keysym 0x0000ff9f
2677 wine_trace 00c4:trace:keyboard:KEYBOARD_MapDeadKeysym no character for dead keysym 0x0000ffc8
2677 wine_trace 00c4:trace:keyboard:KEYBOARD_MapDeadKeysym no character for dead keysym 0x0000ffc9
2677 wine_trace 00c4:trace:keyboard:KEYBOARD_MapDeadKeysym no character for dead keysym 0x0000ffe4
2677 wine_trace 00c4:trace:keyboard:KEYBOARD_MapDeadKeysym no character for dead keysym 0x0000ffaf
2677 wine_trace 00c4:trace:keyboard:KEYBOARD_MapDeadKeysym no character for dead keysym 0x0000ffaf
2678 wine_trace 00c4:trace:keyboard:KEYBOARD_MapDeadKeysym no character for dead keysym 0x0000ffe8
2678 wine_trace 00c4:trace:keyboard:KEYBOARD_MapDeadKeysym no character for dead keysym 0x0000ff50
2678 wine_trace 00c4:trace:keyboard:KEYBOARD_MapDeadKeysym no character for dead keysym 0x0000ff52
2678 wine_trace 00c4:trace:keyboard:KEYBOARD_MapDeadKeysym no character for dead keysym 0x0000ff55
2678 wine_trace 00c4:trace:keyboard:KEYBOARD_MapDeadKeysym no character for dead keysym 0x0000ff51
2678 wine_trace 00c4:trace:keyboard:KEYBOARD_MapDeadKeysym no character for dead keysym 0x0000ff53
2678 wine_trace 00c4:trace:keyboard:KEYBOARD_MapDeadKeysym no character for dead keysym 0x0000ff57
2679 wine_trace 00c4:trace:keyboard:KEYBOARD_MapDeadKeysym no character for dead keysym 0x0000ff54
2679 wine_trace 00c4:trace:keyboard:KEYBOARD_MapDeadKeysym no character for dead keysym 0x0000ff56
2679 wine_trace 00c4:trace:keyboard:KEYBOARD_MapDeadKeysym no character for dead keysym 0x0000ff63
2679 wine_trace 00c4:trace:keyboard:KEYBOARD_MapDeadKeysym no character for dead keysym 0x0000ffff
2680 wine_trace 00c4:trace:keyboard:X11DRV_KEYBOARD_DetectLayout Attempting to match against "United States keyboard layout"
2680 wine_trace 00c4:trace:keyboard:X11DRV_KEYBOARD_DetectLayout matches=47, mismatches=0, seq=46, score=94
2680 wine_trace 00c4:trace:keyboard:X11DRV_KEYBOARD_DetectLayout Attempting to match against "United States keyboard layout (phantom key version)"
2680 wine_trace 00c4:trace:keyboard:X11DRV_KEYBOARD_DetectLayout matches=47, mismatches=0, seq=46, score=94
2680 wine_trace 00c4:trace:keyboard:X11DRV_KEYBOARD_DetectLayout Attempting to match against "United States keyboard layout (dvorak)"
2680 wine_trace 00c4:trace:keyboard:X11DRV_KEYBOARD_DetectLayout matches=47, mismatches=0, seq=30, score=94
2681 wine_trace 00c4:trace:keyboard:X11DRV_KEYBOARD_DetectLayout Attempting to match against "United States keyboard layout (programmer dvorak)"
2681 wine_trace 00c4:trace:key:X11DRV_KEYBOARD_DetectLayout mismatch for keycode 10, got "1!  "
2681 wine_trace 00c4:trace:key:X11DRV_KEYBOARD_DetectLayout mismatch for keycode 11, got "2@  "
2681 wine_trace 00c4:trace:key:X11DRV_KEYBOARD_DetectLayout mismatch for keycode 12, got "3#  "
2682 wine_trace 00c4:trace:key:X11DRV_KEYBOARD_DetectLayout mismatch for keycode 13, got "4$  "
2682 wine_trace 00c4:trace:key:X11DRV_KEYBOARD_DetectLayout mismatch for keycode 14, got "5%  "
2682 wine_trace 00c4:trace:key:X11DRV_KEYBOARD_DetectLayout mismatch for keycode 15, got "6^  "
2682 wine_trace 00c4:trace:key:X11DRV_KEYBOARD_DetectLayout mismatch for keycode 16, got "7&  "
2682 wine_trace 00c4:trace:key:X11DRV_KEYBOARD_DetectLayout mismatch for keycode 17, got "8*  "
2682 wine_trace 00c4:trace:key:X11DRV_KEYBOARD_DetectLayout mismatch for keycode 18, got "9(  "
2683 wine_trace 00c4:trace:key:X11DRV_KEYBOARD_DetectLayout mismatch for keycode 19, got "0)  "
2683 wine_trace 00c4:trace:key:X11DRV_KEYBOARD_DetectLayout mismatch for keycode 21, got "=+  "
2683 wine_trace 00c4:trace:key:X11DRV_KEYBOARD_DetectLayout mismatch for keycode 34, got "[{  "
2683 wine_trace 00c4:trace:key:X11DRV_KEYBOARD_DetectLayout mismatch for keycode 35, got "]}  "
2684 wine_trace 00c4:trace:key:X11DRV_KEYBOARD_DetectLayout mismatch for keycode 49, got "`~  "
2684 wine_trace 00c4:trace:keyboard:X11DRV_KEYBOARD_DetectLayout matches=33, mismatches=14, seq=18, score=38
2684 wine_trace 00c4:trace:keyboard:X11DRV_KEYBOARD_DetectLayout Attempting to match against "United States keyboard layout (dvorak with phantom key)"
2684 wine_trace 00c4:trace:keyboard:X11DRV_KEYBOARD_DetectLayout matches=47, mismatches=0, seq=30, score=94
2684 wine_trace 00c4:trace:keyboard:X11DRV_KEYBOARD_DetectLayout Attempting to match against "United States International keyboard layout"
2684 wine_trace 00c4:trace:keyboard:X11DRV_KEYBOARD_DetectLayout matches=47, mismatches=0, seq=46, score=94
2685 wine_trace 00c4:trace:keyboard:X11DRV_KEYBOARD_DetectLayout Attempting to match against "British keyboard layout"
2685 wine_trace 00c4:trace:key:X11DRV_KEYBOARD_DetectLayout mismatch for keycode 11, got "2@  "
2685 wine_trace 00c4:trace:key:X11DRV_KEYBOARD_DetectLayout mismatch for keycode 12, got "3#  "
2685 wine_trace 00c4:trace:key:X11DRV_KEYBOARD_DetectLayout mismatch for keycode 48, got "'\"  "
2685 wine_trace 00c4:trace:keyboard:X11DRV_KEYBOARD_DetectLayout matches=44, mismatches=3, seq=42, score=81
2685 wine_trace 00c4:trace:keyboard:X11DRV_KEYBOARD_DetectLayout Attempting to match against "German keyboard layout"
2686 wine_trace 00c4:trace:key:X11DRV_KEYBOARD_DetectLayout mismatch for keycode 11, got "2@  "
2686 wine_trace 00c4:trace:key:X11DRV_KEYBOARD_DetectLayout mismatch for keycode 12, got "3#  "
2686 wine_trace 00c4:trace:key:X11DRV_KEYBOARD_DetectLayout mismatch for keycode 15, got "6^  "
2686 wine_trace 00c4:trace:key:X11DRV_KEYBOARD_DetectLayout mismatch for keycode 16, got "7&  "
2686 wine_trace 00c4:trace:key:X11DRV_KEYBOARD_DetectLayout mismatch for keycode 17, got "8*  "
2686 wine_trace 00c4:trace:key:X11DRV_KEYBOARD_DetectLayout mismatch for keycode 18, got "9(  "
2687 wine_trace 00c4:trace:key:X11DRV_KEYBOARD_DetectLayout mismatch for keycode 19, got "0)  "
2687 wine_trace 00c4:trace:key:X11DRV_KEYBOARD_DetectLayout mismatch for keycode 21, got "=+  "
2687 wine_trace 00c4:trace:key:X11DRV_KEYBOARD_DetectLayout mismatch for keycode 34, got "[{  "
2687 wine_trace 00c4:trace:key:X11DRV_KEYBOARD_DetectLayout mismatch for keycode 35, got "]}  "
2687 wine_trace 00c4:trace:key:X11DRV_KEYBOARD_DetectLayout mismatch for keycode 47, got ";:  "
2687 wine_trace 00c4:trace:key:X11DRV_KEYBOARD_DetectLayout mismatch for keycode 48, got "'\"  "
2688 wine_trace 00c4:trace:key:X11DRV_KEYBOARD_DetectLayout mismatch for keycode 49, got "`~  "
2688 wine_trace 00c4:trace:key:X11DRV_KEYBOARD_DetectLayout mismatch for keycode 51, got "\\|  "
2688 wine_trace 00c4:trace:key:X11DRV_KEYBOARD_DetectLayout mismatch for keycode 59, got ",<  "
2688 wine_trace 00c4:trace:key:X11DRV_KEYBOARD_DetectLayout mismatch for keycode 60, got ".>  "
2688 wine_trace 00c4:trace:key:X11DRV_KEYBOARD_DetectLayout mismatch for keycode 61, got "/?  "
2688 wine_trace 00c4:trace:keyboard:X11DRV_KEYBOARD_DetectLayout matches=30, mismatches=17, seq=27, score=26
2688 wine_trace 00c4:trace:keyboard:X11DRV_KEYBOARD_DetectLayout Attempting to match against "Swiss German keyboard layout"
2688 wine_trace 00c4:trace:key:X11DRV_KEYBOARD_DetectLayout mismatch for keycode 10, got "1!  "
2688 wine_trace 00c4:trace:key:X11DRV_KEYBOARD_DetectLayout mismatch for keycode 11, got "2@  "
2688 wine_trace 00c4:trace:key:X11DRV_KEYBOARD_DetectLayout mismatch for keycode 12, got "3#  "
2689 wine_trace 00c4:trace:key:X11DRV_KEYBOARD_DetectLayout mismatch for keycode 13, got "4$  "
2689 wine_trace 00c4:trace:key:X11DRV_KEYBOARD_DetectLayout mismatch for keycode 15, got "6^  "
2689 wine_trace 00c4:trace:key:X11DRV_KEYBOARD_DetectLayout mismatch for keycode 16, got "7&  "
2689 wine_trace 00c4:trace:key:X11DRV_KEYBOARD_DetectLayout mismatch for keycode 17, got "8*  "
2689 wine_trace 00c4:trace:key:X11DRV_KEYBOARD_DetectLayout mismatch for keycode 18, got "9(  "
2689 wine_trace 00c4:trace:key:X11DRV_KEYBOARD_DetectLayout mismatch for keycode 19, got "0)  "
2689 wine_trace 00c4:trace:key:X11DRV_KEYBOARD_DetectLayout mismatch for keycode 21, got "=+  "
2689 wine_trace 00c4:trace:key:X11DRV_KEYBOARD_DetectLayout mismatch for keycode 34, got "[{  "
2689 wine_trace 00c4:trace:key:X11DRV_KEYBOARD_DetectLayout mismatch for keycode 35, got "]}  "
2689 wine_trace 00c4:trace:key:X11DRV_KEYBOARD_DetectLayout mismatch for keycode 47, got ";:  "
2690 wine_trace 00c4:trace:key:X11DRV_KEYBOARD_DetectLayout mismatch for keycode 48, got "'\"  "
2690 wine_trace 00c4:trace:key:X11DRV_KEYBOARD_DetectLayout mismatch for keycode 49, got "`~  "
2690 wine_trace 00c4:trace:key:X11DRV_KEYBOARD_DetectLayout mismatch for keycode 51, got "\\|  "
2690 wine_trace 00c4:trace:key:X11DRV_KEYBOARD_DetectLayout mismatch for keycode 59, got ",<  "
2690 wine_trace 00c4:trace:key:X11DRV_KEYBOARD_DetectLayout mismatch for keycode 60, got ".>  "
2690 wine_trace 00c4:trace:key:X11DRV_KEYBOARD_DetectLayout mismatch for keycode 61, got "/?  "
2690 wine_trace 00c4:trace:keyboard:X11DRV_KEYBOARD_DetectLayout matches=28, mismatches=19, seq=25, score=18
2690 wine_trace 00c4:trace:keyboard:X11DRV_KEYBOARD_DetectLayout Attempting to match against "Swiss French keyboard layout"
2690 wine_trace 00c4:trace:key:X11DRV_KEYBOARD_DetectLayout mismatch for keycode 10, got "1!  "
2690 wine_trace 00c4:trace:key:X11DRV_KEYBOARD_DetectLayout mismatch for keycode 11, got "2@  "
2690 wine_trace 00c4:trace:key:X11DRV_KEYBOARD_DetectLayout mismatch for keycode 12, got "3#  "
2691 wine_trace 00c4:trace:key:X11DRV_KEYBOARD_DetectLayout mismatch for keycode 13, got "4$  "
2691 wine_trace 00c4:trace:key:X11DRV_KEYBOARD_DetectLayout mismatch for keycode 15, got "6^  "
2691 wine_trace 00c4:trace:key:X11DRV_KEYBOARD_DetectLayout mismatch for keycode 16, got "7&  "
2691 wine_trace 00c4:trace:key:X11DRV_KEYBOARD_DetectLayout mismatch for keycode 17, got "8*  "
2691 wine_trace 00c4:trace:key:X11DRV_KEYBOARD_DetectLayout mismatch for keycode 18, got "9(  "
2691 wine_trace 00c4:trace:key:X11DRV_KEYBOARD_DetectLayout mismatch for keycode 19, got "0)  "
2691 wine_trace 00c4:trace:key:X11DRV_KEYBOARD_DetectLayout mismatch for keycode 21, got "=+  "
2691 wine_trace 00c4:trace:key:X11DRV_KEYBOARD_DetectLayout mismatch for keycode 34, got "[{  "
2691 wine_trace 00c4:trace:key:X11DRV_KEYBOARD_DetectLayout mismatch for keycode 35, got "]}  "
2691 wine_trace 00c4:trace:key:X11DRV_KEYBOARD_DetectLayout mismatch for keycode 47, got ";:  "
2691 wine_trace 00c4:trace:key:X11DRV_KEYBOARD_DetectLayout mismatch for keycode 48, got "'\"  "
2692 wine_trace 00c4:trace:key:X11DRV_KEYBOARD_DetectLayout mismatch for keycode 49, got "`~  "
2692 wine_trace 00c4:trace:key:X11DRV_KEYBOARD_DetectLayout mismatch for keycode 51, got "\\|  "
2692 wine_trace 00c4:trace:key:X11DRV_KEYBOARD_DetectLayout mismatch for keycode 59, got ",<  "
2692 wine_trace 00c4:trace:key:X11DRV_KEYBOARD_DetectLayout mismatch for keycode 60, got ".>  "
2692 wine_trace 00c4:trace:key:X11DRV_KEYBOARD_DetectLayout mismatch for keycode 61, got "/?  "
2692 wine_trace 00c4:trace:keyboard:X11DRV_KEYBOARD_DetectLayout matches=28, mismatches=19, seq=25, score=18
2692 wine_trace 00c4:trace:keyboard:X11DRV_KEYBOARD_DetectLayout Attempting to match against "Swedish keyboard layout"
2692 wine_trace 00c4:trace:key:X11DRV_KEYBOARD_DetectLayout mismatch for keycode 11, got "2@  "
2692 wine_trace 00c4:trace:key:X11DRV_KEYBOARD_DetectLayout mismatch for keycode 13, got "4$  "
2692 wine_trace 00c4:trace:key:X11DRV_KEYBOARD_DetectLayout mismatch for keycode 15, got "6^  "
2692 wine_trace 00c4:trace:key:X11DRV_KEYBOARD_DetectLayout mismatch for keycode 16, got "7&  "
2693 wine_trace 00c4:trace:key:X11DRV_KEYBOARD_DetectLayout mismatch for keycode 17, got "8*  "
2693 wine_trace 00c4:trace:key:X11DRV_KEYBOARD_DetectLayout mismatch for keycode 18, got "9(  "
2693 wine_trace 00c4:trace:key:X11DRV_KEYBOARD_DetectLayout mismatch for keycode 19, got "0)  "
2693 wine_trace 00c4:trace:key:X11DRV_KEYBOARD_DetectLayout mismatch for keycode 21, got "=+  "
2693 wine_trace 00c4:trace:key:X11DRV_KEYBOARD_DetectLayout mismatch for keycode 34, got "[{  "
2693 wine_trace 00c4:trace:key:X11DRV_KEYBOARD_DetectLayout mismatch for keycode 35, got "]}  "
2693 wine_trace 00c4:trace:key:X11DRV_KEYBOARD_DetectLayout mismatch for keycode 47, got ";:  "
2693 wine_trace 00c4:trace:key:X11DRV_KEYBOARD_DetectLayout mismatch for keycode 48, got "'\"  "
2693 wine_trace 00c4:trace:key:X11DRV_KEYBOARD_DetectLayout mismatch for keycode 49, got "`~  "
2693 wine_trace 00c4:trace:key:X11DRV_KEYBOARD_DetectLayout mismatch for keycode 51, got "\\|  "
2693 wine_trace 00c4:trace:key:X11DRV_KEYBOARD_DetectLayout mismatch for keycode 59, got ",<  "
2694 wine_trace 00c4:trace:key:X11DRV_KEYBOARD_DetectLayout mismatch for keycode 60, got ".>  "
2694 wine_trace 00c4:trace:key:X11DRV_KEYBOARD_DetectLayout mismatch for keycode 61, got "/?  "
2694 wine_trace 00c4:trace:keyboard:X11DRV_KEYBOARD_DetectLayout matches=30, mismatches=17, seq=29, score=26
2694 wine_trace 00c4:trace:keyboard:X11DRV_KEYBOARD_DetectLayout Attempting to match against "Estonian keyboard layout"
2694 wine_trace 00c4:trace:key:X11DRV_KEYBOARD_DetectLayout mismatch for keycode 11, got "2@  "
2694 wine_trace 00c4:trace:key:X11DRV_KEYBOARD_DetectLayout mismatch for keycode 13, got "4$  "
2694 wine_trace 00c4:trace:key:X11DRV_KEYBOARD_DetectLayout mismatch for keycode 15, got "6^  "
2694 wine_trace 00c4:trace:key:X11DRV_KEYBOARD_DetectLayout mismatch for keycode 16, got "7&  "
2694 wine_trace 00c4:trace:key:X11DRV_KEYBOARD_DetectLayout mismatch for keycode 17, got "8*  "
2694 wine_trace 00c4:trace:key:X11DRV_KEYBOARD_DetectLayout mismatch for keycode 18, got "9(  "
2694 wine_trace 00c4:trace:key:X11DRV_KEYBOARD_DetectLayout mismatch for keycode 19, got "0)  "
2694 wine_trace 00c4:trace:key:X11DRV_KEYBOARD_DetectLayout mismatch for keycode 21, got "=+  "
2695 wine_trace 00c4:trace:key:X11DRV_KEYBOARD_DetectLayout mismatch for keycode 34, got "[{  "
2695 wine_trace 00c4:trace:key:X11DRV_KEYBOARD_DetectLayout mismatch for keycode 35, got "]}  "
2695 wine_trace 00c4:trace:key:X11DRV_KEYBOARD_DetectLayout mismatch for keycode 47, got ";:  "
2695 wine_trace 00c4:trace:key:X11DRV_KEYBOARD_DetectLayout mismatch for keycode 48, got "'\"  "
2695 wine_trace 00c4:trace:key:X11DRV_KEYBOARD_DetectLayout mismatch for keycode 49, got "`~  "
2695 wine_trace 00c4:trace:key:X11DRV_KEYBOARD_DetectLayout mismatch for keycode 51, got "\\|  "
2695 wine_trace 00c4:trace:key:X11DRV_KEYBOARD_DetectLayout mismatch for keycode 59, got ",<  "
2695 wine_trace 00c4:trace:key:X11DRV_KEYBOARD_DetectLayout mismatch for keycode 60, got ".>  "
2695 wine_trace 00c4:trace:key:X11DRV_KEYBOARD_DetectLayout mismatch for keycode 61, got "/?  "
2695 wine_trace 00c4:trace:keyboard:X11DRV_KEYBOARD_DetectLayout matches=30, mismatches=17, seq=29, score=26
2695 wine_trace 00c4:trace:keyboard:X11DRV_KEYBOARD_DetectLayout Attempting to match against "Norwegian keyboard layout"
2696 wine_trace 00c4:trace:key:X11DRV_KEYBOARD_DetectLayout mismatch for keycode 11, got "2@  "
2696 wine_trace 00c4:trace:key:X11DRV_KEYBOARD_DetectLayout mismatch for keycode 13, got "4$  "
2696 wine_trace 00c4:trace:key:X11DRV_KEYBOARD_DetectLayout mismatch for keycode 15, got "6^  "
2696 wine_trace 00c4:trace:key:X11DRV_KEYBOARD_DetectLayout mismatch for keycode 16, got "7&  "
2696 wine_trace 00c4:trace:key:X11DRV_KEYBOARD_DetectLayout mismatch for keycode 17, got "8*  "
2696 wine_trace 00c4:trace:key:X11DRV_KEYBOARD_DetectLayout mismatch for keycode 18, got "9(  "
2696 wine_trace 00c4:trace:key:X11DRV_KEYBOARD_DetectLayout mismatch for keycode 19, got "0)  "
2696 wine_trace 00c4:trace:key:X11DRV_KEYBOARD_DetectLayout mismatch for keycode 21, got "=+  "
2696 wine_trace 00c4:trace:key:X11DRV_KEYBOARD_DetectLayout mismatch for keycode 34, got "[{  "
2696 wine_trace 00c4:trace:key:X11DRV_KEYBOARD_DetectLayout mismatch for keycode 35, got "]}  "
2696 wine_trace 00c4:trace:key:X11DRV_KEYBOARD_DetectLayout mismatch for keycode 47, got ";:  "
2696 wine_trace 00c4:trace:key:X11DRV_KEYBOARD_DetectLayout mismatch for keycode 48, got "'\"  "
2696 wine_trace 00c4:trace:key:X11DRV_KEYBOARD_DetectLayout mismatch for keycode 49, got "`~  "
2697 wine_trace 00c4:trace:key:X11DRV_KEYBOARD_DetectLayout mismatch for keycode 51, got "\\|  "
2697 wine_trace 00c4:trace:key:X11DRV_KEYBOARD_DetectLayout mismatch for keycode 59, got ",<  "
2697 wine_trace 00c4:trace:key:X11DRV_KEYBOARD_DetectLayout mismatch for keycode 60, got ".>  "
2697 wine_trace 00c4:trace:key:X11DRV_KEYBOARD_DetectLayout mismatch for keycode 61, got "/?  "
2697 wine_trace 00c4:trace:keyboard:X11DRV_KEYBOARD_DetectLayout matches=30, mismatches=17, seq=29, score=26
2697 wine_trace 00c4:trace:keyboard:X11DRV_KEYBOARD_DetectLayout Attempting to match against "Danish keyboard layout"
2697 wine_trace 00c4:trace:key:X11DRV_KEYBOARD_DetectLayout mismatch for keycode 11, got "2@  "
2697 wine_trace 00c4:trace:key:X11DRV_KEYBOARD_DetectLayout mismatch for keycode 13, got "4$  "
2697 wine_trace 00c4:trace:key:X11DRV_KEYBOARD_DetectLayout mismatch for keycode 15, got "6^  "
2697 wine_trace 00c4:trace:key:X11DRV_KEYBOARD_DetectLayout mismatch for keycode 16, got "7&  "
2697 wine_trace 00c4:trace:key:X11DRV_KEYBOARD_DetectLayout mismatch for keycode 17, got "8*  "
2698 wine_trace 00c4:trace:key:X11DRV_KEYBOARD_DetectLayout mismatch for keycode 18, got "9(  "
2698 wine_trace 00c4:trace:key:X11DRV_KEYBOARD_DetectLayout mismatch for keycode 19, got "0)  "
2698 wine_trace 00c4:trace:key:X11DRV_KEYBOARD_DetectLayout mismatch for keycode 21, got "=+  "
2699 wine_trace 00c4:trace:key:X11DRV_KEYBOARD_DetectLayout mismatch for keycode 34, got "[{  "
2700 wine_trace 00c4:trace:key:X11DRV_KEYBOARD_DetectLayout mismatch for keycode 35, got "]}  "
2701 wine_trace 00c4:trace:key:X11DRV_KEYBOARD_DetectLayout mismatch for keycode 47, got ";:  "
2702 wine_trace 00c4:trace:key:X11DRV_KEYBOARD_DetectLayout mismatch for keycode 48, got "'\"  "
2702 wine_trace 00c4:trace:key:X11DRV_KEYBOARD_DetectLayout mismatch for keycode 49, got "`~  "
2702 wine_trace 00c4:trace:key:X11DRV_KEYBOARD_DetectLayout mismatch for keycode 51, got "\\|  "
2702 wine_trace 00c4:trace:key:X11DRV_KEYBOARD_DetectLayout mismatch for keycode 59, got ",<  "
2702 wine_trace 00c4:trace:key:X11DRV_KEYBOARD_DetectLayout mismatch for keycode 60, got ".>  "
2702 wine_trace 00c4:trace:key:X11DRV_KEYBOARD_DetectLayout mismatch for keycode 61, got "/?  "
2703 wine_trace 00c4:trace:keyboard:X11DRV_KEYBOARD_DetectLayout matches=30, mismatches=17, seq=29, score=26
2703 wine_trace 00c4:trace:keyboard:X11DRV_KEYBOARD_DetectLayout Attempting to match against "French keyboard layout"
2703 wine_trace 00c4:trace:key:X11DRV_KEYBOARD_DetectLayout mismatch for keycode 10, got "1!  "
2703 wine_trace 00c4:trace:key:X11DRV_KEYBOARD_DetectLayout mismatch for keycode 11, got "2@  "
2704 wine_trace 00c4:trace:key:X11DRV_KEYBOARD_DetectLayout mismatch for keycode 12, got "3#  "
2704 wine_trace 00c4:trace:key:X11DRV_KEYBOARD_DetectLayout mismatch for keycode 13, got "4$  "
2704 wine_trace 00c4:trace:key:X11DRV_KEYBOARD_DetectLayout mismatch for keycode 14, got "5%  "
2704 wine_trace 00c4:trace:key:X11DRV_KEYBOARD_DetectLayout mismatch for keycode 15, got "6^  "
2704 wine_trace 00c4:trace:key:X11DRV_KEYBOARD_DetectLayout mismatch for keycode 16, got "7&  "
2704 wine_trace 00c4:trace:key:X11DRV_KEYBOARD_DetectLayout mismatch for keycode 17, got "8*  "
2704 wine_trace 00c4:trace:key:X11DRV_KEYBOARD_DetectLayout mismatch for keycode 18, got "9(  "
2704 wine_trace 00c4:trace:key:X11DRV_KEYBOARD_DetectLayout mismatch for keycode 19, got "0)  "
2704 wine_trace 00c4:trace:key:X11DRV_KEYBOARD_DetectLayout mismatch for keycode 20, got "-_  "
2704 wine_trace 00c4:trace:key:X11DRV_KEYBOARD_DetectLayout mismatch for keycode 34, got "[{  "
2704 wine_trace 00c4:trace:key:X11DRV_KEYBOARD_DetectLayout mismatch for keycode 35, got "]}  "
2704 wine_trace 00c4:trace:key:X11DRV_KEYBOARD_DetectLayout mismatch for keycode 47, got ";:  "
2705 wine_trace 00c4:trace:key:X11DRV_KEYBOARD_DetectLayout mismatch for keycode 48, got "'\"  "
2705 wine_trace 00c4:trace:key:X11DRV_KEYBOARD_DetectLayout mismatch for keycode 49, got "`~  "
2705 wine_trace 00c4:trace:key:X11DRV_KEYBOARD_DetectLayout mismatch for keycode 51, got "\\|  "
2705 wine_trace 00c4:trace:key:X11DRV_KEYBOARD_DetectLayout mismatch for keycode 59, got ",<  "
2705 wine_trace 00c4:trace:key:X11DRV_KEYBOARD_DetectLayout mismatch for keycode 60, got ".>  "
2705 wine_trace 00c4:trace:key:X11DRV_KEYBOARD_DetectLayout mismatch for keycode 61, got "/?  "
2705 wine_trace 00c4:trace:keyboard:X11DRV_KEYBOARD_DetectLayout matches=27, mismatches=20, seq=23, score=14
2705 wine_trace 00c4:trace:keyboard:X11DRV_KEYBOARD_DetectLayout Attempting to match against "Canadian French keyboard layout"
2705 wine_trace 00c4:trace:key:X11DRV_KEYBOARD_DetectLayout mismatch for keycode 11, got "2@  "
2705 wine_trace 00c4:trace:key:X11DRV_KEYBOARD_DetectLayout mismatch for keycode 12, got "3#  "
2705 wine_trace 00c4:trace:key:X11DRV_KEYBOARD_DetectLayout mismatch for keycode 15, got "6^  "
2706 wine_trace 00c4:trace:key:X11DRV_KEYBOARD_DetectLayout mismatch for keycode 34, got "[{  "
2706 wine_trace 00c4:trace:key:X11DRV_KEYBOARD_DetectLayout mismatch for keycode 35, got "]}  "
2706 wine_trace 00c4:trace:key:X11DRV_KEYBOARD_DetectLayout mismatch for keycode 48, got "'\"  "
2706 wine_trace 00c4:trace:key:X11DRV_KEYBOARD_DetectLayout mismatch for keycode 49, got "`~  "
2706 wine_trace 00c4:trace:key:X11DRV_KEYBOARD_DetectLayout mismatch for keycode 51, got "\\|  "
2706 wine_trace 00c4:trace:key:X11DRV_KEYBOARD_DetectLayout mismatch for keycode 59, got ",<  "
2706 wine_trace 00c4:trace:key:X11DRV_KEYBOARD_DetectLayout mismatch for keycode 61, got "/?  "
2706 wine_trace 00c4:trace:keyboard:X11DRV_KEYBOARD_DetectLayout matches=37, mismatches=10, seq=37, score=53
2706 wine_trace 00c4:trace:keyboard:X11DRV_KEYBOARD_DetectLayout Attempting to match against "Canadian French keyboard layout (CA_fr)"
2706 wine_trace 00c4:trace:key:X11DRV_KEYBOARD_DetectLayout mismatch for keycode 11, got "2@  "
2706 wine_trace 00c4:trace:key:X11DRV_KEYBOARD_DetectLayout mismatch for keycode 12, got "3#  "
2707 wine_trace 00c4:trace:key:X11DRV_KEYBOARD_DetectLayout mismatch for keycode 15, got "6^  "
2707 wine_trace 00c4:trace:key:X11DRV_KEYBOARD_DetectLayout mismatch for keycode 34, got "[{  "
2707 wine_trace 00c4:trace:key:X11DRV_KEYBOARD_DetectLayout mismatch for keycode 35, got "]}  "
2707 wine_trace 00c4:trace:key:X11DRV_KEYBOARD_DetectLayout mismatch for keycode 48, got "'\"  "
2707 wine_trace 00c4:trace:key:X11DRV_KEYBOARD_DetectLayout mismatch for keycode 49, got "`~  "
2707 wine_trace 00c4:trace:key:X11DRV_KEYBOARD_DetectLayout mismatch for keycode 51, got "\\|  "
2707 wine_trace 00c4:trace:key:X11DRV_KEYBOARD_DetectLayout mismatch for keycode 59, got ",<  "
2707 wine_trace 00c4:trace:key:X11DRV_KEYBOARD_DetectLayout mismatch for keycode 61, got "/?  "
2707 wine_trace 00c4:trace:keyboard:X11DRV_KEYBOARD_DetectLayout matches=37, mismatches=10, seq=37, score=53
2707 wine_trace 00c4:trace:keyboard:X11DRV_KEYBOARD_DetectLayout Attempting to match against "Canadian keyboard layout"
2707 wine_trace 00c4:trace:key:X11DRV_KEYBOARD_DetectLayout mismatch for keycode 15, got "6^  "
2707 wine_trace 00c4:trace:key:X11DRV_KEYBOARD_DetectLayout mismatch for keycode 34, got "[{  "
2708 wine_trace 00c4:trace:key:X11DRV_KEYBOARD_DetectLayout mismatch for keycode 35, got "]}  "
2708 wine_trace 00c4:trace:key:X11DRV_KEYBOARD_DetectLayout mismatch for keycode 48, got "'\"  "
2708 wine_trace 00c4:trace:key:X11DRV_KEYBOARD_DetectLayout mismatch for keycode 49, got "`~  "
2708 wine_trace 00c4:trace:key:X11DRV_KEYBOARD_DetectLayout mismatch for keycode 51, got "\\|  "
2708 wine_trace 00c4:trace:key:X11DRV_KEYBOARD_DetectLayout mismatch for keycode 59, got ",<  "
2708 wine_trace 00c4:trace:key:X11DRV_KEYBOARD_DetectLayout mismatch for keycode 60, got ".>  "
2708 wine_trace 00c4:trace:key:X11DRV_KEYBOARD_DetectLayout mismatch for keycode 61, got "/?  "
2708 wine_trace 00c4:trace:keyboard:X11DRV_KEYBOARD_DetectLayout matches=38, mismatches=9, seq=38, score=58
2708 wine_trace 00c4:trace:keyboard:X11DRV_KEYBOARD_DetectLayout Attempting to match against "Belgian keyboard layout"
2708 wine_trace 00c4:trace:key:X11DRV_KEYBOARD_DetectLayout mismatch for keycode 10, got "1!  "
2708 wine_trace 00c4:trace:key:X11DRV_KEYBOARD_DetectLayout mismatch for keycode 11, got "2@  "
2708 wine_trace 00c4:trace:key:X11DRV_KEYBOARD_DetectLayout mismatch for keycode 12, got "3#  "
2709 wine_trace 00c4:trace:key:X11DRV_KEYBOARD_DetectLayout mismatch for keycode 13, got "4$  "
2709 wine_trace 00c4:trace:key:X11DRV_KEYBOARD_DetectLayout mismatch for keycode 14, got "5%  "
2709 wine_trace 00c4:trace:key:X11DRV_KEYBOARD_DetectLayout mismatch for keycode 15, got "6^  "
2709 wine_trace 00c4:trace:key:X11DRV_KEYBOARD_DetectLayout mismatch for keycode 16, got "7&  "
2709 wine_trace 00c4:trace:key:X11DRV_KEYBOARD_DetectLayout mismatch for keycode 17, got "8*  "
2709 wine_trace 00c4:trace:key:X11DRV_KEYBOARD_DetectLayout mismatch for keycode 18, got "9(  "
2709 wine_trace 00c4:trace:key:X11DRV_KEYBOARD_DetectLayout mismatch for keycode 19, got "0)  "
2709 wine_trace 00c4:trace:key:X11DRV_KEYBOARD_DetectLayout mismatch for keycode 34, got "[{  "
2709 wine_trace 00c4:trace:key:X11DRV_KEYBOARD_DetectLayout mismatch for keycode 35, got "]}  "
2709 wine_trace 00c4:trace:key:X11DRV_KEYBOARD_DetectLayout mismatch for keycode 47, got ";:  "
2709 wine_trace 00c4:trace:key:X11DRV_KEYBOARD_DetectLayout mismatch for keycode 48, got "'\"  "
2709 wine_trace 00c4:trace:key:X11DRV_KEYBOARD_DetectLayout mismatch for keycode 49, got "`~  "
2709 wine_trace 00c4:trace:key:X11DRV_KEYBOARD_DetectLayout mismatch for keycode 51, got "\\|  "
2710 wine_trace 00c4:trace:key:X11DRV_KEYBOARD_DetectLayout mismatch for keycode 59, got ",<  "
2710 wine_trace 00c4:trace:key:X11DRV_KEYBOARD_DetectLayout mismatch for keycode 60, got ".>  "
2710 wine_trace 00c4:trace:key:X11DRV_KEYBOARD_DetectLayout mismatch for keycode 61, got "/?  "
2710 wine_trace 00c4:trace:keyboard:X11DRV_KEYBOARD_DetectLayout matches=28, mismatches=19, seq=23, score=18
2710 wine_trace 00c4:trace:keyboard:X11DRV_KEYBOARD_DetectLayout Attempting to match against "Portuguese keyboard layout"
2710 wine_trace 00c4:trace:key:X11DRV_KEYBOARD_DetectLayout mismatch for keycode 11, got "2@  "
2710 wine_trace 00c4:trace:key:X11DRV_KEYBOARD_DetectLayout mismatch for keycode 15, got "6^  "
2710 wine_trace 00c4:trace:key:X11DRV_KEYBOARD_DetectLayout mismatch for keycode 16, got "7&  "
2710 wine_trace 00c4:trace:key:X11DRV_KEYBOARD_DetectLayout mismatch for keycode 17, got "8*  "
2710 wine_trace 00c4:trace:key:X11DRV_KEYBOARD_DetectLayout mismatch for keycode 18, got "9(  "
2710 wine_trace 00c4:trace:key:X11DRV_KEYBOARD_DetectLayout mismatch for keycode 19, got "0)  "
2710 wine_trace 00c4:trace:key:X11DRV_KEYBOARD_DetectLayout mismatch for keycode 21, got "=+  "
2711 wine_trace 00c4:trace:key:X11DRV_KEYBOARD_DetectLayout mismatch for keycode 34, got "[{  "
2711 wine_trace 00c4:trace:key:X11DRV_KEYBOARD_DetectLayout mismatch for keycode 35, got "]}  "
2711 wine_trace 00c4:trace:key:X11DRV_KEYBOARD_DetectLayout mismatch for keycode 47, got ";:  "
2711 wine_trace 00c4:trace:key:X11DRV_KEYBOARD_DetectLayout mismatch for keycode 48, got "'\"  "
2711 wine_trace 00c4:trace:key:X11DRV_KEYBOARD_DetectLayout mismatch for keycode 49, got "`~  "
2711 wine_trace 00c4:trace:key:X11DRV_KEYBOARD_DetectLayout mismatch for keycode 59, got ",<  "
2711 wine_trace 00c4:trace:key:X11DRV_KEYBOARD_DetectLayout mismatch for keycode 60, got ".>  "
2711 wine_trace 00c4:trace:key:X11DRV_KEYBOARD_DetectLayout mismatch for keycode 61, got "/?  "
2711 wine_trace 00c4:trace:keyboard:X11DRV_KEYBOARD_DetectLayout matches=32, mismatches=15, seq=30, score=34
2711 wine_trace 00c4:trace:keyboard:X11DRV_KEYBOARD_DetectLayout Attempting to match against "Brazilian ABNT-2 keyboard layout"
2711 wine_trace 00c4:trace:key:X11DRV_KEYBOARD_DetectLayout mismatch for keycode 15, got "6^  "
2711 wine_trace 00c4:trace:key:X11DRV_KEYBOARD_DetectLayout mismatch for keycode 49, got "`~  "
2712 wine_trace 00c4:trace:keyboard:X11DRV_KEYBOARD_DetectLayout matches=45, mismatches=2, seq=43, score=86
2712 wine_trace 00c4:trace:keyboard:X11DRV_KEYBOARD_DetectLayout Attempting to match against "Brazilian ABNT-2 keyboard layout ALT GR"
2712 wine_trace 00c4:trace:key:X11DRV_KEYBOARD_DetectLayout mismatch for keycode 15, got "6^  "
2712 wine_trace 00c4:trace:key:X11DRV_KEYBOARD_DetectLayout mismatch for keycode 49, got "`~  "
2712 wine_trace 00c4:trace:keyboard:X11DRV_KEYBOARD_DetectLayout matches=45, mismatches=2, seq=43, score=86
2712 wine_trace 00c4:trace:keyboard:X11DRV_KEYBOARD_DetectLayout Attempting to match against "Finnish keyboard layout"
2712 wine_trace 00c4:trace:key:X11DRV_KEYBOARD_DetectLayout mismatch for keycode 11, got "2@  "
2712 wine_trace 00c4:trace:key:X11DRV_KEYBOARD_DetectLayout mismatch for keycode 13, got "4$  "
2712 wine_trace 00c4:trace:key:X11DRV_KEYBOARD_DetectLayout mismatch for keycode 15, got "6^  "
2712 wine_trace 00c4:trace:key:X11DRV_KEYBOARD_DetectLayout mismatch for keycode 16, got "7&  "
2712 wine_trace 00c4:trace:key:X11DRV_KEYBOARD_DetectLayout mismatch for keycode 17, got "8*  "
2712 wine_trace 00c4:trace:key:X11DRV_KEYBOARD_DetectLayout mismatch for keycode 18, got "9(  "
2713 wine_trace 00c4:trace:key:X11DRV_KEYBOARD_DetectLayout mismatch for keycode 19, got "0)  "
2713 wine_trace 00c4:trace:key:X11DRV_KEYBOARD_DetectLayout mismatch for keycode 21, got "=+  "
2713 wine_trace 00c4:trace:key:X11DRV_KEYBOARD_DetectLayout mismatch for keycode 34, got "[{  "
2713 wine_trace 00c4:trace:key:X11DRV_KEYBOARD_DetectLayout mismatch for keycode 35, got "]}  "
2713 wine_trace 00c4:trace:key:X11DRV_KEYBOARD_DetectLayout mismatch for keycode 47, got ";:  "
2713 wine_trace 00c4:trace:key:X11DRV_KEYBOARD_DetectLayout mismatch for keycode 48, got "'\"  "
2713 wine_trace 00c4:trace:key:X11DRV_KEYBOARD_DetectLayout mismatch for keycode 49, got "`~  "
2713 wine_trace 00c4:trace:key:X11DRV_KEYBOARD_DetectLayout mismatch for keycode 51, got "\\|  "
2713 wine_trace 00c4:trace:key:X11DRV_KEYBOARD_DetectLayout mismatch for keycode 59, got ",<  "
2713 wine_trace 00c4:trace:key:X11DRV_KEYBOARD_DetectLayout mismatch for keycode 60, got ".>  "
2713 wine_trace 00c4:trace:key:X11DRV_KEYBOARD_DetectLayout mismatch for keycode 61, got "/?  "
2713 wine_trace 00c4:trace:keyboard:X11DRV_KEYBOARD_DetectLayout matches=30, mismatches=17, seq=29, score=26
2714 wine_trace 00c4:trace:keyboard:X11DRV_KEYBOARD_DetectLayout Attempting to match against "Bulgarian bds keyboard layout"
2714 wine_trace 00c4:trace:keyboard:X11DRV_KEYBOARD_DetectLayout matches=47, mismatches=0, seq=46, score=94
2714 wine_trace 00c4:trace:keyboard:X11DRV_KEYBOARD_DetectLayout Attempting to match against "Bulgarian phonetic keyboard layout"
2714 wine_trace 00c4:trace:keyboard:X11DRV_KEYBOARD_DetectLayout matches=47, mismatches=0, seq=46, score=94
2714 wine_trace 00c4:trace:keyboard:X11DRV_KEYBOARD_DetectLayout Attempting to match against "Belarusian keyboard layout"
2714 wine_trace 00c4:trace:keyboard:X11DRV_KEYBOARD_DetectLayout matches=47, mismatches=0, seq=46, score=94
2714 wine_trace 00c4:trace:keyboard:X11DRV_KEYBOARD_DetectLayout Attempting to match against "Russian keyboard layout"
2714 wine_trace 00c4:trace:keyboard:X11DRV_KEYBOARD_DetectLayout matches=47, mismatches=0, seq=46, score=94
2714 wine_trace 00c4:trace:keyboard:X11DRV_KEYBOARD_DetectLayout Attempting to match against "Russian keyboard layout (phantom key version)"
2714 wine_trace 00c4:trace:keyboard:X11DRV_KEYBOARD_DetectLayout matches=47, mismatches=0, seq=46, score=94
2714 wine_trace 00c4:trace:keyboard:X11DRV_KEYBOARD_DetectLayout Attempting to match against "Russian keyboard layout KOI8-R"
2714 wine_trace 00c4:trace:key:X11DRV_KEYBOARD_DetectLayout mismatch for keycode 11, got "2@  "
2715 wine_trace 00c4:trace:key:X11DRV_KEYBOARD_DetectLayout mismatch for keycode 12, got "3#  "
2715 wine_trace 00c4:trace:key:X11DRV_KEYBOARD_DetectLayout mismatch for keycode 14, got "5%  "
2715 wine_trace 00c4:trace:key:X11DRV_KEYBOARD_DetectLayout mismatch for keycode 15, got "6^  "
2715 wine_trace 00c4:trace:key:X11DRV_KEYBOARD_DetectLayout mismatch for keycode 16, got "7&  "
2715 wine_trace 00c4:trace:key:X11DRV_KEYBOARD_DetectLayout mismatch for keycode 17, got "8*  "
2715 wine_trace 00c4:trace:key:X11DRV_KEYBOARD_DetectLayout mismatch for keycode 18, got "9(  "
2715 wine_trace 00c4:trace:key:X11DRV_KEYBOARD_DetectLayout mismatch for keycode 19, got "0)  "
2715 wine_trace 00c4:trace:key:X11DRV_KEYBOARD_DetectLayout mismatch for keycode 24, got "qQ  "
2715 wine_trace 00c4:trace:key:X11DRV_KEYBOARD_DetectLayout mismatch for keycode 25, got "wW  "
2715 wine_trace 00c4:trace:key:X11DRV_KEYBOARD_DetectLayout mismatch for keycode 26, got "eE  "
2716 wine_trace 00c4:trace:key:X11DRV_KEYBOARD_DetectLayout mismatch for keycode 27, got "rR  "
2716 wine_trace 00c4:trace:key:X11DRV_KEYBOARD_DetectLayout mismatch for keycode 28, got "tT  "
2716 wine_trace 00c4:trace:key:X11DRV_KEYBOARD_DetectLayout mismatch for keycode 29, got "yY  "
2716 wine_trace 00c4:trace:key:X11DRV_KEYBOARD_DetectLayout mismatch for keycode 30, got "uU  "
2716 wine_trace 00c4:trace:key:X11DRV_KEYBOARD_DetectLayout mismatch for keycode 31, got "iI  "
2716 wine_trace 00c4:trace:key:X11DRV_KEYBOARD_DetectLayout mismatch for keycode 32, got "oO  "
2716 wine_trace 00c4:trace:key:X11DRV_KEYBOARD_DetectLayout mismatch for keycode 33, got "pP  "
2717 wine_trace 00c4:trace:key:X11DRV_KEYBOARD_DetectLayout mismatch for keycode 34, got "[{  "
2717 wine_trace 00c4:trace:key:X11DRV_KEYBOARD_DetectLayout mismatch for keycode 35, got "]}  "
2717 wine_trace 00c4:trace:key:X11DRV_KEYBOARD_DetectLayout mismatch for keycode 38, got "aA  "
2717 wine_trace 00c4:trace:key:X11DRV_KEYBOARD_DetectLayout mismatch for keycode 39, got "sS  "
2717 wine_trace 00c4:trace:key:X11DRV_KEYBOARD_DetectLayout mismatch for keycode 40, got "dD  "
2717 wine_trace 00c4:trace:key:X11DRV_KEYBOARD_DetectLayout mismatch for keycode 41, got "fF  "
2717 wine_trace 00c4:trace:key:X11DRV_KEYBOARD_DetectLayout mismatch for keycode 42, got "gG  "
2717 wine_trace 00c4:trace:key:X11DRV_KEYBOARD_DetectLayout mismatch for keycode 43, got "hH  "
2717 wine_trace 00c4:trace:key:X11DRV_KEYBOARD_DetectLayout mismatch for keycode 44, got "jJ  "
2717 wine_trace 00c4:trace:key:X11DRV_KEYBOARD_DetectLayout mismatch for keycode 45, got "kK  "
2717 wine_trace 00c4:trace:key:X11DRV_KEYBOARD_DetectLayout mismatch for keycode 46, got "lL  "
2718 wine_trace 00c4:trace:key:X11DRV_KEYBOARD_DetectLayout mismatch for keycode 47, got ";:  "
2718 wine_trace 00c4:trace:key:X11DRV_KEYBOARD_DetectLayout mismatch for keycode 48, got "'\"  "
2718 wine_trace 00c4:trace:key:X11DRV_KEYBOARD_DetectLayout mismatch for keycode 49, got "`~  "
2718 wine_trace 00c4:trace:key:X11DRV_KEYBOARD_DetectLayout mismatch for keycode 52, got "zZ  "
2718 wine_trace 00c4:trace:key:X11DRV_KEYBOARD_DetectLayout mismatch for keycode 53, got "xX  "
2718 wine_trace 00c4:trace:key:X11DRV_KEYBOARD_DetectLayout mismatch for keycode 54, got "cC  "
2718 wine_trace 00c4:trace:key:X11DRV_KEYBOARD_DetectLayout mismatch for keycode 55, got "vV  "
2718 wine_trace 00c4:trace:key:X11DRV_KEYBOARD_DetectLayout mismatch for keycode 56, got "bB  "
2718 wine_trace 00c4:trace:key:X11DRV_KEYBOARD_DetectLayout mismatch for keycode 57, got "nN  "
2718 wine_trace 00c4:trace:key:X11DRV_KEYBOARD_DetectLayout mismatch for keycode 58, got "mM  "
2718 wine_trace 00c4:trace:key:X11DRV_KEYBOARD_DetectLayout mismatch for keycode 59, got ",<  "
2718 wine_trace 00c4:trace:key:X11DRV_KEYBOARD_DetectLayout mismatch for keycode 60, got ".>  "
2719 wine_trace 00c4:trace:keyboard:X11DRV_KEYBOARD_DetectLayout matches=6, mismatches=41, seq=6, score=-70
2719 wine_trace 00c4:trace:keyboard:X11DRV_KEYBOARD_DetectLayout Attempting to match against "Russian keyboard layout cp1251"
2719 wine_trace 00c4:trace:keyboard:X11DRV_KEYBOARD_DetectLayout matches=47, mismatches=0, seq=46, score=94
2719 wine_trace 00c4:trace:keyboard:X11DRV_KEYBOARD_DetectLayout Attempting to match against "Russian phonetic keyboard layout"
2719 wine_trace 00c4:trace:keyboard:X11DRV_KEYBOARD_DetectLayout matches=47, mismatches=0, seq=46, score=94
2719 wine_trace 00c4:trace:keyboard:X11DRV_KEYBOARD_DetectLayout Attempting to match against "Ukrainian keyboard layout KOI8-U"
2719 wine_trace 00c4:trace:keyboard:X11DRV_KEYBOARD_DetectLayout matches=47, mismatches=0, seq=46, score=94
2719 wine_trace 00c4:trace:keyboard:X11DRV_KEYBOARD_DetectLayout Attempting to match against "Ukrainian keyboard layout (standard)"
2719 wine_trace 00c4:trace:key:X11DRV_KEYBOARD_DetectLayout mismatch for keycode 11, got "2@  "
2719 wine_trace 00c4:trace:key:X11DRV_KEYBOARD_DetectLayout mismatch for keycode 12, got "3#  "
2719 wine_trace 00c4:trace:key:X11DRV_KEYBOARD_DetectLayout mismatch for keycode 13, got "4$  "
2719 wine_trace 00c4:trace:key:X11DRV_KEYBOARD_DetectLayout mismatch for keycode 15, got "6^  "
2720 wine_trace 00c4:trace:key:X11DRV_KEYBOARD_DetectLayout mismatch for keycode 16, got "7&  "
2720 wine_trace 00c4:trace:key:X11DRV_KEYBOARD_DetectLayout mismatch for keycode 24, got "qQ  "
2720 wine_trace 00c4:trace:key:X11DRV_KEYBOARD_DetectLayout mismatch for keycode 25, got "wW  "
2720 wine_trace 00c4:trace:key:X11DRV_KEYBOARD_DetectLayout mismatch for keycode 26, got "eE  "
2720 wine_trace 00c4:trace:key:X11DRV_KEYBOARD_DetectLayout mismatch for keycode 27, got "rR  "
2720 wine_trace 00c4:trace:key:X11DRV_KEYBOARD_DetectLayout mismatch for keycode 28, got "tT  "
2720 wine_trace 00c4:trace:key:X11DRV_KEYBOARD_DetectLayout mismatch for keycode 29, got "yY  "
2720 wine_trace 00c4:trace:key:X11DRV_KEYBOARD_DetectLayout mismatch for keycode 30, got "uU  "
2720 wine_trace 00c4:trace:key:X11DRV_KEYBOARD_DetectLayout mismatch for keycode 31, got "iI  "
2720 wine_trace 00c4:trace:key:X11DRV_KEYBOARD_DetectLayout mismatch for keycode 32, got "oO  "
2720 wine_trace 00c4:trace:key:X11DRV_KEYBOARD_DetectLayout mismatch for keycode 33, got "pP  "
2721 wine_trace 00c4:trace:key:X11DRV_KEYBOARD_DetectLayout mismatch for keycode 34, got "[{  "
2721 wine_trace 00c4:trace:key:X11DRV_KEYBOARD_DetectLayout mismatch for keycode 35, got "]}  "
2721 wine_trace 00c4:trace:key:X11DRV_KEYBOARD_DetectLayout mismatch for keycode 38, got "aA  "
2721 wine_trace 00c4:trace:key:X11DRV_KEYBOARD_DetectLayout mismatch for keycode 39, got "sS  "
2721 wine_trace 00c4:trace:key:X11DRV_KEYBOARD_DetectLayout mismatch for keycode 40, got "dD  "
2721 wine_trace 00c4:trace:key:X11DRV_KEYBOARD_DetectLayout mismatch for keycode 41, got "fF  "
2721 wine_trace 00c4:trace:key:X11DRV_KEYBOARD_DetectLayout mismatch for keycode 42, got "gG  "
2721 wine_trace 00c4:trace:key:X11DRV_KEYBOARD_DetectLayout mismatch for keycode 43, got "hH  "
2721 wine_trace 00c4:trace:key:X11DRV_KEYBOARD_DetectLayout mismatch for keycode 44, got "jJ  "
2721 wine_trace 00c4:trace:key:X11DRV_KEYBOARD_DetectLayout mismatch for keycode 45, got "kK  "
2721 wine_trace 00c4:trace:key:X11DRV_KEYBOARD_DetectLayout mismatch for keycode 46, got "lL  "
2721 wine_trace 00c4:trace:key:X11DRV_KEYBOARD_DetectLayout mismatch for keycode 47, got ";:  "
2722 wine_trace 00c4:trace:key:X11DRV_KEYBOARD_DetectLayout mismatch for keycode 48, got "'\"  "
2722 wine_trace 00c4:trace:key:X11DRV_KEYBOARD_DetectLayout mismatch for keycode 49, got "`~  "
2722 wine_trace 00c4:trace:key:X11DRV_KEYBOARD_DetectLayout mismatch for keycode 51, got "\\|  "
2722 wine_trace 00c4:trace:key:X11DRV_KEYBOARD_DetectLayout mismatch for keycode 52, got "zZ  "
2722 wine_trace 00c4:trace:key:X11DRV_KEYBOARD_DetectLayout mismatch for keycode 53, got "xX  "
2722 wine_trace 00c4:trace:key:X11DRV_KEYBOARD_DetectLayout mismatch for keycode 54, got "cC  "
2722 wine_trace 00c4:trace:key:X11DRV_KEYBOARD_DetectLayout mismatch for keycode 55, got "vV  "
2722 wine_trace 00c4:trace:key:X11DRV_KEYBOARD_DetectLayout mismatch for keycode 56, got "bB  "
2722 wine_trace 00c4:trace:key:X11DRV_KEYBOARD_DetectLayout mismatch for keycode 57, got "nN  "
2722 wine_trace 00c4:trace:key:X11DRV_KEYBOARD_DetectLayout mismatch for keycode 58, got "mM  "
2722 wine_trace 00c4:trace:key:X11DRV_KEYBOARD_DetectLayout mismatch for keycode 59, got ",<  "
2722 wine_trace 00c4:trace:key:X11DRV_KEYBOARD_DetectLayout mismatch for keycode 60, got ".>  "
2722 wine_trace 00c4:trace:key:X11DRV_KEYBOARD_DetectLayout mismatch for keycode 61, got "/?  "
2723 wine_trace 00c4:trace:keyboard:X11DRV_KEYBOARD_DetectLayout matches=7, mismatches=40, seq=7, score=-66
2723 wine_trace 00c4:trace:keyboard:X11DRV_KEYBOARD_DetectLayout Attempting to match against "Russian keyboard layout (standard)"
2723 wine_trace 00c4:trace:key:X11DRV_KEYBOARD_DetectLayout mismatch for keycode 11, got "2@  "
2723 wine_trace 00c4:trace:key:X11DRV_KEYBOARD_DetectLayout mismatch for keycode 12, got "3#  "
2723 wine_trace 00c4:trace:key:X11DRV_KEYBOARD_DetectLayout mismatch for keycode 13, got "4$  "
2723 wine_trace 00c4:trace:key:X11DRV_KEYBOARD_DetectLayout mismatch for keycode 15, got "6^  "
2723 wine_trace 00c4:trace:key:X11DRV_KEYBOARD_DetectLayout mismatch for keycode 16, got "7&  "
2723 wine_trace 00c4:trace:key:X11DRV_KEYBOARD_DetectLayout mismatch for keycode 24, got "qQ  "
2723 wine_trace 00c4:trace:key:X11DRV_KEYBOARD_DetectLayout mismatch for keycode 25, got "wW  "
2723 wine_trace 00c4:trace:key:X11DRV_KEYBOARD_DetectLayout mismatch for keycode 26, got "eE  "
2723 wine_trace 00c4:trace:key:X11DRV_KEYBOARD_DetectLayout mismatch for keycode 27, got "rR  "
2724 wine_trace 00c4:trace:key:X11DRV_KEYBOARD_DetectLayout mismatch for keycode 28, got "tT  "
2724 wine_trace 00c4:trace:key:X11DRV_KEYBOARD_DetectLayout mismatch for keycode 29, got "yY  "
2724 wine_trace 00c4:trace:key:X11DRV_KEYBOARD_DetectLayout mismatch for keycode 30, got "uU  "
2724 wine_trace 00c4:trace:key:X11DRV_KEYBOARD_DetectLayout mismatch for keycode 31, got "iI  "
2724 wine_trace 00c4:trace:key:X11DRV_KEYBOARD_DetectLayout mismatch for keycode 32, got "oO  "
2724 wine_trace 00c4:trace:key:X11DRV_KEYBOARD_DetectLayout mismatch for keycode 33, got "pP  "
2724 wine_trace 00c4:trace:key:X11DRV_KEYBOARD_DetectLayout mismatch for keycode 34, got "[{  "
2724 wine_trace 00c4:trace:key:X11DRV_KEYBOARD_DetectLayout mismatch for keycode 35, got "]}  "
2724 wine_trace 00c4:trace:key:X11DRV_KEYBOARD_DetectLayout mismatch for keycode 38, got "aA  "
2724 wine_trace 00c4:trace:key:X11DRV_KEYBOARD_DetectLayout mismatch for keycode 39, got "sS  "
2724 wine_trace 00c4:trace:key:X11DRV_KEYBOARD_DetectLayout mismatch for keycode 40, got "dD  "
2724 wine_trace 00c4:trace:key:X11DRV_KEYBOARD_DetectLayout mismatch for keycode 41, got "fF  "
2725 wine_trace 00c4:trace:key:X11DRV_KEYBOARD_DetectLayout mismatch for keycode 42, got "gG  "
2725 wine_trace 00c4:trace:key:X11DRV_KEYBOARD_DetectLayout mismatch for keycode 43, got "hH  "
2725 wine_trace 00c4:trace:key:X11DRV_KEYBOARD_DetectLayout mismatch for keycode 44, got "jJ  "
2725 wine_trace 00c4:trace:key:X11DRV_KEYBOARD_DetectLayout mismatch for keycode 45, got "kK  "
2725 wine_trace 00c4:trace:key:X11DRV_KEYBOARD_DetectLayout mismatch for keycode 46, got "lL  "
2725 wine_trace 00c4:trace:key:X11DRV_KEYBOARD_DetectLayout mismatch for keycode 47, got ";:  "
2725 wine_trace 00c4:trace:key:X11DRV_KEYBOARD_DetectLayout mismatch for keycode 48, got "'\"  "
2725 wine_trace 00c4:trace:key:X11DRV_KEYBOARD_DetectLayout mismatch for keycode 49, got "`~  "
2725 wine_trace 00c4:trace:key:X11DRV_KEYBOARD_DetectLayout mismatch for keycode 51, got "\\|  "
2725 wine_trace 00c4:trace:key:X11DRV_KEYBOARD_DetectLayout mismatch for keycode 52, got "zZ  "
2725 wine_trace 00c4:trace:key:X11DRV_KEYBOARD_DetectLayout mismatch for keycode 53, got "xX  "
2725 wine_trace 00c4:trace:key:X11DRV_KEYBOARD_DetectLayout mismatch for keycode 54, got "cC  "
2725 wine_trace 00c4:trace:key:X11DRV_KEYBOARD_DetectLayout mismatch for keycode 55, got "vV  "
2726 wine_trace 00c4:trace:key:X11DRV_KEYBOARD_DetectLayout mismatch for keycode 56, got "bB  "
2726 wine_trace 00c4:trace:key:X11DRV_KEYBOARD_DetectLayout mismatch for keycode 57, got "nN  "
2726 wine_trace 00c4:trace:key:X11DRV_KEYBOARD_DetectLayout mismatch for keycode 58, got "mM  "
2726 wine_trace 00c4:trace:key:X11DRV_KEYBOARD_DetectLayout mismatch for keycode 59, got ",<  "
2726 wine_trace 00c4:trace:key:X11DRV_KEYBOARD_DetectLayout mismatch for keycode 60, got ".>  "
2726 wine_trace 00c4:trace:key:X11DRV_KEYBOARD_DetectLayout mismatch for keycode 61, got "/?  "
2726 wine_trace 00c4:trace:keyboard:X11DRV_KEYBOARD_DetectLayout matches=7, mismatches=40, seq=7, score=-66
2726 wine_trace 00c4:trace:keyboard:X11DRV_KEYBOARD_DetectLayout Attempting to match against "Spanish keyboard layout"
2726 wine_trace 00c4:trace:key:X11DRV_KEYBOARD_DetectLayout mismatch for keycode 11, got "2@  "
2726 wine_trace 00c4:trace:key:X11DRV_KEYBOARD_DetectLayout mismatch for keycode 12, got "3#  "
2726 wine_trace 00c4:trace:key:X11DRV_KEYBOARD_DetectLayout mismatch for keycode 15, got "6^  "
2726 wine_trace 00c4:trace:key:X11DRV_KEYBOARD_DetectLayout mismatch for keycode 16, got "7&  "
2726 wine_trace 00c4:trace:key:X11DRV_KEYBOARD_DetectLayout mismatch for keycode 17, got "8*  "
2727 wine_trace 00c4:trace:key:X11DRV_KEYBOARD_DetectLayout mismatch for keycode 18, got "9(  "
2727 wine_trace 00c4:trace:key:X11DRV_KEYBOARD_DetectLayout mismatch for keycode 19, got "0)  "
2727 wine_trace 00c4:trace:key:X11DRV_KEYBOARD_DetectLayout mismatch for keycode 21, got "=+  "
2727 wine_trace 00c4:trace:key:X11DRV_KEYBOARD_DetectLayout mismatch for keycode 34, got "[{  "
2727 wine_trace 00c4:trace:key:X11DRV_KEYBOARD_DetectLayout mismatch for keycode 35, got "]}  "
2727 wine_trace 00c4:trace:key:X11DRV_KEYBOARD_DetectLayout mismatch for keycode 47, got ";:  "
2727 wine_trace 00c4:trace:key:X11DRV_KEYBOARD_DetectLayout mismatch for keycode 48, got "'\"  "
2727 wine_trace 00c4:trace:key:X11DRV_KEYBOARD_DetectLayout mismatch for keycode 49, got "`~  "
2727 wine_trace 00c4:trace:key:X11DRV_KEYBOARD_DetectLayout mismatch for keycode 51, got "\\|  "
2727 wine_trace 00c4:trace:key:X11DRV_KEYBOARD_DetectLayout mismatch for keycode 59, got ",<  "
2727 wine_trace 00c4:trace:key:X11DRV_KEYBOARD_DetectLayout mismatch for keycode 60, got ".>  "
2728 wine_trace 00c4:trace:key:X11DRV_KEYBOARD_DetectLayout mismatch for keycode 61, got "/?  "
2728 wine_trace 00c4:trace:keyboard:X11DRV_KEYBOARD_DetectLayout matches=30, mismatches=17, seq=29, score=26
2728 wine_trace 00c4:trace:keyboard:X11DRV_KEYBOARD_DetectLayout Attempting to match against "Italian keyboard layout"
2728 wine_trace 00c4:trace:key:X11DRV_KEYBOARD_DetectLayout mismatch for keycode 11, got "2@  "
2728 wine_trace 00c4:trace:key:X11DRV_KEYBOARD_DetectLayout mismatch for keycode 12, got "3#  "
2728 wine_trace 00c4:trace:key:X11DRV_KEYBOARD_DetectLayout mismatch for keycode 15, got "6^  "
2728 wine_trace 00c4:trace:key:X11DRV_KEYBOARD_DetectLayout mismatch for keycode 16, got "7&  "
2728 wine_trace 00c4:trace:key:X11DRV_KEYBOARD_DetectLayout mismatch for keycode 17, got "8*  "
2728 wine_trace 00c4:trace:key:X11DRV_KEYBOARD_DetectLayout mismatch for keycode 18, got "9(  "
2728 wine_trace 00c4:trace:key:X11DRV_KEYBOARD_DetectLayout mismatch for keycode 19, got "0)  "
2728 wine_trace 00c4:trace:key:X11DRV_KEYBOARD_DetectLayout mismatch for keycode 21, got "=+  "
2728 wine_trace 00c4:trace:key:X11DRV_KEYBOARD_DetectLayout mismatch for keycode 34, got "[{  "
2728 wine_trace 00c4:trace:key:X11DRV_KEYBOARD_DetectLayout mismatch for keycode 35, got "]}  "
2729 wine_trace 00c4:trace:key:X11DRV_KEYBOARD_DetectLayout mismatch for keycode 47, got ";:  "
2729 wine_trace 00c4:trace:key:X11DRV_KEYBOARD_DetectLayout mismatch for keycode 48, got "'\"  "
2729 wine_trace 00c4:trace:key:X11DRV_KEYBOARD_DetectLayout mismatch for keycode 49, got "`~  "
2729 wine_trace 00c4:trace:key:X11DRV_KEYBOARD_DetectLayout mismatch for keycode 59, got ",<  "
2729 wine_trace 00c4:trace:key:X11DRV_KEYBOARD_DetectLayout mismatch for keycode 60, got ".>  "
2729 wine_trace 00c4:trace:key:X11DRV_KEYBOARD_DetectLayout mismatch for keycode 61, got "/?  "
2729 wine_trace 00c4:trace:keyboard:X11DRV_KEYBOARD_DetectLayout matches=31, mismatches=16, seq=29, score=30
2729 wine_trace 00c4:trace:keyboard:X11DRV_KEYBOARD_DetectLayout Attempting to match against "Icelandic keyboard layout"
2729 wine_trace 00c4:trace:key:X11DRV_KEYBOARD_DetectLayout mismatch for keycode 11, got "2@  "
2729 wine_trace 00c4:trace:key:X11DRV_KEYBOARD_DetectLayout mismatch for keycode 15, got "6^  "
2729 wine_trace 00c4:trace:key:X11DRV_KEYBOARD_DetectLayout mismatch for keycode 16, got "7&  "
2729 wine_trace 00c4:trace:key:X11DRV_KEYBOARD_DetectLayout mismatch for keycode 17, got "8*  "
2729 wine_trace 00c4:trace:key:X11DRV_KEYBOARD_DetectLayout mismatch for keycode 18, got "9(  "
2730 wine_trace 00c4:trace:key:X11DRV_KEYBOARD_DetectLayout mismatch for keycode 19, got "0)  "
2730 wine_trace 00c4:trace:key:X11DRV_KEYBOARD_DetectLayout mismatch for keycode 21, got "=+  "
2730 wine_trace 00c4:trace:key:X11DRV_KEYBOARD_DetectLayout mismatch for keycode 34, got "[{  "
2730 wine_trace 00c4:trace:key:X11DRV_KEYBOARD_DetectLayout mismatch for keycode 35, got "]}  "
2730 wine_trace 00c4:trace:key:X11DRV_KEYBOARD_DetectLayout mismatch for keycode 47, got ";:  "
2730 wine_trace 00c4:trace:key:X11DRV_KEYBOARD_DetectLayout mismatch for keycode 48, got "'\"  "
2730 wine_trace 00c4:trace:key:X11DRV_KEYBOARD_DetectLayout mismatch for keycode 49, got "`~  "
2730 wine_trace 00c4:trace:key:X11DRV_KEYBOARD_DetectLayout mismatch for keycode 51, got "\\|  "
2730 wine_trace 00c4:trace:key:X11DRV_KEYBOARD_DetectLayout mismatch for keycode 59, got ",<  "
2730 wine_trace 00c4:trace:key:X11DRV_KEYBOARD_DetectLayout mismatch for keycode 60, got ".>  "
2730 wine_trace 00c4:trace:key:X11DRV_KEYBOARD_DetectLayout mismatch for keycode 61, got "/?  "
2730 wine_trace 00c4:trace:keyboard:X11DRV_KEYBOARD_DetectLayout matches=31, mismatches=16, seq=31, score=30
2731 wine_trace 00c4:trace:keyboard:X11DRV_KEYBOARD_DetectLayout Attempting to match against "Hungarian keyboard layout"
2731 wine_trace 00c4:trace:key:X11DRV_KEYBOARD_DetectLayout mismatch for keycode 10, got "1!  "
2731 wine_trace 00c4:trace:key:X11DRV_KEYBOARD_DetectLayout mismatch for keycode 11, got "2@  "
2731 wine_trace 00c4:trace:key:X11DRV_KEYBOARD_DetectLayout mismatch for keycode 12, got "3#  "
2731 wine_trace 00c4:trace:key:X11DRV_KEYBOARD_DetectLayout mismatch for keycode 13, got "4$  "
2731 wine_trace 00c4:trace:key:X11DRV_KEYBOARD_DetectLayout mismatch for keycode 15, got "6^  "
2731 wine_trace 00c4:trace:key:X11DRV_KEYBOARD_DetectLayout mismatch for keycode 16, got "7&  "
2731 wine_trace 00c4:trace:key:X11DRV_KEYBOARD_DetectLayout mismatch for keycode 17, got "8*  "
2731 wine_trace 00c4:trace:key:X11DRV_KEYBOARD_DetectLayout mismatch for keycode 18, got "9(  "
2731 wine_trace 00c4:trace:key:X11DRV_KEYBOARD_DetectLayout mismatch for keycode 19, got "0)  "
2731 wine_trace 00c4:trace:key:X11DRV_KEYBOARD_DetectLayout mismatch for keycode 21, got "=+  "
2732 wine_trace 00c4:trace:key:X11DRV_KEYBOARD_DetectLayout mismatch for keycode 34, got "[{  "
2732 wine_trace 00c4:trace:key:X11DRV_KEYBOARD_DetectLayout mismatch for keycode 35, got "]}  "
2732 wine_trace 00c4:trace:key:X11DRV_KEYBOARD_DetectLayout mismatch for keycode 47, got ";:  "
2732 wine_trace 00c4:trace:key:X11DRV_KEYBOARD_DetectLayout mismatch for keycode 48, got "'\"  "
2732 wine_trace 00c4:trace:key:X11DRV_KEYBOARD_DetectLayout mismatch for keycode 49, got "`~  "
2732 wine_trace 00c4:trace:key:X11DRV_KEYBOARD_DetectLayout mismatch for keycode 51, got "\\|  "
2732 wine_trace 00c4:trace:key:X11DRV_KEYBOARD_DetectLayout mismatch for keycode 59, got ",<  "
2732 wine_trace 00c4:trace:key:X11DRV_KEYBOARD_DetectLayout mismatch for keycode 60, got ".>  "
2732 wine_trace 00c4:trace:key:X11DRV_KEYBOARD_DetectLayout mismatch for keycode 61, got "/?  "
2732 wine_trace 00c4:trace:keyboard:X11DRV_KEYBOARD_DetectLayout matches=28, mismatches=19, seq=25, score=18
2732 wine_trace 00c4:trace:keyboard:X11DRV_KEYBOARD_DetectLayout Attempting to match against "Polish (programmer's) keyboard layout"
2732 wine_trace 00c4:trace:keyboard:X11DRV_KEYBOARD_DetectLayout matches=47, mismatches=0, seq=46, score=94
2732 wine_trace 00c4:trace:keyboard:X11DRV_KEYBOARD_DetectLayout Attempting to match against "Slovenian keyboard layout"
2733 wine_trace 00c4:trace:key:X11DRV_KEYBOARD_DetectLayout mismatch for keycode 11, got "2@  "
2733 wine_trace 00c4:trace:key:X11DRV_KEYBOARD_DetectLayout mismatch for keycode 15, got "6^  "
2733 wine_trace 00c4:trace:key:X11DRV_KEYBOARD_DetectLayout mismatch for keycode 16, got "7&  "
2733 wine_trace 00c4:trace:key:X11DRV_KEYBOARD_DetectLayout mismatch for keycode 17, got "8*  "
2733 wine_trace 00c4:trace:key:X11DRV_KEYBOARD_DetectLayout mismatch for keycode 18, got "9(  "
2733 wine_trace 00c4:trace:key:X11DRV_KEYBOARD_DetectLayout mismatch for keycode 19, got "0)  "
2733 wine_trace 00c4:trace:key:X11DRV_KEYBOARD_DetectLayout mismatch for keycode 21, got "=+  "
2733 wine_trace 00c4:trace:key:X11DRV_KEYBOARD_DetectLayout mismatch for keycode 34, got "[{  "
2733 wine_trace 00c4:trace:key:X11DRV_KEYBOARD_DetectLayout mismatch for keycode 35, got "]}  "
2733 wine_trace 00c4:trace:key:X11DRV_KEYBOARD_DetectLayout mismatch for keycode 47, got ";:  "
2733 wine_trace 00c4:trace:key:X11DRV_KEYBOARD_DetectLayout mismatch for keycode 48, got "'\"  "
2733 wine_trace 00c4:trace:key:X11DRV_KEYBOARD_DetectLayout mismatch for keycode 49, got "`~  "
2734 wine_trace 00c4:trace:key:X11DRV_KEYBOARD_DetectLayout mismatch for keycode 51, got "\\|  "
2734 wine_trace 00c4:trace:key:X11DRV_KEYBOARD_DetectLayout mismatch for keycode 59, got ",<  "
2734 wine_trace 00c4:trace:key:X11DRV_KEYBOARD_DetectLayout mismatch for keycode 60, got ".>  "
2734 wine_trace 00c4:trace:key:X11DRV_KEYBOARD_DetectLayout mismatch for keycode 61, got "/?  "
2734 wine_trace 00c4:trace:keyboard:X11DRV_KEYBOARD_DetectLayout matches=31, mismatches=16, seq=28, score=30
2734 wine_trace 00c4:trace:keyboard:X11DRV_KEYBOARD_DetectLayout Attempting to match against "Serbian keyboard layout sr"
2734 wine_trace 00c4:trace:key:X11DRV_KEYBOARD_DetectLayout mismatch for keycode 11, got "2@  "
2734 wine_trace 00c4:trace:key:X11DRV_KEYBOARD_DetectLayout mismatch for keycode 15, got "6^  "
2734 wine_trace 00c4:trace:key:X11DRV_KEYBOARD_DetectLayout mismatch for keycode 16, got "7&  "
2734 wine_trace 00c4:trace:key:X11DRV_KEYBOARD_DetectLayout mismatch for keycode 17, got "8*  "
2734 wine_trace 00c4:trace:key:X11DRV_KEYBOARD_DetectLayout mismatch for keycode 18, got "9(  "
2734 wine_trace 00c4:trace:key:X11DRV_KEYBOARD_DetectLayout mismatch for keycode 19, got "0)  "
2735 wine_trace 00c4:trace:key:X11DRV_KEYBOARD_DetectLayout mismatch for keycode 21, got "=+  "
2735 wine_trace 00c4:trace:key:X11DRV_KEYBOARD_DetectLayout mismatch for keycode 24, got "qQ  "
2735 wine_trace 00c4:trace:key:X11DRV_KEYBOARD_DetectLayout mismatch for keycode 25, got "wW  "
2735 wine_trace 00c4:trace:key:X11DRV_KEYBOARD_DetectLayout mismatch for keycode 26, got "eE  "
2735 wine_trace 00c4:trace:key:X11DRV_KEYBOARD_DetectLayout mismatch for keycode 27, got "rR  "
2735 wine_trace 00c4:trace:key:X11DRV_KEYBOARD_DetectLayout mismatch for keycode 28, got "tT  "
2735 wine_trace 00c4:trace:key:X11DRV_KEYBOARD_DetectLayout mismatch for keycode 29, got "yY  "
2735 wine_trace 00c4:trace:key:X11DRV_KEYBOARD_DetectLayout mismatch for keycode 30, got "uU  "
2735 wine_trace 00c4:trace:key:X11DRV_KEYBOARD_DetectLayout mismatch for keycode 31, got "iI  "
2735 wine_trace 00c4:trace:key:X11DRV_KEYBOARD_DetectLayout mismatch for keycode 32, got "oO  "
2735 wine_trace 00c4:trace:key:X11DRV_KEYBOARD_DetectLayout mismatch for keycode 33, got "pP  "
2735 wine_trace 00c4:trace:key:X11DRV_KEYBOARD_DetectLayout mismatch for keycode 34, got "[{  "
2736 wine_trace 00c4:trace:key:X11DRV_KEYBOARD_DetectLayout mismatch for keycode 35, got "]}  "
2736 wine_trace 00c4:trace:key:X11DRV_KEYBOARD_DetectLayout mismatch for keycode 38, got "aA  "
2736 wine_trace 00c4:trace:key:X11DRV_KEYBOARD_DetectLayout mismatch for keycode 39, got "sS  "
2736 wine_trace 00c4:trace:key:X11DRV_KEYBOARD_DetectLayout mismatch for keycode 40, got "dD  "
2736 wine_trace 00c4:trace:key:X11DRV_KEYBOARD_DetectLayout mismatch for keycode 41, got "fF  "
2736 wine_trace 00c4:trace:key:X11DRV_KEYBOARD_DetectLayout mismatch for keycode 42, got "gG  "
2736 wine_trace 00c4:trace:key:X11DRV_KEYBOARD_DetectLayout mismatch for keycode 43, got "hH  "
2736 wine_trace 00c4:trace:key:X11DRV_KEYBOARD_DetectLayout mismatch for keycode 44, got "jJ  "
2736 wine_trace 00c4:trace:key:X11DRV_KEYBOARD_DetectLayout mismatch for keycode 45, got "kK  "
2736 wine_trace 00c4:trace:key:X11DRV_KEYBOARD_DetectLayout mismatch for keycode 46, got "lL  "
2736 wine_trace 00c4:trace:key:X11DRV_KEYBOARD_DetectLayout mismatch for keycode 47, got ";:  "
2736 wine_trace 00c4:trace:key:X11DRV_KEYBOARD_DetectLayout mismatch for keycode 48, got "'\"  "
2736 wine_trace 00c4:trace:key:X11DRV_KEYBOARD_DetectLayout mismatch for keycode 51, got "\\|  "
2737 wine_trace 00c4:trace:key:X11DRV_KEYBOARD_DetectLayout mismatch for keycode 52, got "zZ  "
2737 wine_trace 00c4:trace:key:X11DRV_KEYBOARD_DetectLayout mismatch for keycode 53, got "xX  "
2737 wine_trace 00c4:trace:key:X11DRV_KEYBOARD_DetectLayout mismatch for keycode 54, got "cC  "
2737 wine_trace 00c4:trace:key:X11DRV_KEYBOARD_DetectLayout mismatch for keycode 55, got "vV  "
2737 wine_trace 00c4:trace:key:X11DRV_KEYBOARD_DetectLayout mismatch for keycode 56, got "bB  "
2737 wine_trace 00c4:trace:key:X11DRV_KEYBOARD_DetectLayout mismatch for keycode 57, got "nN  "
2737 wine_trace 00c4:trace:key:X11DRV_KEYBOARD_DetectLayout mismatch for keycode 58, got "mM  "
2737 wine_trace 00c4:trace:key:X11DRV_KEYBOARD_DetectLayout mismatch for keycode 59, got ",<  "
2737 wine_trace 00c4:trace:key:X11DRV_KEYBOARD_DetectLayout mismatch for keycode 60, got ".>  "
2737 wine_trace 00c4:trace:key:X11DRV_KEYBOARD_DetectLayout mismatch for keycode 61, got "/?  "
2737 wine_trace 00c4:trace:keyboard:X11DRV_KEYBOARD_DetectLayout matches=6, mismatches=41, seq=5, score=-70
2737 wine_trace 00c4:trace:keyboard:X11DRV_KEYBOARD_DetectLayout Attempting to match against "Serbian keyboard layout us,sr"
2738 wine_trace 00c4:trace:keyboard:X11DRV_KEYBOARD_DetectLayout matches=47, mismatches=0, seq=46, score=94
2738 wine_trace 00c4:trace:keyboard:X11DRV_KEYBOARD_DetectLayout Attempting to match against "Croatian keyboard layout"
2738 wine_trace 00c4:trace:key:X11DRV_KEYBOARD_DetectLayout mismatch for keycode 11, got "2@  "
2738 wine_trace 00c4:trace:key:X11DRV_KEYBOARD_DetectLayout mismatch for keycode 15, got "6^  "
2738 wine_trace 00c4:trace:key:X11DRV_KEYBOARD_DetectLayout mismatch for keycode 16, got "7&  "
2738 wine_trace 00c4:trace:key:X11DRV_KEYBOARD_DetectLayout mismatch for keycode 17, got "8*  "
2738 wine_trace 00c4:trace:key:X11DRV_KEYBOARD_DetectLayout mismatch for keycode 18, got "9(  "
2738 wine_trace 00c4:trace:key:X11DRV_KEYBOARD_DetectLayout mismatch for keycode 19, got "0)  "
2738 wine_trace 00c4:trace:key:X11DRV_KEYBOARD_DetectLayout mismatch for keycode 20, got "-_  "
2738 wine_trace 00c4:trace:key:X11DRV_KEYBOARD_DetectLayout mismatch for keycode 21, got "=+  "
2738 wine_trace 00c4:trace:key:X11DRV_KEYBOARD_DetectLayout mismatch for keycode 34, got "[{  "
2738 wine_trace 00c4:trace:key:X11DRV_KEYBOARD_DetectLayout mismatch for keycode 35, got "]}  "
2738 wine_trace 00c4:trace:key:X11DRV_KEYBOARD_DetectLayout mismatch for keycode 47, got ";:  "
2739 wine_trace 00c4:trace:key:X11DRV_KEYBOARD_DetectLayout mismatch for keycode 48, got "'\"  "
2739 wine_trace 00c4:trace:key:X11DRV_KEYBOARD_DetectLayout mismatch for keycode 49, got "`~  "
2739 wine_trace 00c4:trace:key:X11DRV_KEYBOARD_DetectLayout mismatch for keycode 51, got "\\|  "
2739 wine_trace 00c4:trace:key:X11DRV_KEYBOARD_DetectLayout mismatch for keycode 59, got ",<  "
2739 wine_trace 00c4:trace:key:X11DRV_KEYBOARD_DetectLayout mismatch for keycode 60, got ".>  "
2739 wine_trace 00c4:trace:keyboard:X11DRV_KEYBOARD_DetectLayout matches=31, mismatches=16, seq=29, score=30
2739 wine_trace 00c4:trace:keyboard:X11DRV_KEYBOARD_DetectLayout Attempting to match against "Croatian keyboard layout (specific)"
2739 wine_trace 00c4:trace:keyboard:X11DRV_KEYBOARD_DetectLayout matches=47, mismatches=0, seq=46, score=94
2739 wine_trace 00c4:trace:keyboard:X11DRV_KEYBOARD_DetectLayout Attempting to match against "Japanese 106 keyboard layout"
2739 wine_trace 00c4:trace:key:X11DRV_KEYBOARD_DetectLayout mismatch for keycode 11, got "2@  "
2739 wine_trace 00c4:trace:key:X11DRV_KEYBOARD_DetectLayout mismatch for keycode 15, got "6^  "
2740 wine_trace 00c4:trace:key:X11DRV_KEYBOARD_DetectLayout mismatch for keycode 16, got "7&  "
2740 wine_trace 00c4:trace:key:X11DRV_KEYBOARD_DetectLayout mismatch for keycode 17, got "8*  "
2740 wine_trace 00c4:trace:key:X11DRV_KEYBOARD_DetectLayout mismatch for keycode 18, got "9(  "
2740 wine_trace 00c4:trace:key:X11DRV_KEYBOARD_DetectLayout mismatch for keycode 19, got "0)  "
2740 wine_trace 00c4:trace:key:X11DRV_KEYBOARD_DetectLayout mismatch for keycode 20, got "-_  "
2740 wine_trace 00c4:trace:key:X11DRV_KEYBOARD_DetectLayout mismatch for keycode 21, got "=+  "
2740 wine_trace 00c4:trace:key:X11DRV_KEYBOARD_DetectLayout mismatch for keycode 47, got ";:  "
2740 wine_trace 00c4:trace:key:X11DRV_KEYBOARD_DetectLayout mismatch for keycode 48, got "'\"  "
2740 wine_trace 00c4:trace:key:X11DRV_KEYBOARD_DetectLayout mismatch for keycode 49, got "`~  "
2740 wine_trace 00c4:trace:keyboard:X11DRV_KEYBOARD_DetectLayout matches=36, mismatches=11, seq=34, score=50
2740 wine_trace 00c4:trace:keyboard:X11DRV_KEYBOARD_DetectLayout Attempting to match against "Japanese Mac keyboard layout"
2740 wine_trace 00c4:trace:key:X11DRV_KEYBOARD_DetectLayout mismatch for keycode 11, got "2@  "
2741 wine_trace 00c4:trace:key:X11DRV_KEYBOARD_DetectLayout mismatch for keycode 15, got "6^  "
2741 wine_trace 00c4:trace:key:X11DRV_KEYBOARD_DetectLayout mismatch for keycode 16, got "7&  "
2741 wine_trace 00c4:trace:key:X11DRV_KEYBOARD_DetectLayout mismatch for keycode 17, got "8*  "
2741 wine_trace 00c4:trace:key:X11DRV_KEYBOARD_DetectLayout mismatch for keycode 18, got "9(  "
2741 wine_trace 00c4:trace:key:X11DRV_KEYBOARD_DetectLayout mismatch for keycode 20, got "-_  "
2741 wine_trace 00c4:trace:key:X11DRV_KEYBOARD_DetectLayout mismatch for keycode 21, got "=+  "
2741 wine_trace 00c4:trace:key:X11DRV_KEYBOARD_DetectLayout mismatch for keycode 47, got ";:  "
2741 wine_trace 00c4:trace:key:X11DRV_KEYBOARD_DetectLayout mismatch for keycode 48, got "'\"  "
2741 wine_trace 00c4:trace:key:X11DRV_KEYBOARD_DetectLayout mismatch for keycode 49, got "`~  "
2741 wine_trace 00c4:trace:keyboard:X11DRV_KEYBOARD_DetectLayout matches=37, mismatches=10, seq=35, score=53
2741 wine_trace 00c4:trace:keyboard:X11DRV_KEYBOARD_DetectLayout Attempting to match against "Japanese pc98x1 keyboard layout"
2741 wine_trace 00c4:trace:key:X11DRV_KEYBOARD_DetectLayout mismatch for keycode 11, got "2@  "
2741 wine_trace 00c4:trace:key:X11DRV_KEYBOARD_DetectLayout mismatch for keycode 15, got "6^  "
2741 wine_trace 00c4:trace:key:X11DRV_KEYBOARD_DetectLayout mismatch for keycode 16, got "7&  "
2742 wine_trace 00c4:trace:key:X11DRV_KEYBOARD_DetectLayout mismatch for keycode 17, got "8*  "
2742 wine_trace 00c4:trace:key:X11DRV_KEYBOARD_DetectLayout mismatch for keycode 18, got "9(  "
2742 wine_trace 00c4:trace:key:X11DRV_KEYBOARD_DetectLayout mismatch for keycode 20, got "-_  "
2742 wine_trace 00c4:trace:key:X11DRV_KEYBOARD_DetectLayout mismatch for keycode 21, got "=+  "
2742 wine_trace 00c4:trace:key:X11DRV_KEYBOARD_DetectLayout mismatch for keycode 47, got ";:  "
2742 wine_trace 00c4:trace:key:X11DRV_KEYBOARD_DetectLayout mismatch for keycode 48, got "'\"  "
2742 wine_trace 00c4:trace:key:X11DRV_KEYBOARD_DetectLayout mismatch for keycode 49, got "`~  "
2742 wine_trace 00c4:trace:keyboard:X11DRV_KEYBOARD_DetectLayout matches=37, mismatches=10, seq=35, score=53
2742 wine_trace 00c4:trace:keyboard:X11DRV_KEYBOARD_DetectLayout Attempting to match against "Slovak keyboard layout"
2742 wine_trace 00c4:trace:key:X11DRV_KEYBOARD_DetectLayout mismatch for keycode 10, got "1!  "
2742 wine_trace 00c4:trace:key:X11DRV_KEYBOARD_DetectLayout mismatch for keycode 11, got "2@  "
2742 wine_trace 00c4:trace:key:X11DRV_KEYBOARD_DetectLayout mismatch for keycode 12, got "3#  "
2743 wine_trace 00c4:trace:key:X11DRV_KEYBOARD_DetectLayout mismatch for keycode 13, got "4$  "
2743 wine_trace 00c4:trace:key:X11DRV_KEYBOARD_DetectLayout mismatch for keycode 14, got "5%  "
2743 wine_trace 00c4:trace:key:X11DRV_KEYBOARD_DetectLayout mismatch for keycode 15, got "6^  "
2743 wine_trace 00c4:trace:key:X11DRV_KEYBOARD_DetectLayout mismatch for keycode 16, got "7&  "
2743 wine_trace 00c4:trace:key:X11DRV_KEYBOARD_DetectLayout mismatch for keycode 17, got "8*  "
2743 wine_trace 00c4:trace:key:X11DRV_KEYBOARD_DetectLayout mismatch for keycode 18, got "9(  "
2743 wine_trace 00c4:trace:key:X11DRV_KEYBOARD_DetectLayout mismatch for keycode 19, got "0)  "
2743 wine_trace 00c4:trace:key:X11DRV_KEYBOARD_DetectLayout mismatch for keycode 21, got "=+  "
2743 wine_trace 00c4:trace:key:X11DRV_KEYBOARD_DetectLayout mismatch for keycode 34, got "[{  "
2743 wine_trace 00c4:trace:key:X11DRV_KEYBOARD_DetectLayout mismatch for keycode 35, got "]}  "
2743 wine_trace 00c4:trace:key:X11DRV_KEYBOARD_DetectLayout mismatch for keycode 47, got ";:  "
2743 wine_trace 00c4:trace:key:X11DRV_KEYBOARD_DetectLayout mismatch for keycode 48, got "'\"  "
2743 wine_trace 00c4:trace:key:X11DRV_KEYBOARD_DetectLayout mismatch for keycode 49, got "`~  "
2744 wine_trace 00c4:trace:key:X11DRV_KEYBOARD_DetectLayout mismatch for keycode 51, got "\\|  "
2744 wine_trace 00c4:trace:key:X11DRV_KEYBOARD_DetectLayout mismatch for keycode 59, got ",<  "
2744 wine_trace 00c4:trace:key:X11DRV_KEYBOARD_DetectLayout mismatch for keycode 60, got ".>  "
2744 wine_trace 00c4:trace:key:X11DRV_KEYBOARD_DetectLayout mismatch for keycode 61, got "/?  "
2744 wine_trace 00c4:trace:keyboard:X11DRV_KEYBOARD_DetectLayout matches=27, mismatches=20, seq=26, score=14
2744 wine_trace 00c4:trace:keyboard:X11DRV_KEYBOARD_DetectLayout Attempting to match against "Slovak and Czech keyboard layout without dead keys"
2744 wine_trace 00c4:trace:keyboard:X11DRV_KEYBOARD_DetectLayout matches=47, mismatches=0, seq=46, score=94
2744 wine_trace 00c4:trace:keyboard:X11DRV_KEYBOARD_DetectLayout Attempting to match against "Czech keyboard layout"
2744 wine_trace 00c4:trace:key:X11DRV_KEYBOARD_DetectLayout mismatch for keycode 10, got "1!  "
2744 wine_trace 00c4:trace:key:X11DRV_KEYBOARD_DetectLayout mismatch for keycode 11, got "2@  "
2744 wine_trace 00c4:trace:key:X11DRV_KEYBOARD_DetectLayout mismatch for keycode 12, got "3#  "
2744 wine_trace 00c4:trace:key:X11DRV_KEYBOARD_DetectLayout mismatch for keycode 13, got "4$  "
2745 wine_trace 00c4:trace:key:X11DRV_KEYBOARD_DetectLayout mismatch for keycode 14, got "5%  "
2745 wine_trace 00c4:trace:key:X11DRV_KEYBOARD_DetectLayout mismatch for keycode 15, got "6^  "
2745 wine_trace 00c4:trace:key:X11DRV_KEYBOARD_DetectLayout mismatch for keycode 16, got "7&  "
2745 wine_trace 00c4:trace:key:X11DRV_KEYBOARD_DetectLayout mismatch for keycode 17, got "8*  "
2745 wine_trace 00c4:trace:key:X11DRV_KEYBOARD_DetectLayout mismatch for keycode 18, got "9(  "
2745 wine_trace 00c4:trace:key:X11DRV_KEYBOARD_DetectLayout mismatch for keycode 19, got "0)  "
2745 wine_trace 00c4:trace:key:X11DRV_KEYBOARD_DetectLayout mismatch for keycode 21, got "=+  "
2745 wine_trace 00c4:trace:key:X11DRV_KEYBOARD_DetectLayout mismatch for keycode 34, got "[{  "
2745 wine_trace 00c4:trace:key:X11DRV_KEYBOARD_DetectLayout mismatch for keycode 35, got "]}  "
2745 wine_trace 00c4:trace:key:X11DRV_KEYBOARD_DetectLayout mismatch for keycode 48, got "'\"  "
2745 wine_trace 00c4:trace:key:X11DRV_KEYBOARD_DetectLayout mismatch for keycode 49, got "`~  "
2745 wine_trace 00c4:trace:key:X11DRV_KEYBOARD_DetectLayout mismatch for keycode 51, got "\\|  "
2745 wine_trace 00c4:trace:key:X11DRV_KEYBOARD_DetectLayout mismatch for keycode 59, got ",<  "
2746 wine_trace 00c4:trace:key:X11DRV_KEYBOARD_DetectLayout mismatch for keycode 60, got ".>  "
2746 wine_trace 00c4:trace:key:X11DRV_KEYBOARD_DetectLayout mismatch for keycode 61, got "/?  "
2746 wine_trace 00c4:trace:keyboard:X11DRV_KEYBOARD_DetectLayout matches=28, mismatches=19, seq=26, score=17
2746 wine_trace 00c4:trace:keyboard:X11DRV_KEYBOARD_DetectLayout Attempting to match against "Czech keyboard layout cz"
2746 wine_trace 00c4:trace:key:X11DRV_KEYBOARD_DetectLayout mismatch for keycode 10, got "1!  "
2746 wine_trace 00c4:trace:key:X11DRV_KEYBOARD_DetectLayout mismatch for keycode 11, got "2@  "
2746 wine_trace 00c4:trace:key:X11DRV_KEYBOARD_DetectLayout mismatch for keycode 12, got "3#  "
2746 wine_trace 00c4:trace:key:X11DRV_KEYBOARD_DetectLayout mismatch for keycode 13, got "4$  "
2746 wine_trace 00c4:trace:key:X11DRV_KEYBOARD_DetectLayout mismatch for keycode 14, got "5%  "
2746 wine_trace 00c4:trace:key:X11DRV_KEYBOARD_DetectLayout mismatch for keycode 15, got "6^  "
2746 wine_trace 00c4:trace:key:X11DRV_KEYBOARD_DetectLayout mismatch for keycode 16, got "7&  "
2746 wine_trace 00c4:trace:key:X11DRV_KEYBOARD_DetectLayout mismatch for keycode 17, got "8*  "
2746 wine_trace 00c4:trace:key:X11DRV_KEYBOARD_DetectLayout mismatch for keycode 18, got "9(  "
2747 wine_trace 00c4:trace:key:X11DRV_KEYBOARD_DetectLayout mismatch for keycode 19, got "0)  "
2747 wine_trace 00c4:trace:key:X11DRV_KEYBOARD_DetectLayout mismatch for keycode 21, got "=+  "
2747 wine_trace 00c4:trace:key:X11DRV_KEYBOARD_DetectLayout mismatch for keycode 34, got "[{  "
2747 wine_trace 00c4:trace:key:X11DRV_KEYBOARD_DetectLayout mismatch for keycode 35, got "]}  "
2747 wine_trace 00c4:trace:key:X11DRV_KEYBOARD_DetectLayout mismatch for keycode 48, got "'\"  "
2747 wine_trace 00c4:trace:key:X11DRV_KEYBOARD_DetectLayout mismatch for keycode 49, got "`~  "
2747 wine_trace 00c4:trace:key:X11DRV_KEYBOARD_DetectLayout mismatch for keycode 59, got ",<  "
2747 wine_trace 00c4:trace:key:X11DRV_KEYBOARD_DetectLayout mismatch for keycode 60, got ".>  "
2747 wine_trace 00c4:trace:key:X11DRV_KEYBOARD_DetectLayout mismatch for keycode 61, got "/?  "
2747 wine_trace 00c4:trace:keyboard:X11DRV_KEYBOARD_DetectLayout matches=29, mismatches=18, seq=25, score=20
2747 wine_trace 00c4:trace:keyboard:X11DRV_KEYBOARD_DetectLayout Attempting to match against "Czech keyboard layout cz_qwerty"
2748 wine_trace 00c4:trace:key:X11DRV_KEYBOARD_DetectLayout mismatch for keycode 10, got "1!  "
2748 wine_trace 00c4:trace:key:X11DRV_KEYBOARD_DetectLayout mismatch for keycode 11, got "2@  "
2748 wine_trace 00c4:trace:key:X11DRV_KEYBOARD_DetectLayout mismatch for keycode 12, got "3#  "
2748 wine_trace 00c4:trace:key:X11DRV_KEYBOARD_DetectLayout mismatch for keycode 13, got "4$  "
2748 wine_trace 00c4:trace:key:X11DRV_KEYBOARD_DetectLayout mismatch for keycode 14, got "5%  "
2748 wine_trace 00c4:trace:key:X11DRV_KEYBOARD_DetectLayout mismatch for keycode 15, got "6^  "
2748 wine_trace 00c4:trace:key:X11DRV_KEYBOARD_DetectLayout mismatch for keycode 16, got "7&  "
2748 wine_trace 00c4:trace:key:X11DRV_KEYBOARD_DetectLayout mismatch for keycode 17, got "8*  "
2748 wine_trace 00c4:trace:key:X11DRV_KEYBOARD_DetectLayout mismatch for keycode 18, got "9(  "
2748 wine_trace 00c4:trace:key:X11DRV_KEYBOARD_DetectLayout mismatch for keycode 19, got "0)  "
2748 wine_trace 00c4:trace:key:X11DRV_KEYBOARD_DetectLayout mismatch for keycode 21, got "=+  "
2748 wine_trace 00c4:trace:key:X11DRV_KEYBOARD_DetectLayout mismatch for keycode 34, got "[{  "
2748 wine_trace 00c4:trace:key:X11DRV_KEYBOARD_DetectLayout mismatch for keycode 35, got "]}  "
2749 wine_trace 00c4:trace:key:X11DRV_KEYBOARD_DetectLayout mismatch for keycode 48, got "'\"  "
2749 wine_trace 00c4:trace:key:X11DRV_KEYBOARD_DetectLayout mismatch for keycode 49, got "`~  "
2749 wine_trace 00c4:trace:key:X11DRV_KEYBOARD_DetectLayout mismatch for keycode 59, got ",<  "
2749 wine_trace 00c4:trace:key:X11DRV_KEYBOARD_DetectLayout mismatch for keycode 60, got ".>  "
2749 wine_trace 00c4:trace:key:X11DRV_KEYBOARD_DetectLayout mismatch for keycode 61, got "/?  "
2749 wine_trace 00c4:trace:keyboard:X11DRV_KEYBOARD_DetectLayout matches=29, mismatches=18, seq=26, score=20
2749 wine_trace 00c4:trace:keyboard:X11DRV_KEYBOARD_DetectLayout Attempting to match against "Latin American keyboard layout"
2749 wine_trace 00c4:trace:key:X11DRV_KEYBOARD_DetectLayout mismatch for keycode 11, got "2@  "
2749 wine_trace 00c4:trace:key:X11DRV_KEYBOARD_DetectLayout mismatch for keycode 15, got "6^  "
2749 wine_trace 00c4:trace:key:X11DRV_KEYBOARD_DetectLayout mismatch for keycode 16, got "7&  "
2749 wine_trace 00c4:trace:key:X11DRV_KEYBOARD_DetectLayout mismatch for keycode 17, got "8*  "
2749 wine_trace 00c4:trace:key:X11DRV_KEYBOARD_DetectLayout mismatch for keycode 18, got "9(  "
2749 wine_trace 00c4:trace:key:X11DRV_KEYBOARD_DetectLayout mismatch for keycode 19, got "0)  "
2750 wine_trace 00c4:trace:key:X11DRV_KEYBOARD_DetectLayout mismatch for keycode 21, got "=+  "
2750 wine_trace 00c4:trace:key:X11DRV_KEYBOARD_DetectLayout mismatch for keycode 34, got "[{  "
2750 wine_trace 00c4:trace:key:X11DRV_KEYBOARD_DetectLayout mismatch for keycode 35, got "]}  "
2750 wine_trace 00c4:trace:key:X11DRV_KEYBOARD_DetectLayout mismatch for keycode 47, got ";:  "
2750 wine_trace 00c4:trace:key:X11DRV_KEYBOARD_DetectLayout mismatch for keycode 48, got "'\"  "
2750 wine_trace 00c4:trace:key:X11DRV_KEYBOARD_DetectLayout mismatch for keycode 49, got "`~  "
2750 wine_trace 00c4:trace:key:X11DRV_KEYBOARD_DetectLayout mismatch for keycode 51, got "\\|  "
2750 wine_trace 00c4:trace:key:X11DRV_KEYBOARD_DetectLayout mismatch for keycode 59, got ",<  "
2750 wine_trace 00c4:trace:key:X11DRV_KEYBOARD_DetectLayout mismatch for keycode 60, got ".>  "
2750 wine_trace 00c4:trace:key:X11DRV_KEYBOARD_DetectLayout mismatch for keycode 61, got "/?  "
2750 wine_trace 00c4:trace:keyboard:X11DRV_KEYBOARD_DetectLayout matches=31, mismatches=16, seq=30, score=30
2750 wine_trace 00c4:trace:keyboard:X11DRV_KEYBOARD_DetectLayout Attempting to match against "Lithuanian (Baltic) keyboard layout"
2751 wine_trace 00c4:trace:key:X11DRV_KEYBOARD_DetectLayout mismatch for keycode 10, got "1!  "
2751 wine_trace 00c4:trace:key:X11DRV_KEYBOARD_DetectLayout mismatch for keycode 11, got "2@  "
2751 wine_trace 00c4:trace:key:X11DRV_KEYBOARD_DetectLayout mismatch for keycode 12, got "3#  "
2751 wine_trace 00c4:trace:key:X11DRV_KEYBOARD_DetectLayout mismatch for keycode 13, got "4$  "
2751 wine_trace 00c4:trace:key:X11DRV_KEYBOARD_DetectLayout mismatch for keycode 14, got "5%  "
2751 wine_trace 00c4:trace:key:X11DRV_KEYBOARD_DetectLayout mismatch for keycode 15, got "6^  "
2751 wine_trace 00c4:trace:key:X11DRV_KEYBOARD_DetectLayout mismatch for keycode 16, got "7&  "
2751 wine_trace 00c4:trace:key:X11DRV_KEYBOARD_DetectLayout mismatch for keycode 17, got "8*  "
2751 wine_trace 00c4:trace:key:X11DRV_KEYBOARD_DetectLayout mismatch for keycode 18, got "9(  "
2751 wine_trace 00c4:trace:key:X11DRV_KEYBOARD_DetectLayout mismatch for keycode 19, got "0)  "
2751 wine_trace 00c4:trace:key:X11DRV_KEYBOARD_DetectLayout mismatch for keycode 21, got "=+  "
2751 wine_trace 00c4:trace:keyboard:X11DRV_KEYBOARD_DetectLayout matches=36, mismatches=11, seq=35, score=50
2752 wine_trace 00c4:trace:keyboard:X11DRV_KEYBOARD_DetectLayout Attempting to match against "Turkish keyboard layout"
2752 wine_trace 00c4:trace:key:X11DRV_KEYBOARD_DetectLayout mismatch for keycode 11, got "2@  "
2752 wine_trace 00c4:trace:key:X11DRV_KEYBOARD_DetectLayout mismatch for keycode 12, got "3#  "
2752 wine_trace 00c4:trace:key:X11DRV_KEYBOARD_DetectLayout mismatch for keycode 13, got "4$  "
2752 wine_trace 00c4:trace:key:X11DRV_KEYBOARD_DetectLayout mismatch for keycode 15, got "6^  "
2752 wine_trace 00c4:trace:key:X11DRV_KEYBOARD_DetectLayout mismatch for keycode 16, got "7&  "
2752 wine_trace 00c4:trace:key:X11DRV_KEYBOARD_DetectLayout mismatch for keycode 17, got "8*  "
2752 wine_trace 00c4:trace:key:X11DRV_KEYBOARD_DetectLayout mismatch for keycode 18, got "9(  "
2752 wine_trace 00c4:trace:key:X11DRV_KEYBOARD_DetectLayout mismatch for keycode 19, got "0)  "
2752 wine_trace 00c4:trace:key:X11DRV_KEYBOARD_DetectLayout mismatch for keycode 21, got "=+  "
2752 wine_trace 00c4:trace:key:X11DRV_KEYBOARD_DetectLayout mismatch for keycode 31, got "iI  "
2752 wine_trace 00c4:trace:key:X11DRV_KEYBOARD_DetectLayout mismatch for keycode 34, got "[{  "
2752 wine_trace 00c4:trace:key:X11DRV_KEYBOARD_DetectLayout mismatch for keycode 35, got "]}  "
2752 wine_trace 00c4:trace:key:X11DRV_KEYBOARD_DetectLayout mismatch for keycode 47, got ";:  "
2753 wine_trace 00c4:trace:key:X11DRV_KEYBOARD_DetectLayout mismatch for keycode 48, got "'\"  "
2753 wine_trace 00c4:trace:key:X11DRV_KEYBOARD_DetectLayout mismatch for keycode 49, got "`~  "
2753 wine_trace 00c4:trace:key:X11DRV_KEYBOARD_DetectLayout mismatch for keycode 51, got "\\|  "
2753 wine_trace 00c4:trace:key:X11DRV_KEYBOARD_DetectLayout mismatch for keycode 59, got ",<  "
2753 wine_trace 00c4:trace:key:X11DRV_KEYBOARD_DetectLayout mismatch for keycode 60, got ".>  "
2753 wine_trace 00c4:trace:key:X11DRV_KEYBOARD_DetectLayout mismatch for keycode 61, got "/?  "
2753 wine_trace 00c4:trace:keyboard:X11DRV_KEYBOARD_DetectLayout matches=28, mismatches=19, seq=28, score=18
2753 wine_trace 00c4:trace:keyboard:X11DRV_KEYBOARD_DetectLayout Attempting to match against "Turkish keyboard layout tr"
2753 wine_trace 00c4:trace:key:X11DRV_KEYBOARD_DetectLayout mismatch for keycode 11, got "2@  "
2753 wine_trace 00c4:trace:key:X11DRV_KEYBOARD_DetectLayout mismatch for keycode 12, got "3#  "
2753 wine_trace 00c4:trace:key:X11DRV_KEYBOARD_DetectLayout mismatch for keycode 13, got "4$  "
2753 wine_trace 00c4:trace:key:X11DRV_KEYBOARD_DetectLayout mismatch for keycode 15, got "6^  "
2754 wine_trace 00c4:trace:key:X11DRV_KEYBOARD_DetectLayout mismatch for keycode 16, got "7&  "
2754 wine_trace 00c4:trace:key:X11DRV_KEYBOARD_DetectLayout mismatch for keycode 17, got "8*  "
2754 wine_trace 00c4:trace:key:X11DRV_KEYBOARD_DetectLayout mismatch for keycode 18, got "9(  "
2754 wine_trace 00c4:trace:key:X11DRV_KEYBOARD_DetectLayout mismatch for keycode 19, got "0)  "
2754 wine_trace 00c4:trace:key:X11DRV_KEYBOARD_DetectLayout mismatch for keycode 21, got "=+  "
2754 wine_trace 00c4:trace:key:X11DRV_KEYBOARD_DetectLayout mismatch for keycode 34, got "[{  "
2754 wine_trace 00c4:trace:key:X11DRV_KEYBOARD_DetectLayout mismatch for keycode 35, got "]}  "
2754 wine_trace 00c4:trace:key:X11DRV_KEYBOARD_DetectLayout mismatch for keycode 47, got ";:  "
2754 wine_trace 00c4:trace:key:X11DRV_KEYBOARD_DetectLayout mismatch for keycode 48, got "'\"  "
2754 wine_trace 00c4:trace:key:X11DRV_KEYBOARD_DetectLayout mismatch for keycode 49, got "`~  "
2754 wine_trace 00c4:trace:key:X11DRV_KEYBOARD_DetectLayout mismatch for keycode 51, got "\\|  "
2754 wine_trace 00c4:trace:key:X11DRV_KEYBOARD_DetectLayout mismatch for keycode 59, got ",<  "
2754 wine_trace 00c4:trace:key:X11DRV_KEYBOARD_DetectLayout mismatch for keycode 60, got ".>  "
2755 wine_trace 00c4:trace:key:X11DRV_KEYBOARD_DetectLayout mismatch for keycode 61, got "/?  "
2755 wine_trace 00c4:trace:keyboard:X11DRV_KEYBOARD_DetectLayout matches=29, mismatches=18, seq=28, score=21
2755 wine_trace 00c4:trace:keyboard:X11DRV_KEYBOARD_DetectLayout Attempting to match against "Turkish keyboard layout trf"
2755 wine_trace 00c4:trace:key:X11DRV_KEYBOARD_DetectLayout mismatch for keycode 11, got "2@  "
2755 wine_trace 00c4:trace:key:X11DRV_KEYBOARD_DetectLayout mismatch for keycode 12, got "3#  "
2755 wine_trace 00c4:trace:key:X11DRV_KEYBOARD_DetectLayout mismatch for keycode 15, got "6^  "
2755 wine_trace 00c4:trace:key:X11DRV_KEYBOARD_DetectLayout mismatch for keycode 16, got "7&  "
2755 wine_trace 00c4:trace:key:X11DRV_KEYBOARD_DetectLayout mismatch for keycode 17, got "8*  "
2755 wine_trace 00c4:trace:key:X11DRV_KEYBOARD_DetectLayout mismatch for keycode 18, got "9(  "
2755 wine_trace 00c4:trace:key:X11DRV_KEYBOARD_DetectLayout mismatch for keycode 19, got "0)  "
2755 wine_trace 00c4:trace:key:X11DRV_KEYBOARD_DetectLayout mismatch for keycode 21, got "=+  "
2756 wine_trace 00c4:trace:key:X11DRV_KEYBOARD_DetectLayout mismatch for keycode 34, got "[{  "
2756 wine_trace 00c4:trace:key:X11DRV_KEYBOARD_DetectLayout mismatch for keycode 35, got "]}  "
2756 wine_trace 00c4:trace:key:X11DRV_KEYBOARD_DetectLayout mismatch for keycode 47, got ";:  "
2756 wine_trace 00c4:trace:key:X11DRV_KEYBOARD_DetectLayout mismatch for keycode 48, got "'\"  "
2756 wine_trace 00c4:trace:key:X11DRV_KEYBOARD_DetectLayout mismatch for keycode 49, got "`~  "
2756 wine_trace 00c4:trace:key:X11DRV_KEYBOARD_DetectLayout mismatch for keycode 51, got "\\|  "
2756 wine_trace 00c4:trace:key:X11DRV_KEYBOARD_DetectLayout mismatch for keycode 59, got ",<  "
2756 wine_trace 00c4:trace:key:X11DRV_KEYBOARD_DetectLayout mismatch for keycode 60, got ".>  "
2756 wine_trace 00c4:trace:keyboard:X11DRV_KEYBOARD_DetectLayout matches=31, mismatches=16, seq=21, score=29
2756 wine_trace 00c4:trace:keyboard:X11DRV_KEYBOARD_DetectLayout Attempting to match against "Israelian keyboard layout"
2756 wine_trace 00c4:trace:keyboard:X11DRV_KEYBOARD_DetectLayout matches=47, mismatches=0, seq=46, score=94
2756 wine_trace 00c4:trace:keyboard:X11DRV_KEYBOARD_DetectLayout Attempting to match against "Israelian phonetic keyboard layout"
2757 wine_trace 00c4:trace:keyboard:X11DRV_KEYBOARD_DetectLayout matches=47, mismatches=0, seq=46, score=94
2757 wine_trace 00c4:trace:keyboard:X11DRV_KEYBOARD_DetectLayout Attempting to match against "Israelian Saharon keyboard layout"
2757 wine_trace 00c4:trace:keyboard:X11DRV_KEYBOARD_DetectLayout matches=47, mismatches=0, seq=46, score=94
2757 wine_trace 00c4:trace:keyboard:X11DRV_KEYBOARD_DetectLayout Attempting to match against "VNC keyboard layout"
2757 wine_trace 00c4:trace:keyboard:X11DRV_KEYBOARD_DetectLayout matches=47, mismatches=0, seq=36, score=94
2757 wine_trace 00c4:trace:keyboard:X11DRV_KEYBOARD_DetectLayout Attempting to match against "Greek keyboard layout"
2757 wine_trace 00c4:trace:keyboard:X11DRV_KEYBOARD_DetectLayout matches=47, mismatches=0, seq=46, score=94
2757 wine_trace 00c4:trace:keyboard:X11DRV_KEYBOARD_DetectLayout Attempting to match against "Thai (Kedmanee)  keyboard layout"
2757 wine_trace 00c4:trace:keyboard:X11DRV_KEYBOARD_DetectLayout matches=47, mismatches=0, seq=46, score=94
2757 wine_trace 00c4:trace:keyboard:X11DRV_KEYBOARD_DetectLayout Attempting to match against "Dutch keyboard layout"
2757 wine_trace 00c4:trace:key:X11DRV_KEYBOARD_DetectLayout mismatch for keycode 11, got "2@  "
2757 wine_trace 00c4:trace:key:X11DRV_KEYBOARD_DetectLayout mismatch for keycode 15, got "6^  "
2758 wine_trace 00c4:trace:key:X11DRV_KEYBOARD_DetectLayout mismatch for keycode 16, got "7&  "
2758 wine_trace 00c4:trace:key:X11DRV_KEYBOARD_DetectLayout mismatch for keycode 17, got "8*  "
2758 wine_trace 00c4:trace:key:X11DRV_KEYBOARD_DetectLayout mismatch for keycode 18, got "9(  "
2758 wine_trace 00c4:trace:key:X11DRV_KEYBOARD_DetectLayout mismatch for keycode 19, got "0)  "
2758 wine_trace 00c4:trace:key:X11DRV_KEYBOARD_DetectLayout mismatch for keycode 20, got "-_  "
2758 wine_trace 00c4:trace:key:X11DRV_KEYBOARD_DetectLayout mismatch for keycode 21, got "=+  "
2758 wine_trace 00c4:trace:key:X11DRV_KEYBOARD_DetectLayout mismatch for keycode 34, got "[{  "
2758 wine_trace 00c4:trace:key:X11DRV_KEYBOARD_DetectLayout mismatch for keycode 35, got "]}  "
2758 wine_trace 00c4:trace:key:X11DRV_KEYBOARD_DetectLayout mismatch for keycode 47, got ";:  "
2758 wine_trace 00c4:trace:key:X11DRV_KEYBOARD_DetectLayout mismatch for keycode 48, got "'\"  "
2758 wine_trace 00c4:trace:key:X11DRV_KEYBOARD_DetectLayout mismatch for keycode 49, got "`~  "
2758 wine_trace 00c4:trace:key:X11DRV_KEYBOARD_DetectLayout mismatch for keycode 51, got "\\|  "
2758 wine_trace 00c4:trace:key:X11DRV_KEYBOARD_DetectLayout mismatch for keycode 59, got ",<  "
2759 wine_trace 00c4:trace:key:X11DRV_KEYBOARD_DetectLayout mismatch for keycode 60, got ".>  "
2759 wine_trace 00c4:trace:keyboard:X11DRV_KEYBOARD_DetectLayout matches=31, mismatches=16, seq=30, score=30
2759 wine_trace 00c4:trace:keyboard:X11DRV_KEYBOARD_DetectLayout detected layout is "United States keyboard layout"
2759 wine_trace 00c4:trace:keyboard:X11DRV_InitKeyboard keycode 8 => vkey 0000
2759 wine_trace 00c4:trace:keyboard:X11DRV_InitKeyboard keycode 9 => vkey 001B
2759 wine_trace 00c4:trace:keyboard:X11DRV_InitKeyboard keycode 10 => vkey 0031
2759 wine_trace 00c4:trace:keyboard:X11DRV_InitKeyboard keycode 11 => vkey 0032
2759 wine_trace 00c4:trace:keyboard:X11DRV_InitKeyboard keycode 12 => vkey 0033
2759 wine_trace 00c4:trace:keyboard:X11DRV_InitKeyboard keycode 13 => vkey 0034
2759 wine_trace 00c4:trace:keyboard:X11DRV_InitKeyboard keycode 14 => vkey 0035
2759 wine_trace 00c4:trace:keyboard:X11DRV_InitKeyboard keycode 15 => vkey 0036
2759 wine_trace 00c4:trace:keyboard:X11DRV_InitKeyboard keycode 16 => vkey 0037
2759 wine_trace 00c4:trace:keyboard:X11DRV_InitKeyboard keycode 17 => vkey 0038
2760 wine_trace 00c4:trace:keyboard:X11DRV_InitKeyboard keycode 18 => vkey 0039
2760 wine_trace 00c4:trace:keyboard:X11DRV_InitKeyboard keycode 19 => vkey 0030
2760 wine_trace 00c4:trace:keyboard:X11DRV_InitKeyboard keycode 20 => vkey 00BD
2760 wine_trace 00c4:trace:keyboard:X11DRV_InitKeyboard keycode 21 => vkey 00BB
2760 wine_trace 00c4:trace:keyboard:X11DRV_InitKeyboard keycode 22 => vkey 0008
2760 wine_trace 00c4:trace:keyboard:X11DRV_InitKeyboard keycode 23 => vkey 0009
2760 wine_trace 00c4:trace:keyboard:X11DRV_InitKeyboard keycode 24 => vkey 0051
2760 wine_trace 00c4:trace:keyboard:X11DRV_InitKeyboard keycode 25 => vkey 0057
2760 wine_trace 00c4:trace:keyboard:X11DRV_InitKeyboard keycode 26 => vkey 0045
2760 wine_trace 00c4:trace:keyboard:X11DRV_InitKeyboard keycode 27 => vkey 0052
2760 wine_trace 00c4:trace:keyboard:X11DRV_InitKeyboard keycode 28 => vkey 0054
2760 wine_trace 00c4:trace:keyboard:X11DRV_InitKeyboard keycode 29 => vkey 0059
2761 wine_trace 00c4:trace:keyboard:X11DRV_InitKeyboard keycode 30 => vkey 0055
2761 wine_trace 00c4:trace:keyboard:X11DRV_InitKeyboard keycode 31 => vkey 0049
2761 wine_trace 00c4:trace:keyboard:X11DRV_InitKeyboard keycode 32 => vkey 004F
2761 wine_trace 00c4:trace:keyboard:X11DRV_InitKeyboard keycode 33 => vkey 0050
2761 wine_trace 00c4:trace:keyboard:X11DRV_InitKeyboard keycode 34 => vkey 00DB
2761 wine_trace 00c4:trace:keyboard:X11DRV_InitKeyboard keycode 35 => vkey 00DD
2761 wine_trace 00c4:trace:keyboard:X11DRV_InitKeyboard keycode 36 => vkey 000D
2761 wine_trace 00c4:trace:keyboard:X11DRV_InitKeyboard keycode 37 => vkey 00A2
2761 wine_trace 00c4:trace:keyboard:X11DRV_InitKeyboard keycode 38 => vkey 0041
2761 wine_trace 00c4:trace:keyboard:X11DRV_InitKeyboard keycode 39 => vkey 0053
2761 wine_trace 00c4:trace:keyboard:X11DRV_InitKeyboard keycode 40 => vkey 0044
2761 wine_trace 00c4:trace:keyboard:X11DRV_InitKeyboard keycode 41 => vkey 0046
2761 wine_trace 00c4:trace:keyboard:X11DRV_InitKeyboard keycode 42 => vkey 0047
2761 wine_trace 00c4:trace:keyboard:X11DRV_InitKeyboard keycode 43 => vkey 0048
2762 wine_trace 00c4:trace:keyboard:X11DRV_InitKeyboard keycode 44 => vkey 004A
2762 wine_trace 00c4:trace:keyboard:X11DRV_InitKeyboard keycode 45 => vkey 004B
2762 wine_trace 00c4:trace:keyboard:X11DRV_InitKeyboard keycode 46 => vkey 004C
2762 wine_trace 00c4:trace:keyboard:X11DRV_InitKeyboard keycode 47 => vkey 00BA
2762 wine_trace 00c4:trace:keyboard:X11DRV_InitKeyboard keycode 48 => vkey 00DE
2762 wine_trace 00c4:trace:keyboard:X11DRV_InitKeyboard keycode 49 => vkey 00C0
2762 wine_trace 00c4:trace:keyboard:X11DRV_InitKeyboard keycode 50 => vkey 00A0
2762 wine_trace 00c4:trace:keyboard:X11DRV_InitKeyboard keycode 51 => vkey 00DC
2762 wine_trace 00c4:trace:keyboard:X11DRV_InitKeyboard keycode 52 => vkey 005A
2762 wine_trace 00c4:trace:keyboard:X11DRV_InitKeyboard keycode 53 => vkey 0058
2762 wine_trace 00c4:trace:keyboard:X11DRV_InitKeyboard keycode 54 => vkey 0043
2762 wine_trace 00c4:trace:keyboard:X11DRV_InitKeyboard keycode 55 => vkey 0056
2762 wine_trace 00c4:trace:keyboard:X11DRV_InitKeyboard keycode 56 => vkey 0042
2763 wine_trace 00c4:trace:keyboard:X11DRV_InitKeyboard keycode 57 => vkey 004E
2763 wine_trace 00c4:trace:keyboard:X11DRV_InitKeyboard keycode 58 => vkey 004D
2763 wine_trace 00c4:trace:keyboard:X11DRV_InitKeyboard keycode 59 => vkey 00BC
2763 wine_trace 00c4:trace:keyboard:X11DRV_InitKeyboard keycode 60 => vkey 00BE
2763 wine_trace 00c4:trace:keyboard:X11DRV_InitKeyboard keycode 61 => vkey 00BF
2763 wine_trace 00c4:trace:keyboard:X11DRV_InitKeyboard keycode 62 => vkey 01A1
2763 wine_trace 00c4:trace:keyboard:X11DRV_InitKeyboard keycode 63 => vkey 006A
2763 wine_trace 00c4:trace:keyboard:X11DRV_InitKeyboard keycode 64 => vkey 00A4
2763 wine_trace 00c4:trace:keyboard:X11DRV_InitKeyboard keycode 65 => vkey 0020
2763 wine_trace 00c4:trace:keyboard:X11DRV_InitKeyboard keycode 66 => vkey 0000
2763 wine_trace 00c4:trace:keyboard:X11DRV_InitKeyboard keycode 67 => vkey 0070
2764 wine_trace 00c4:trace:keyboard:X11DRV_InitKeyboard keycode 68 => vkey 0071
2764 wine_trace 00c4:trace:keyboard:X11DRV_InitKeyboard keycode 69 => vkey 0072
2764 wine_trace 00c4:trace:keyboard:X11DRV_InitKeyboard keycode 70 => vkey 0073
2764 wine_trace 00c4:trace:keyboard:X11DRV_InitKeyboard keycode 71 => vkey 0074
2764 wine_trace 00c4:trace:keyboard:X11DRV_InitKeyboard keycode 72 => vkey 0075
2764 wine_trace 00c4:trace:keyboard:X11DRV_InitKeyboard keycode 73 => vkey 0076
2764 wine_trace 00c4:trace:keyboard:X11DRV_InitKeyboard keycode 74 => vkey 0077
2764 wine_trace 00c4:trace:keyboard:X11DRV_InitKeyboard keycode 75 => vkey 0078
2764 wine_trace 00c4:trace:keyboard:X11DRV_InitKeyboard keycode 76 => vkey 0079
2764 wine_trace 00c4:trace:keyboard:X11DRV_InitKeyboard keycode 77 => vkey 0000
2764 wine_trace 00c4:trace:keyboard:X11DRV_InitKeyboard keycode 78 => vkey 0000
2764 wine_trace 00c4:trace:keyboard:X11DRV_InitKeyboard keycode 79 => vkey 0067
2765 wine_trace 00c4:trace:keyboard:X11DRV_InitKeyboard keycode 80 => vkey 0068
2765 wine_trace 00c4:trace:keyboard:X11DRV_InitKeyboard keycode 81 => vkey 0069
2765 wine_trace 00c4:trace:keyboard:X11DRV_InitKeyboard keycode 82 => vkey 006D
2765 wine_trace 00c4:trace:keyboard:X11DRV_InitKeyboard keycode 83 => vkey 0064
2765 wine_trace 00c4:trace:keyboard:X11DRV_InitKeyboard keycode 84 => vkey 0065
2765 wine_trace 00c4:trace:keyboard:X11DRV_InitKeyboard keycode 85 => vkey 0066
2765 wine_trace 00c4:trace:keyboard:X11DRV_InitKeyboard keycode 86 => vkey 006B
2765 wine_trace 00c4:trace:keyboard:X11DRV_InitKeyboard keycode 87 => vkey 0061
2765 wine_trace 00c4:trace:keyboard:X11DRV_InitKeyboard keycode 88 => vkey 0062
2765 wine_trace 00c4:trace:keyboard:X11DRV_InitKeyboard keycode 89 => vkey 0063
2765 wine_trace 00c4:trace:keyboard:X11DRV_InitKeyboard keycode 90 => vkey 0060
2765 wine_trace 00c4:trace:keyboard:X11DRV_InitKeyboard keycode 91 => vkey 002E
2765 wine_trace 00c4:trace:keyboard:X11DRV_InitKeyboard keycode 92 => vkey 0000
2766 wine_trace 00c4:trace:keyboard:X11DRV_InitKeyboard keycode 93 => vkey 0000
2766 wine_trace 00c4:trace:keyboard:X11DRV_InitKeyboard keycode 94 => vkey 0000
2766 wine_trace 00c4:trace:keyboard:X11DRV_InitKeyboard keycode 95 => vkey 007A
2766 wine_trace 00c4:trace:keyboard:X11DRV_InitKeyboard keycode 96 => vkey 007B
2766 wine_trace 00c4:trace:keyboard:X11DRV_InitKeyboard keycode 97 => vkey 0000
2766 wine_trace 00c4:trace:keyboard:X11DRV_InitKeyboard keycode 98 => vkey 0000
2766 wine_trace 00c4:trace:keyboard:X11DRV_InitKeyboard keycode 99 => vkey 0000
2766 wine_trace 00c4:trace:keyboard:X11DRV_InitKeyboard keycode 100 => vkey 0000
2766 wine_trace 00c4:trace:keyboard:X11DRV_InitKeyboard keycode 101 => vkey 0000
2766 wine_trace 00c4:trace:keyboard:X11DRV_InitKeyboard keycode 102 => vkey 0000
2766 wine_trace 00c4:trace:keyboard:X11DRV_InitKeyboard keycode 103 => vkey 0000
2766 wine_trace 00c4:trace:keyboard:X11DRV_InitKeyboard keycode 104 => vkey 0000
2766 wine_trace 00c4:trace:keyboard:X11DRV_InitKeyboard keycode 105 => vkey 01A3
2767 wine_trace 00c4:trace:keyboard:X11DRV_InitKeyboard keycode 106 => vkey 016F
2767 wine_trace 00c4:trace:keyboard:X11DRV_InitKeyboard keycode 107 => vkey 0000
2767 wine_trace 00c4:trace:keyboard:X11DRV_InitKeyboard keycode 108 => vkey 01A5
2767 wine_trace 00c4:trace:keyboard:X11DRV_InitKeyboard keycode 109 => vkey 0000
2767 wine_trace 00c4:trace:keyboard:X11DRV_InitKeyboard keycode 110 => vkey 0124
2767 wine_trace 00c4:trace:keyboard:X11DRV_InitKeyboard keycode 111 => vkey 0126
2767 wine_trace 00c4:trace:keyboard:X11DRV_InitKeyboard keycode 112 => vkey 0121
2767 wine_trace 00c4:trace:keyboard:X11DRV_InitKeyboard keycode 113 => vkey 0125
2767 wine_trace 00c4:trace:keyboard:X11DRV_InitKeyboard keycode 114 => vkey 0127
2767 wine_trace 00c4:trace:keyboard:X11DRV_InitKeyboard keycode 115 => vkey 0123
2767 wine_trace 00c4:trace:keyboard:X11DRV_InitKeyboard keycode 116 => vkey 0128
2767 wine_trace 00c4:trace:keyboard:X11DRV_InitKeyboard keycode 117 => vkey 0122
2768 wine_trace 00c4:trace:keyboard:X11DRV_InitKeyboard keycode 118 => vkey 012D
2768 wine_trace 00c4:trace:keyboard:X11DRV_InitKeyboard keycode 119 => vkey 012E
2768 wine_trace 00c4:warn:keyboard:X11DRV_InitKeyboard vkey 012E is being used by more than one keycode
2768 wine_trace 00c4:trace:keyboard:X11DRV_InitKeyboard keycode 120 => vkey 0000
2768 wine_trace 00c4:trace:keyboard:X11DRV_InitKeyboard keycode 121 => vkey 0000
2768 wine_trace 00c4:trace:keyboard:X11DRV_InitKeyboard keycode 122 => vkey 0000
2768 wine_trace 00c4:trace:keyboard:X11DRV_InitKeyboard keycode 123 => vkey 0000
2768 wine_trace 00c4:trace:keyboard:X11DRV_InitKeyboard keycode 124 => vkey 0000
2768 wine_trace 00c4:trace:keyboard:X11DRV_InitKeyboard keycode 125 => vkey 0000
2768 wine_trace 00c4:trace:keyboard:X11DRV_InitKeyboard keycode 126 => vkey 0000
2768 wine_trace 00c4:trace:keyboard:X11DRV_InitKeyboard keycode 127 => vkey 0000
2768 wine_trace 00c4:trace:keyboard:X11DRV_InitKeyboard keycode 128 => vkey 0000
2768 wine_trace 00c4:trace:keyboard:X11DRV_InitKeyboard keycode 129 => vkey 0000
2769 wine_trace 00c4:trace:keyboard:X11DRV_InitKeyboard keycode 130 => vkey 0000
2769 wine_trace 00c4:trace:keyboard:X11DRV_InitKeyboard keycode 131 => vkey 0000
2769 wine_trace 00c4:trace:keyboard:X11DRV_InitKeyboard keycode 132 => vkey 0000
2769 wine_trace 00c4:trace:keyboard:X11DRV_InitKeyboard keycode 133 => vkey 0000
2769 wine_trace 00c4:trace:keyboard:X11DRV_InitKeyboard keycode 134 => vkey 0000
2769 wine_trace 00c4:trace:keyboard:X11DRV_InitKeyboard keycode 135 => vkey 0000
2769 wine_trace 00c4:trace:keyboard:X11DRV_InitKeyboard keycode 136 => vkey 0000
2769 wine_trace 00c4:trace:keyboard:X11DRV_InitKeyboard keycode 137 => vkey 0000
2769 wine_trace 00c4:trace:keyboard:X11DRV_InitKeyboard keycode 138 => vkey 0000
2769 wine_trace 00c4:trace:keyboard:X11DRV_InitKeyboard keycode 139 => vkey 0000
2769 wine_trace 00c4:trace:keyboard:X11DRV_InitKeyboard keycode 140 => vkey 0000
2769 wine_trace 00c4:trace:keyboard:X11DRV_InitKeyboard keycode 141 => vkey 0000
2769 wine_trace 00c4:trace:keyboard:X11DRV_InitKeyboard keycode 142 => vkey 0000
2769 wine_trace 00c4:trace:keyboard:X11DRV_InitKeyboard keycode 143 => vkey 0000
2770 wine_trace 00c4:trace:keyboard:X11DRV_InitKeyboard keycode 144 => vkey 0000
2770 wine_trace 00c4:trace:keyboard:X11DRV_InitKeyboard keycode 145 => vkey 0000
2770 wine_trace 00c4:trace:keyboard:X11DRV_InitKeyboard keycode 146 => vkey 0000
2770 wine_trace 00c4:trace:keyboard:X11DRV_InitKeyboard keycode 147 => vkey 0000
2770 wine_trace 00c4:trace:keyboard:X11DRV_InitKeyboard keycode 148 => vkey 0000
2770 wine_trace 00c4:trace:keyboard:X11DRV_InitKeyboard keycode 149 => vkey 0000
2770 wine_trace 00c4:trace:keyboard:X11DRV_InitKeyboard keycode 150 => vkey 0000
2770 wine_trace 00c4:trace:keyboard:X11DRV_InitKeyboard keycode 151 => vkey 0000
2770 wine_trace 00c4:trace:keyboard:X11DRV_InitKeyboard keycode 152 => vkey 0000
2770 wine_trace 00c4:trace:keyboard:X11DRV_InitKeyboard keycode 153 => vkey 0000
2770 wine_trace 00c4:trace:keyboard:X11DRV_InitKeyboard keycode 154 => vkey 0000
2770 wine_trace 00c4:trace:keyboard:X11DRV_InitKeyboard keycode 155 => vkey 0000
2770 wine_trace 00c4:trace:keyboard:X11DRV_InitKeyboard keycode 156 => vkey 0000
2770 wine_trace 00c4:trace:keyboard:X11DRV_InitKeyboard keycode 157 => vkey 0000
2771 wine_trace 00c4:trace:keyboard:X11DRV_InitKeyboard keycode 158 => vkey 0000
2771 wine_trace 00c4:trace:keyboard:X11DRV_InitKeyboard keycode 159 => vkey 0000
2771 wine_trace 00c4:trace:keyboard:X11DRV_InitKeyboard keycode 160 => vkey 0000
2771 wine_trace 00c4:trace:keyboard:X11DRV_InitKeyboard keycode 161 => vkey 0000
2771 wine_trace 00c4:trace:keyboard:X11DRV_InitKeyboard keycode 162 => vkey 0000
2771 wine_trace 00c4:trace:keyboard:X11DRV_InitKeyboard keycode 163 => vkey 0000
2771 wine_trace 00c4:trace:keyboard:X11DRV_InitKeyboard keycode 164 => vkey 0000
2771 wine_trace 00c4:trace:keyboard:X11DRV_InitKeyboard keycode 165 => vkey 0000
2771 wine_trace 00c4:trace:keyboard:X11DRV_InitKeyboard keycode 166 => vkey 0000
2771 wine_trace 00c4:trace:keyboard:X11DRV_InitKeyboard keycode 167 => vkey 0000
2771 wine_trace 00c4:trace:keyboard:X11DRV_InitKeyboard keycode 168 => vkey 0000
2771 wine_trace 00c4:trace:keyboard:X11DRV_InitKeyboard keycode 169 => vkey 0000
2771 wine_trace 00c4:trace:keyboard:X11DRV_InitKeyboard keycode 170 => vkey 0000
2772 wine_trace 00c4:trace:keyboard:X11DRV_InitKeyboard keycode 171 => vkey 0000
2772 wine_trace 00c4:trace:keyboard:X11DRV_InitKeyboard keycode 172 => vkey 0000
2772 wine_trace 00c4:trace:keyboard:X11DRV_InitKeyboard keycode 173 => vkey 0000
2772 wine_trace 00c4:trace:keyboard:X11DRV_InitKeyboard keycode 174 => vkey 0000
2772 wine_trace 00c4:trace:keyboard:X11DRV_InitKeyboard keycode 175 => vkey 0000
2772 wine_trace 00c4:trace:keyboard:X11DRV_InitKeyboard keycode 176 => vkey 0000
2772 wine_trace 00c4:trace:keyboard:X11DRV_InitKeyboard keycode 177 => vkey 0000
2772 wine_trace 00c4:trace:keyboard:X11DRV_InitKeyboard keycode 178 => vkey 0000
2772 wine_trace 00c4:trace:keyboard:X11DRV_InitKeyboard keycode 179 => vkey 0000
2772 wine_trace 00c4:trace:keyboard:X11DRV_InitKeyboard keycode 180 => vkey 0000
2772 wine_trace 00c4:trace:keyboard:X11DRV_InitKeyboard keycode 181 => vkey 0000
2772 wine_trace 00c4:trace:keyboard:X11DRV_InitKeyboard keycode 182 => vkey 0000
2772 wine_trace 00c4:trace:keyboard:X11DRV_InitKeyboard keycode 183 => vkey 0000
2773 wine_trace 00c4:trace:keyboard:X11DRV_InitKeyboard keycode 184 => vkey 0000
2773 wine_trace 00c4:trace:keyboard:X11DRV_InitKeyboard keycode 185 => vkey 0000
2773 wine_trace 00c4:trace:keyboard:X11DRV_InitKeyboard keycode 186 => vkey 0000
2773 wine_trace 00c4:trace:keyboard:X11DRV_InitKeyboard keycode 187 => vkey 0000
2773 wine_trace 00c4:trace:keyboard:X11DRV_InitKeyboard keycode 188 => vkey 0000
2773 wine_trace 00c4:trace:keyboard:X11DRV_InitKeyboard keycode 189 => vkey 0000
2773 wine_trace 00c4:trace:keyboard:X11DRV_InitKeyboard keycode 190 => vkey 0000
2773 wine_trace 00c4:trace:keyboard:X11DRV_InitKeyboard keycode 191 => vkey 0000
2773 wine_trace 00c4:trace:keyboard:X11DRV_InitKeyboard keycode 192 => vkey 0000
2773 wine_trace 00c4:trace:keyboard:X11DRV_InitKeyboard keycode 193 => vkey 0000
2773 wine_trace 00c4:trace:keyboard:X11DRV_InitKeyboard keycode 194 => vkey 0000
2773 wine_trace 00c4:trace:keyboard:X11DRV_InitKeyboard keycode 195 => vkey 0000
2773 wine_trace 00c4:trace:keyboard:X11DRV_InitKeyboard keycode 196 => vkey 0000
2774 wine_trace 00c4:trace:keyboard:X11DRV_InitKeyboard keycode 197 => vkey 0000
2774 wine_trace 00c4:trace:keyboard:X11DRV_InitKeyboard keycode 198 => vkey 0000
2774 wine_trace 00c4:trace:keyboard:X11DRV_InitKeyboard keycode 199 => vkey 0000
2774 wine_trace 00c4:trace:keyboard:X11DRV_InitKeyboard keycode 200 => vkey 0000
2774 wine_trace 00c4:trace:keyboard:X11DRV_InitKeyboard keycode 201 => vkey 0000
2774 wine_trace 00c4:trace:keyboard:X11DRV_InitKeyboard keycode 202 => vkey 0000
2774 wine_trace 00c4:trace:keyboard:X11DRV_InitKeyboard keycode 203 => vkey 0000
2774 wine_trace 00c4:trace:keyboard:X11DRV_InitKeyboard keycode 204 => vkey 0000
2774 wine_trace 00c4:trace:keyboard:X11DRV_InitKeyboard keycode 205 => vkey 0000
2774 wine_trace 00c4:trace:keyboard:X11DRV_InitKeyboard keycode 206 => vkey 0000
2774 wine_trace 00c4:trace:keyboard:X11DRV_InitKeyboard keycode 207 => vkey 0000
2774 wine_trace 00c4:trace:keyboard:X11DRV_InitKeyboard keycode 208 => vkey 0000
2774 wine_trace 00c4:trace:keyboard:X11DRV_InitKeyboard keycode 209 => vkey 0000
2775 wine_trace 00c4:trace:keyboard:X11DRV_InitKeyboard keycode 210 => vkey 0000
2775 wine_trace 00c4:trace:keyboard:X11DRV_InitKeyboard keycode 211 => vkey 0000
2775 wine_trace 00c4:trace:keyboard:X11DRV_InitKeyboard keycode 212 => vkey 0000
2775 wine_trace 00c4:trace:keyboard:X11DRV_InitKeyboard keycode 213 => vkey 0000
2775 wine_trace 00c4:trace:keyboard:X11DRV_InitKeyboard keycode 214 => vkey 0000
2775 wine_trace 00c4:trace:keyboard:X11DRV_InitKeyboard keycode 215 => vkey 0000
2775 wine_trace 00c4:trace:keyboard:X11DRV_InitKeyboard keycode 216 => vkey 0000
2775 wine_trace 00c4:trace:keyboard:X11DRV_InitKeyboard keycode 217 => vkey 0000
2775 wine_trace 00c4:trace:keyboard:X11DRV_InitKeyboard keycode 218 => vkey 0000
2775 wine_trace 00c4:trace:keyboard:X11DRV_InitKeyboard keycode 219 => vkey 0000
2775 wine_trace 00c4:trace:keyboard:X11DRV_InitKeyboard keycode 220 => vkey 0000
2775 wine_trace 00c4:trace:keyboard:X11DRV_InitKeyboard keycode 221 => vkey 0000
2776 wine_trace 00c4:trace:keyboard:X11DRV_InitKeyboard keycode 222 => vkey 0000
2776 wine_trace 00c4:trace:keyboard:X11DRV_InitKeyboard keycode 223 => vkey 0000
2776 wine_trace 00c4:trace:keyboard:X11DRV_InitKeyboard keycode 224 => vkey 0000
2776 wine_trace 00c4:trace:keyboard:X11DRV_InitKeyboard keycode 225 => vkey 0000
2776 wine_trace 00c4:trace:keyboard:X11DRV_InitKeyboard keycode 226 => vkey 0000
2776 wine_trace 00c4:trace:keyboard:X11DRV_InitKeyboard keycode 227 => vkey 0000
2776 wine_trace 00c4:trace:keyboard:X11DRV_InitKeyboard keycode 228 => vkey 0000
2776 wine_trace 00c4:trace:keyboard:X11DRV_InitKeyboard keycode 229 => vkey 0000
2776 wine_trace 00c4:trace:keyboard:X11DRV_InitKeyboard keycode 230 => vkey 0000
2776 wine_trace 00c4:trace:keyboard:X11DRV_InitKeyboard keycode 231 => vkey 0000
2776 wine_trace 00c4:trace:keyboard:X11DRV_InitKeyboard keycode 232 => vkey 0000
2776 wine_trace 00c4:trace:keyboard:X11DRV_InitKeyboard keycode 233 => vkey 0000
2777 wine_trace 00c4:trace:keyboard:X11DRV_InitKeyboard keycode 234 => vkey 0000
2777 wine_trace 00c4:trace:keyboard:X11DRV_InitKeyboard keycode 235 => vkey 0000
2777 wine_trace 00c4:trace:keyboard:X11DRV_InitKeyboard keycode 236 => vkey 0000
2777 wine_trace 00c4:trace:keyboard:X11DRV_InitKeyboard keycode 237 => vkey 0000
2777 wine_trace 00c4:trace:keyboard:X11DRV_InitKeyboard keycode 238 => vkey 0000
2777 wine_trace 00c4:trace:keyboard:X11DRV_InitKeyboard keycode 239 => vkey 0000
2777 wine_trace 00c4:trace:keyboard:X11DRV_InitKeyboard keycode 240 => vkey 0000
2777 wine_trace 00c4:trace:keyboard:X11DRV_InitKeyboard keycode 241 => vkey 0000
2777 wine_trace 00c4:trace:keyboard:X11DRV_InitKeyboard keycode 242 => vkey 0000
2777 wine_trace 00c4:trace:keyboard:X11DRV_InitKeyboard keycode 243 => vkey 0000
2777 wine_trace 00c4:trace:keyboard:X11DRV_InitKeyboard keycode 244 => vkey 0000
2777 wine_trace 00c4:trace:keyboard:X11DRV_InitKeyboard keycode 245 => vkey 0000
2777 wine_trace 00c4:trace:keyboard:X11DRV_InitKeyboard keycode 246 => vkey 0000
2777 wine_trace 00c4:trace:keyboard:X11DRV_InitKeyboard keycode 247 => vkey 0000
2778 wine_trace 00c4:trace:keyboard:X11DRV_InitKeyboard keycode 248 => vkey 0000
2778 wine_trace 00c4:trace:keyboard:X11DRV_InitKeyboard keycode 249 => vkey 0000
2778 wine_trace 00c4:trace:keyboard:X11DRV_InitKeyboard keycode 250 => vkey 0000
2778 wine_trace 00c4:trace:keyboard:X11DRV_InitKeyboard keycode 251 => vkey 0000
2778 wine_trace 00c4:trace:keyboard:X11DRV_InitKeyboard keycode 252 => vkey 0000
2778 wine_trace 00c4:trace:keyboard:X11DRV_InitKeyboard keycode 253 => vkey 0000
2778 wine_trace 00c4:trace:keyboard:X11DRV_InitKeyboard keycode 254 => vkey 0000
2778 wine_trace 00c4:trace:keyboard:X11DRV_InitKeyboard keycode 255 => vkey 0000
2886 window_map id=25165831,parent=3,name=nogui - Wine Desktop,class=explorer.exe,mapped=true,viewable=false,enabled=false,renderable=true,surface=false,application=true,keyPress=true,keyRelease=true,focusChange=true,focus_before={null}
2887 focus_notify previous={null},focused={id=25165831,parent=3,name=nogui - Wine Desktop,class=explorer.exe,mapped=true,viewable=false,enabled=false,renderable=true,surface=false,application=true,keyPress=true,keyRelease=true,focusChange=true},outDetail=NONE,inDetail=NONE,outSelected=false,inSelected=true
2887 window_map_result id=25165831,focus_after={id=25165831,parent=3,name=nogui - Wine Desktop,class=explorer.exe,mapped=true,viewable=false,enabled=false,renderable=true,surface=false,application=true,keyPress=true,keyRelease=true,focusChange=true}
3208 wine_trace 00d8:trace:keyboard:NtUserGetKeyboardLayoutName name 0x14011e860
3208 wine_trace 00d8:trace:keyboard:NtUserGetKeyboardLayoutName ret L"00000409"
3320 winhandler_init_received port=7946
3538 wine_trace 00e8:trace:keyboard:NtUserGetKeyboardLayoutName name 0x14087e860
3538 wine_trace 00e8:trace:keyboard:NtUserGetKeyboardLayoutName ret L"00000409"
6170 keyboard_mapping_reply first=8,count=248,keysyms=496
6171 keyboard_mapping_reply first=8,count=248,keysyms=496
6173 wine_trace 00e8:trace:keyboard:KEYBOARD_MapDeadKeysym no character for dead keysym 0x0000ff1b
6173 wine_trace 00e8:trace:keyboard:KEYBOARD_MapDeadKeysym no character for dead keysym 0x0000ff08
6173 wine_trace 00e8:trace:keyboard:KEYBOARD_MapDeadKeysym no character for dead keysym 0x0000ff09
6173 wine_trace 00e8:trace:keyboard:KEYBOARD_MapDeadKeysym no character for dead keysym 0x0000ff0d
6173 wine_trace 00e8:trace:keyboard:KEYBOARD_MapDeadKeysym no character for dead keysym 0x0000ffe3
6174 wine_trace 00e8:trace:keyboard:KEYBOARD_MapDeadKeysym no character for dead keysym 0x0000ffe1
6174 wine_trace 00e8:trace:keyboard:KEYBOARD_MapDeadKeysym no character for dead keysym 0x0000ffe2
6174 wine_trace 00e8:trace:keyboard:KEYBOARD_MapDeadKeysym no character for dead keysym 0x0000ffaa
6174 wine_trace 00e8:trace:keyboard:KEYBOARD_MapDeadKeysym no character for dead keysym 0x0000ffaa
6174 wine_trace 00e8:trace:keyboard:KEYBOARD_MapDeadKeysym no character for dead keysym 0x0000ffe7
6174 wine_trace 00e8:trace:keyboard:KEYBOARD_MapDeadKeysym no character for dead keysym 0x00000020
6174 wine_trace 00e8:trace:keyboard:KEYBOARD_MapDeadKeysym no character for dead keysym 0x00000020
6175 wine_trace 00e8:trace:keyboard:KEYBOARD_MapDeadKeysym no character for dead keysym 0x0000ffbe
6175 wine_trace 00e8:trace:keyboard:KEYBOARD_MapDeadKeysym no character for dead keysym 0x0000ffbf
6175 wine_trace 00e8:trace:keyboard:KEYBOARD_MapDeadKeysym no character for dead keysym 0x0000ffc0
6175 wine_trace 00e8:trace:keyboard:KEYBOARD_MapDeadKeysym no character for dead keysym 0x0000ffc1
6175 wine_trace 00e8:trace:keyboard:KEYBOARD_MapDeadKeysym no character for dead keysym 0x0000ffc2
6175 wine_trace 00e8:trace:keyboard:KEYBOARD_MapDeadKeysym no character for dead keysym 0x0000ffc3
6176 wine_trace 00e8:trace:keyboard:KEYBOARD_MapDeadKeysym no character for dead keysym 0x0000ffc4
6176 wine_trace 00e8:trace:keyboard:KEYBOARD_MapDeadKeysym no character for dead keysym 0x0000ffc5
6176 wine_trace 00e8:trace:keyboard:KEYBOARD_MapDeadKeysym no character for dead keysym 0x0000ffc6
6176 wine_trace 00e8:trace:keyboard:KEYBOARD_MapDeadKeysym no character for dead keysym 0x0000ffc7
6176 wine_trace 00e8:trace:keyboard:KEYBOARD_MapDeadKeysym no character for dead keysym 0x0000ffb7
6176 wine_trace 00e8:trace:keyboard:KEYBOARD_MapDeadKeysym no character for dead keysym 0x0000ff95
6176 wine_trace 00e8:trace:keyboard:KEYBOARD_MapDeadKeysym no character for dead keysym 0x0000ffb8
6177 wine_trace 00e8:trace:keyboard:KEYBOARD_MapDeadKeysym no character for dead keysym 0x0000ff97
6177 wine_trace 00e8:trace:keyboard:KEYBOARD_MapDeadKeysym no character for dead keysym 0x0000ffb9
6177 wine_trace 00e8:trace:keyboard:KEYBOARD_MapDeadKeysym no character for dead keysym 0x0000ffb9
6177 wine_trace 00e8:trace:keyboard:KEYBOARD_MapDeadKeysym no character for dead keysym 0x0000ffad
6177 wine_trace 00e8:trace:keyboard:KEYBOARD_MapDeadKeysym no character for dead keysym 0x0000ffad
6177 wine_trace 00e8:trace:keyboard:KEYBOARD_MapDeadKeysym no character for dead keysym 0x0000ffb4
6178 wine_trace 00e8:trace:keyboard:KEYBOARD_MapDeadKeysym no character for dead keysym 0x0000ff96
6178 wine_trace 00e8:trace:keyboard:KEYBOARD_MapDeadKeysym no character for dead keysym 0x0000ffb5
6178 wine_trace 00e8:trace:keyboard:KEYBOARD_MapDeadKeysym no character for dead keysym 0x0000ffb5
6178 wine_trace 00e8:trace:keyboard:KEYBOARD_MapDeadKeysym no character for dead keysym 0x0000ffb6
6178 wine_trace 00e8:trace:keyboard:KEYBOARD_MapDeadKeysym no character for dead keysym 0x0000ff98
6178 wine_trace 00e8:trace:keyboard:KEYBOARD_MapDeadKeysym no character for dead keysym 0x0000ffab
6178 wine_trace 00e8:trace:keyboard:KEYBOARD_MapDeadKeysym no character for dead keysym 0x0000ffab
6179 wine_trace 00e8:trace:keyboard:KEYBOARD_MapDeadKeysym no character for dead keysym 0x0000ffb1
6179 wine_trace 00e8:trace:keyboard:KEYBOARD_MapDeadKeysym no character for dead keysym 0x0000ff9c
6179 wine_trace 00e8:trace:keyboard:KEYBOARD_MapDeadKeysym no character for dead keysym 0x0000ffb2
6179 wine_trace 00e8:trace:keyboard:KEYBOARD_MapDeadKeysym no character for dead keysym 0x0000ff99
6179 wine_trace 00e8:trace:keyboard:KEYBOARD_MapDeadKeysym no character for dead keysym 0x0000ffb3
6179 wine_trace 00e8:trace:keyboard:KEYBOARD_MapDeadKeysym no character for dead keysym 0x0000ffb3
6179 wine_trace 00e8:trace:keyboard:KEYBOARD_MapDeadKeysym no character for dead keysym 0x0000ffb0
6180 wine_trace 00e8:trace:keyboard:KEYBOARD_MapDeadKeysym no character for dead keysym 0x0000ff9e
6180 wine_trace 00e8:trace:keyboard:KEYBOARD_MapDeadKeysym no character for dead keysym 0x0000ff9f
6180 wine_trace 00e8:trace:keyboard:KEYBOARD_MapDeadKeysym no character for dead keysym 0x0000ffc8
6180 wine_trace 00e8:trace:keyboard:KEYBOARD_MapDeadKeysym no character for dead keysym 0x0000ffc9
6180 wine_trace 00e8:trace:keyboard:KEYBOARD_MapDeadKeysym no character for dead keysym 0x0000ffe4
6180 wine_trace 00e8:trace:keyboard:KEYBOARD_MapDeadKeysym no character for dead keysym 0x0000ffaf
6181 wine_trace 00e8:trace:keyboard:KEYBOARD_MapDeadKeysym no character for dead keysym 0x0000ffaf
6181 wine_trace 00e8:trace:keyboard:KEYBOARD_MapDeadKeysym no character for dead keysym 0x0000ffe8
6181 wine_trace 00e8:trace:keyboard:KEYBOARD_MapDeadKeysym no character for dead keysym 0x0000ff50
6181 wine_trace 00e8:trace:keyboard:KEYBOARD_MapDeadKeysym no character for dead keysym 0x0000ff52
6181 wine_trace 00e8:trace:keyboard:KEYBOARD_MapDeadKeysym no character for dead keysym 0x0000ff55
6181 wine_trace 00e8:trace:keyboard:KEYBOARD_MapDeadKeysym no character for dead keysym 0x0000ff51
6181 wine_trace 00e8:trace:keyboard:KEYBOARD_MapDeadKeysym no character for dead keysym 0x0000ff53
6182 wine_trace 00e8:trace:keyboard:KEYBOARD_MapDeadKeysym no character for dead keysym 0x0000ff57
6182 wine_trace 00e8:trace:keyboard:KEYBOARD_MapDeadKeysym no character for dead keysym 0x0000ff54
6182 wine_trace 00e8:trace:keyboard:KEYBOARD_MapDeadKeysym no character for dead keysym 0x0000ff56
6182 wine_trace 00e8:trace:keyboard:KEYBOARD_MapDeadKeysym no character for dead keysym 0x0000ff63
6182 wine_trace 00e8:trace:keyboard:KEYBOARD_MapDeadKeysym no character for dead keysym 0x0000ffff
6182 wine_trace 00e8:trace:keyboard:X11DRV_KEYBOARD_DetectLayout Attempting to match against "United States keyboard layout"
6183 wine_trace 00e8:trace:keyboard:X11DRV_KEYBOARD_DetectLayout matches=47, mismatches=0, seq=46, score=94
6183 wine_trace 00e8:trace:keyboard:X11DRV_KEYBOARD_DetectLayout Attempting to match against "United States keyboard layout (phantom key version)"
6183 wine_trace 00e8:trace:keyboard:X11DRV_KEYBOARD_DetectLayout matches=47, mismatches=0, seq=46, score=94
6183 wine_trace 00e8:trace:keyboard:X11DRV_KEYBOARD_DetectLayout Attempting to match against "United States keyboard layout (dvorak)"
6183 wine_trace 00e8:trace:keyboard:X11DRV_KEYBOARD_DetectLayout matches=47, mismatches=0, seq=30, score=94
6183 wine_trace 00e8:trace:keyboard:X11DRV_KEYBOARD_DetectLayout Attempting to match against "United States keyboard layout (programmer dvorak)"
6183 wine_trace 00e8:trace:key:X11DRV_KEYBOARD_DetectLayout mismatch for keycode 10, got "1!  "
6184 wine_trace 00e8:trace:key:X11DRV_KEYBOARD_DetectLayout mismatch for keycode 11, got "2@  "
6184 wine_trace 00e8:trace:key:X11DRV_KEYBOARD_DetectLayout mismatch for keycode 12, got "3#  "
6184 wine_trace 00e8:trace:key:X11DRV_KEYBOARD_DetectLayout mismatch for keycode 13, got "4$  "
6184 wine_trace 00e8:trace:key:X11DRV_KEYBOARD_DetectLayout mismatch for keycode 14, got "5%  "
6184 wine_trace 00e8:trace:key:X11DRV_KEYBOARD_DetectLayout mismatch for keycode 15, got "6^  "
6184 wine_trace 00e8:trace:key:X11DRV_KEYBOARD_DetectLayout mismatch for keycode 16, got "7&  "
6185 wine_trace 00e8:trace:key:X11DRV_KEYBOARD_DetectLayout mismatch for keycode 17, got "8*  "
6185 wine_trace 00e8:trace:key:X11DRV_KEYBOARD_DetectLayout mismatch for keycode 18, got "9(  "
6185 wine_trace 00e8:trace:key:X11DRV_KEYBOARD_DetectLayout mismatch for keycode 19, got "0)  "
6185 wine_trace 00e8:trace:key:X11DRV_KEYBOARD_DetectLayout mismatch for keycode 21, got "=+  "
6185 wine_trace 00e8:trace:key:X11DRV_KEYBOARD_DetectLayout mismatch for keycode 34, got "[{  "
6186 wine_trace 00e8:trace:key:X11DRV_KEYBOARD_DetectLayout mismatch for keycode 35, got "]}  "
6186 wine_trace 00e8:trace:key:X11DRV_KEYBOARD_DetectLayout mismatch for keycode 49, got "`~  "
6186 wine_trace 00e8:trace:keyboard:X11DRV_KEYBOARD_DetectLayout matches=33, mismatches=14, seq=18, score=38
6186 wine_trace 00e8:trace:keyboard:X11DRV_KEYBOARD_DetectLayout Attempting to match against "United States keyboard layout (dvorak with phantom key)"
6186 wine_trace 00e8:trace:keyboard:X11DRV_KEYBOARD_DetectLayout matches=47, mismatches=0, seq=30, score=94
6186 wine_trace 00e8:trace:keyboard:X11DRV_KEYBOARD_DetectLayout Attempting to match against "United States International keyboard layout"
6187 wine_trace 00e8:trace:keyboard:X11DRV_KEYBOARD_DetectLayout matches=47, mismatches=0, seq=46, score=94
6187 wine_trace 00e8:trace:keyboard:X11DRV_KEYBOARD_DetectLayout Attempting to match against "British keyboard layout"
6187 wine_trace 00e8:trace:key:X11DRV_KEYBOARD_DetectLayout mismatch for keycode 11, got "2@  "
6187 wine_trace 00e8:trace:key:X11DRV_KEYBOARD_DetectLayout mismatch for keycode 12, got "3#  "
6188 wine_trace 00e8:trace:key:X11DRV_KEYBOARD_DetectLayout mismatch for keycode 48, got "'\"  "
6188 wine_trace 00e8:trace:keyboard:X11DRV_KEYBOARD_DetectLayout matches=44, mismatches=3, seq=42, score=81
6188 wine_trace 00e8:trace:keyboard:X11DRV_KEYBOARD_DetectLayout Attempting to match against "German keyboard layout"
6188 wine_trace 00e8:trace:key:X11DRV_KEYBOARD_DetectLayout mismatch for keycode 11, got "2@  "
6188 wine_trace 00e8:trace:key:X11DRV_KEYBOARD_DetectLayout mismatch for keycode 12, got "3#  "
6189 wine_trace 00e8:trace:key:X11DRV_KEYBOARD_DetectLayout mismatch for keycode 15, got "6^  "
6189 wine_trace 00e8:trace:key:X11DRV_KEYBOARD_DetectLayout mismatch for keycode 16, got "7&  "
6189 wine_trace 00e8:trace:key:X11DRV_KEYBOARD_DetectLayout mismatch for keycode 17, got "8*  "
6189 wine_trace 00e8:trace:key:X11DRV_KEYBOARD_DetectLayout mismatch for keycode 18, got "9(  "
6190 wine_trace 00e8:trace:key:X11DRV_KEYBOARD_DetectLayout mismatch for keycode 19, got "0)  "
6190 wine_trace 00e8:trace:key:X11DRV_KEYBOARD_DetectLayout mismatch for keycode 21, got "=+  "
6190 wine_trace 00e8:trace:key:X11DRV_KEYBOARD_DetectLayout mismatch for keycode 34, got "[{  "
6190 wine_trace 00e8:trace:key:X11DRV_KEYBOARD_DetectLayout mismatch for keycode 35, got "]}  "
6190 wine_trace 00e8:trace:key:X11DRV_KEYBOARD_DetectLayout mismatch for keycode 47, got ";:  "
6190 wine_trace 00e8:trace:key:X11DRV_KEYBOARD_DetectLayout mismatch for keycode 48, got "'\"  "
6191 wine_trace 00e8:trace:key:X11DRV_KEYBOARD_DetectLayout mismatch for keycode 49, got "`~  "
6191 wine_trace 00e8:trace:key:X11DRV_KEYBOARD_DetectLayout mismatch for keycode 51, got "\\|  "
6191 wine_trace 00e8:trace:key:X11DRV_KEYBOARD_DetectLayout mismatch for keycode 59, got ",<  "
6191 wine_trace 00e8:trace:key:X11DRV_KEYBOARD_DetectLayout mismatch for keycode 60, got ".>  "
6191 wine_trace 00e8:trace:key:X11DRV_KEYBOARD_DetectLayout mismatch for keycode 61, got "/?  "
6191 wine_trace 00e8:trace:keyboard:X11DRV_KEYBOARD_DetectLayout matches=30, mismatches=17, seq=27, score=26
6191 wine_trace 00e8:trace:keyboard:X11DRV_KEYBOARD_DetectLayout Attempting to match against "Swiss German keyboard layout"
6192 wine_trace 00e8:trace:key:X11DRV_KEYBOARD_DetectLayout mismatch for keycode 10, got "1!  "
6192 wine_trace 00e8:trace:key:X11DRV_KEYBOARD_DetectLayout mismatch for keycode 11, got "2@  "
6192 wine_trace 00e8:trace:key:X11DRV_KEYBOARD_DetectLayout mismatch for keycode 12, got "3#  "
6192 wine_trace 00e8:trace:key:X11DRV_KEYBOARD_DetectLayout mismatch for keycode 13, got "4$  "
6192 wine_trace 00e8:trace:key:X11DRV_KEYBOARD_DetectLayout mismatch for keycode 15, got "6^  "
6192 wine_trace 00e8:trace:key:X11DRV_KEYBOARD_DetectLayout mismatch for keycode 16, got "7&  "
6192 wine_trace 00e8:trace:key:X11DRV_KEYBOARD_DetectLayout mismatch for keycode 17, got "8*  "
6192 wine_trace 00e8:trace:key:X11DRV_KEYBOARD_DetectLayout mismatch for keycode 18, got "9(  "
6192 wine_trace 00e8:trace:key:X11DRV_KEYBOARD_DetectLayout mismatch for keycode 19, got "0)  "
6192 wine_trace 00e8:trace:key:X11DRV_KEYBOARD_DetectLayout mismatch for keycode 21, got "=+  "
6192 wine_trace 00e8:trace:key:X11DRV_KEYBOARD_DetectLayout mismatch for keycode 34, got "[{  "
6193 wine_trace 00e8:trace:key:X11DRV_KEYBOARD_DetectLayout mismatch for keycode 35, got "]}  "
6193 wine_trace 00e8:trace:key:X11DRV_KEYBOARD_DetectLayout mismatch for keycode 47, got ";:  "
6193 wine_trace 00e8:trace:key:X11DRV_KEYBOARD_DetectLayout mismatch for keycode 48, got "'\"  "
6193 wine_trace 00e8:trace:key:X11DRV_KEYBOARD_DetectLayout mismatch for keycode 49, got "`~  "
6193 wine_trace 00e8:trace:key:X11DRV_KEYBOARD_DetectLayout mismatch for keycode 51, got "\\|  "
6193 wine_trace 00e8:trace:key:X11DRV_KEYBOARD_DetectLayout mismatch for keycode 59, got ",<  "
6193 wine_trace 00e8:trace:key:X11DRV_KEYBOARD_DetectLayout mismatch for keycode 60, got ".>  "
6193 wine_trace 00e8:trace:key:X11DRV_KEYBOARD_DetectLayout mismatch for keycode 61, got "/?  "
6193 wine_trace 00e8:trace:keyboard:X11DRV_KEYBOARD_DetectLayout matches=28, mismatches=19, seq=25, score=18
6193 wine_trace 00e8:trace:keyboard:X11DRV_KEYBOARD_DetectLayout Attempting to match against "Swiss French keyboard layout"
6193 wine_trace 00e8:trace:key:X11DRV_KEYBOARD_DetectLayout mismatch for keycode 10, got "1!  "
6193 wine_trace 00e8:trace:key:X11DRV_KEYBOARD_DetectLayout mismatch for keycode 11, got "2@  "
6193 wine_trace 00e8:trace:key:X11DRV_KEYBOARD_DetectLayout mismatch for keycode 12, got "3#  "
6194 wine_trace 00e8:trace:key:X11DRV_KEYBOARD_DetectLayout mismatch for keycode 13, got "4$  "
6194 wine_trace 00e8:trace:key:X11DRV_KEYBOARD_DetectLayout mismatch for keycode 15, got "6^  "
6194 wine_trace 00e8:trace:key:X11DRV_KEYBOARD_DetectLayout mismatch for keycode 16, got "7&  "
6194 wine_trace 00e8:trace:key:X11DRV_KEYBOARD_DetectLayout mismatch for keycode 17, got "8*  "
6194 wine_trace 00e8:trace:key:X11DRV_KEYBOARD_DetectLayout mismatch for keycode 18, got "9(  "
6194 wine_trace 00e8:trace:key:X11DRV_KEYBOARD_DetectLayout mismatch for keycode 19, got "0)  "
6194 wine_trace 00e8:trace:key:X11DRV_KEYBOARD_DetectLayout mismatch for keycode 21, got "=+  "
6194 wine_trace 00e8:trace:key:X11DRV_KEYBOARD_DetectLayout mismatch for keycode 34, got "[{  "
6194 wine_trace 00e8:trace:key:X11DRV_KEYBOARD_DetectLayout mismatch for keycode 35, got "]}  "
6194 wine_trace 00e8:trace:key:X11DRV_KEYBOARD_DetectLayout mismatch for keycode 47, got ";:  "
6194 wine_trace 00e8:trace:key:X11DRV_KEYBOARD_DetectLayout mismatch for keycode 48, got "'\"  "
6194 wine_trace 00e8:trace:key:X11DRV_KEYBOARD_DetectLayout mismatch for keycode 49, got "`~  "
6195 wine_trace 00e8:trace:key:X11DRV_KEYBOARD_DetectLayout mismatch for keycode 51, got "\\|  "
6195 wine_trace 00e8:trace:key:X11DRV_KEYBOARD_DetectLayout mismatch for keycode 59, got ",<  "
6195 wine_trace 00e8:trace:key:X11DRV_KEYBOARD_DetectLayout mismatch for keycode 60, got ".>  "
6195 wine_trace 00e8:trace:key:X11DRV_KEYBOARD_DetectLayout mismatch for keycode 61, got "/?  "
6195 wine_trace 00e8:trace:keyboard:X11DRV_KEYBOARD_DetectLayout matches=28, mismatches=19, seq=25, score=18
6195 wine_trace 00e8:trace:keyboard:X11DRV_KEYBOARD_DetectLayout Attempting to match against "Swedish keyboard layout"
6195 wine_trace 00e8:trace:key:X11DRV_KEYBOARD_DetectLayout mismatch for keycode 11, got "2@  "
6195 wine_trace 00e8:trace:key:X11DRV_KEYBOARD_DetectLayout mismatch for keycode 13, got "4$  "
6195 wine_trace 00e8:trace:key:X11DRV_KEYBOARD_DetectLayout mismatch for keycode 15, got "6^  "
6195 wine_trace 00e8:trace:key:X11DRV_KEYBOARD_DetectLayout mismatch for keycode 16, got "7&  "
6195 wine_trace 00e8:trace:key:X11DRV_KEYBOARD_DetectLayout mismatch for keycode 17, got "8*  "
6196 wine_trace 00e8:trace:key:X11DRV_KEYBOARD_DetectLayout mismatch for keycode 18, got "9(  "
6196 wine_trace 00e8:trace:key:X11DRV_KEYBOARD_DetectLayout mismatch for keycode 19, got "0)  "
6196 wine_trace 00e8:trace:key:X11DRV_KEYBOARD_DetectLayout mismatch for keycode 21, got "=+  "
6196 wine_trace 00e8:trace:key:X11DRV_KEYBOARD_DetectLayout mismatch for keycode 34, got "[{  "
6196 wine_trace 00e8:trace:key:X11DRV_KEYBOARD_DetectLayout mismatch for keycode 35, got "]}  "
6196 wine_trace 00e8:trace:key:X11DRV_KEYBOARD_DetectLayout mismatch for keycode 47, got ";:  "
6196 wine_trace 00e8:trace:key:X11DRV_KEYBOARD_DetectLayout mismatch for keycode 48, got "'\"  "
6196 wine_trace 00e8:trace:key:X11DRV_KEYBOARD_DetectLayout mismatch for keycode 49, got "`~  "
6196 wine_trace 00e8:trace:key:X11DRV_KEYBOARD_DetectLayout mismatch for keycode 51, got "\\|  "
6196 wine_trace 00e8:trace:key:X11DRV_KEYBOARD_DetectLayout mismatch for keycode 59, got ",<  "
6196 wine_trace 00e8:trace:key:X11DRV_KEYBOARD_DetectLayout mismatch for keycode 60, got ".>  "
6196 wine_trace 00e8:trace:key:X11DRV_KEYBOARD_DetectLayout mismatch for keycode 61, got "/?  "
6197 wine_trace 00e8:trace:keyboard:X11DRV_KEYBOARD_DetectLayout matches=30, mismatches=17, seq=29, score=26
6197 wine_trace 00e8:trace:keyboard:X11DRV_KEYBOARD_DetectLayout Attempting to match against "Estonian keyboard layout"
6197 wine_trace 00e8:trace:key:X11DRV_KEYBOARD_DetectLayout mismatch for keycode 11, got "2@  "
6197 wine_trace 00e8:trace:key:X11DRV_KEYBOARD_DetectLayout mismatch for keycode 13, got "4$  "
6197 wine_trace 00e8:trace:key:X11DRV_KEYBOARD_DetectLayout mismatch for keycode 15, got "6^  "
6197 wine_trace 00e8:trace:key:X11DRV_KEYBOARD_DetectLayout mismatch for keycode 16, got "7&  "
6197 wine_trace 00e8:trace:key:X11DRV_KEYBOARD_DetectLayout mismatch for keycode 17, got "8*  "
6197 wine_trace 00e8:trace:key:X11DRV_KEYBOARD_DetectLayout mismatch for keycode 18, got "9(  "
6197 wine_trace 00e8:trace:key:X11DRV_KEYBOARD_DetectLayout mismatch for keycode 19, got "0)  "
6197 wine_trace 00e8:trace:key:X11DRV_KEYBOARD_DetectLayout mismatch for keycode 21, got "=+  "
6197 wine_trace 00e8:trace:key:X11DRV_KEYBOARD_DetectLayout mismatch for keycode 34, got "[{  "
6197 wine_trace 00e8:trace:key:X11DRV_KEYBOARD_DetectLayout mismatch for keycode 35, got "]}  "
6197 wine_trace 00e8:trace:key:X11DRV_KEYBOARD_DetectLayout mismatch for keycode 47, got ";:  "
6198 wine_trace 00e8:trace:key:X11DRV_KEYBOARD_DetectLayout mismatch for keycode 48, got "'\"  "
6198 wine_trace 00e8:trace:key:X11DRV_KEYBOARD_DetectLayout mismatch for keycode 49, got "`~  "
6198 wine_trace 00e8:trace:key:X11DRV_KEYBOARD_DetectLayout mismatch for keycode 51, got "\\|  "
6198 wine_trace 00e8:trace:key:X11DRV_KEYBOARD_DetectLayout mismatch for keycode 59, got ",<  "
6198 wine_trace 00e8:trace:key:X11DRV_KEYBOARD_DetectLayout mismatch for keycode 60, got ".>  "
6198 wine_trace 00e8:trace:key:X11DRV_KEYBOARD_DetectLayout mismatch for keycode 61, got "/?  "
6198 wine_trace 00e8:trace:keyboard:X11DRV_KEYBOARD_DetectLayout matches=30, mismatches=17, seq=29, score=26
6198 wine_trace 00e8:trace:keyboard:X11DRV_KEYBOARD_DetectLayout Attempting to match against "Norwegian keyboard layout"
6198 wine_trace 00e8:trace:key:X11DRV_KEYBOARD_DetectLayout mismatch for keycode 11, got "2@  "
6198 wine_trace 00e8:trace:key:X11DRV_KEYBOARD_DetectLayout mismatch for keycode 13, got "4$  "
6198 wine_trace 00e8:trace:key:X11DRV_KEYBOARD_DetectLayout mismatch for keycode 15, got "6^  "
6198 wine_trace 00e8:trace:key:X11DRV_KEYBOARD_DetectLayout mismatch for keycode 16, got "7&  "
6198 wine_trace 00e8:trace:key:X11DRV_KEYBOARD_DetectLayout mismatch for keycode 17, got "8*  "
6198 wine_trace 00e8:trace:key:X11DRV_KEYBOARD_DetectLayout mismatch for keycode 18, got "9(  "
6199 wine_trace 00e8:trace:key:X11DRV_KEYBOARD_DetectLayout mismatch for keycode 19, got "0)  "
6199 wine_trace 00e8:trace:key:X11DRV_KEYBOARD_DetectLayout mismatch for keycode 21, got "=+  "
6199 wine_trace 00e8:trace:key:X11DRV_KEYBOARD_DetectLayout mismatch for keycode 34, got "[{  "
6199 wine_trace 00e8:trace:key:X11DRV_KEYBOARD_DetectLayout mismatch for keycode 35, got "]}  "
6199 wine_trace 00e8:trace:key:X11DRV_KEYBOARD_DetectLayout mismatch for keycode 47, got ";:  "
6199 wine_trace 00e8:trace:key:X11DRV_KEYBOARD_DetectLayout mismatch for keycode 48, got "'\"  "
6199 wine_trace 00e8:trace:key:X11DRV_KEYBOARD_DetectLayout mismatch for keycode 49, got "`~  "
6199 wine_trace 00e8:trace:key:X11DRV_KEYBOARD_DetectLayout mismatch for keycode 51, got "\\|  "
6199 wine_trace 00e8:trace:key:X11DRV_KEYBOARD_DetectLayout mismatch for keycode 59, got ",<  "
6199 wine_trace 00e8:trace:key:X11DRV_KEYBOARD_DetectLayout mismatch for keycode 60, got ".>  "
6199 wine_trace 00e8:trace:key:X11DRV_KEYBOARD_DetectLayout mismatch for keycode 61, got "/?  "
6199 wine_trace 00e8:trace:keyboard:X11DRV_KEYBOARD_DetectLayout matches=30, mismatches=17, seq=29, score=26
6200 wine_trace 00e8:trace:keyboard:X11DRV_KEYBOARD_DetectLayout Attempting to match against "Danish keyboard layout"
6200 wine_trace 00e8:trace:key:X11DRV_KEYBOARD_DetectLayout mismatch for keycode 11, got "2@  "
6200 wine_trace 00e8:trace:key:X11DRV_KEYBOARD_DetectLayout mismatch for keycode 13, got "4$  "
6200 wine_trace 00e8:trace:key:X11DRV_KEYBOARD_DetectLayout mismatch for keycode 15, got "6^  "
6200 wine_trace 00e8:trace:key:X11DRV_KEYBOARD_DetectLayout mismatch for keycode 16, got "7&  "
6200 wine_trace 00e8:trace:key:X11DRV_KEYBOARD_DetectLayout mismatch for keycode 17, got "8*  "
6200 wine_trace 00e8:trace:key:X11DRV_KEYBOARD_DetectLayout mismatch for keycode 18, got "9(  "
6200 wine_trace 00e8:trace:key:X11DRV_KEYBOARD_DetectLayout mismatch for keycode 19, got "0)  "
6200 wine_trace 00e8:trace:key:X11DRV_KEYBOARD_DetectLayout mismatch for keycode 21, got "=+  "
6200 wine_trace 00e8:trace:key:X11DRV_KEYBOARD_DetectLayout mismatch for keycode 34, got "[{  "
6200 wine_trace 00e8:trace:key:X11DRV_KEYBOARD_DetectLayout mismatch for keycode 35, got "]}  "
6200 wine_trace 00e8:trace:key:X11DRV_KEYBOARD_DetectLayout mismatch for keycode 47, got ";:  "
6200 wine_trace 00e8:trace:key:X11DRV_KEYBOARD_DetectLayout mismatch for keycode 48, got "'\"  "
6200 wine_trace 00e8:trace:key:X11DRV_KEYBOARD_DetectLayout mismatch for keycode 49, got "`~  "
6201 wine_trace 00e8:trace:key:X11DRV_KEYBOARD_DetectLayout mismatch for keycode 51, got "\\|  "
6201 wine_trace 00e8:trace:key:X11DRV_KEYBOARD_DetectLayout mismatch for keycode 59, got ",<  "
6201 wine_trace 00e8:trace:key:X11DRV_KEYBOARD_DetectLayout mismatch for keycode 60, got ".>  "
6201 wine_trace 00e8:trace:key:X11DRV_KEYBOARD_DetectLayout mismatch for keycode 61, got "/?  "
6201 wine_trace 00e8:trace:keyboard:X11DRV_KEYBOARD_DetectLayout matches=30, mismatches=17, seq=29, score=26
6201 wine_trace 00e8:trace:keyboard:X11DRV_KEYBOARD_DetectLayout Attempting to match against "French keyboard layout"
6201 wine_trace 00e8:trace:key:X11DRV_KEYBOARD_DetectLayout mismatch for keycode 10, got "1!  "
6201 wine_trace 00e8:trace:key:X11DRV_KEYBOARD_DetectLayout mismatch for keycode 11, got "2@  "
6201 wine_trace 00e8:trace:key:X11DRV_KEYBOARD_DetectLayout mismatch for keycode 12, got "3#  "
6201 wine_trace 00e8:trace:key:X11DRV_KEYBOARD_DetectLayout mismatch for keycode 13, got "4$  "
6201 wine_trace 00e8:trace:key:X11DRV_KEYBOARD_DetectLayout mismatch for keycode 14, got "5%  "
6201 wine_trace 00e8:trace:key:X11DRV_KEYBOARD_DetectLayout mismatch for keycode 15, got "6^  "
6201 wine_trace 00e8:trace:key:X11DRV_KEYBOARD_DetectLayout mismatch for keycode 16, got "7&  "
6202 wine_trace 00e8:trace:key:X11DRV_KEYBOARD_DetectLayout mismatch for keycode 17, got "8*  "
6202 wine_trace 00e8:trace:key:X11DRV_KEYBOARD_DetectLayout mismatch for keycode 18, got "9(  "
6202 wine_trace 00e8:trace:key:X11DRV_KEYBOARD_DetectLayout mismatch for keycode 19, got "0)  "
6202 wine_trace 00e8:trace:key:X11DRV_KEYBOARD_DetectLayout mismatch for keycode 20, got "-_  "
6202 wine_trace 00e8:trace:key:X11DRV_KEYBOARD_DetectLayout mismatch for keycode 34, got "[{  "
6202 wine_trace 00e8:trace:key:X11DRV_KEYBOARD_DetectLayout mismatch for keycode 35, got "]}  "
6202 wine_trace 00e8:trace:key:X11DRV_KEYBOARD_DetectLayout mismatch for keycode 47, got ";:  "
6202 wine_trace 00e8:trace:key:X11DRV_KEYBOARD_DetectLayout mismatch for keycode 48, got "'\"  "
6202 wine_trace 00e8:trace:key:X11DRV_KEYBOARD_DetectLayout mismatch for keycode 49, got "`~  "
6202 wine_trace 00e8:trace:key:X11DRV_KEYBOARD_DetectLayout mismatch for keycode 51, got "\\|  "
6202 wine_trace 00e8:trace:key:X11DRV_KEYBOARD_DetectLayout mismatch for keycode 59, got ",<  "
6202 wine_trace 00e8:trace:key:X11DRV_KEYBOARD_DetectLayout mismatch for keycode 60, got ".>  "
6203 wine_trace 00e8:trace:key:X11DRV_KEYBOARD_DetectLayout mismatch for keycode 61, got "/?  "
6204 wine_trace 00e8:trace:keyboard:X11DRV_KEYBOARD_DetectLayout matches=27, mismatches=20, seq=23, score=14
6204 wine_trace 00e8:trace:keyboard:X11DRV_KEYBOARD_DetectLayout Attempting to match against "Canadian French keyboard layout"
6204 wine_trace 00e8:trace:key:X11DRV_KEYBOARD_DetectLayout mismatch for keycode 11, got "2@  "
6204 wine_trace 00e8:trace:key:X11DRV_KEYBOARD_DetectLayout mismatch for keycode 12, got "3#  "
6204 wine_trace 00e8:trace:key:X11DRV_KEYBOARD_DetectLayout mismatch for keycode 15, got "6^  "
6204 wine_trace 00e8:trace:key:X11DRV_KEYBOARD_DetectLayout mismatch for keycode 34, got "[{  "
6204 wine_trace 00e8:trace:key:X11DRV_KEYBOARD_DetectLayout mismatch for keycode 35, got "]}  "
6204 wine_trace 00e8:trace:key:X11DRV_KEYBOARD_DetectLayout mismatch for keycode 48, got "'\"  "
6204 wine_trace 00e8:trace:key:X11DRV_KEYBOARD_DetectLayout mismatch for keycode 49, got "`~  "
6204 wine_trace 00e8:trace:key:X11DRV_KEYBOARD_DetectLayout mismatch for keycode 51, got "\\|  "
6205 wine_trace 00e8:trace:key:X11DRV_KEYBOARD_DetectLayout mismatch for keycode 59, got ",<  "
6205 wine_trace 00e8:trace:key:X11DRV_KEYBOARD_DetectLayout mismatch for keycode 61, got "/?  "
6205 wine_trace 00e8:trace:keyboard:X11DRV_KEYBOARD_DetectLayout matches=37, mismatches=10, seq=37, score=53
6205 wine_trace 00e8:trace:keyboard:X11DRV_KEYBOARD_DetectLayout Attempting to match against "Canadian French keyboard layout (CA_fr)"
6205 wine_trace 00e8:trace:key:X11DRV_KEYBOARD_DetectLayout mismatch for keycode 11, got "2@  "
6205 wine_trace 00e8:trace:key:X11DRV_KEYBOARD_DetectLayout mismatch for keycode 12, got "3#  "
6205 wine_trace 00e8:trace:key:X11DRV_KEYBOARD_DetectLayout mismatch for keycode 15, got "6^  "
6205 wine_trace 00e8:trace:key:X11DRV_KEYBOARD_DetectLayout mismatch for keycode 34, got "[{  "
6205 wine_trace 00e8:trace:key:X11DRV_KEYBOARD_DetectLayout mismatch for keycode 35, got "]}  "
6205 wine_trace 00e8:trace:key:X11DRV_KEYBOARD_DetectLayout mismatch for keycode 48, got "'\"  "
6205 wine_trace 00e8:trace:key:X11DRV_KEYBOARD_DetectLayout mismatch for keycode 49, got "`~  "
6205 wine_trace 00e8:trace:key:X11DRV_KEYBOARD_DetectLayout mismatch for keycode 51, got "\\|  "
6206 wine_trace 00e8:trace:key:X11DRV_KEYBOARD_DetectLayout mismatch for keycode 59, got ",<  "
6206 wine_trace 00e8:trace:key:X11DRV_KEYBOARD_DetectLayout mismatch for keycode 61, got "/?  "
6206 wine_trace 00e8:trace:keyboard:X11DRV_KEYBOARD_DetectLayout matches=37, mismatches=10, seq=37, score=53
6206 wine_trace 00e8:trace:keyboard:X11DRV_KEYBOARD_DetectLayout Attempting to match against "Canadian keyboard layout"
6206 wine_trace 00e8:trace:key:X11DRV_KEYBOARD_DetectLayout mismatch for keycode 15, got "6^  "
6206 wine_trace 00e8:trace:key:X11DRV_KEYBOARD_DetectLayout mismatch for keycode 34, got "[{  "
6206 wine_trace 00e8:trace:key:X11DRV_KEYBOARD_DetectLayout mismatch for keycode 35, got "]}  "
6206 wine_trace 00e8:trace:key:X11DRV_KEYBOARD_DetectLayout mismatch for keycode 48, got "'\"  "
6206 wine_trace 00e8:trace:key:X11DRV_KEYBOARD_DetectLayout mismatch for keycode 49, got "`~  "
6206 wine_trace 00e8:trace:key:X11DRV_KEYBOARD_DetectLayout mismatch for keycode 51, got "\\|  "
6206 wine_trace 00e8:trace:key:X11DRV_KEYBOARD_DetectLayout mismatch for keycode 59, got ",<  "
6206 wine_trace 00e8:trace:key:X11DRV_KEYBOARD_DetectLayout mismatch for keycode 60, got ".>  "
6206 wine_trace 00e8:trace:key:X11DRV_KEYBOARD_DetectLayout mismatch for keycode 61, got "/?  "
6207 wine_trace 00e8:trace:keyboard:X11DRV_KEYBOARD_DetectLayout matches=38, mismatches=9, seq=38, score=58
6207 wine_trace 00e8:trace:keyboard:X11DRV_KEYBOARD_DetectLayout Attempting to match against "Belgian keyboard layout"
6207 wine_trace 00e8:trace:key:X11DRV_KEYBOARD_DetectLayout mismatch for keycode 10, got "1!  "
6207 wine_trace 00e8:trace:key:X11DRV_KEYBOARD_DetectLayout mismatch for keycode 11, got "2@  "
6207 wine_trace 00e8:trace:key:X11DRV_KEYBOARD_DetectLayout mismatch for keycode 12, got "3#  "
6207 wine_trace 00e8:trace:key:X11DRV_KEYBOARD_DetectLayout mismatch for keycode 13, got "4$  "
6207 wine_trace 00e8:trace:key:X11DRV_KEYBOARD_DetectLayout mismatch for keycode 14, got "5%  "
6207 wine_trace 00e8:trace:key:X11DRV_KEYBOARD_DetectLayout mismatch for keycode 15, got "6^  "
6207 wine_trace 00e8:trace:key:X11DRV_KEYBOARD_DetectLayout mismatch for keycode 16, got "7&  "
6207 wine_trace 00e8:trace:key:X11DRV_KEYBOARD_DetectLayout mismatch for keycode 17, got "8*  "
6207 wine_trace 00e8:trace:key:X11DRV_KEYBOARD_DetectLayout mismatch for keycode 18, got "9(  "
6207 wine_trace 00e8:trace:key:X11DRV_KEYBOARD_DetectLayout mismatch for keycode 19, got "0)  "
6208 wine_trace 00e8:trace:key:X11DRV_KEYBOARD_DetectLayout mismatch for keycode 34, got "[{  "
6208 wine_trace 00e8:trace:key:X11DRV_KEYBOARD_DetectLayout mismatch for keycode 35, got "]}  "
6208 wine_trace 00e8:trace:key:X11DRV_KEYBOARD_DetectLayout mismatch for keycode 47, got ";:  "
6208 wine_trace 00e8:trace:key:X11DRV_KEYBOARD_DetectLayout mismatch for keycode 48, got "'\"  "
6208 wine_trace 00e8:trace:key:X11DRV_KEYBOARD_DetectLayout mismatch for keycode 49, got "`~  "
6208 wine_trace 00e8:trace:key:X11DRV_KEYBOARD_DetectLayout mismatch for keycode 51, got "\\|  "
6208 wine_trace 00e8:trace:key:X11DRV_KEYBOARD_DetectLayout mismatch for keycode 59, got ",<  "
6208 wine_trace 00e8:trace:key:X11DRV_KEYBOARD_DetectLayout mismatch for keycode 60, got ".>  "
6208 wine_trace 00e8:trace:key:X11DRV_KEYBOARD_DetectLayout mismatch for keycode 61, got "/?  "
6208 wine_trace 00e8:trace:keyboard:X11DRV_KEYBOARD_DetectLayout matches=28, mismatches=19, seq=23, score=18
6208 wine_trace 00e8:trace:keyboard:X11DRV_KEYBOARD_DetectLayout Attempting to match against "Portuguese keyboard layout"
6208 wine_trace 00e8:trace:key:X11DRV_KEYBOARD_DetectLayout mismatch for keycode 11, got "2@  "
6208 wine_trace 00e8:trace:key:X11DRV_KEYBOARD_DetectLayout mismatch for keycode 15, got "6^  "
6209 wine_trace 00e8:trace:key:X11DRV_KEYBOARD_DetectLayout mismatch for keycode 16, got "7&  "
6209 wine_trace 00e8:trace:key:X11DRV_KEYBOARD_DetectLayout mismatch for keycode 17, got "8*  "
6209 wine_trace 00e8:trace:key:X11DRV_KEYBOARD_DetectLayout mismatch for keycode 18, got "9(  "
6209 wine_trace 00e8:trace:key:X11DRV_KEYBOARD_DetectLayout mismatch for keycode 19, got "0)  "
6209 wine_trace 00e8:trace:key:X11DRV_KEYBOARD_DetectLayout mismatch for keycode 21, got "=+  "
6209 wine_trace 00e8:trace:key:X11DRV_KEYBOARD_DetectLayout mismatch for keycode 34, got "[{  "
6209 wine_trace 00e8:trace:key:X11DRV_KEYBOARD_DetectLayout mismatch for keycode 35, got "]}  "
6209 wine_trace 00e8:trace:key:X11DRV_KEYBOARD_DetectLayout mismatch for keycode 47, got ";:  "
6209 wine_trace 00e8:trace:key:X11DRV_KEYBOARD_DetectLayout mismatch for keycode 48, got "'\"  "
6209 wine_trace 00e8:trace:key:X11DRV_KEYBOARD_DetectLayout mismatch for keycode 49, got "`~  "
6209 wine_trace 00e8:trace:key:X11DRV_KEYBOARD_DetectLayout mismatch for keycode 59, got ",<  "
6209 wine_trace 00e8:trace:key:X11DRV_KEYBOARD_DetectLayout mismatch for keycode 60, got ".>  "
6209 wine_trace 00e8:trace:key:X11DRV_KEYBOARD_DetectLayout mismatch for keycode 61, got "/?  "
6210 wine_trace 00e8:trace:keyboard:X11DRV_KEYBOARD_DetectLayout matches=32, mismatches=15, seq=30, score=34
6210 wine_trace 00e8:trace:keyboard:X11DRV_KEYBOARD_DetectLayout Attempting to match against "Brazilian ABNT-2 keyboard layout"
6210 wine_trace 00e8:trace:key:X11DRV_KEYBOARD_DetectLayout mismatch for keycode 15, got "6^  "
6210 wine_trace 00e8:trace:key:X11DRV_KEYBOARD_DetectLayout mismatch for keycode 49, got "`~  "
6210 wine_trace 00e8:trace:keyboard:X11DRV_KEYBOARD_DetectLayout matches=45, mismatches=2, seq=43, score=86
6210 wine_trace 00e8:trace:keyboard:X11DRV_KEYBOARD_DetectLayout Attempting to match against "Brazilian ABNT-2 keyboard layout ALT GR"
6210 wine_trace 00e8:trace:key:X11DRV_KEYBOARD_DetectLayout mismatch for keycode 15, got "6^  "
6210 wine_trace 00e8:trace:key:X11DRV_KEYBOARD_DetectLayout mismatch for keycode 49, got "`~  "
6210 wine_trace 00e8:trace:keyboard:X11DRV_KEYBOARD_DetectLayout matches=45, mismatches=2, seq=43, score=86
6210 wine_trace 00e8:trace:keyboard:X11DRV_KEYBOARD_DetectLayout Attempting to match against "Finnish keyboard layout"
6210 wine_trace 00e8:trace:key:X11DRV_KEYBOARD_DetectLayout mismatch for keycode 11, got "2@  "
6210 wine_trace 00e8:trace:key:X11DRV_KEYBOARD_DetectLayout mismatch for keycode 13, got "4$  "
6211 wine_trace 00e8:trace:key:X11DRV_KEYBOARD_DetectLayout mismatch for keycode 15, got "6^  "
6211 wine_trace 00e8:trace:key:X11DRV_KEYBOARD_DetectLayout mismatch for keycode 16, got "7&  "
6211 wine_trace 00e8:trace:key:X11DRV_KEYBOARD_DetectLayout mismatch for keycode 17, got "8*  "
6211 wine_trace 00e8:trace:key:X11DRV_KEYBOARD_DetectLayout mismatch for keycode 18, got "9(  "
6211 wine_trace 00e8:trace:key:X11DRV_KEYBOARD_DetectLayout mismatch for keycode 19, got "0)  "
6211 wine_trace 00e8:trace:key:X11DRV_KEYBOARD_DetectLayout mismatch for keycode 21, got "=+  "
6211 wine_trace 00e8:trace:key:X11DRV_KEYBOARD_DetectLayout mismatch for keycode 34, got "[{  "
6211 wine_trace 00e8:trace:key:X11DRV_KEYBOARD_DetectLayout mismatch for keycode 35, got "]}  "
6211 wine_trace 00e8:trace:key:X11DRV_KEYBOARD_DetectLayout mismatch for keycode 47, got ";:  "
6211 wine_trace 00e8:trace:key:X11DRV_KEYBOARD_DetectLayout mismatch for keycode 48, got "'\"  "
6211 wine_trace 00e8:trace:key:X11DRV_KEYBOARD_DetectLayout mismatch for keycode 49, got "`~  "
6211 wine_trace 00e8:trace:key:X11DRV_KEYBOARD_DetectLayout mismatch for keycode 51, got "\\|  "
6212 wine_trace 00e8:trace:key:X11DRV_KEYBOARD_DetectLayout mismatch for keycode 59, got ",<  "
6212 wine_trace 00e8:trace:key:X11DRV_KEYBOARD_DetectLayout mismatch for keycode 60, got ".>  "
6212 wine_trace 00e8:trace:key:X11DRV_KEYBOARD_DetectLayout mismatch for keycode 61, got "/?  "
6212 wine_trace 00e8:trace:keyboard:X11DRV_KEYBOARD_DetectLayout matches=30, mismatches=17, seq=29, score=26
6212 wine_trace 00e8:trace:keyboard:X11DRV_KEYBOARD_DetectLayout Attempting to match against "Bulgarian bds keyboard layout"
6212 wine_trace 00e8:trace:keyboard:X11DRV_KEYBOARD_DetectLayout matches=47, mismatches=0, seq=46, score=94
6212 wine_trace 00e8:trace:keyboard:X11DRV_KEYBOARD_DetectLayout Attempting to match against "Bulgarian phonetic keyboard layout"
6212 wine_trace 00e8:trace:keyboard:X11DRV_KEYBOARD_DetectLayout matches=47, mismatches=0, seq=46, score=94
6212 wine_trace 00e8:trace:keyboard:X11DRV_KEYBOARD_DetectLayout Attempting to match against "Belarusian keyboard layout"
6212 wine_trace 00e8:trace:keyboard:X11DRV_KEYBOARD_DetectLayout matches=47, mismatches=0, seq=46, score=94
6212 wine_trace 00e8:trace:keyboard:X11DRV_KEYBOARD_DetectLayout Attempting to match against "Russian keyboard layout"
6212 wine_trace 00e8:trace:keyboard:X11DRV_KEYBOARD_DetectLayout matches=47, mismatches=0, seq=46, score=94
6213 wine_trace 00e8:trace:keyboard:X11DRV_KEYBOARD_DetectLayout Attempting to match against "Russian keyboard layout (phantom key version)"
6213 wine_trace 00e8:trace:keyboard:X11DRV_KEYBOARD_DetectLayout matches=47, mismatches=0, seq=46, score=94
6213 wine_trace 00e8:trace:keyboard:X11DRV_KEYBOARD_DetectLayout Attempting to match against "Russian keyboard layout KOI8-R"
6213 wine_trace 00e8:trace:key:X11DRV_KEYBOARD_DetectLayout mismatch for keycode 11, got "2@  "
6213 wine_trace 00e8:trace:key:X11DRV_KEYBOARD_DetectLayout mismatch for keycode 12, got "3#  "
6213 wine_trace 00e8:trace:key:X11DRV_KEYBOARD_DetectLayout mismatch for keycode 14, got "5%  "
6213 wine_trace 00e8:trace:key:X11DRV_KEYBOARD_DetectLayout mismatch for keycode 15, got "6^  "
6213 wine_trace 00e8:trace:key:X11DRV_KEYBOARD_DetectLayout mismatch for keycode 16, got "7&  "
6213 wine_trace 00e8:trace:key:X11DRV_KEYBOARD_DetectLayout mismatch for keycode 17, got "8*  "
6213 wine_trace 00e8:trace:key:X11DRV_KEYBOARD_DetectLayout mismatch for keycode 18, got "9(  "
6213 wine_trace 00e8:trace:key:X11DRV_KEYBOARD_DetectLayout mismatch for keycode 19, got "0)  "
6213 wine_trace 00e8:trace:key:X11DRV_KEYBOARD_DetectLayout mismatch for keycode 24, got "qQ  "
6213 wine_trace 00e8:trace:key:X11DRV_KEYBOARD_DetectLayout mismatch for keycode 25, got "wW  "
6214 wine_trace 00e8:trace:key:X11DRV_KEYBOARD_DetectLayout mismatch for keycode 26, got "eE  "
6214 wine_trace 00e8:trace:key:X11DRV_KEYBOARD_DetectLayout mismatch for keycode 27, got "rR  "
6214 wine_trace 00e8:trace:key:X11DRV_KEYBOARD_DetectLayout mismatch for keycode 28, got "tT  "
6214 wine_trace 00e8:trace:key:X11DRV_KEYBOARD_DetectLayout mismatch for keycode 29, got "yY  "
6214 wine_trace 00e8:trace:key:X11DRV_KEYBOARD_DetectLayout mismatch for keycode 30, got "uU  "
6214 wine_trace 00e8:trace:key:X11DRV_KEYBOARD_DetectLayout mismatch for keycode 31, got "iI  "
6214 wine_trace 00e8:trace:key:X11DRV_KEYBOARD_DetectLayout mismatch for keycode 32, got "oO  "
6214 wine_trace 00e8:trace:key:X11DRV_KEYBOARD_DetectLayout mismatch for keycode 33, got "pP  "
6214 wine_trace 00e8:trace:key:X11DRV_KEYBOARD_DetectLayout mismatch for keycode 34, got "[{  "
6214 wine_trace 00e8:trace:key:X11DRV_KEYBOARD_DetectLayout mismatch for keycode 35, got "]}  "
6214 wine_trace 00e8:trace:key:X11DRV_KEYBOARD_DetectLayout mismatch for keycode 38, got "aA  "
6214 wine_trace 00e8:trace:key:X11DRV_KEYBOARD_DetectLayout mismatch for keycode 39, got "sS  "
6214 wine_trace 00e8:trace:key:X11DRV_KEYBOARD_DetectLayout mismatch for keycode 40, got "dD  "
6215 wine_trace 00e8:trace:key:X11DRV_KEYBOARD_DetectLayout mismatch for keycode 41, got "fF  "
6215 wine_trace 00e8:trace:key:X11DRV_KEYBOARD_DetectLayout mismatch for keycode 42, got "gG  "
6215 wine_trace 00e8:trace:key:X11DRV_KEYBOARD_DetectLayout mismatch for keycode 43, got "hH  "
6215 wine_trace 00e8:trace:key:X11DRV_KEYBOARD_DetectLayout mismatch for keycode 44, got "jJ  "
6215 wine_trace 00e8:trace:key:X11DRV_KEYBOARD_DetectLayout mismatch for keycode 45, got "kK  "
6215 wine_trace 00e8:trace:key:X11DRV_KEYBOARD_DetectLayout mismatch for keycode 46, got "lL  "
6215 wine_trace 00e8:trace:key:X11DRV_KEYBOARD_DetectLayout mismatch for keycode 47, got ";:  "
6215 wine_trace 00e8:trace:key:X11DRV_KEYBOARD_DetectLayout mismatch for keycode 48, got "'\"  "
6215 wine_trace 00e8:trace:key:X11DRV_KEYBOARD_DetectLayout mismatch for keycode 49, got "`~  "
6215 wine_trace 00e8:trace:key:X11DRV_KEYBOARD_DetectLayout mismatch for keycode 52, got "zZ  "
6215 wine_trace 00e8:trace:key:X11DRV_KEYBOARD_DetectLayout mismatch for keycode 53, got "xX  "
6215 wine_trace 00e8:trace:key:X11DRV_KEYBOARD_DetectLayout mismatch for keycode 54, got "cC  "
6215 wine_trace 00e8:trace:key:X11DRV_KEYBOARD_DetectLayout mismatch for keycode 55, got "vV  "
6216 wine_trace 00e8:trace:key:X11DRV_KEYBOARD_DetectLayout mismatch for keycode 56, got "bB  "
6216 wine_trace 00e8:trace:key:X11DRV_KEYBOARD_DetectLayout mismatch for keycode 57, got "nN  "
6216 wine_trace 00e8:trace:key:X11DRV_KEYBOARD_DetectLayout mismatch for keycode 58, got "mM  "
6216 wine_trace 00e8:trace:key:X11DRV_KEYBOARD_DetectLayout mismatch for keycode 59, got ",<  "
6216 wine_trace 00e8:trace:key:X11DRV_KEYBOARD_DetectLayout mismatch for keycode 60, got ".>  "
6216 wine_trace 00e8:trace:keyboard:X11DRV_KEYBOARD_DetectLayout matches=6, mismatches=41, seq=6, score=-70
6216 wine_trace 00e8:trace:keyboard:X11DRV_KEYBOARD_DetectLayout Attempting to match against "Russian keyboard layout cp1251"
6216 wine_trace 00e8:trace:keyboard:X11DRV_KEYBOARD_DetectLayout matches=47, mismatches=0, seq=46, score=94
6216 wine_trace 00e8:trace:keyboard:X11DRV_KEYBOARD_DetectLayout Attempting to match against "Russian phonetic keyboard layout"
6216 wine_trace 00e8:trace:keyboard:X11DRV_KEYBOARD_DetectLayout matches=47, mismatches=0, seq=46, score=94
6216 wine_trace 00e8:trace:keyboard:X11DRV_KEYBOARD_DetectLayout Attempting to match against "Ukrainian keyboard layout KOI8-U"
6216 wine_trace 00e8:trace:keyboard:X11DRV_KEYBOARD_DetectLayout matches=47, mismatches=0, seq=46, score=94
6216 wine_trace 00e8:trace:keyboard:X11DRV_KEYBOARD_DetectLayout Attempting to match against "Ukrainian keyboard layout (standard)"
6217 wine_trace 00e8:trace:key:X11DRV_KEYBOARD_DetectLayout mismatch for keycode 11, got "2@  "
6217 wine_trace 00e8:trace:key:X11DRV_KEYBOARD_DetectLayout mismatch for keycode 12, got "3#  "
6217 wine_trace 00e8:trace:key:X11DRV_KEYBOARD_DetectLayout mismatch for keycode 13, got "4$  "
6217 wine_trace 00e8:trace:key:X11DRV_KEYBOARD_DetectLayout mismatch for keycode 15, got "6^  "
6217 wine_trace 00e8:trace:key:X11DRV_KEYBOARD_DetectLayout mismatch for keycode 16, got "7&  "
6217 wine_trace 00e8:trace:key:X11DRV_KEYBOARD_DetectLayout mismatch for keycode 24, got "qQ  "
6217 wine_trace 00e8:trace:key:X11DRV_KEYBOARD_DetectLayout mismatch for keycode 25, got "wW  "
6217 wine_trace 00e8:trace:key:X11DRV_KEYBOARD_DetectLayout mismatch for keycode 26, got "eE  "
6217 wine_trace 00e8:trace:key:X11DRV_KEYBOARD_DetectLayout mismatch for keycode 27, got "rR  "
6217 wine_trace 00e8:trace:key:X11DRV_KEYBOARD_DetectLayout mismatch for keycode 28, got "tT  "
6217 wine_trace 00e8:trace:key:X11DRV_KEYBOARD_DetectLayout mismatch for keycode 29, got "yY  "
6217 wine_trace 00e8:trace:key:X11DRV_KEYBOARD_DetectLayout mismatch for keycode 30, got "uU  "
6217 wine_trace 00e8:trace:key:X11DRV_KEYBOARD_DetectLayout mismatch for keycode 31, got "iI  "
6218 wine_trace 00e8:trace:key:X11DRV_KEYBOARD_DetectLayout mismatch for keycode 32, got "oO  "
6218 wine_trace 00e8:trace:key:X11DRV_KEYBOARD_DetectLayout mismatch for keycode 33, got "pP  "
6218 wine_trace 00e8:trace:key:X11DRV_KEYBOARD_DetectLayout mismatch for keycode 34, got "[{  "
6218 wine_trace 00e8:trace:key:X11DRV_KEYBOARD_DetectLayout mismatch for keycode 35, got "]}  "
6218 wine_trace 00e8:trace:key:X11DRV_KEYBOARD_DetectLayout mismatch for keycode 38, got "aA  "
6218 wine_trace 00e8:trace:key:X11DRV_KEYBOARD_DetectLayout mismatch for keycode 39, got "sS  "
6218 wine_trace 00e8:trace:key:X11DRV_KEYBOARD_DetectLayout mismatch for keycode 40, got "dD  "
6218 wine_trace 00e8:trace:key:X11DRV_KEYBOARD_DetectLayout mismatch for keycode 41, got "fF  "
6218 wine_trace 00e8:trace:key:X11DRV_KEYBOARD_DetectLayout mismatch for keycode 42, got "gG  "
6218 wine_trace 00e8:trace:key:X11DRV_KEYBOARD_DetectLayout mismatch for keycode 43, got "hH  "
6218 wine_trace 00e8:trace:key:X11DRV_KEYBOARD_DetectLayout mismatch for keycode 44, got "jJ  "
6218 wine_trace 00e8:trace:key:X11DRV_KEYBOARD_DetectLayout mismatch for keycode 45, got "kK  "
6218 wine_trace 00e8:trace:key:X11DRV_KEYBOARD_DetectLayout mismatch for keycode 46, got "lL  "
6219 wine_trace 00e8:trace:key:X11DRV_KEYBOARD_DetectLayout mismatch for keycode 47, got ";:  "
6219 wine_trace 00e8:trace:key:X11DRV_KEYBOARD_DetectLayout mismatch for keycode 48, got "'\"  "
6219 wine_trace 00e8:trace:key:X11DRV_KEYBOARD_DetectLayout mismatch for keycode 49, got "`~  "
6219 wine_trace 00e8:trace:key:X11DRV_KEYBOARD_DetectLayout mismatch for keycode 51, got "\\|  "
6219 wine_trace 00e8:trace:key:X11DRV_KEYBOARD_DetectLayout mismatch for keycode 52, got "zZ  "
6219 wine_trace 00e8:trace:key:X11DRV_KEYBOARD_DetectLayout mismatch for keycode 53, got "xX  "
6219 wine_trace 00e8:trace:key:X11DRV_KEYBOARD_DetectLayout mismatch for keycode 54, got "cC  "
6219 wine_trace 00e8:trace:key:X11DRV_KEYBOARD_DetectLayout mismatch for keycode 55, got "vV  "
6219 wine_trace 00e8:trace:key:X11DRV_KEYBOARD_DetectLayout mismatch for keycode 56, got "bB  "
6220 wine_trace 00e8:trace:key:X11DRV_KEYBOARD_DetectLayout mismatch for keycode 57, got "nN  "
6220 wine_trace 00e8:trace:key:X11DRV_KEYBOARD_DetectLayout mismatch for keycode 58, got "mM  "
6220 wine_trace 00e8:trace:key:X11DRV_KEYBOARD_DetectLayout mismatch for keycode 59, got ",<  "
6220 wine_trace 00e8:trace:key:X11DRV_KEYBOARD_DetectLayout mismatch for keycode 60, got ".>  "
6220 wine_trace 00e8:trace:key:X11DRV_KEYBOARD_DetectLayout mismatch for keycode 61, got "/?  "
6220 wine_trace 00e8:trace:keyboard:X11DRV_KEYBOARD_DetectLayout matches=7, mismatches=40, seq=7, score=-66
6220 wine_trace 00e8:trace:keyboard:X11DRV_KEYBOARD_DetectLayout Attempting to match against "Russian keyboard layout (standard)"
6220 wine_trace 00e8:trace:key:X11DRV_KEYBOARD_DetectLayout mismatch for keycode 11, got "2@  "
6220 wine_trace 00e8:trace:key:X11DRV_KEYBOARD_DetectLayout mismatch for keycode 12, got "3#  "
6220 wine_trace 00e8:trace:key:X11DRV_KEYBOARD_DetectLayout mismatch for keycode 13, got "4$  "
6220 wine_trace 00e8:trace:key:X11DRV_KEYBOARD_DetectLayout mismatch for keycode 15, got "6^  "
6221 wine_trace 00e8:trace:key:X11DRV_KEYBOARD_DetectLayout mismatch for keycode 16, got "7&  "
6221 wine_trace 00e8:trace:key:X11DRV_KEYBOARD_DetectLayout mismatch for keycode 24, got "qQ  "
6222 wine_trace 00e8:trace:key:X11DRV_KEYBOARD_DetectLayout mismatch for keycode 25, got "wW  "
6223 wine_trace 00e8:trace:key:X11DRV_KEYBOARD_DetectLayout mismatch for keycode 26, got "eE  "
6223 wine_trace 00e8:trace:key:X11DRV_KEYBOARD_DetectLayout mismatch for keycode 27, got "rR  "
6224 wine_trace 00e8:trace:key:X11DRV_KEYBOARD_DetectLayout mismatch for keycode 28, got "tT  "
6224 wine_trace 00e8:trace:key:X11DRV_KEYBOARD_DetectLayout mismatch for keycode 29, got "yY  "
6224 wine_trace 00e8:trace:key:X11DRV_KEYBOARD_DetectLayout mismatch for keycode 30, got "uU  "
6224 wine_trace 00e8:trace:key:X11DRV_KEYBOARD_DetectLayout mismatch for keycode 31, got "iI  "
6224 wine_trace 00e8:trace:key:X11DRV_KEYBOARD_DetectLayout mismatch for keycode 32, got "oO  "
6224 wine_trace 00e8:trace:key:X11DRV_KEYBOARD_DetectLayout mismatch for keycode 33, got "pP  "
6224 wine_trace 00e8:trace:key:X11DRV_KEYBOARD_DetectLayout mismatch for keycode 34, got "[{  "
6224 wine_trace 00e8:trace:key:X11DRV_KEYBOARD_DetectLayout mismatch for keycode 35, got "]}  "
6224 wine_trace 00e8:trace:key:X11DRV_KEYBOARD_DetectLayout mismatch for keycode 38, got "aA  "
6224 wine_trace 00e8:trace:key:X11DRV_KEYBOARD_DetectLayout mismatch for keycode 39, got "sS  "
6224 wine_trace 00e8:trace:key:X11DRV_KEYBOARD_DetectLayout mismatch for keycode 40, got "dD  "
6224 wine_trace 00e8:trace:key:X11DRV_KEYBOARD_DetectLayout mismatch for keycode 41, got "fF  "
6225 wine_trace 00e8:trace:key:X11DRV_KEYBOARD_DetectLayout mismatch for keycode 42, got "gG  "
6225 wine_trace 00e8:trace:key:X11DRV_KEYBOARD_DetectLayout mismatch for keycode 43, got "hH  "
6225 wine_trace 00e8:trace:key:X11DRV_KEYBOARD_DetectLayout mismatch for keycode 44, got "jJ  "
6225 wine_trace 00e8:trace:key:X11DRV_KEYBOARD_DetectLayout mismatch for keycode 45, got "kK  "
6225 wine_trace 00e8:trace:key:X11DRV_KEYBOARD_DetectLayout mismatch for keycode 46, got "lL  "
6225 wine_trace 00e8:trace:key:X11DRV_KEYBOARD_DetectLayout mismatch for keycode 47, got ";:  "
6225 wine_trace 00e8:trace:key:X11DRV_KEYBOARD_DetectLayout mismatch for keycode 48, got "'\"  "
6225 wine_trace 00e8:trace:key:X11DRV_KEYBOARD_DetectLayout mismatch for keycode 49, got "`~  "
6225 wine_trace 00e8:trace:key:X11DRV_KEYBOARD_DetectLayout mismatch for keycode 51, got "\\|  "
6225 wine_trace 00e8:trace:key:X11DRV_KEYBOARD_DetectLayout mismatch for keycode 52, got "zZ  "
6225 wine_trace 00e8:trace:key:X11DRV_KEYBOARD_DetectLayout mismatch for keycode 53, got "xX  "
6225 wine_trace 00e8:trace:key:X11DRV_KEYBOARD_DetectLayout mismatch for keycode 54, got "cC  "
6225 wine_trace 00e8:trace:key:X11DRV_KEYBOARD_DetectLayout mismatch for keycode 55, got "vV  "
6225 wine_trace 00e8:trace:key:X11DRV_KEYBOARD_DetectLayout mismatch for keycode 56, got "bB  "
6226 wine_trace 00e8:trace:key:X11DRV_KEYBOARD_DetectLayout mismatch for keycode 57, got "nN  "
6226 wine_trace 00e8:trace:key:X11DRV_KEYBOARD_DetectLayout mismatch for keycode 58, got "mM  "
6226 wine_trace 00e8:trace:key:X11DRV_KEYBOARD_DetectLayout mismatch for keycode 59, got ",<  "
6226 wine_trace 00e8:trace:key:X11DRV_KEYBOARD_DetectLayout mismatch for keycode 60, got ".>  "
6226 wine_trace 00e8:trace:key:X11DRV_KEYBOARD_DetectLayout mismatch for keycode 61, got "/?  "
6226 wine_trace 00e8:trace:keyboard:X11DRV_KEYBOARD_DetectLayout matches=7, mismatches=40, seq=7, score=-66
6226 wine_trace 00e8:trace:keyboard:X11DRV_KEYBOARD_DetectLayout Attempting to match against "Spanish keyboard layout"
6226 wine_trace 00e8:trace:key:X11DRV_KEYBOARD_DetectLayout mismatch for keycode 11, got "2@  "
6226 wine_trace 00e8:trace:key:X11DRV_KEYBOARD_DetectLayout mismatch for keycode 12, got "3#  "
6226 wine_trace 00e8:trace:key:X11DRV_KEYBOARD_DetectLayout mismatch for keycode 15, got "6^  "
6226 wine_trace 00e8:trace:key:X11DRV_KEYBOARD_DetectLayout mismatch for keycode 16, got "7&  "
6226 wine_trace 00e8:trace:key:X11DRV_KEYBOARD_DetectLayout mismatch for keycode 17, got "8*  "
6226 wine_trace 00e8:trace:key:X11DRV_KEYBOARD_DetectLayout mismatch for keycode 18, got "9(  "
6227 wine_trace 00e8:trace:key:X11DRV_KEYBOARD_DetectLayout mismatch for keycode 19, got "0)  "
6227 wine_trace 00e8:trace:key:X11DRV_KEYBOARD_DetectLayout mismatch for keycode 21, got "=+  "
6227 wine_trace 00e8:trace:key:X11DRV_KEYBOARD_DetectLayout mismatch for keycode 34, got "[{  "
6227 wine_trace 00e8:trace:key:X11DRV_KEYBOARD_DetectLayout mismatch for keycode 35, got "]}  "
6227 wine_trace 00e8:trace:key:X11DRV_KEYBOARD_DetectLayout mismatch for keycode 47, got ";:  "
6227 wine_trace 00e8:trace:key:X11DRV_KEYBOARD_DetectLayout mismatch for keycode 48, got "'\"  "
6227 wine_trace 00e8:trace:key:X11DRV_KEYBOARD_DetectLayout mismatch for keycode 49, got "`~  "
6227 wine_trace 00e8:trace:key:X11DRV_KEYBOARD_DetectLayout mismatch for keycode 51, got "\\|  "
6227 wine_trace 00e8:trace:key:X11DRV_KEYBOARD_DetectLayout mismatch for keycode 59, got ",<  "
6227 wine_trace 00e8:trace:key:X11DRV_KEYBOARD_DetectLayout mismatch for keycode 60, got ".>  "
6227 wine_trace 00e8:trace:key:X11DRV_KEYBOARD_DetectLayout mismatch for keycode 61, got "/?  "
6227 wine_trace 00e8:trace:keyboard:X11DRV_KEYBOARD_DetectLayout matches=30, mismatches=17, seq=29, score=26
6227 wine_trace 00e8:trace:keyboard:X11DRV_KEYBOARD_DetectLayout Attempting to match against "Italian keyboard layout"
6228 wine_trace 00e8:trace:key:X11DRV_KEYBOARD_DetectLayout mismatch for keycode 11, got "2@  "
6228 wine_trace 00e8:trace:key:X11DRV_KEYBOARD_DetectLayout mismatch for keycode 12, got "3#  "
6228 wine_trace 00e8:trace:key:X11DRV_KEYBOARD_DetectLayout mismatch for keycode 15, got "6^  "
6228 wine_trace 00e8:trace:key:X11DRV_KEYBOARD_DetectLayout mismatch for keycode 16, got "7&  "
6228 wine_trace 00e8:trace:key:X11DRV_KEYBOARD_DetectLayout mismatch for keycode 17, got "8*  "
6228 wine_trace 00e8:trace:key:X11DRV_KEYBOARD_DetectLayout mismatch for keycode 18, got "9(  "
6228 wine_trace 00e8:trace:key:X11DRV_KEYBOARD_DetectLayout mismatch for keycode 19, got "0)  "
6228 wine_trace 00e8:trace:key:X11DRV_KEYBOARD_DetectLayout mismatch for keycode 21, got "=+  "
6228 wine_trace 00e8:trace:key:X11DRV_KEYBOARD_DetectLayout mismatch for keycode 34, got "[{  "
6228 wine_trace 00e8:trace:key:X11DRV_KEYBOARD_DetectLayout mismatch for keycode 35, got "]}  "
6228 wine_trace 00e8:trace:key:X11DRV_KEYBOARD_DetectLayout mismatch for keycode 47, got ";:  "
6228 wine_trace 00e8:trace:key:X11DRV_KEYBOARD_DetectLayout mismatch for keycode 48, got "'\"  "
6228 wine_trace 00e8:trace:key:X11DRV_KEYBOARD_DetectLayout mismatch for keycode 49, got "`~  "
6228 wine_trace 00e8:trace:key:X11DRV_KEYBOARD_DetectLayout mismatch for keycode 59, got ",<  "
6229 wine_trace 00e8:trace:key:X11DRV_KEYBOARD_DetectLayout mismatch for keycode 60, got ".>  "
6229 wine_trace 00e8:trace:key:X11DRV_KEYBOARD_DetectLayout mismatch for keycode 61, got "/?  "
6229 wine_trace 00e8:trace:keyboard:X11DRV_KEYBOARD_DetectLayout matches=31, mismatches=16, seq=29, score=30
6229 wine_trace 00e8:trace:keyboard:X11DRV_KEYBOARD_DetectLayout Attempting to match against "Icelandic keyboard layout"
6229 wine_trace 00e8:trace:key:X11DRV_KEYBOARD_DetectLayout mismatch for keycode 11, got "2@  "
6229 wine_trace 00e8:trace:key:X11DRV_KEYBOARD_DetectLayout mismatch for keycode 15, got "6^  "
6229 wine_trace 00e8:trace:key:X11DRV_KEYBOARD_DetectLayout mismatch for keycode 16, got "7&  "
6229 wine_trace 00e8:trace:key:X11DRV_KEYBOARD_DetectLayout mismatch for keycode 17, got "8*  "
6229 wine_trace 00e8:trace:key:X11DRV_KEYBOARD_DetectLayout mismatch for keycode 18, got "9(  "
6229 wine_trace 00e8:trace:key:X11DRV_KEYBOARD_DetectLayout mismatch for keycode 19, got "0)  "
6229 wine_trace 00e8:trace:key:X11DRV_KEYBOARD_DetectLayout mismatch for keycode 21, got "=+  "
6229 wine_trace 00e8:trace:key:X11DRV_KEYBOARD_DetectLayout mismatch for keycode 34, got "[{  "
6229 wine_trace 00e8:trace:key:X11DRV_KEYBOARD_DetectLayout mismatch for keycode 35, got "]}  "
6229 wine_trace 00e8:trace:key:X11DRV_KEYBOARD_DetectLayout mismatch for keycode 47, got ";:  "
6230 wine_trace 00e8:trace:key:X11DRV_KEYBOARD_DetectLayout mismatch for keycode 48, got "'\"  "
6230 wine_trace 00e8:trace:key:X11DRV_KEYBOARD_DetectLayout mismatch for keycode 49, got "`~  "
6230 wine_trace 00e8:trace:key:X11DRV_KEYBOARD_DetectLayout mismatch for keycode 51, got "\\|  "
6230 wine_trace 00e8:trace:key:X11DRV_KEYBOARD_DetectLayout mismatch for keycode 59, got ",<  "
6230 wine_trace 00e8:trace:key:X11DRV_KEYBOARD_DetectLayout mismatch for keycode 60, got ".>  "
6230 wine_trace 00e8:trace:key:X11DRV_KEYBOARD_DetectLayout mismatch for keycode 61, got "/?  "
6230 wine_trace 00e8:trace:keyboard:X11DRV_KEYBOARD_DetectLayout matches=31, mismatches=16, seq=31, score=30
6230 wine_trace 00e8:trace:keyboard:X11DRV_KEYBOARD_DetectLayout Attempting to match against "Hungarian keyboard layout"
6230 wine_trace 00e8:trace:key:X11DRV_KEYBOARD_DetectLayout mismatch for keycode 10, got "1!  "
6230 wine_trace 00e8:trace:key:X11DRV_KEYBOARD_DetectLayout mismatch for keycode 11, got "2@  "
6230 wine_trace 00e8:trace:key:X11DRV_KEYBOARD_DetectLayout mismatch for keycode 12, got "3#  "
6230 wine_trace 00e8:trace:key:X11DRV_KEYBOARD_DetectLayout mismatch for keycode 13, got "4$  "
6230 wine_trace 00e8:trace:key:X11DRV_KEYBOARD_DetectLayout mismatch for keycode 15, got "6^  "
6231 wine_trace 00e8:trace:key:X11DRV_KEYBOARD_DetectLayout mismatch for keycode 16, got "7&  "
6231 wine_trace 00e8:trace:key:X11DRV_KEYBOARD_DetectLayout mismatch for keycode 17, got "8*  "
6231 wine_trace 00e8:trace:key:X11DRV_KEYBOARD_DetectLayout mismatch for keycode 18, got "9(  "
6231 wine_trace 00e8:trace:key:X11DRV_KEYBOARD_DetectLayout mismatch for keycode 19, got "0)  "
6231 wine_trace 00e8:trace:key:X11DRV_KEYBOARD_DetectLayout mismatch for keycode 21, got "=+  "
6231 wine_trace 00e8:trace:key:X11DRV_KEYBOARD_DetectLayout mismatch for keycode 34, got "[{  "
6231 wine_trace 00e8:trace:key:X11DRV_KEYBOARD_DetectLayout mismatch for keycode 35, got "]}  "
6231 wine_trace 00e8:trace:key:X11DRV_KEYBOARD_DetectLayout mismatch for keycode 47, got ";:  "
6231 wine_trace 00e8:trace:key:X11DRV_KEYBOARD_DetectLayout mismatch for keycode 48, got "'\"  "
6231 wine_trace 00e8:trace:key:X11DRV_KEYBOARD_DetectLayout mismatch for keycode 49, got "`~  "
6231 wine_trace 00e8:trace:key:X11DRV_KEYBOARD_DetectLayout mismatch for keycode 51, got "\\|  "
6231 wine_trace 00e8:trace:key:X11DRV_KEYBOARD_DetectLayout mismatch for keycode 59, got ",<  "
6231 wine_trace 00e8:trace:key:X11DRV_KEYBOARD_DetectLayout mismatch for keycode 60, got ".>  "
6232 wine_trace 00e8:trace:key:X11DRV_KEYBOARD_DetectLayout mismatch for keycode 61, got "/?  "
6232 wine_trace 00e8:trace:keyboard:X11DRV_KEYBOARD_DetectLayout matches=28, mismatches=19, seq=25, score=18
6232 wine_trace 00e8:trace:keyboard:X11DRV_KEYBOARD_DetectLayout Attempting to match against "Polish (programmer's) keyboard layout"
6232 wine_trace 00e8:trace:keyboard:X11DRV_KEYBOARD_DetectLayout matches=47, mismatches=0, seq=46, score=94
6232 wine_trace 00e8:trace:keyboard:X11DRV_KEYBOARD_DetectLayout Attempting to match against "Slovenian keyboard layout"
6232 wine_trace 00e8:trace:key:X11DRV_KEYBOARD_DetectLayout mismatch for keycode 11, got "2@  "
6232 wine_trace 00e8:trace:key:X11DRV_KEYBOARD_DetectLayout mismatch for keycode 15, got "6^  "
6232 wine_trace 00e8:trace:key:X11DRV_KEYBOARD_DetectLayout mismatch for keycode 16, got "7&  "
6232 wine_trace 00e8:trace:key:X11DRV_KEYBOARD_DetectLayout mismatch for keycode 17, got "8*  "
6232 wine_trace 00e8:trace:key:X11DRV_KEYBOARD_DetectLayout mismatch for keycode 18, got "9(  "
6232 wine_trace 00e8:trace:key:X11DRV_KEYBOARD_DetectLayout mismatch for keycode 19, got "0)  "
6232 wine_trace 00e8:trace:key:X11DRV_KEYBOARD_DetectLayout mismatch for keycode 21, got "=+  "
6232 wine_trace 00e8:trace:key:X11DRV_KEYBOARD_DetectLayout mismatch for keycode 34, got "[{  "
6232 wine_trace 00e8:trace:key:X11DRV_KEYBOARD_DetectLayout mismatch for keycode 35, got "]}  "
6233 wine_trace 00e8:trace:key:X11DRV_KEYBOARD_DetectLayout mismatch for keycode 47, got ";:  "
6233 wine_trace 00e8:trace:key:X11DRV_KEYBOARD_DetectLayout mismatch for keycode 48, got "'\"  "
6233 wine_trace 00e8:trace:key:X11DRV_KEYBOARD_DetectLayout mismatch for keycode 49, got "`~  "
6233 wine_trace 00e8:trace:key:X11DRV_KEYBOARD_DetectLayout mismatch for keycode 51, got "\\|  "
6233 wine_trace 00e8:trace:key:X11DRV_KEYBOARD_DetectLayout mismatch for keycode 59, got ",<  "
6233 wine_trace 00e8:trace:key:X11DRV_KEYBOARD_DetectLayout mismatch for keycode 60, got ".>  "
6233 wine_trace 00e8:trace:key:X11DRV_KEYBOARD_DetectLayout mismatch for keycode 61, got "/?  "
6233 wine_trace 00e8:trace:keyboard:X11DRV_KEYBOARD_DetectLayout matches=31, mismatches=16, seq=28, score=30
6233 wine_trace 00e8:trace:keyboard:X11DRV_KEYBOARD_DetectLayout Attempting to match against "Serbian keyboard layout sr"
6233 wine_trace 00e8:trace:key:X11DRV_KEYBOARD_DetectLayout mismatch for keycode 11, got "2@  "
6233 wine_trace 00e8:trace:key:X11DRV_KEYBOARD_DetectLayout mismatch for keycode 15, got "6^  "
6233 wine_trace 00e8:trace:key:X11DRV_KEYBOARD_DetectLayout mismatch for keycode 16, got "7&  "
6233 wine_trace 00e8:trace:key:X11DRV_KEYBOARD_DetectLayout mismatch for keycode 17, got "8*  "
6234 wine_trace 00e8:trace:key:X11DRV_KEYBOARD_DetectLayout mismatch for keycode 18, got "9(  "
6234 wine_trace 00e8:trace:key:X11DRV_KEYBOARD_DetectLayout mismatch for keycode 19, got "0)  "
6234 wine_trace 00e8:trace:key:X11DRV_KEYBOARD_DetectLayout mismatch for keycode 21, got "=+  "
6234 wine_trace 00e8:trace:key:X11DRV_KEYBOARD_DetectLayout mismatch for keycode 24, got "qQ  "
6234 wine_trace 00e8:trace:key:X11DRV_KEYBOARD_DetectLayout mismatch for keycode 25, got "wW  "
6234 wine_trace 00e8:trace:key:X11DRV_KEYBOARD_DetectLayout mismatch for keycode 26, got "eE  "
6235 wine_trace 00e8:trace:key:X11DRV_KEYBOARD_DetectLayout mismatch for keycode 27, got "rR  "
6235 wine_trace 00e8:trace:key:X11DRV_KEYBOARD_DetectLayout mismatch for keycode 28, got "tT  "
6235 wine_trace 00e8:trace:key:X11DRV_KEYBOARD_DetectLayout mismatch for keycode 29, got "yY  "
6235 wine_trace 00e8:trace:key:X11DRV_KEYBOARD_DetectLayout mismatch for keycode 30, got "uU  "
6236 wine_trace 00e8:trace:key:X11DRV_KEYBOARD_DetectLayout mismatch for keycode 31, got "iI  "
6236 wine_trace 00e8:trace:key:X11DRV_KEYBOARD_DetectLayout mismatch for keycode 32, got "oO  "
6236 wine_trace 00e8:trace:key:X11DRV_KEYBOARD_DetectLayout mismatch for keycode 33, got "pP  "
6236 wine_trace 00e8:trace:key:X11DRV_KEYBOARD_DetectLayout mismatch for keycode 34, got "[{  "
6236 wine_trace 00e8:trace:key:X11DRV_KEYBOARD_DetectLayout mismatch for keycode 35, got "]}  "
6236 wine_trace 00e8:trace:key:X11DRV_KEYBOARD_DetectLayout mismatch for keycode 38, got "aA  "
6236 wine_trace 00e8:trace:key:X11DRV_KEYBOARD_DetectLayout mismatch for keycode 39, got "sS  "
6236 wine_trace 00e8:trace:key:X11DRV_KEYBOARD_DetectLayout mismatch for keycode 40, got "dD  "
6236 wine_trace 00e8:trace:key:X11DRV_KEYBOARD_DetectLayout mismatch for keycode 41, got "fF  "
6236 wine_trace 00e8:trace:key:X11DRV_KEYBOARD_DetectLayout mismatch for keycode 42, got "gG  "
6236 wine_trace 00e8:trace:key:X11DRV_KEYBOARD_DetectLayout mismatch for keycode 43, got "hH  "
6236 wine_trace 00e8:trace:key:X11DRV_KEYBOARD_DetectLayout mismatch for keycode 44, got "jJ  "
6237 wine_trace 00e8:trace:key:X11DRV_KEYBOARD_DetectLayout mismatch for keycode 45, got "kK  "
6237 wine_trace 00e8:trace:key:X11DRV_KEYBOARD_DetectLayout mismatch for keycode 46, got "lL  "
6237 wine_trace 00e8:trace:key:X11DRV_KEYBOARD_DetectLayout mismatch for keycode 47, got ";:  "
6237 wine_trace 00e8:trace:key:X11DRV_KEYBOARD_DetectLayout mismatch for keycode 48, got "'\"  "
6237 wine_trace 00e8:trace:key:X11DRV_KEYBOARD_DetectLayout mismatch for keycode 51, got "\\|  "
6237 wine_trace 00e8:trace:key:X11DRV_KEYBOARD_DetectLayout mismatch for keycode 52, got "zZ  "
6237 wine_trace 00e8:trace:key:X11DRV_KEYBOARD_DetectLayout mismatch for keycode 53, got "xX  "
6237 wine_trace 00e8:trace:key:X11DRV_KEYBOARD_DetectLayout mismatch for keycode 54, got "cC  "
6237 wine_trace 00e8:trace:key:X11DRV_KEYBOARD_DetectLayout mismatch for keycode 55, got "vV  "
6237 wine_trace 00e8:trace:key:X11DRV_KEYBOARD_DetectLayout mismatch for keycode 56, got "bB  "
6237 wine_trace 00e8:trace:key:X11DRV_KEYBOARD_DetectLayout mismatch for keycode 57, got "nN  "
6237 wine_trace 00e8:trace:key:X11DRV_KEYBOARD_DetectLayout mismatch for keycode 58, got "mM  "
6238 wine_trace 00e8:trace:key:X11DRV_KEYBOARD_DetectLayout mismatch for keycode 59, got ",<  "
6238 wine_trace 00e8:trace:key:X11DRV_KEYBOARD_DetectLayout mismatch for keycode 60, got ".>  "
6238 wine_trace 00e8:trace:key:X11DRV_KEYBOARD_DetectLayout mismatch for keycode 61, got "/?  "
6238 wine_trace 00e8:trace:keyboard:X11DRV_KEYBOARD_DetectLayout matches=6, mismatches=41, seq=5, score=-70
6238 wine_trace 00e8:trace:keyboard:X11DRV_KEYBOARD_DetectLayout Attempting to match against "Serbian keyboard layout us,sr"
6238 wine_trace 00e8:trace:keyboard:X11DRV_KEYBOARD_DetectLayout matches=47, mismatches=0, seq=46, score=94
6238 wine_trace 00e8:trace:keyboard:X11DRV_KEYBOARD_DetectLayout Attempting to match against "Croatian keyboard layout"
6238 wine_trace 00e8:trace:key:X11DRV_KEYBOARD_DetectLayout mismatch for keycode 11, got "2@  "
6238 wine_trace 00e8:trace:key:X11DRV_KEYBOARD_DetectLayout mismatch for keycode 15, got "6^  "
6238 wine_trace 00e8:trace:key:X11DRV_KEYBOARD_DetectLayout mismatch for keycode 16, got "7&  "
6238 wine_trace 00e8:trace:key:X11DRV_KEYBOARD_DetectLayout mismatch for keycode 17, got "8*  "
6238 wine_trace 00e8:trace:key:X11DRV_KEYBOARD_DetectLayout mismatch for keycode 18, got "9(  "
6238 wine_trace 00e8:trace:key:X11DRV_KEYBOARD_DetectLayout mismatch for keycode 19, got "0)  "
6239 wine_trace 00e8:trace:key:X11DRV_KEYBOARD_DetectLayout mismatch for keycode 20, got "-_  "
6239 wine_trace 00e8:trace:key:X11DRV_KEYBOARD_DetectLayout mismatch for keycode 21, got "=+  "
6239 wine_trace 00e8:trace:key:X11DRV_KEYBOARD_DetectLayout mismatch for keycode 34, got "[{  "
6239 wine_trace 00e8:trace:key:X11DRV_KEYBOARD_DetectLayout mismatch for keycode 35, got "]}  "
6239 wine_trace 00e8:trace:key:X11DRV_KEYBOARD_DetectLayout mismatch for keycode 47, got ";:  "
6239 wine_trace 00e8:trace:key:X11DRV_KEYBOARD_DetectLayout mismatch for keycode 48, got "'\"  "
6239 wine_trace 00e8:trace:key:X11DRV_KEYBOARD_DetectLayout mismatch for keycode 49, got "`~  "
6239 wine_trace 00e8:trace:key:X11DRV_KEYBOARD_DetectLayout mismatch for keycode 51, got "\\|  "
6239 wine_trace 00e8:trace:key:X11DRV_KEYBOARD_DetectLayout mismatch for keycode 59, got ",<  "
6239 wine_trace 00e8:trace:key:X11DRV_KEYBOARD_DetectLayout mismatch for keycode 60, got ".>  "
6239 wine_trace 00e8:trace:keyboard:X11DRV_KEYBOARD_DetectLayout matches=31, mismatches=16, seq=29, score=30
6239 wine_trace 00e8:trace:keyboard:X11DRV_KEYBOARD_DetectLayout Attempting to match against "Croatian keyboard layout (specific)"
6240 wine_trace 00e8:trace:keyboard:X11DRV_KEYBOARD_DetectLayout matches=47, mismatches=0, seq=46, score=94
6240 wine_trace 00e8:trace:keyboard:X11DRV_KEYBOARD_DetectLayout Attempting to match against "Japanese 106 keyboard layout"
6240 wine_trace 00e8:trace:key:X11DRV_KEYBOARD_DetectLayout mismatch for keycode 11, got "2@  "
6240 wine_trace 00e8:trace:key:X11DRV_KEYBOARD_DetectLayout mismatch for keycode 15, got "6^  "
6240 wine_trace 00e8:trace:key:X11DRV_KEYBOARD_DetectLayout mismatch for keycode 16, got "7&  "
6240 wine_trace 00e8:trace:key:X11DRV_KEYBOARD_DetectLayout mismatch for keycode 17, got "8*  "
6240 wine_trace 00e8:trace:key:X11DRV_KEYBOARD_DetectLayout mismatch for keycode 18, got "9(  "
6240 wine_trace 00e8:trace:key:X11DRV_KEYBOARD_DetectLayout mismatch for keycode 19, got "0)  "
6240 wine_trace 00e8:trace:key:X11DRV_KEYBOARD_DetectLayout mismatch for keycode 20, got "-_  "
6240 wine_trace 00e8:trace:key:X11DRV_KEYBOARD_DetectLayout mismatch for keycode 21, got "=+  "
6240 wine_trace 00e8:trace:key:X11DRV_KEYBOARD_DetectLayout mismatch for keycode 47, got ";:  "
6240 wine_trace 00e8:trace:key:X11DRV_KEYBOARD_DetectLayout mismatch for keycode 48, got "'\"  "
6241 wine_trace 00e8:trace:key:X11DRV_KEYBOARD_DetectLayout mismatch for keycode 49, got "`~  "
6241 wine_trace 00e8:trace:keyboard:X11DRV_KEYBOARD_DetectLayout matches=36, mismatches=11, seq=34, score=50
6241 wine_trace 00e8:trace:keyboard:X11DRV_KEYBOARD_DetectLayout Attempting to match against "Japanese Mac keyboard layout"
6241 wine_trace 00e8:trace:key:X11DRV_KEYBOARD_DetectLayout mismatch for keycode 11, got "2@  "
6241 wine_trace 00e8:trace:key:X11DRV_KEYBOARD_DetectLayout mismatch for keycode 15, got "6^  "
6241 wine_trace 00e8:trace:key:X11DRV_KEYBOARD_DetectLayout mismatch for keycode 16, got "7&  "
6241 wine_trace 00e8:trace:key:X11DRV_KEYBOARD_DetectLayout mismatch for keycode 17, got "8*  "
6241 wine_trace 00e8:trace:key:X11DRV_KEYBOARD_DetectLayout mismatch for keycode 18, got "9(  "
6241 wine_trace 00e8:trace:key:X11DRV_KEYBOARD_DetectLayout mismatch for keycode 20, got "-_  "
6241 wine_trace 00e8:trace:key:X11DRV_KEYBOARD_DetectLayout mismatch for keycode 21, got "=+  "
6241 wine_trace 00e8:trace:key:X11DRV_KEYBOARD_DetectLayout mismatch for keycode 47, got ";:  "
6241 wine_trace 00e8:trace:key:X11DRV_KEYBOARD_DetectLayout mismatch for keycode 48, got "'\"  "
6241 wine_trace 00e8:trace:key:X11DRV_KEYBOARD_DetectLayout mismatch for keycode 49, got "`~  "
6241 wine_trace 00e8:trace:keyboard:X11DRV_KEYBOARD_DetectLayout matches=37, mismatches=10, seq=35, score=53
6242 wine_trace 00e8:trace:keyboard:X11DRV_KEYBOARD_DetectLayout Attempting to match against "Japanese pc98x1 keyboard layout"
6242 wine_trace 00e8:trace:key:X11DRV_KEYBOARD_DetectLayout mismatch for keycode 11, got "2@  "
6242 wine_trace 00e8:trace:key:X11DRV_KEYBOARD_DetectLayout mismatch for keycode 15, got "6^  "
6242 wine_trace 00e8:trace:key:X11DRV_KEYBOARD_DetectLayout mismatch for keycode 16, got "7&  "
6242 wine_trace 00e8:trace:key:X11DRV_KEYBOARD_DetectLayout mismatch for keycode 17, got "8*  "
6242 wine_trace 00e8:trace:key:X11DRV_KEYBOARD_DetectLayout mismatch for keycode 18, got "9(  "
6242 wine_trace 00e8:trace:key:X11DRV_KEYBOARD_DetectLayout mismatch for keycode 20, got "-_  "
6242 wine_trace 00e8:trace:key:X11DRV_KEYBOARD_DetectLayout mismatch for keycode 21, got "=+  "
6242 wine_trace 00e8:trace:key:X11DRV_KEYBOARD_DetectLayout mismatch for keycode 47, got ";:  "
6242 wine_trace 00e8:trace:key:X11DRV_KEYBOARD_DetectLayout mismatch for keycode 48, got "'\"  "
6242 wine_trace 00e8:trace:key:X11DRV_KEYBOARD_DetectLayout mismatch for keycode 49, got "`~  "
6242 wine_trace 00e8:trace:keyboard:X11DRV_KEYBOARD_DetectLayout matches=37, mismatches=10, seq=35, score=53
6242 wine_trace 00e8:trace:keyboard:X11DRV_KEYBOARD_DetectLayout Attempting to match against "Slovak keyboard layout"
6242 wine_trace 00e8:trace:key:X11DRV_KEYBOARD_DetectLayout mismatch for keycode 10, got "1!  "
6243 wine_trace 00e8:trace:key:X11DRV_KEYBOARD_DetectLayout mismatch for keycode 11, got "2@  "
6243 wine_trace 00e8:trace:key:X11DRV_KEYBOARD_DetectLayout mismatch for keycode 12, got "3#  "
6243 wine_trace 00e8:trace:key:X11DRV_KEYBOARD_DetectLayout mismatch for keycode 13, got "4$  "
6243 wine_trace 00e8:trace:key:X11DRV_KEYBOARD_DetectLayout mismatch for keycode 14, got "5%  "
6243 wine_trace 00e8:trace:key:X11DRV_KEYBOARD_DetectLayout mismatch for keycode 15, got "6^  "
6243 wine_trace 00e8:trace:key:X11DRV_KEYBOARD_DetectLayout mismatch for keycode 16, got "7&  "
6243 wine_trace 00e8:trace:key:X11DRV_KEYBOARD_DetectLayout mismatch for keycode 17, got "8*  "
6243 wine_trace 00e8:trace:key:X11DRV_KEYBOARD_DetectLayout mismatch for keycode 18, got "9(  "
6243 wine_trace 00e8:trace:key:X11DRV_KEYBOARD_DetectLayout mismatch for keycode 19, got "0)  "
6243 wine_trace 00e8:trace:key:X11DRV_KEYBOARD_DetectLayout mismatch for keycode 21, got "=+  "
6243 wine_trace 00e8:trace:key:X11DRV_KEYBOARD_DetectLayout mismatch for keycode 34, got "[{  "
6243 wine_trace 00e8:trace:key:X11DRV_KEYBOARD_DetectLayout mismatch for keycode 35, got "]}  "
6243 wine_trace 00e8:trace:key:X11DRV_KEYBOARD_DetectLayout mismatch for keycode 47, got ";:  "
6244 wine_trace 00e8:trace:key:X11DRV_KEYBOARD_DetectLayout mismatch for keycode 48, got "'\"  "
6244 wine_trace 00e8:trace:key:X11DRV_KEYBOARD_DetectLayout mismatch for keycode 49, got "`~  "
6244 wine_trace 00e8:trace:key:X11DRV_KEYBOARD_DetectLayout mismatch for keycode 51, got "\\|  "
6244 wine_trace 00e8:trace:key:X11DRV_KEYBOARD_DetectLayout mismatch for keycode 59, got ",<  "
6244 wine_trace 00e8:trace:key:X11DRV_KEYBOARD_DetectLayout mismatch for keycode 60, got ".>  "
6244 wine_trace 00e8:trace:key:X11DRV_KEYBOARD_DetectLayout mismatch for keycode 61, got "/?  "
6244 wine_trace 00e8:trace:keyboard:X11DRV_KEYBOARD_DetectLayout matches=27, mismatches=20, seq=26, score=14
6244 wine_trace 00e8:trace:keyboard:X11DRV_KEYBOARD_DetectLayout Attempting to match against "Slovak and Czech keyboard layout without dead keys"
6244 wine_trace 00e8:trace:keyboard:X11DRV_KEYBOARD_DetectLayout matches=47, mismatches=0, seq=46, score=94
6244 wine_trace 00e8:trace:keyboard:X11DRV_KEYBOARD_DetectLayout Attempting to match against "Czech keyboard layout"
6244 wine_trace 00e8:trace:key:X11DRV_KEYBOARD_DetectLayout mismatch for keycode 10, got "1!  "
6244 wine_trace 00e8:trace:key:X11DRV_KEYBOARD_DetectLayout mismatch for keycode 11, got "2@  "
6244 wine_trace 00e8:trace:key:X11DRV_KEYBOARD_DetectLayout mismatch for keycode 12, got "3#  "
6245 wine_trace 00e8:trace:key:X11DRV_KEYBOARD_DetectLayout mismatch for keycode 13, got "4$  "
6245 wine_trace 00e8:trace:key:X11DRV_KEYBOARD_DetectLayout mismatch for keycode 14, got "5%  "
6245 wine_trace 00e8:trace:key:X11DRV_KEYBOARD_DetectLayout mismatch for keycode 15, got "6^  "
6245 wine_trace 00e8:trace:key:X11DRV_KEYBOARD_DetectLayout mismatch for keycode 16, got "7&  "
6245 wine_trace 00e8:trace:key:X11DRV_KEYBOARD_DetectLayout mismatch for keycode 17, got "8*  "
6245 wine_trace 00e8:trace:key:X11DRV_KEYBOARD_DetectLayout mismatch for keycode 18, got "9(  "
6245 wine_trace 00e8:trace:key:X11DRV_KEYBOARD_DetectLayout mismatch for keycode 19, got "0)  "
6245 wine_trace 00e8:trace:key:X11DRV_KEYBOARD_DetectLayout mismatch for keycode 21, got "=+  "
6245 wine_trace 00e8:trace:key:X11DRV_KEYBOARD_DetectLayout mismatch for keycode 34, got "[{  "
6245 wine_trace 00e8:trace:key:X11DRV_KEYBOARD_DetectLayout mismatch for keycode 35, got "]}  "
6245 wine_trace 00e8:trace:key:X11DRV_KEYBOARD_DetectLayout mismatch for keycode 48, got "'\"  "
6245 wine_trace 00e8:trace:key:X11DRV_KEYBOARD_DetectLayout mismatch for keycode 49, got "`~  "
6245 wine_trace 00e8:trace:key:X11DRV_KEYBOARD_DetectLayout mismatch for keycode 51, got "\\|  "
6246 wine_trace 00e8:trace:key:X11DRV_KEYBOARD_DetectLayout mismatch for keycode 59, got ",<  "
6246 wine_trace 00e8:trace:key:X11DRV_KEYBOARD_DetectLayout mismatch for keycode 60, got ".>  "
6246 wine_trace 00e8:trace:key:X11DRV_KEYBOARD_DetectLayout mismatch for keycode 61, got "/?  "
6246 wine_trace 00e8:trace:keyboard:X11DRV_KEYBOARD_DetectLayout matches=28, mismatches=19, seq=26, score=17
6246 wine_trace 00e8:trace:keyboard:X11DRV_KEYBOARD_DetectLayout Attempting to match against "Czech keyboard layout cz"
6246 wine_trace 00e8:trace:key:X11DRV_KEYBOARD_DetectLayout mismatch for keycode 10, got "1!  "
6246 wine_trace 00e8:trace:key:X11DRV_KEYBOARD_DetectLayout mismatch for keycode 11, got "2@  "
6246 wine_trace 00e8:trace:key:X11DRV_KEYBOARD_DetectLayout mismatch for keycode 12, got "3#  "
6246 wine_trace 00e8:trace:key:X11DRV_KEYBOARD_DetectLayout mismatch for keycode 13, got "4$  "
6246 wine_trace 00e8:trace:key:X11DRV_KEYBOARD_DetectLayout mismatch for keycode 14, got "5%  "
6246 wine_trace 00e8:trace:key:X11DRV_KEYBOARD_DetectLayout mismatch for keycode 15, got "6^  "
6246 wine_trace 00e8:trace:key:X11DRV_KEYBOARD_DetectLayout mismatch for keycode 16, got "7&  "
6246 wine_trace 00e8:trace:key:X11DRV_KEYBOARD_DetectLayout mismatch for keycode 17, got "8*  "
6246 wine_trace 00e8:trace:key:X11DRV_KEYBOARD_DetectLayout mismatch for keycode 18, got "9(  "
6247 wine_trace 00e8:trace:key:X11DRV_KEYBOARD_DetectLayout mismatch for keycode 19, got "0)  "
6247 wine_trace 00e8:trace:key:X11DRV_KEYBOARD_DetectLayout mismatch for keycode 21, got "=+  "
6247 wine_trace 00e8:trace:key:X11DRV_KEYBOARD_DetectLayout mismatch for keycode 34, got "[{  "
6247 wine_trace 00e8:trace:key:X11DRV_KEYBOARD_DetectLayout mismatch for keycode 35, got "]}  "
6247 wine_trace 00e8:trace:key:X11DRV_KEYBOARD_DetectLayout mismatch for keycode 48, got "'\"  "
6247 wine_trace 00e8:trace:key:X11DRV_KEYBOARD_DetectLayout mismatch for keycode 49, got "`~  "
6247 wine_trace 00e8:trace:key:X11DRV_KEYBOARD_DetectLayout mismatch for keycode 59, got ",<  "
6247 wine_trace 00e8:trace:key:X11DRV_KEYBOARD_DetectLayout mismatch for keycode 60, got ".>  "
6247 wine_trace 00e8:trace:key:X11DRV_KEYBOARD_DetectLayout mismatch for keycode 61, got "/?  "
6247 wine_trace 00e8:trace:keyboard:X11DRV_KEYBOARD_DetectLayout matches=29, mismatches=18, seq=25, score=20
6247 wine_trace 00e8:trace:keyboard:X11DRV_KEYBOARD_DetectLayout Attempting to match against "Czech keyboard layout cz_qwerty"
6247 wine_trace 00e8:trace:key:X11DRV_KEYBOARD_DetectLayout mismatch for keycode 10, got "1!  "
6247 wine_trace 00e8:trace:key:X11DRV_KEYBOARD_DetectLayout mismatch for keycode 11, got "2@  "
6248 wine_trace 00e8:trace:key:X11DRV_KEYBOARD_DetectLayout mismatch for keycode 12, got "3#  "
6248 wine_trace 00e8:trace:key:X11DRV_KEYBOARD_DetectLayout mismatch for keycode 13, got "4$  "
6248 wine_trace 00e8:trace:key:X11DRV_KEYBOARD_DetectLayout mismatch for keycode 14, got "5%  "
6248 wine_trace 00e8:trace:key:X11DRV_KEYBOARD_DetectLayout mismatch for keycode 15, got "6^  "
6248 wine_trace 00e8:trace:key:X11DRV_KEYBOARD_DetectLayout mismatch for keycode 16, got "7&  "
6248 wine_trace 00e8:trace:key:X11DRV_KEYBOARD_DetectLayout mismatch for keycode 17, got "8*  "
6248 wine_trace 00e8:trace:key:X11DRV_KEYBOARD_DetectLayout mismatch for keycode 18, got "9(  "
6248 wine_trace 00e8:trace:key:X11DRV_KEYBOARD_DetectLayout mismatch for keycode 19, got "0)  "
6248 wine_trace 00e8:trace:key:X11DRV_KEYBOARD_DetectLayout mismatch for keycode 21, got "=+  "
6248 wine_trace 00e8:trace:key:X11DRV_KEYBOARD_DetectLayout mismatch for keycode 34, got "[{  "
6248 wine_trace 00e8:trace:key:X11DRV_KEYBOARD_DetectLayout mismatch for keycode 35, got "]}  "
6248 wine_trace 00e8:trace:key:X11DRV_KEYBOARD_DetectLayout mismatch for keycode 48, got "'\"  "
6248 wine_trace 00e8:trace:key:X11DRV_KEYBOARD_DetectLayout mismatch for keycode 49, got "`~  "
6248 wine_trace 00e8:trace:key:X11DRV_KEYBOARD_DetectLayout mismatch for keycode 59, got ",<  "
6249 wine_trace 00e8:trace:key:X11DRV_KEYBOARD_DetectLayout mismatch for keycode 60, got ".>  "
6249 wine_trace 00e8:trace:key:X11DRV_KEYBOARD_DetectLayout mismatch for keycode 61, got "/?  "
6249 wine_trace 00e8:trace:keyboard:X11DRV_KEYBOARD_DetectLayout matches=29, mismatches=18, seq=26, score=20
6249 wine_trace 00e8:trace:keyboard:X11DRV_KEYBOARD_DetectLayout Attempting to match against "Latin American keyboard layout"
6249 wine_trace 00e8:trace:key:X11DRV_KEYBOARD_DetectLayout mismatch for keycode 11, got "2@  "
6249 wine_trace 00e8:trace:key:X11DRV_KEYBOARD_DetectLayout mismatch for keycode 15, got "6^  "
6249 wine_trace 00e8:trace:key:X11DRV_KEYBOARD_DetectLayout mismatch for keycode 16, got "7&  "
6249 wine_trace 00e8:trace:key:X11DRV_KEYBOARD_DetectLayout mismatch for keycode 17, got "8*  "
6249 wine_trace 00e8:trace:key:X11DRV_KEYBOARD_DetectLayout mismatch for keycode 18, got "9(  "
6249 wine_trace 00e8:trace:key:X11DRV_KEYBOARD_DetectLayout mismatch for keycode 19, got "0)  "
6249 wine_trace 00e8:trace:key:X11DRV_KEYBOARD_DetectLayout mismatch for keycode 21, got "=+  "
6249 wine_trace 00e8:trace:key:X11DRV_KEYBOARD_DetectLayout mismatch for keycode 34, got "[{  "
6249 wine_trace 00e8:trace:key:X11DRV_KEYBOARD_DetectLayout mismatch for keycode 35, got "]}  "
6249 wine_trace 00e8:trace:key:X11DRV_KEYBOARD_DetectLayout mismatch for keycode 47, got ";:  "
6250 wine_trace 00e8:trace:key:X11DRV_KEYBOARD_DetectLayout mismatch for keycode 48, got "'\"  "
6250 wine_trace 00e8:trace:key:X11DRV_KEYBOARD_DetectLayout mismatch for keycode 49, got "`~  "
6250 wine_trace 00e8:trace:key:X11DRV_KEYBOARD_DetectLayout mismatch for keycode 51, got "\\|  "
6250 wine_trace 00e8:trace:key:X11DRV_KEYBOARD_DetectLayout mismatch for keycode 59, got ",<  "
6250 wine_trace 00e8:trace:key:X11DRV_KEYBOARD_DetectLayout mismatch for keycode 60, got ".>  "
6250 wine_trace 00e8:trace:key:X11DRV_KEYBOARD_DetectLayout mismatch for keycode 61, got "/?  "
6250 wine_trace 00e8:trace:keyboard:X11DRV_KEYBOARD_DetectLayout matches=31, mismatches=16, seq=30, score=30
6250 wine_trace 00e8:trace:keyboard:X11DRV_KEYBOARD_DetectLayout Attempting to match against "Lithuanian (Baltic) keyboard layout"
6250 wine_trace 00e8:trace:key:X11DRV_KEYBOARD_DetectLayout mismatch for keycode 10, got "1!  "
6250 wine_trace 00e8:trace:key:X11DRV_KEYBOARD_DetectLayout mismatch for keycode 11, got "2@  "
6250 wine_trace 00e8:trace:key:X11DRV_KEYBOARD_DetectLayout mismatch for keycode 12, got "3#  "
6250 wine_trace 00e8:trace:key:X11DRV_KEYBOARD_DetectLayout mismatch for keycode 13, got "4$  "
6250 wine_trace 00e8:trace:key:X11DRV_KEYBOARD_DetectLayout mismatch for keycode 14, got "5%  "
6251 wine_trace 00e8:trace:key:X11DRV_KEYBOARD_DetectLayout mismatch for keycode 15, got "6^  "
6251 wine_trace 00e8:trace:key:X11DRV_KEYBOARD_DetectLayout mismatch for keycode 16, got "7&  "
6251 wine_trace 00e8:trace:key:X11DRV_KEYBOARD_DetectLayout mismatch for keycode 17, got "8*  "
6251 wine_trace 00e8:trace:key:X11DRV_KEYBOARD_DetectLayout mismatch for keycode 18, got "9(  "
6251 wine_trace 00e8:trace:key:X11DRV_KEYBOARD_DetectLayout mismatch for keycode 19, got "0)  "
6251 wine_trace 00e8:trace:key:X11DRV_KEYBOARD_DetectLayout mismatch for keycode 21, got "=+  "
6251 wine_trace 00e8:trace:keyboard:X11DRV_KEYBOARD_DetectLayout matches=36, mismatches=11, seq=35, score=50
6251 wine_trace 00e8:trace:keyboard:X11DRV_KEYBOARD_DetectLayout Attempting to match against "Turkish keyboard layout"
6251 wine_trace 00e8:trace:key:X11DRV_KEYBOARD_DetectLayout mismatch for keycode 11, got "2@  "
6251 wine_trace 00e8:trace:key:X11DRV_KEYBOARD_DetectLayout mismatch for keycode 12, got "3#  "
6251 wine_trace 00e8:trace:key:X11DRV_KEYBOARD_DetectLayout mismatch for keycode 13, got "4$  "
6252 wine_trace 00e8:trace:key:X11DRV_KEYBOARD_DetectLayout mismatch for keycode 15, got "6^  "
6252 wine_trace 00e8:trace:key:X11DRV_KEYBOARD_DetectLayout mismatch for keycode 16, got "7&  "
6252 wine_trace 00e8:trace:key:X11DRV_KEYBOARD_DetectLayout mismatch for keycode 17, got "8*  "
6252 wine_trace 00e8:trace:key:X11DRV_KEYBOARD_DetectLayout mismatch for keycode 18, got "9(  "
6252 wine_trace 00e8:trace:key:X11DRV_KEYBOARD_DetectLayout mismatch for keycode 19, got "0)  "
6252 wine_trace 00e8:trace:key:X11DRV_KEYBOARD_DetectLayout mismatch for keycode 21, got "=+  "
6255 wine_trace 00e8:trace:key:X11DRV_KEYBOARD_DetectLayout mismatch for keycode 31, got "iI  "
6255 wine_trace 00e8:trace:key:X11DRV_KEYBOARD_DetectLayout mismatch for keycode 34, got "[{  "
6255 wine_trace 00e8:trace:key:X11DRV_KEYBOARD_DetectLayout mismatch for keycode 35, got "]}  "
6255 wine_trace 00e8:trace:key:X11DRV_KEYBOARD_DetectLayout mismatch for keycode 47, got ";:  "
6255 wine_trace 00e8:trace:key:X11DRV_KEYBOARD_DetectLayout mismatch for keycode 48, got "'\"  "
6255 wine_trace 00e8:trace:key:X11DRV_KEYBOARD_DetectLayout mismatch for keycode 49, got "`~  "
6255 wine_trace 00e8:trace:key:X11DRV_KEYBOARD_DetectLayout mismatch for keycode 51, got "\\|  "
6255 wine_trace 00e8:trace:key:X11DRV_KEYBOARD_DetectLayout mismatch for keycode 59, got ",<  "
6255 wine_trace 00e8:trace:key:X11DRV_KEYBOARD_DetectLayout mismatch for keycode 60, got ".>  "
6256 wine_trace 00e8:trace:key:X11DRV_KEYBOARD_DetectLayout mismatch for keycode 61, got "/?  "
6256 wine_trace 00e8:trace:keyboard:X11DRV_KEYBOARD_DetectLayout matches=28, mismatches=19, seq=28, score=18
6256 wine_trace 00e8:trace:keyboard:X11DRV_KEYBOARD_DetectLayout Attempting to match against "Turkish keyboard layout tr"
6256 wine_trace 00e8:trace:key:X11DRV_KEYBOARD_DetectLayout mismatch for keycode 11, got "2@  "
6256 wine_trace 00e8:trace:key:X11DRV_KEYBOARD_DetectLayout mismatch for keycode 12, got "3#  "
6256 wine_trace 00e8:trace:key:X11DRV_KEYBOARD_DetectLayout mismatch for keycode 13, got "4$  "
6256 wine_trace 00e8:trace:key:X11DRV_KEYBOARD_DetectLayout mismatch for keycode 15, got "6^  "
6256 wine_trace 00e8:trace:key:X11DRV_KEYBOARD_DetectLayout mismatch for keycode 16, got "7&  "
6256 wine_trace 00e8:trace:key:X11DRV_KEYBOARD_DetectLayout mismatch for keycode 17, got "8*  "
6256 wine_trace 00e8:trace:key:X11DRV_KEYBOARD_DetectLayout mismatch for keycode 18, got "9(  "
6256 wine_trace 00e8:trace:key:X11DRV_KEYBOARD_DetectLayout mismatch for keycode 19, got "0)  "
6256 wine_trace 00e8:trace:key:X11DRV_KEYBOARD_DetectLayout mismatch for keycode 21, got "=+  "
6257 wine_trace 00e8:trace:key:X11DRV_KEYBOARD_DetectLayout mismatch for keycode 34, got "[{  "
6257 wine_trace 00e8:trace:key:X11DRV_KEYBOARD_DetectLayout mismatch for keycode 35, got "]}  "
6257 wine_trace 00e8:trace:key:X11DRV_KEYBOARD_DetectLayout mismatch for keycode 47, got ";:  "
6257 wine_trace 00e8:trace:key:X11DRV_KEYBOARD_DetectLayout mismatch for keycode 48, got "'\"  "
6257 wine_trace 00e8:trace:key:X11DRV_KEYBOARD_DetectLayout mismatch for keycode 49, got "`~  "
6257 wine_trace 00e8:trace:key:X11DRV_KEYBOARD_DetectLayout mismatch for keycode 51, got "\\|  "
6257 wine_trace 00e8:trace:key:X11DRV_KEYBOARD_DetectLayout mismatch for keycode 59, got ",<  "
6257 wine_trace 00e8:trace:key:X11DRV_KEYBOARD_DetectLayout mismatch for keycode 60, got ".>  "
6257 wine_trace 00e8:trace:key:X11DRV_KEYBOARD_DetectLayout mismatch for keycode 61, got "/?  "
6257 wine_trace 00e8:trace:keyboard:X11DRV_KEYBOARD_DetectLayout matches=29, mismatches=18, seq=28, score=21
6257 wine_trace 00e8:trace:keyboard:X11DRV_KEYBOARD_DetectLayout Attempting to match against "Turkish keyboard layout trf"
6257 wine_trace 00e8:trace:key:X11DRV_KEYBOARD_DetectLayout mismatch for keycode 11, got "2@  "
6258 wine_trace 00e8:trace:key:X11DRV_KEYBOARD_DetectLayout mismatch for keycode 12, got "3#  "
6258 wine_trace 00e8:trace:key:X11DRV_KEYBOARD_DetectLayout mismatch for keycode 15, got "6^  "
6258 wine_trace 00e8:trace:key:X11DRV_KEYBOARD_DetectLayout mismatch for keycode 16, got "7&  "
6258 wine_trace 00e8:trace:key:X11DRV_KEYBOARD_DetectLayout mismatch for keycode 17, got "8*  "
6258 wine_trace 00e8:trace:key:X11DRV_KEYBOARD_DetectLayout mismatch for keycode 18, got "9(  "
6258 wine_trace 00e8:trace:key:X11DRV_KEYBOARD_DetectLayout mismatch for keycode 19, got "0)  "
6258 wine_trace 00e8:trace:key:X11DRV_KEYBOARD_DetectLayout mismatch for keycode 21, got "=+  "
6258 wine_trace 00e8:trace:key:X11DRV_KEYBOARD_DetectLayout mismatch for keycode 34, got "[{  "
6258 wine_trace 00e8:trace:key:X11DRV_KEYBOARD_DetectLayout mismatch for keycode 35, got "]}  "
6258 wine_trace 00e8:trace:key:X11DRV_KEYBOARD_DetectLayout mismatch for keycode 47, got ";:  "
6258 wine_trace 00e8:trace:key:X11DRV_KEYBOARD_DetectLayout mismatch for keycode 48, got "'\"  "
6258 wine_trace 00e8:trace:key:X11DRV_KEYBOARD_DetectLayout mismatch for keycode 49, got "`~  "
6258 wine_trace 00e8:trace:key:X11DRV_KEYBOARD_DetectLayout mismatch for keycode 51, got "\\|  "
6259 wine_trace 00e8:trace:key:X11DRV_KEYBOARD_DetectLayout mismatch for keycode 59, got ",<  "
6259 wine_trace 00e8:trace:key:X11DRV_KEYBOARD_DetectLayout mismatch for keycode 60, got ".>  "
6259 wine_trace 00e8:trace:keyboard:X11DRV_KEYBOARD_DetectLayout matches=31, mismatches=16, seq=21, score=29
6259 wine_trace 00e8:trace:keyboard:X11DRV_KEYBOARD_DetectLayout Attempting to match against "Israelian keyboard layout"
6259 wine_trace 00e8:trace:keyboard:X11DRV_KEYBOARD_DetectLayout matches=47, mismatches=0, seq=46, score=94
6259 wine_trace 00e8:trace:keyboard:X11DRV_KEYBOARD_DetectLayout Attempting to match against "Israelian phonetic keyboard layout"
6259 wine_trace 00e8:trace:keyboard:X11DRV_KEYBOARD_DetectLayout matches=47, mismatches=0, seq=46, score=94
6259 wine_trace 00e8:trace:keyboard:X11DRV_KEYBOARD_DetectLayout Attempting to match against "Israelian Saharon keyboard layout"
6259 wine_trace 00e8:trace:keyboard:X11DRV_KEYBOARD_DetectLayout matches=47, mismatches=0, seq=46, score=94
6259 wine_trace 00e8:trace:keyboard:X11DRV_KEYBOARD_DetectLayout Attempting to match against "VNC keyboard layout"
6259 wine_trace 00e8:trace:keyboard:X11DRV_KEYBOARD_DetectLayout matches=47, mismatches=0, seq=36, score=94
6259 wine_trace 00e8:trace:keyboard:X11DRV_KEYBOARD_DetectLayout Attempting to match against "Greek keyboard layout"
6260 wine_trace 00e8:trace:keyboard:X11DRV_KEYBOARD_DetectLayout matches=47, mismatches=0, seq=46, score=94
6260 wine_trace 00e8:trace:keyboard:X11DRV_KEYBOARD_DetectLayout Attempting to match against "Thai (Kedmanee)  keyboard layout"
6260 wine_trace 00e8:trace:keyboard:X11DRV_KEYBOARD_DetectLayout matches=47, mismatches=0, seq=46, score=94
6260 wine_trace 00e8:trace:keyboard:X11DRV_KEYBOARD_DetectLayout Attempting to match against "Dutch keyboard layout"
6260 wine_trace 00e8:trace:key:X11DRV_KEYBOARD_DetectLayout mismatch for keycode 11, got "2@  "
6260 wine_trace 00e8:trace:key:X11DRV_KEYBOARD_DetectLayout mismatch for keycode 15, got "6^  "
6260 wine_trace 00e8:trace:key:X11DRV_KEYBOARD_DetectLayout mismatch for keycode 16, got "7&  "
6260 wine_trace 00e8:trace:key:X11DRV_KEYBOARD_DetectLayout mismatch for keycode 17, got "8*  "
6260 wine_trace 00e8:trace:key:X11DRV_KEYBOARD_DetectLayout mismatch for keycode 18, got "9(  "
6260 wine_trace 00e8:trace:key:X11DRV_KEYBOARD_DetectLayout mismatch for keycode 19, got "0)  "
6260 wine_trace 00e8:trace:key:X11DRV_KEYBOARD_DetectLayout mismatch for keycode 20, got "-_  "
6260 wine_trace 00e8:trace:key:X11DRV_KEYBOARD_DetectLayout mismatch for keycode 21, got "=+  "
6260 wine_trace 00e8:trace:key:X11DRV_KEYBOARD_DetectLayout mismatch for keycode 34, got "[{  "
6261 wine_trace 00e8:trace:key:X11DRV_KEYBOARD_DetectLayout mismatch for keycode 35, got "]}  "
6261 wine_trace 00e8:trace:key:X11DRV_KEYBOARD_DetectLayout mismatch for keycode 47, got ";:  "
6261 wine_trace 00e8:trace:key:X11DRV_KEYBOARD_DetectLayout mismatch for keycode 48, got "'\"  "
6261 wine_trace 00e8:trace:key:X11DRV_KEYBOARD_DetectLayout mismatch for keycode 49, got "`~  "
6261 wine_trace 00e8:trace:key:X11DRV_KEYBOARD_DetectLayout mismatch for keycode 51, got "\\|  "
6261 wine_trace 00e8:trace:key:X11DRV_KEYBOARD_DetectLayout mismatch for keycode 59, got ",<  "
6261 wine_trace 00e8:trace:key:X11DRV_KEYBOARD_DetectLayout mismatch for keycode 60, got ".>  "
6261 wine_trace 00e8:trace:keyboard:X11DRV_KEYBOARD_DetectLayout matches=31, mismatches=16, seq=30, score=30
6261 wine_trace 00e8:trace:keyboard:X11DRV_KEYBOARD_DetectLayout detected layout is "United States keyboard layout"
6261 wine_trace 00e8:trace:keyboard:X11DRV_InitKeyboard keycode 8 => vkey 0000
6261 wine_trace 00e8:trace:keyboard:X11DRV_InitKeyboard keycode 9 => vkey 001B
6261 wine_trace 00e8:trace:keyboard:X11DRV_InitKeyboard keycode 10 => vkey 0031
6261 wine_trace 00e8:trace:keyboard:X11DRV_InitKeyboard keycode 11 => vkey 0032
6261 wine_trace 00e8:trace:keyboard:X11DRV_InitKeyboard keycode 12 => vkey 0033
6262 wine_trace 00e8:trace:keyboard:X11DRV_InitKeyboard keycode 13 => vkey 0034
6262 wine_trace 00e8:trace:keyboard:X11DRV_InitKeyboard keycode 14 => vkey 0035
6262 wine_trace 00e8:trace:keyboard:X11DRV_InitKeyboard keycode 15 => vkey 0036
6262 wine_trace 00e8:trace:keyboard:X11DRV_InitKeyboard keycode 16 => vkey 0037
6262 wine_trace 00e8:trace:keyboard:X11DRV_InitKeyboard keycode 17 => vkey 0038
6262 wine_trace 00e8:trace:keyboard:X11DRV_InitKeyboard keycode 18 => vkey 0039
6262 wine_trace 00e8:trace:keyboard:X11DRV_InitKeyboard keycode 19 => vkey 0030
6262 wine_trace 00e8:trace:keyboard:X11DRV_InitKeyboard keycode 20 => vkey 00BD
6262 wine_trace 00e8:trace:keyboard:X11DRV_InitKeyboard keycode 21 => vkey 00BB
6262 wine_trace 00e8:trace:keyboard:X11DRV_InitKeyboard keycode 22 => vkey 0008
6262 wine_trace 00e8:trace:keyboard:X11DRV_InitKeyboard keycode 23 => vkey 0009
6262 wine_trace 00e8:trace:keyboard:X11DRV_InitKeyboard keycode 24 => vkey 0051
6262 wine_trace 00e8:trace:keyboard:X11DRV_InitKeyboard keycode 25 => vkey 0057
6262 wine_trace 00e8:trace:keyboard:X11DRV_InitKeyboard keycode 26 => vkey 0045
6263 wine_trace 00e8:trace:keyboard:X11DRV_InitKeyboard keycode 27 => vkey 0052
6263 wine_trace 00e8:trace:keyboard:X11DRV_InitKeyboard keycode 28 => vkey 0054
6263 wine_trace 00e8:trace:keyboard:X11DRV_InitKeyboard keycode 29 => vkey 0059
6263 wine_trace 00e8:trace:keyboard:X11DRV_InitKeyboard keycode 30 => vkey 0055
6263 wine_trace 00e8:trace:keyboard:X11DRV_InitKeyboard keycode 31 => vkey 0049
6263 wine_trace 00e8:trace:keyboard:X11DRV_InitKeyboard keycode 32 => vkey 004F
6263 wine_trace 00e8:trace:keyboard:X11DRV_InitKeyboard keycode 33 => vkey 0050
6263 wine_trace 00e8:trace:keyboard:X11DRV_InitKeyboard keycode 34 => vkey 00DB
6263 wine_trace 00e8:trace:keyboard:X11DRV_InitKeyboard keycode 35 => vkey 00DD
6263 wine_trace 00e8:trace:keyboard:X11DRV_InitKeyboard keycode 36 => vkey 000D
6263 wine_trace 00e8:trace:keyboard:X11DRV_InitKeyboard keycode 37 => vkey 00A2
6263 wine_trace 00e8:trace:keyboard:X11DRV_InitKeyboard keycode 38 => vkey 0041
6263 wine_trace 00e8:trace:keyboard:X11DRV_InitKeyboard keycode 39 => vkey 0053
6264 wine_trace 00e8:trace:keyboard:X11DRV_InitKeyboard keycode 40 => vkey 0044
6264 wine_trace 00e8:trace:keyboard:X11DRV_InitKeyboard keycode 41 => vkey 0046
6264 wine_trace 00e8:trace:keyboard:X11DRV_InitKeyboard keycode 42 => vkey 0047
6264 wine_trace 00e8:trace:keyboard:X11DRV_InitKeyboard keycode 43 => vkey 0048
6264 wine_trace 00e8:trace:keyboard:X11DRV_InitKeyboard keycode 44 => vkey 004A
6264 wine_trace 00e8:trace:keyboard:X11DRV_InitKeyboard keycode 45 => vkey 004B
6264 wine_trace 00e8:trace:keyboard:X11DRV_InitKeyboard keycode 46 => vkey 004C
6264 wine_trace 00e8:trace:keyboard:X11DRV_InitKeyboard keycode 47 => vkey 00BA
6264 wine_trace 00e8:trace:keyboard:X11DRV_InitKeyboard keycode 48 => vkey 00DE
6264 wine_trace 00e8:trace:keyboard:X11DRV_InitKeyboard keycode 49 => vkey 00C0
6264 wine_trace 00e8:trace:keyboard:X11DRV_InitKeyboard keycode 50 => vkey 00A0
6264 wine_trace 00e8:trace:keyboard:X11DRV_InitKeyboard keycode 51 => vkey 00DC
6264 wine_trace 00e8:trace:keyboard:X11DRV_InitKeyboard keycode 52 => vkey 005A
6264 wine_trace 00e8:trace:keyboard:X11DRV_InitKeyboard keycode 53 => vkey 0058
6265 wine_trace 00e8:trace:keyboard:X11DRV_InitKeyboard keycode 54 => vkey 0043
6265 wine_trace 00e8:trace:keyboard:X11DRV_InitKeyboard keycode 55 => vkey 0056
6265 wine_trace 00e8:trace:keyboard:X11DRV_InitKeyboard keycode 56 => vkey 0042
6265 wine_trace 00e8:trace:keyboard:X11DRV_InitKeyboard keycode 57 => vkey 004E
6265 wine_trace 00e8:trace:keyboard:X11DRV_InitKeyboard keycode 58 => vkey 004D
6265 wine_trace 00e8:trace:keyboard:X11DRV_InitKeyboard keycode 59 => vkey 00BC
6265 wine_trace 00e8:trace:keyboard:X11DRV_InitKeyboard keycode 60 => vkey 00BE
6265 wine_trace 00e8:trace:keyboard:X11DRV_InitKeyboard keycode 61 => vkey 00BF
6265 wine_trace 00e8:trace:keyboard:X11DRV_InitKeyboard keycode 62 => vkey 01A1
6265 wine_trace 00e8:trace:keyboard:X11DRV_InitKeyboard keycode 63 => vkey 006A
6265 wine_trace 00e8:trace:keyboard:X11DRV_InitKeyboard keycode 64 => vkey 00A4
6265 wine_trace 00e8:trace:keyboard:X11DRV_InitKeyboard keycode 65 => vkey 0020
6265 wine_trace 00e8:trace:keyboard:X11DRV_InitKeyboard keycode 66 => vkey 0000
6266 wine_trace 00e8:trace:keyboard:X11DRV_InitKeyboard keycode 67 => vkey 0070
6266 wine_trace 00e8:trace:keyboard:X11DRV_InitKeyboard keycode 68 => vkey 0071
6266 wine_trace 00e8:trace:keyboard:X11DRV_InitKeyboard keycode 69 => vkey 0072
6266 wine_trace 00e8:trace:keyboard:X11DRV_InitKeyboard keycode 70 => vkey 0073
6266 wine_trace 00e8:trace:keyboard:X11DRV_InitKeyboard keycode 71 => vkey 0074
6266 wine_trace 00e8:trace:keyboard:X11DRV_InitKeyboard keycode 72 => vkey 0075
6266 wine_trace 00e8:trace:keyboard:X11DRV_InitKeyboard keycode 73 => vkey 0076
6266 wine_trace 00e8:trace:keyboard:X11DRV_InitKeyboard keycode 74 => vkey 0077
6266 wine_trace 00e8:trace:keyboard:X11DRV_InitKeyboard keycode 75 => vkey 0078
6266 wine_trace 00e8:trace:keyboard:X11DRV_InitKeyboard keycode 76 => vkey 0079
6266 wine_trace 00e8:trace:keyboard:X11DRV_InitKeyboard keycode 77 => vkey 0000
6266 wine_trace 00e8:trace:keyboard:X11DRV_InitKeyboard keycode 78 => vkey 0000
6266 wine_trace 00e8:trace:keyboard:X11DRV_InitKeyboard keycode 79 => vkey 0067
6266 wine_trace 00e8:trace:keyboard:X11DRV_InitKeyboard keycode 80 => vkey 0068
6267 wine_trace 00e8:trace:keyboard:X11DRV_InitKeyboard keycode 81 => vkey 0069
6267 wine_trace 00e8:trace:keyboard:X11DRV_InitKeyboard keycode 82 => vkey 006D
6267 wine_trace 00e8:trace:keyboard:X11DRV_InitKeyboard keycode 83 => vkey 0064
6267 wine_trace 00e8:trace:keyboard:X11DRV_InitKeyboard keycode 84 => vkey 0065
6267 wine_trace 00e8:trace:keyboard:X11DRV_InitKeyboard keycode 85 => vkey 0066
6267 wine_trace 00e8:trace:keyboard:X11DRV_InitKeyboard keycode 86 => vkey 006B
6267 wine_trace 00e8:trace:keyboard:X11DRV_InitKeyboard keycode 87 => vkey 0061
6267 wine_trace 00e8:trace:keyboard:X11DRV_InitKeyboard keycode 88 => vkey 0062
6267 wine_trace 00e8:trace:keyboard:X11DRV_InitKeyboard keycode 89 => vkey 0063
6267 wine_trace 00e8:trace:keyboard:X11DRV_InitKeyboard keycode 90 => vkey 0060
6267 wine_trace 00e8:trace:keyboard:X11DRV_InitKeyboard keycode 91 => vkey 002E
6267 wine_trace 00e8:trace:keyboard:X11DRV_InitKeyboard keycode 92 => vkey 0000
6268 wine_trace 00e8:trace:keyboard:X11DRV_InitKeyboard keycode 93 => vkey 0000
6268 wine_trace 00e8:trace:keyboard:X11DRV_InitKeyboard keycode 94 => vkey 0000
6268 wine_trace 00e8:trace:keyboard:X11DRV_InitKeyboard keycode 95 => vkey 007A
6268 wine_trace 00e8:trace:keyboard:X11DRV_InitKeyboard keycode 96 => vkey 007B
6268 wine_trace 00e8:trace:keyboard:X11DRV_InitKeyboard keycode 97 => vkey 0000
6268 wine_trace 00e8:trace:keyboard:X11DRV_InitKeyboard keycode 98 => vkey 0000
6268 wine_trace 00e8:trace:keyboard:X11DRV_InitKeyboard keycode 99 => vkey 0000
6268 wine_trace 00e8:trace:keyboard:X11DRV_InitKeyboard keycode 100 => vkey 0000
6268 wine_trace 00e8:trace:keyboard:X11DRV_InitKeyboard keycode 101 => vkey 0000
6269 wine_trace 00e8:trace:keyboard:X11DRV_InitKeyboard keycode 102 => vkey 0000
6269 wine_trace 00e8:trace:keyboard:X11DRV_InitKeyboard keycode 103 => vkey 0000
6269 wine_trace 00e8:trace:keyboard:X11DRV_InitKeyboard keycode 104 => vkey 0000
6270 wine_trace 00e8:trace:keyboard:X11DRV_InitKeyboard keycode 105 => vkey 01A3
6271 wine_trace 00e8:trace:keyboard:X11DRV_InitKeyboard keycode 106 => vkey 016F
6271 wine_trace 00e8:trace:keyboard:X11DRV_InitKeyboard keycode 107 => vkey 0000
6272 wine_trace 00e8:trace:keyboard:X11DRV_InitKeyboard keycode 108 => vkey 01A5
6272 wine_trace 00e8:trace:keyboard:X11DRV_InitKeyboard keycode 109 => vkey 0000
6273 wine_trace 00e8:trace:keyboard:X11DRV_InitKeyboard keycode 110 => vkey 0124
6273 wine_trace 00e8:trace:keyboard:X11DRV_InitKeyboard keycode 111 => vkey 0126
6274 wine_trace 00e8:trace:keyboard:X11DRV_InitKeyboard keycode 112 => vkey 0121
6274 wine_trace 00e8:trace:keyboard:X11DRV_InitKeyboard keycode 113 => vkey 0125
6275 wine_trace 00e8:trace:keyboard:X11DRV_InitKeyboard keycode 114 => vkey 0127
6275 wine_trace 00e8:trace:keyboard:X11DRV_InitKeyboard keycode 115 => vkey 0123
6275 wine_trace 00e8:trace:keyboard:X11DRV_InitKeyboard keycode 116 => vkey 0128
6275 wine_trace 00e8:trace:keyboard:X11DRV_InitKeyboard keycode 117 => vkey 0122
6275 wine_trace 00e8:trace:keyboard:X11DRV_InitKeyboard keycode 118 => vkey 012D
6276 wine_trace 00e8:trace:keyboard:X11DRV_InitKeyboard keycode 119 => vkey 012E
6276 wine_trace 00e8:warn:keyboard:X11DRV_InitKeyboard vkey 012E is being used by more than one keycode
6276 wine_trace 00e8:trace:keyboard:X11DRV_InitKeyboard keycode 120 => vkey 0000
6276 wine_trace 00e8:trace:keyboard:X11DRV_InitKeyboard keycode 121 => vkey 0000
6276 wine_trace 00e8:trace:keyboard:X11DRV_InitKeyboard keycode 122 => vkey 0000
6276 wine_trace 00e8:trace:keyboard:X11DRV_InitKeyboard keycode 123 => vkey 0000
6276 wine_trace 00e8:trace:keyboard:X11DRV_InitKeyboard keycode 124 => vkey 0000
6276 wine_trace 00e8:trace:keyboard:X11DRV_InitKeyboard keycode 125 => vkey 0000
6276 wine_trace 00e8:trace:keyboard:X11DRV_InitKeyboard keycode 126 => vkey 0000
6276 wine_trace 00e8:trace:keyboard:X11DRV_InitKeyboard keycode 127 => vkey 0000
6276 wine_trace 00e8:trace:keyboard:X11DRV_InitKeyboard keycode 128 => vkey 0000
6276 wine_trace 00e8:trace:keyboard:X11DRV_InitKeyboard keycode 129 => vkey 0000
6276 wine_trace 00e8:trace:keyboard:X11DRV_InitKeyboard keycode 130 => vkey 0000
6277 wine_trace 00e8:trace:keyboard:X11DRV_InitKeyboard keycode 131 => vkey 0000
6277 wine_trace 00e8:trace:keyboard:X11DRV_InitKeyboard keycode 132 => vkey 0000
6277 wine_trace 00e8:trace:keyboard:X11DRV_InitKeyboard keycode 133 => vkey 0000
6277 wine_trace 00e8:trace:keyboard:X11DRV_InitKeyboard keycode 134 => vkey 0000
6277 wine_trace 00e8:trace:keyboard:X11DRV_InitKeyboard keycode 135 => vkey 0000
6277 wine_trace 00e8:trace:keyboard:X11DRV_InitKeyboard keycode 136 => vkey 0000
6277 wine_trace 00e8:trace:keyboard:X11DRV_InitKeyboard keycode 137 => vkey 0000
6277 wine_trace 00e8:trace:keyboard:X11DRV_InitKeyboard keycode 138 => vkey 0000
6277 wine_trace 00e8:trace:keyboard:X11DRV_InitKeyboard keycode 139 => vkey 0000
6277 wine_trace 00e8:trace:keyboard:X11DRV_InitKeyboard keycode 140 => vkey 0000
6277 wine_trace 00e8:trace:keyboard:X11DRV_InitKeyboard keycode 141 => vkey 0000
6277 wine_trace 00e8:trace:keyboard:X11DRV_InitKeyboard keycode 142 => vkey 0000
6277 wine_trace 00e8:trace:keyboard:X11DRV_InitKeyboard keycode 143 => vkey 0000
6277 wine_trace 00e8:trace:keyboard:X11DRV_InitKeyboard keycode 144 => vkey 0000
6278 wine_trace 00e8:trace:keyboard:X11DRV_InitKeyboard keycode 145 => vkey 0000
6278 wine_trace 00e8:trace:keyboard:X11DRV_InitKeyboard keycode 146 => vkey 0000
6278 wine_trace 00e8:trace:keyboard:X11DRV_InitKeyboard keycode 147 => vkey 0000
6278 wine_trace 00e8:trace:keyboard:X11DRV_InitKeyboard keycode 148 => vkey 0000
6278 wine_trace 00e8:trace:keyboard:X11DRV_InitKeyboard keycode 149 => vkey 0000
6278 wine_trace 00e8:trace:keyboard:X11DRV_InitKeyboard keycode 150 => vkey 0000
6278 wine_trace 00e8:trace:keyboard:X11DRV_InitKeyboard keycode 151 => vkey 0000
6278 wine_trace 00e8:trace:keyboard:X11DRV_InitKeyboard keycode 152 => vkey 0000
6278 wine_trace 00e8:trace:keyboard:X11DRV_InitKeyboard keycode 153 => vkey 0000
6278 wine_trace 00e8:trace:keyboard:X11DRV_InitKeyboard keycode 154 => vkey 0000
6278 wine_trace 00e8:trace:keyboard:X11DRV_InitKeyboard keycode 155 => vkey 0000
6278 wine_trace 00e8:trace:keyboard:X11DRV_InitKeyboard keycode 156 => vkey 0000
6278 wine_trace 00e8:trace:keyboard:X11DRV_InitKeyboard keycode 157 => vkey 0000
6278 wine_trace 00e8:trace:keyboard:X11DRV_InitKeyboard keycode 158 => vkey 0000
6279 wine_trace 00e8:trace:keyboard:X11DRV_InitKeyboard keycode 159 => vkey 0000
6279 wine_trace 00e8:trace:keyboard:X11DRV_InitKeyboard keycode 160 => vkey 0000
6279 wine_trace 00e8:trace:keyboard:X11DRV_InitKeyboard keycode 161 => vkey 0000
6279 wine_trace 00e8:trace:keyboard:X11DRV_InitKeyboard keycode 162 => vkey 0000
6279 wine_trace 00e8:trace:keyboard:X11DRV_InitKeyboard keycode 163 => vkey 0000
6279 wine_trace 00e8:trace:keyboard:X11DRV_InitKeyboard keycode 164 => vkey 0000
6279 wine_trace 00e8:trace:keyboard:X11DRV_InitKeyboard keycode 165 => vkey 0000
6279 wine_trace 00e8:trace:keyboard:X11DRV_InitKeyboard keycode 166 => vkey 0000
6279 wine_trace 00e8:trace:keyboard:X11DRV_InitKeyboard keycode 167 => vkey 0000
6279 wine_trace 00e8:trace:keyboard:X11DRV_InitKeyboard keycode 168 => vkey 0000
6279 wine_trace 00e8:trace:keyboard:X11DRV_InitKeyboard keycode 169 => vkey 0000
6279 wine_trace 00e8:trace:keyboard:X11DRV_InitKeyboard keycode 170 => vkey 0000
6279 wine_trace 00e8:trace:keyboard:X11DRV_InitKeyboard keycode 171 => vkey 0000
6280 wine_trace 00e8:trace:keyboard:X11DRV_InitKeyboard keycode 172 => vkey 0000
6280 wine_trace 00e8:trace:keyboard:X11DRV_InitKeyboard keycode 173 => vkey 0000
6280 wine_trace 00e8:trace:keyboard:X11DRV_InitKeyboard keycode 174 => vkey 0000
6280 wine_trace 00e8:trace:keyboard:X11DRV_InitKeyboard keycode 175 => vkey 0000
6280 wine_trace 00e8:trace:keyboard:X11DRV_InitKeyboard keycode 176 => vkey 0000
6280 wine_trace 00e8:trace:keyboard:X11DRV_InitKeyboard keycode 177 => vkey 0000
6280 wine_trace 00e8:trace:keyboard:X11DRV_InitKeyboard keycode 178 => vkey 0000
6280 wine_trace 00e8:trace:keyboard:X11DRV_InitKeyboard keycode 179 => vkey 0000
6280 wine_trace 00e8:trace:keyboard:X11DRV_InitKeyboard keycode 180 => vkey 0000
6280 wine_trace 00e8:trace:keyboard:X11DRV_InitKeyboard keycode 181 => vkey 0000
6280 wine_trace 00e8:trace:keyboard:X11DRV_InitKeyboard keycode 182 => vkey 0000
6280 wine_trace 00e8:trace:keyboard:X11DRV_InitKeyboard keycode 183 => vkey 0000
6280 wine_trace 00e8:trace:keyboard:X11DRV_InitKeyboard keycode 184 => vkey 0000
6280 wine_trace 00e8:trace:keyboard:X11DRV_InitKeyboard keycode 185 => vkey 0000
6281 wine_trace 00e8:trace:keyboard:X11DRV_InitKeyboard keycode 186 => vkey 0000
6281 wine_trace 00e8:trace:keyboard:X11DRV_InitKeyboard keycode 187 => vkey 0000
6281 wine_trace 00e8:trace:keyboard:X11DRV_InitKeyboard keycode 188 => vkey 0000
6281 wine_trace 00e8:trace:keyboard:X11DRV_InitKeyboard keycode 189 => vkey 0000
6281 wine_trace 00e8:trace:keyboard:X11DRV_InitKeyboard keycode 190 => vkey 0000
6281 wine_trace 00e8:trace:keyboard:X11DRV_InitKeyboard keycode 191 => vkey 0000
6281 wine_trace 00e8:trace:keyboard:X11DRV_InitKeyboard keycode 192 => vkey 0000
6281 wine_trace 00e8:trace:keyboard:X11DRV_InitKeyboard keycode 193 => vkey 0000
6281 wine_trace 00e8:trace:keyboard:X11DRV_InitKeyboard keycode 194 => vkey 0000
6281 wine_trace 00e8:trace:keyboard:X11DRV_InitKeyboard keycode 195 => vkey 0000
6281 wine_trace 00e8:trace:keyboard:X11DRV_InitKeyboard keycode 196 => vkey 0000
6281 wine_trace 00e8:trace:keyboard:X11DRV_InitKeyboard keycode 197 => vkey 0000
6281 wine_trace 00e8:trace:keyboard:X11DRV_InitKeyboard keycode 198 => vkey 0000
6282 wine_trace 00e8:trace:keyboard:X11DRV_InitKeyboard keycode 199 => vkey 0000
6282 wine_trace 00e8:trace:keyboard:X11DRV_InitKeyboard keycode 200 => vkey 0000
6282 wine_trace 00e8:trace:keyboard:X11DRV_InitKeyboard keycode 201 => vkey 0000
6282 wine_trace 00e8:trace:keyboard:X11DRV_InitKeyboard keycode 202 => vkey 0000
6282 wine_trace 00e8:trace:keyboard:X11DRV_InitKeyboard keycode 203 => vkey 0000
6282 wine_trace 00e8:trace:keyboard:X11DRV_InitKeyboard keycode 204 => vkey 0000
6282 wine_trace 00e8:trace:keyboard:X11DRV_InitKeyboard keycode 205 => vkey 0000
6282 wine_trace 00e8:trace:keyboard:X11DRV_InitKeyboard keycode 206 => vkey 0000
6282 wine_trace 00e8:trace:keyboard:X11DRV_InitKeyboard keycode 207 => vkey 0000
6282 wine_trace 00e8:trace:keyboard:X11DRV_InitKeyboard keycode 208 => vkey 0000
6282 wine_trace 00e8:trace:keyboard:X11DRV_InitKeyboard keycode 209 => vkey 0000
6282 wine_trace 00e8:trace:keyboard:X11DRV_InitKeyboard keycode 210 => vkey 0000
6282 wine_trace 00e8:trace:keyboard:X11DRV_InitKeyboard keycode 211 => vkey 0000
6282 wine_trace 00e8:trace:keyboard:X11DRV_InitKeyboard keycode 212 => vkey 0000
6283 wine_trace 00e8:trace:keyboard:X11DRV_InitKeyboard keycode 213 => vkey 0000
6283 wine_trace 00e8:trace:keyboard:X11DRV_InitKeyboard keycode 214 => vkey 0000
6283 wine_trace 00e8:trace:keyboard:X11DRV_InitKeyboard keycode 215 => vkey 0000
6283 wine_trace 00e8:trace:keyboard:X11DRV_InitKeyboard keycode 216 => vkey 0000
6283 wine_trace 00e8:trace:keyboard:X11DRV_InitKeyboard keycode 217 => vkey 0000
6283 wine_trace 00e8:trace:keyboard:X11DRV_InitKeyboard keycode 218 => vkey 0000
6283 wine_trace 00e8:trace:keyboard:X11DRV_InitKeyboard keycode 219 => vkey 0000
6283 wine_trace 00e8:trace:keyboard:X11DRV_InitKeyboard keycode 220 => vkey 0000
6283 wine_trace 00e8:trace:keyboard:X11DRV_InitKeyboard keycode 221 => vkey 0000
6283 wine_trace 00e8:trace:keyboard:X11DRV_InitKeyboard keycode 222 => vkey 0000
6283 wine_trace 00e8:trace:keyboard:X11DRV_InitKeyboard keycode 223 => vkey 0000
6283 wine_trace 00e8:trace:keyboard:X11DRV_InitKeyboard keycode 224 => vkey 0000
6284 wine_trace 00e8:trace:keyboard:X11DRV_InitKeyboard keycode 225 => vkey 0000
6284 wine_trace 00e8:trace:keyboard:X11DRV_InitKeyboard keycode 226 => vkey 0000
6284 wine_trace 00e8:trace:keyboard:X11DRV_InitKeyboard keycode 227 => vkey 0000
6284 wine_trace 00e8:trace:keyboard:X11DRV_InitKeyboard keycode 228 => vkey 0000
6284 wine_trace 00e8:trace:keyboard:X11DRV_InitKeyboard keycode 229 => vkey 0000
6284 wine_trace 00e8:trace:keyboard:X11DRV_InitKeyboard keycode 230 => vkey 0000
6284 wine_trace 00e8:trace:keyboard:X11DRV_InitKeyboard keycode 231 => vkey 0000
6284 wine_trace 00e8:trace:keyboard:X11DRV_InitKeyboard keycode 232 => vkey 0000
6284 wine_trace 00e8:trace:keyboard:X11DRV_InitKeyboard keycode 233 => vkey 0000
6284 wine_trace 00e8:trace:keyboard:X11DRV_InitKeyboard keycode 234 => vkey 0000
6284 wine_trace 00e8:trace:keyboard:X11DRV_InitKeyboard keycode 235 => vkey 0000
6284 wine_trace 00e8:trace:keyboard:X11DRV_InitKeyboard keycode 236 => vkey 0000
6284 wine_trace 00e8:trace:keyboard:X11DRV_InitKeyboard keycode 237 => vkey 0000
6285 wine_trace 00e8:trace:keyboard:X11DRV_InitKeyboard keycode 238 => vkey 0000
6285 wine_trace 00e8:trace:keyboard:X11DRV_InitKeyboard keycode 239 => vkey 0000
6285 wine_trace 00e8:trace:keyboard:X11DRV_InitKeyboard keycode 240 => vkey 0000
6285 wine_trace 00e8:trace:keyboard:X11DRV_InitKeyboard keycode 241 => vkey 0000
6285 wine_trace 00e8:trace:keyboard:X11DRV_InitKeyboard keycode 242 => vkey 0000
6285 wine_trace 00e8:trace:keyboard:X11DRV_InitKeyboard keycode 243 => vkey 0000
6286 wine_trace 00e8:trace:keyboard:X11DRV_InitKeyboard keycode 244 => vkey 0000
6286 wine_trace 00e8:trace:keyboard:X11DRV_InitKeyboard keycode 245 => vkey 0000
6286 wine_trace 00e8:trace:keyboard:X11DRV_InitKeyboard keycode 246 => vkey 0000
6286 wine_trace 00e8:trace:keyboard:X11DRV_InitKeyboard keycode 247 => vkey 0000
6286 wine_trace 00e8:trace:keyboard:X11DRV_InitKeyboard keycode 248 => vkey 0000
6286 wine_trace 00e8:trace:keyboard:X11DRV_InitKeyboard keycode 249 => vkey 0000
6286 wine_trace 00e8:trace:keyboard:X11DRV_InitKeyboard keycode 250 => vkey 0000
6286 wine_trace 00e8:trace:keyboard:X11DRV_InitKeyboard keycode 251 => vkey 0000
6286 wine_trace 00e8:trace:keyboard:X11DRV_InitKeyboard keycode 252 => vkey 0000
6286 wine_trace 00e8:trace:keyboard:X11DRV_InitKeyboard keycode 253 => vkey 0000
6286 wine_trace 00e8:trace:keyboard:X11DRV_InitKeyboard keycode 254 => vkey 0000
6286 wine_trace 00e8:trace:keyboard:X11DRV_InitKeyboard keycode 255 => vkey 0000
6328 wine_trace 00f0:trace:keyboard:NtUserGetKeyboardLayoutName name 0x14023e860
6328 wine_trace 00f0:trace:keyboard:NtUserGetKeyboardLayoutName ret L"00000409"
11794 pointer_focus point={id=25165831,parent=3,name=nogui - Wine Desktop,class=explorer.exe,mapped=true,viewable=false,enabled=false,renderable=true,surface=false,application=true,keyPress=true,keyRelease=true,focusChange=true},focus_before={id=25165831,parent=3,name=nogui - Wine Desktop,class=explorer.exe,mapped=true,viewable=false,enabled=false,renderable=true,surface=false,application=true,keyPress=true,keyRelease=true,focusChange=true}
11794 pointer_focus_result focus_after={id=25165831,parent=3,name=nogui - Wine Desktop,class=explorer.exe,mapped=true,viewable=false,enabled=false,renderable=true,surface=false,application=true,keyPress=true,keyRelease=true,focusChange=true}
32809 window_map id=16777262,parent=3,name=,class=,mapped=true,viewable=true,enabled=true,renderable=false,surface=false,application=false,keyPress=false,keyRelease=false,focusChange=false,focus_before={id=25165831,parent=3,name=nogui - Wine Desktop,class=explorer.exe,mapped=true,viewable=false,enabled=false,renderable=true,surface=false,application=true,keyPress=true,keyRelease=true,focusChange=true}
32810 window_map_result id=16777262,focus_after={id=25165831,parent=3,name=nogui - Wine Desktop,class=explorer.exe,mapped=true,viewable=false,enabled=false,renderable=true,surface=false,application=true,keyPress=true,keyRelease=true,focusChange=true}
32925 window_map id=16777264,parent=29360131,name=,class=,mapped=true,viewable=true,enabled=true,renderable=false,surface=false,application=false,keyPress=false,keyRelease=false,focusChange=false,focus_before={id=25165831,parent=3,name=nogui - Wine Desktop,class=explorer.exe,mapped=true,viewable=false,enabled=false,renderable=true,surface=false,application=true,keyPress=true,keyRelease=true,focusChange=true}
32925 window_map_result id=16777264,focus_after={id=25165831,parent=3,name=nogui - Wine Desktop,class=explorer.exe,mapped=true,viewable=false,enabled=false,renderable=true,surface=false,application=true,keyPress=true,keyRelease=true,focusChange=true}
32945 window_map id=16777266,parent=25165831,name=,class=,mapped=true,viewable=true,enabled=true,renderable=false,surface=false,application=false,keyPress=false,keyRelease=false,focusChange=false,focus_before={id=25165831,parent=3,name=nogui - Wine Desktop,class=explorer.exe,mapped=true,viewable=false,enabled=false,renderable=true,surface=false,application=true,keyPress=true,keyRelease=true,focusChange=true}
32946 window_map_result id=16777266,focus_after={id=25165831,parent=3,name=nogui - Wine Desktop,class=explorer.exe,mapped=true,viewable=false,enabled=false,renderable=true,surface=false,application=true,keyPress=true,keyRelease=true,focusChange=true}
32946 window_map id=16777267,parent=29360131,name=,class=,mapped=true,viewable=true,enabled=true,renderable=false,surface=false,application=false,keyPress=false,keyRelease=false,focusChange=false,focus_before={id=25165831,parent=3,name=nogui - Wine Desktop,class=explorer.exe,mapped=true,viewable=false,enabled=false,renderable=true,surface=false,application=true,keyPress=true,keyRelease=true,focusChange=true}
32946 window_map_result id=16777267,focus_after={id=25165831,parent=3,name=nogui - Wine Desktop,class=explorer.exe,mapped=true,viewable=false,enabled=false,renderable=true,surface=false,application=true,keyPress=true,keyRelease=true,focusChange=true}
33143 window_map id=16777271,parent=29360132,name=,class=,mapped=true,viewable=true,enabled=true,renderable=true,surface=false,application=false,keyPress=false,keyRelease=false,focusChange=false,focus_before={id=25165831,parent=3,name=nogui - Wine Desktop,class=explorer.exe,mapped=true,viewable=false,enabled=false,renderable=true,surface=false,application=true,keyPress=true,keyRelease=true,focusChange=true}
33143 window_map_result id=16777271,focus_after={id=25165831,parent=3,name=nogui - Wine Desktop,class=explorer.exe,mapped=true,viewable=false,enabled=false,renderable=true,surface=false,application=true,keyPress=true,keyRelease=true,focusChange=true}
33173 window_map id=16777275,parent=29360133,name=,class=,mapped=true,viewable=true,enabled=true,renderable=false,surface=false,application=false,keyPress=false,keyRelease=false,focusChange=false,focus_before={id=25165831,parent=3,name=nogui - Wine Desktop,class=explorer.exe,mapped=true,viewable=false,enabled=false,renderable=true,surface=false,application=true,keyPress=true,keyRelease=true,focusChange=true}
33173 window_map_result id=16777275,focus_after={id=25165831,parent=3,name=nogui - Wine Desktop,class=explorer.exe,mapped=true,viewable=false,enabled=false,renderable=true,surface=false,application=true,keyPress=true,keyRelease=true,focusChange=true}
33186 window_map id=16777277,parent=29360133,name=,class=,mapped=true,viewable=true,enabled=true,renderable=false,surface=false,application=false,keyPress=false,keyRelease=false,focusChange=false,focus_before={id=25165831,parent=3,name=nogui - Wine Desktop,class=explorer.exe,mapped=true,viewable=false,enabled=false,renderable=true,surface=false,application=true,keyPress=true,keyRelease=true,focusChange=true}
33186 window_map_result id=16777277,focus_after={id=25165831,parent=3,name=nogui - Wine Desktop,class=explorer.exe,mapped=true,viewable=false,enabled=false,renderable=true,surface=false,application=true,keyPress=true,keyRelease=true,focusChange=true}
34667 window_map id=16777283,parent=29360132,name=,class=,mapped=true,viewable=true,enabled=true,renderable=true,surface=false,application=false,keyPress=false,keyRelease=false,focusChange=false,focus_before={id=25165831,parent=3,name=nogui - Wine Desktop,class=explorer.exe,mapped=true,viewable=false,enabled=false,renderable=true,surface=false,application=true,keyPress=true,keyRelease=true,focusChange=true}
34667 window_map_result id=16777283,focus_after={id=25165831,parent=3,name=nogui - Wine Desktop,class=explorer.exe,mapped=true,viewable=false,enabled=false,renderable=true,surface=false,application=true,keyPress=true,keyRelease=true,focusChange=true}
35015 wine_trace 00e8:trace:rawinput:NtUserRegisterRawInputDevices devices 0x800dfc40, device_count 2, device_size 16.
35015 wine_trace 00e8:trace:rawinput:NtUserRegisterRawInputDevices device 0: page 0x1, usage 0x2, flags 0, target 0x20084.
35015 wine_trace 00e8:trace:rawinput:NtUserRegisterRawInputDevices device 1: page 0x1, usage 0x6, flags 0, target 0x20084.
35016 wine_trace 00e8:trace:rawinput:rawinput_update_device_list 
35020 wine_trace 00e8:warn:rawinput:add_device Failed to open device file L"\\??\\HID#VID_845E&PID_0001#0&0000&0&0&0#{378DE44C-56EF-11D1-BC8C-00A0C91405DD}", status 0xc0000034.
35023 wine_trace 00e8:warn:rawinput:add_device Failed to open device file L"\\??\\HID#VID_845E&PID_0002#0&0000FFFFFFFF0002845E&0&0&0#{884B96C3-56EF-11D1-BC8C-00A0C91405DD}", status 0xc0000034.
35024 wine_trace 00e8:warn:rawinput:add_device Failed to open device file L"\\??\\HID#VID_845E&PID_0001#0&0000&0&0&0#{4D1E55B2-F16F-11CF-88CB-001111000030}", status 0xc0000034.
35025 wine_trace 00e8:warn:rawinput:add_device Failed to open device file L"\\??\\HID#VID_845E&PID_0002#0&0000FFFFFFFF0002845E&0&0&0#{4D1E55B2-F16F-11CF-88CB-001111000030}", status 0xc0000034.
35030 wine_trace 00e8:trace:rawinput:NtUserGetRawInputDeviceList device_list (nil), device_count 0x800dfc30, size 16.
35030 wine_trace 00e8:trace:rawinput:rawinput_update_device_list 
35037 wine_trace 00e8:trace:rawinput:NtUserGetRawInputDeviceList device_list (nil), device_count 0x800dfc38, size 16.
35038 wine_trace 00e8:trace:rawinput:rawinput_update_device_list 
35038 wine_trace 00e8:trace:rawinput:NtUserRegisterRawInputDevices devices 0x800df370, device_count 1, device_size 16.
35038 wine_trace 00e8:trace:rawinput:NtUserRegisterRawInputDevices device 0: page 0x1, usage 0x2, flags 0, target 0x20084.
35038 wine_trace 00e8:trace:rawinput:rawinput_update_device_list 
35039 wine_trace 00e8:warn:rawinput:add_device Failed to open device file L"\\??\\HID#VID_845E&PID_0001#0&0000&0&0&0#{378DE44C-56EF-11D1-BC8C-00A0C91405DD}", status 0xc0000034.
35040 wine_trace 00e8:warn:rawinput:add_device Failed to open device file L"\\??\\HID#VID_845E&PID_0002#0&0000FFFFFFFF0002845E&0&0&0#{884B96C3-56EF-11D1-BC8C-00A0C91405DD}", status 0xc0000034.
35041 wine_trace 00e8:warn:rawinput:add_device Failed to open device file L"\\??\\HID#VID_845E&PID_0001#0&0000&0&0&0#{4D1E55B2-F16F-11CF-88CB-001111000030}", status 0xc0000034.
35042 wine_trace 00e8:warn:rawinput:add_device Failed to open device file L"\\??\\HID#VID_845E&PID_0002#0&0000FFFFFFFF0002845E&0&0&0#{4D1E55B2-F16F-11CF-88CB-001111000030}", status 0xc0000034.
35056 window_map id=16777287,parent=29360134,name=,class=,mapped=true,viewable=true,enabled=true,renderable=false,surface=false,application=false,keyPress=false,keyRelease=false,focusChange=false,focus_before={id=25165831,parent=3,name=nogui - Wine Desktop,class=explorer.exe,mapped=true,viewable=false,enabled=false,renderable=true,surface=false,application=true,keyPress=true,keyRelease=true,focusChange=true}
35057 window_map_result id=16777287,focus_after={id=25165831,parent=3,name=nogui - Wine Desktop,class=explorer.exe,mapped=true,viewable=false,enabled=false,renderable=true,surface=false,application=true,keyPress=true,keyRelease=true,focusChange=true}
35085 window_map id=16777289,parent=29360134,name=,class=,mapped=true,viewable=true,enabled=true,renderable=false,surface=false,application=false,keyPress=false,keyRelease=false,focusChange=false,focus_before={id=25165831,parent=3,name=nogui - Wine Desktop,class=explorer.exe,mapped=true,viewable=false,enabled=false,renderable=true,surface=false,application=true,keyPress=true,keyRelease=true,focusChange=true}
35085 window_map_result id=16777289,focus_after={id=25165831,parent=3,name=nogui - Wine Desktop,class=explorer.exe,mapped=true,viewable=false,enabled=false,renderable=true,surface=false,application=true,keyPress=true,keyRelease=true,focusChange=true}
35204 window_map id=29360129,parent=25165831,name=DAVE THE DIVER,class=davethediver.exe,mapped=true,viewable=true,enabled=true,renderable=true,surface=false,application=true,keyPress=true,keyRelease=true,focusChange=true,focus_before={id=25165831,parent=3,name=nogui - Wine Desktop,class=explorer.exe,mapped=true,viewable=false,enabled=false,renderable=true,surface=false,application=true,keyPress=true,keyRelease=true,focusChange=true}
35205 focus_notify previous={id=25165831,parent=3,name=nogui - Wine Desktop,class=explorer.exe,mapped=true,viewable=false,enabled=false,renderable=true,surface=false,application=true,keyPress=true,keyRelease=true,focusChange=true},focused={id=29360129,parent=25165831,name=DAVE THE DIVER,class=davethediver.exe,mapped=true,viewable=true,enabled=true,renderable=true,surface=false,application=true,keyPress=true,keyRelease=true,focusChange=true},outDetail=INFERIOR,inDetail=ANCESTOR,outSelected=true,inSelected=true
35205 window_map_result id=29360129,focus_after={id=29360129,parent=25165831,name=DAVE THE DIVER,class=davethediver.exe,mapped=true,viewable=true,enabled=true,renderable=true,surface=false,application=true,keyPress=true,keyRelease=true,focusChange=true}
35228 wine_trace 00e8:trace:rawinput:NtUserRegisterRawInputDevices devices 0x800df960, device_count 2, device_size 16.
35229 wine_trace 00e8:trace:rawinput:NtUserRegisterRawInputDevices device 0: page 0x1, usage 0x2, flags 0, target 0x20084.
35229 wine_trace 00e8:trace:rawinput:NtUserRegisterRawInputDevices device 1: page 0x1, usage 0x6, flags 0, target 0x20084.
35229 wine_trace 00e8:trace:rawinput:rawinput_update_device_list 
35229 wine_trace 00e8:warn:rawinput:add_device Failed to open device file L"\\??\\HID#VID_845E&PID_0001#0&0000&0&0&0#{378DE44C-56EF-11D1-BC8C-00A0C91405DD}", status 0xc0000034.
35230 wine_trace 00e8:warn:rawinput:add_device Failed to open device file L"\\??\\HID#VID_845E&PID_0002#0&0000FFFFFFFF0002845E&0&0&0#{884B96C3-56EF-11D1-BC8C-00A0C91405DD}", status 0xc0000034.
35231 wine_trace 00e8:warn:rawinput:add_device Failed to open device file L"\\??\\HID#VID_845E&PID_0001#0&0000&0&0&0#{4D1E55B2-F16F-11CF-88CB-001111000030}", status 0xc0000034.
35231 wine_trace 00e8:warn:rawinput:add_device Failed to open device file L"\\??\\HID#VID_845E&PID_0002#0&0000FFFFFFFF0002845E&0&0&0#{4D1E55B2-F16F-11CF-88CB-001111000030}", status 0xc0000034.
35232 wine_trace 00e8:trace:rawinput:NtUserRegisterRawInputDevices devices 0x800df880, device_count 1, device_size 16.
35232 wine_trace 00e8:trace:rawinput:NtUserRegisterRawInputDevices device 0: page 0x1, usage 0x2, flags 0, target 0x20084.
35232 wine_trace 00e8:trace:rawinput:rawinput_update_device_list 
35232 wine_trace 00e8:warn:rawinput:add_device Failed to open device file L"\\??\\HID#VID_845E&PID_0001#0&0000&0&0&0#{378DE44C-56EF-11D1-BC8C-00A0C91405DD}", status 0xc0000034.
35233 wine_trace 00e8:warn:rawinput:add_device Failed to open device file L"\\??\\HID#VID_845E&PID_0002#0&0000FFFFFFFF0002845E&0&0&0#{884B96C3-56EF-11D1-BC8C-00A0C91405DD}", status 0xc0000034.
35234 wine_trace 00e8:warn:rawinput:add_device Failed to open device file L"\\??\\HID#VID_845E&PID_0001#0&0000&0&0&0#{4D1E55B2-F16F-11CF-88CB-001111000030}", status 0xc0000034.
35234 wine_trace 00e8:warn:rawinput:add_device Failed to open device file L"\\??\\HID#VID_845E&PID_0002#0&0000FFFFFFFF0002845E&0&0&0#{4D1E55B2-F16F-11CF-88CB-001111000030}", status 0xc0000034.
35262 wine_trace 00e8:trace:rawinput:NtUserRegisterRawInputDevices devices 0x800dfc40, device_count 2, device_size 16.
35263 wine_trace 00e8:trace:rawinput:NtUserRegisterRawInputDevices device 0: page 0x1, usage 0x2, flags 0, target 0x20084.
35263 wine_trace 00e8:trace:rawinput:NtUserRegisterRawInputDevices device 1: page 0x1, usage 0x6, flags 0, target 0x20084.
35263 wine_trace 00e8:trace:rawinput:rawinput_update_device_list 
35263 wine_trace 00e8:warn:rawinput:add_device Failed to open device file L"\\??\\HID#VID_845E&PID_0001#0&0000&0&0&0#{378DE44C-56EF-11D1-BC8C-00A0C91405DD}", status 0xc0000034.
35264 wine_trace 00e8:warn:rawinput:add_device Failed to open device file L"\\??\\HID#VID_845E&PID_0002#0&0000FFFFFFFF0002845E&0&0&0#{884B96C3-56EF-11D1-BC8C-00A0C91405DD}", status 0xc0000034.
35264 wine_trace 00e8:warn:rawinput:add_device Failed to open device file L"\\??\\HID#VID_845E&PID_0001#0&0000&0&0&0#{4D1E55B2-F16F-11CF-88CB-001111000030}", status 0xc0000034.
35265 wine_trace 00e8:warn:rawinput:add_device Failed to open device file L"\\??\\HID#VID_845E&PID_0002#0&0000FFFFFFFF0002845E&0&0&0#{4D1E55B2-F16F-11CF-88CB-001111000030}", status 0xc0000034.
35265 wine_trace 00e8:trace:rawinput:NtUserRegisterRawInputDevices devices 0x800dfb60, device_count 1, device_size 16.
35266 wine_trace 00e8:trace:rawinput:NtUserRegisterRawInputDevices device 0: page 0x1, usage 0x2, flags 0, target 0x20084.
35266 wine_trace 00e8:trace:rawinput:rawinput_update_device_list 
35266 wine_trace 00e8:warn:rawinput:add_device Failed to open device file L"\\??\\HID#VID_845E&PID_0001#0&0000&0&0&0#{378DE44C-56EF-11D1-BC8C-00A0C91405DD}", status 0xc0000034.
35266 wine_trace 00e8:warn:rawinput:add_device Failed to open device file L"\\??\\HID#VID_845E&PID_0002#0&0000FFFFFFFF0002845E&0&0&0#{884B96C3-56EF-11D1-BC8C-00A0C91405DD}", status 0xc0000034.
35267 wine_trace 00e8:warn:rawinput:add_device Failed to open device file L"\\??\\HID#VID_845E&PID_0001#0&0000&0&0&0#{4D1E55B2-F16F-11CF-88CB-001111000030}", status 0xc0000034.
35267 wine_trace 00e8:warn:rawinput:add_device Failed to open device file L"\\??\\HID#VID_845E&PID_0002#0&0000FFFFFFFF0002845E&0&0&0#{4D1E55B2-F16F-11CF-88CB-001111000030}", status 0xc0000034.
35585 window_map id=16777331,parent=29360129,name=,class=,mapped=true,viewable=true,enabled=true,renderable=true,surface=false,application=false,keyPress=false,keyRelease=false,focusChange=false,focus_before={id=29360129,parent=25165831,name=DAVE THE DIVER,class=davethediver.exe,mapped=true,viewable=true,enabled=true,renderable=true,surface=false,application=true,keyPress=true,keyRelease=true,focusChange=true}
35585 window_map_result id=16777331,focus_after={id=29360129,parent=25165831,name=DAVE THE DIVER,class=davethediver.exe,mapped=true,viewable=true,enabled=true,renderable=true,surface=false,application=true,keyPress=true,keyRelease=true,focusChange=true}
35710 wine_trace 00e8:trace:keyboard:NtUserMapVirtualKeyEx code 0, type 3, layout 0x4090409.
35710 wine_trace 00e8:trace:keyboard:X11DRV_MapVirtualKeyEx wCode=0x0, wMapType=3, hkl 0x4090409
35710 wine_trace 00e8:trace:keyboard:X11DRV_MapVirtualKeyEx returning 0x0.
35711 wine_trace 00e8:trace:keyboard:NtUserMapVirtualKeyEx code 0, type 3, layout 0x4090409.
35711 wine_trace 00e8:trace:keyboard:X11DRV_MapVirtualKeyEx wCode=0x0, wMapType=3, hkl 0x4090409
35711 wine_trace 00e8:trace:keyboard:X11DRV_MapVirtualKeyEx returning 0x0.
35711 wine_trace 00e8:trace:keyboard:NtUserMapVirtualKeyEx code 0, type 3, layout 0x4090409.
35711 wine_trace 00e8:trace:keyboard:X11DRV_MapVirtualKeyEx wCode=0x0, wMapType=3, hkl 0x4090409
35712 wine_trace 00e8:trace:keyboard:X11DRV_MapVirtualKeyEx returning 0x0.
35712 wine_trace 00e8:trace:keyboard:NtUserMapVirtualKeyEx code 0, type 3, layout 0x4090409.
35712 wine_trace 00e8:trace:keyboard:X11DRV_MapVirtualKeyEx wCode=0x0, wMapType=3, hkl 0x4090409
35712 wine_trace 00e8:trace:keyboard:X11DRV_MapVirtualKeyEx returning 0x0.
35712 wine_trace 00e8:trace:keyboard:NtUserMapVirtualKeyEx code 0, type 3, layout 0x4090409.
35712 wine_trace 00e8:trace:keyboard:X11DRV_MapVirtualKeyEx wCode=0x0, wMapType=3, hkl 0x4090409
35713 wine_trace 00e8:trace:keyboard:X11DRV_MapVirtualKeyEx returning 0x0.
35713 wine_trace 00e8:trace:keyboard:NtUserMapVirtualKeyEx code 0, type 3, layout 0x4090409.
35713 wine_trace 00e8:trace:keyboard:X11DRV_MapVirtualKeyEx wCode=0x0, wMapType=3, hkl 0x4090409
35713 wine_trace 00e8:trace:keyboard:X11DRV_MapVirtualKeyEx returning 0x0.
35713 wine_trace 00e8:trace:keyboard:NtUserMapVirtualKeyEx code 0, type 3, layout 0x4090409.
35713 wine_trace 00e8:trace:keyboard:X11DRV_MapVirtualKeyEx wCode=0x0, wMapType=3, hkl 0x4090409
35714 wine_trace 00e8:trace:keyboard:X11DRV_MapVirtualKeyEx returning 0x0.
35714 wine_trace 00e8:trace:keyboard:NtUserMapVirtualKeyEx code 0, type 3, layout 0x4090409.
35714 wine_trace 00e8:trace:keyboard:X11DRV_MapVirtualKeyEx wCode=0x0, wMapType=3, hkl 0x4090409
35714 wine_trace 00e8:trace:keyboard:X11DRV_MapVirtualKeyEx returning 0x0.
35714 wine_trace 00e8:trace:keyboard:NtUserMapVirtualKeyEx code 0, type 3, layout 0x4090409.
35714 wine_trace 00e8:trace:keyboard:X11DRV_MapVirtualKeyEx wCode=0x0, wMapType=3, hkl 0x4090409
35715 wine_trace 00e8:trace:keyboard:X11DRV_MapVirtualKeyEx returning 0x0.
35715 wine_trace 00e8:trace:keyboard:NtUserMapVirtualKeyEx code 0, type 3, layout 0x4090409.
35715 wine_trace 00e8:trace:keyboard:X11DRV_MapVirtualKeyEx wCode=0x0, wMapType=3, hkl 0x4090409
35715 wine_trace 00e8:trace:keyboard:X11DRV_MapVirtualKeyEx returning 0x0.
35715 wine_trace 00e8:trace:keyboard:NtUserMapVirtualKeyEx code 0, type 3, layout 0x4090409.
35716 wine_trace 00e8:trace:keyboard:X11DRV_MapVirtualKeyEx wCode=0x0, wMapType=3, hkl 0x4090409
35716 wine_trace 00e8:trace:keyboard:X11DRV_MapVirtualKeyEx returning 0x0.
35716 wine_trace 00e8:trace:keyboard:NtUserMapVirtualKeyEx code 0, type 3, layout 0x4090409.
35716 wine_trace 00e8:trace:keyboard:X11DRV_MapVirtualKeyEx wCode=0x0, wMapType=3, hkl 0x4090409
35716 wine_trace 00e8:trace:keyboard:X11DRV_MapVirtualKeyEx returning 0x0.
35716 wine_trace 00e8:trace:keyboard:NtUserMapVirtualKeyEx code 0, type 3, layout 0x4090409.
35717 wine_trace 00e8:trace:keyboard:X11DRV_MapVirtualKeyEx wCode=0x0, wMapType=3, hkl 0x4090409
35717 wine_trace 00e8:trace:keyboard:X11DRV_MapVirtualKeyEx returning 0x0.
35717 wine_trace 00e8:trace:keyboard:NtUserMapVirtualKeyEx code 0, type 3, layout 0x4090409.
35717 wine_trace 00e8:trace:keyboard:X11DRV_MapVirtualKeyEx wCode=0x0, wMapType=3, hkl 0x4090409
35717 wine_trace 00e8:trace:keyboard:X11DRV_MapVirtualKeyEx returning 0x0.
35717 wine_trace 00e8:trace:keyboard:NtUserMapVirtualKeyEx code 0, type 3, layout 0x4090409.
35718 wine_trace 00e8:trace:keyboard:X11DRV_MapVirtualKeyEx wCode=0x0, wMapType=3, hkl 0x4090409
35718 wine_trace 00e8:trace:keyboard:X11DRV_MapVirtualKeyEx returning 0x0.
35718 wine_trace 00e8:trace:keyboard:NtUserMapVirtualKeyEx code 0, type 3, layout 0x4090409.
35718 wine_trace 00e8:trace:keyboard:X11DRV_MapVirtualKeyEx wCode=0x0, wMapType=3, hkl 0x4090409
35718 wine_trace 00e8:trace:keyboard:X11DRV_MapVirtualKeyEx returning 0x0.
35719 wine_trace 00e8:trace:keyboard:NtUserMapVirtualKeyEx code 0, type 3, layout 0x4090409.
35719 wine_trace 00e8:trace:keyboard:X11DRV_MapVirtualKeyEx wCode=0x0, wMapType=3, hkl 0x4090409
35719 wine_trace 00e8:trace:keyboard:X11DRV_MapVirtualKeyEx returning 0x0.
35719 wine_trace 00e8:trace:keyboard:NtUserMapVirtualKeyEx code 0, type 3, layout 0x4090409.
35719 wine_trace 00e8:trace:keyboard:X11DRV_MapVirtualKeyEx wCode=0x0, wMapType=3, hkl 0x4090409
35720 wine_trace 00e8:trace:keyboard:X11DRV_MapVirtualKeyEx returning 0x0.
35720 wine_trace 00e8:trace:keyboard:NtUserMapVirtualKeyEx code 0, type 3, layout 0x4090409.
35720 wine_trace 00e8:trace:keyboard:X11DRV_MapVirtualKeyEx wCode=0x0, wMapType=3, hkl 0x4090409
35720 wine_trace 00e8:trace:keyboard:X11DRV_MapVirtualKeyEx returning 0x0.
35720 wine_trace 00e8:trace:keyboard:NtUserMapVirtualKeyEx code 0, type 3, layout 0x4090409.
35720 wine_trace 00e8:trace:keyboard:X11DRV_MapVirtualKeyEx wCode=0x0, wMapType=3, hkl 0x4090409
35721 wine_trace 00e8:trace:keyboard:X11DRV_MapVirtualKeyEx returning 0x0.
35721 wine_trace 00e8:trace:keyboard:NtUserMapVirtualKeyEx code 0, type 3, layout 0x4090409.
35721 wine_trace 00e8:trace:keyboard:X11DRV_MapVirtualKeyEx wCode=0x0, wMapType=3, hkl 0x4090409
35721 wine_trace 00e8:trace:keyboard:X11DRV_MapVirtualKeyEx returning 0x0.
35721 wine_trace 00e8:trace:keyboard:NtUserMapVirtualKeyEx code 0, type 3, layout 0x4090409.
35721 wine_trace 00e8:trace:keyboard:X11DRV_MapVirtualKeyEx wCode=0x0, wMapType=3, hkl 0x4090409
35722 wine_trace 00e8:trace:keyboard:X11DRV_MapVirtualKeyEx returning 0x0.
35722 wine_trace 00e8:trace:keyboard:NtUserMapVirtualKeyEx code 0, type 3, layout 0x4090409.
35722 wine_trace 00e8:trace:keyboard:X11DRV_MapVirtualKeyEx wCode=0x0, wMapType=3, hkl 0x4090409
35722 wine_trace 00e8:trace:keyboard:X11DRV_MapVirtualKeyEx returning 0x0.
35722 wine_trace 00e8:trace:keyboard:NtUserMapVirtualKeyEx code 0, type 3, layout 0x4090409.
35722 wine_trace 00e8:trace:keyboard:X11DRV_MapVirtualKeyEx wCode=0x0, wMapType=3, hkl 0x4090409
35723 wine_trace 00e8:trace:keyboard:X11DRV_MapVirtualKeyEx returning 0x0.
35723 wine_trace 00e8:trace:keyboard:NtUserMapVirtualKeyEx code 0, type 3, layout 0x4090409.
35723 wine_trace 00e8:trace:keyboard:X11DRV_MapVirtualKeyEx wCode=0x0, wMapType=3, hkl 0x4090409
35723 wine_trace 00e8:trace:keyboard:X11DRV_MapVirtualKeyEx returning 0x0.
35723 wine_trace 00e8:trace:keyboard:NtUserMapVirtualKeyEx code 0, type 3, layout 0x4090409.
35724 wine_trace 00e8:trace:keyboard:X11DRV_MapVirtualKeyEx wCode=0x0, wMapType=3, hkl 0x4090409
35724 wine_trace 00e8:trace:keyboard:X11DRV_MapVirtualKeyEx returning 0x0.
35724 wine_trace 00e8:trace:keyboard:NtUserMapVirtualKeyEx code 0, type 3, layout 0x4090409.
35724 wine_trace 00e8:trace:keyboard:X11DRV_MapVirtualKeyEx wCode=0x0, wMapType=3, hkl 0x4090409
35724 wine_trace 00e8:trace:keyboard:X11DRV_MapVirtualKeyEx returning 0x0.
35724 wine_trace 00e8:trace:keyboard:NtUserMapVirtualKeyEx code 0, type 3, layout 0x4090409.
35725 wine_trace 00e8:trace:keyboard:X11DRV_MapVirtualKeyEx wCode=0x0, wMapType=3, hkl 0x4090409
35725 wine_trace 00e8:trace:keyboard:X11DRV_MapVirtualKeyEx returning 0x0.
35725 wine_trace 00e8:trace:keyboard:NtUserMapVirtualKeyEx code 0, type 3, layout 0x4090409.
35725 wine_trace 00e8:trace:keyboard:X11DRV_MapVirtualKeyEx wCode=0x0, wMapType=3, hkl 0x4090409
35725 wine_trace 00e8:trace:keyboard:X11DRV_MapVirtualKeyEx returning 0x0.
35725 wine_trace 00e8:trace:keyboard:NtUserMapVirtualKeyEx code 0, type 3, layout 0x4090409.
35726 wine_trace 00e8:trace:keyboard:X11DRV_MapVirtualKeyEx wCode=0x0, wMapType=3, hkl 0x4090409
35726 wine_trace 00e8:trace:keyboard:X11DRV_MapVirtualKeyEx returning 0x0.
35726 wine_trace 00e8:trace:keyboard:NtUserMapVirtualKeyEx code 0, type 3, layout 0x4090409.
35726 wine_trace 00e8:trace:keyboard:X11DRV_MapVirtualKeyEx wCode=0x0, wMapType=3, hkl 0x4090409
35726 wine_trace 00e8:trace:keyboard:X11DRV_MapVirtualKeyEx returning 0x0.
35727 wine_trace 00e8:trace:keyboard:NtUserMapVirtualKeyEx code 0, type 3, layout 0x4090409.
35727 wine_trace 00e8:trace:keyboard:X11DRV_MapVirtualKeyEx wCode=0x0, wMapType=3, hkl 0x4090409
35727 wine_trace 00e8:trace:keyboard:X11DRV_MapVirtualKeyEx returning 0x0.
35727 wine_trace 00e8:trace:keyboard:NtUserMapVirtualKeyEx code 0, type 3, layout 0x4090409.
35727 wine_trace 00e8:trace:keyboard:X11DRV_MapVirtualKeyEx wCode=0x0, wMapType=3, hkl 0x4090409
35727 wine_trace 00e8:trace:keyboard:X11DRV_MapVirtualKeyEx returning 0x0.
35728 wine_trace 00e8:trace:keyboard:NtUserMapVirtualKeyEx code 0, type 3, layout 0x4090409.
35728 wine_trace 00e8:trace:keyboard:X11DRV_MapVirtualKeyEx wCode=0x0, wMapType=3, hkl 0x4090409
35728 wine_trace 00e8:trace:keyboard:X11DRV_MapVirtualKeyEx returning 0x0.
35728 wine_trace 00e8:trace:keyboard:NtUserMapVirtualKeyEx code 0, type 3, layout 0x4090409.
35728 wine_trace 00e8:trace:keyboard:X11DRV_MapVirtualKeyEx wCode=0x0, wMapType=3, hkl 0x4090409
35728 wine_trace 00e8:trace:keyboard:X11DRV_MapVirtualKeyEx returning 0x0.
35729 wine_trace 00e8:trace:keyboard:NtUserMapVirtualKeyEx code 0, type 3, layout 0x4090409.
35729 wine_trace 00e8:trace:keyboard:X11DRV_MapVirtualKeyEx wCode=0x0, wMapType=3, hkl 0x4090409
35729 wine_trace 00e8:trace:keyboard:X11DRV_MapVirtualKeyEx returning 0x0.
35729 wine_trace 00e8:trace:keyboard:NtUserMapVirtualKeyEx code 0, type 3, layout 0x4090409.
35729 wine_trace 00e8:trace:keyboard:X11DRV_MapVirtualKeyEx wCode=0x0, wMapType=3, hkl 0x4090409
35730 wine_trace 00e8:trace:keyboard:X11DRV_MapVirtualKeyEx returning 0x0.
35730 wine_trace 00e8:trace:keyboard:NtUserMapVirtualKeyEx code 0, type 3, layout 0x4090409.
35730 wine_trace 00e8:trace:keyboard:X11DRV_MapVirtualKeyEx wCode=0x0, wMapType=3, hkl 0x4090409
35735 wine_trace 00e8:trace:keyboard:X11DRV_MapVirtualKeyEx returning 0x0.
35735 wine_trace 00e8:trace:keyboard:NtUserMapVirtualKeyEx code 0, type 3, layout 0x4090409.
35736 wine_trace 00e8:trace:keyboard:X11DRV_MapVirtualKeyEx wCode=0x0, wMapType=3, hkl 0x4090409
35736 wine_trace 00e8:trace:keyboard:X11DRV_MapVirtualKeyEx returning 0x0.
35736 wine_trace 00e8:trace:keyboard:NtUserMapVirtualKeyEx code 0, type 3, layout 0x4090409.
35736 wine_trace 00e8:trace:keyboard:X11DRV_MapVirtualKeyEx wCode=0x0, wMapType=3, hkl 0x4090409
35736 wine_trace 00e8:trace:keyboard:X11DRV_MapVirtualKeyEx returning 0x0.
35737 wine_trace 00e8:trace:keyboard:NtUserMapVirtualKeyEx code 0, type 3, layout 0x4090409.
35737 wine_trace 00e8:trace:keyboard:X11DRV_MapVirtualKeyEx wCode=0x0, wMapType=3, hkl 0x4090409
35737 wine_trace 00e8:trace:keyboard:X11DRV_MapVirtualKeyEx returning 0x0.
35737 wine_trace 00e8:trace:keyboard:NtUserMapVirtualKeyEx code 0, type 3, layout 0x4090409.
35737 wine_trace 00e8:trace:keyboard:X11DRV_MapVirtualKeyEx wCode=0x0, wMapType=3, hkl 0x4090409
35737 wine_trace 00e8:trace:keyboard:X11DRV_MapVirtualKeyEx returning 0x0.
35738 wine_trace 00e8:trace:keyboard:NtUserMapVirtualKeyEx code 0, type 3, layout 0x4090409.
35738 wine_trace 00e8:trace:keyboard:X11DRV_MapVirtualKeyEx wCode=0x0, wMapType=3, hkl 0x4090409
35738 wine_trace 00e8:trace:keyboard:X11DRV_MapVirtualKeyEx returning 0x0.
35738 wine_trace 00e8:trace:keyboard:NtUserMapVirtualKeyEx code 0, type 3, layout 0x4090409.
35738 wine_trace 00e8:trace:keyboard:X11DRV_MapVirtualKeyEx wCode=0x0, wMapType=3, hkl 0x4090409
35739 wine_trace 00e8:trace:keyboard:X11DRV_MapVirtualKeyEx returning 0x0.
35739 wine_trace 00e8:trace:keyboard:NtUserMapVirtualKeyEx code 0, type 3, layout 0x4090409.
35739 wine_trace 00e8:trace:keyboard:X11DRV_MapVirtualKeyEx wCode=0x0, wMapType=3, hkl 0x4090409
35739 wine_trace 00e8:trace:keyboard:X11DRV_MapVirtualKeyEx returning 0x0.
35739 wine_trace 00e8:trace:keyboard:NtUserMapVirtualKeyEx code 0, type 3, layout 0x4090409.
35739 wine_trace 00e8:trace:keyboard:X11DRV_MapVirtualKeyEx wCode=0x0, wMapType=3, hkl 0x4090409
35740 wine_trace 00e8:trace:keyboard:X11DRV_MapVirtualKeyEx returning 0x0.
35740 wine_trace 00e8:trace:keyboard:NtUserMapVirtualKeyEx code 0, type 3, layout 0x4090409.
35740 wine_trace 00e8:trace:keyboard:X11DRV_MapVirtualKeyEx wCode=0x0, wMapType=3, hkl 0x4090409
35740 wine_trace 00e8:trace:keyboard:X11DRV_MapVirtualKeyEx returning 0x0.
35740 wine_trace 00e8:trace:keyboard:NtUserMapVirtualKeyEx code 0, type 3, layout 0x4090409.
35741 wine_trace 00e8:trace:keyboard:X11DRV_MapVirtualKeyEx wCode=0x0, wMapType=3, hkl 0x4090409
35741 wine_trace 00e8:trace:keyboard:X11DRV_MapVirtualKeyEx returning 0x0.
35741 wine_trace 00e8:trace:keyboard:NtUserMapVirtualKeyEx code 0, type 3, layout 0x4090409.
35741 wine_trace 00e8:trace:keyboard:X11DRV_MapVirtualKeyEx wCode=0x0, wMapType=3, hkl 0x4090409
35741 wine_trace 00e8:trace:keyboard:X11DRV_MapVirtualKeyEx returning 0x0.
35741 wine_trace 00e8:trace:keyboard:NtUserMapVirtualKeyEx code 0, type 3, layout 0x4090409.
35742 wine_trace 00e8:trace:keyboard:X11DRV_MapVirtualKeyEx wCode=0x0, wMapType=3, hkl 0x4090409
35742 wine_trace 00e8:trace:keyboard:X11DRV_MapVirtualKeyEx returning 0x0.
35742 wine_trace 00e8:trace:keyboard:NtUserMapVirtualKeyEx code 0, type 3, layout 0x4090409.
35742 wine_trace 00e8:trace:keyboard:X11DRV_MapVirtualKeyEx wCode=0x0, wMapType=3, hkl 0x4090409
35742 wine_trace 00e8:trace:keyboard:X11DRV_MapVirtualKeyEx returning 0x0.
35742 wine_trace 00e8:trace:keyboard:NtUserMapVirtualKeyEx code 0, type 3, layout 0x4090409.
35743 wine_trace 00e8:trace:keyboard:X11DRV_MapVirtualKeyEx wCode=0x0, wMapType=3, hkl 0x4090409
35743 wine_trace 00e8:trace:keyboard:X11DRV_MapVirtualKeyEx returning 0x0.
35743 wine_trace 00e8:trace:keyboard:NtUserMapVirtualKeyEx code 0, type 3, layout 0x4090409.
35743 wine_trace 00e8:trace:keyboard:X11DRV_MapVirtualKeyEx wCode=0x0, wMapType=3, hkl 0x4090409
35743 wine_trace 00e8:trace:keyboard:X11DRV_MapVirtualKeyEx returning 0x0.
35744 wine_trace 00e8:trace:keyboard:NtUserMapVirtualKeyEx code 0, type 3, layout 0x4090409.
35744 wine_trace 00e8:trace:keyboard:X11DRV_MapVirtualKeyEx wCode=0x0, wMapType=3, hkl 0x4090409
35744 wine_trace 00e8:trace:keyboard:X11DRV_MapVirtualKeyEx returning 0x0.
35744 wine_trace 00e8:trace:keyboard:NtUserMapVirtualKeyEx code 0, type 3, layout 0x4090409.
35744 wine_trace 00e8:trace:keyboard:X11DRV_MapVirtualKeyEx wCode=0x0, wMapType=3, hkl 0x4090409
35745 wine_trace 00e8:trace:keyboard:X11DRV_MapVirtualKeyEx returning 0x0.
35745 wine_trace 00e8:trace:keyboard:NtUserMapVirtualKeyEx code 0, type 3, layout 0x4090409.
35745 wine_trace 00e8:trace:keyboard:X11DRV_MapVirtualKeyEx wCode=0x0, wMapType=3, hkl 0x4090409
35745 wine_trace 00e8:trace:keyboard:X11DRV_MapVirtualKeyEx returning 0x0.
35745 wine_trace 00e8:trace:keyboard:NtUserMapVirtualKeyEx code 0, type 3, layout 0x4090409.
35745 wine_trace 00e8:trace:keyboard:X11DRV_MapVirtualKeyEx wCode=0x0, wMapType=3, hkl 0x4090409
35746 wine_trace 00e8:trace:keyboard:X11DRV_MapVirtualKeyEx returning 0x0.
35746 wine_trace 00e8:trace:keyboard:NtUserMapVirtualKeyEx code 0, type 3, layout 0x4090409.
35746 wine_trace 00e8:trace:keyboard:X11DRV_MapVirtualKeyEx wCode=0x0, wMapType=3, hkl 0x4090409
35746 wine_trace 00e8:trace:keyboard:X11DRV_MapVirtualKeyEx returning 0x0.
35746 wine_trace 00e8:trace:keyboard:NtUserMapVirtualKeyEx code 0, type 3, layout 0x4090409.
35747 wine_trace 00e8:trace:keyboard:X11DRV_MapVirtualKeyEx wCode=0x0, wMapType=3, hkl 0x4090409
35747 wine_trace 00e8:trace:keyboard:X11DRV_MapVirtualKeyEx returning 0x0.
35747 wine_trace 00e8:trace:keyboard:NtUserMapVirtualKeyEx code 0, type 3, layout 0x4090409.
35747 wine_trace 00e8:trace:keyboard:X11DRV_MapVirtualKeyEx wCode=0x0, wMapType=3, hkl 0x4090409
35747 wine_trace 00e8:trace:keyboard:X11DRV_MapVirtualKeyEx returning 0x0.
35747 wine_trace 00e8:trace:keyboard:NtUserMapVirtualKeyEx code 0, type 3, layout 0x4090409.
35748 wine_trace 00e8:trace:keyboard:X11DRV_MapVirtualKeyEx wCode=0x0, wMapType=3, hkl 0x4090409
35748 wine_trace 00e8:trace:keyboard:X11DRV_MapVirtualKeyEx returning 0x0.
35748 wine_trace 00e8:trace:keyboard:NtUserMapVirtualKeyEx code 0, type 3, layout 0x4090409.
35748 wine_trace 00e8:trace:keyboard:X11DRV_MapVirtualKeyEx wCode=0x0, wMapType=3, hkl 0x4090409
35748 wine_trace 00e8:trace:keyboard:X11DRV_MapVirtualKeyEx returning 0x0.
35749 wine_trace 00e8:trace:keyboard:NtUserMapVirtualKeyEx code 0, type 3, layout 0x4090409.
35749 wine_trace 00e8:trace:keyboard:X11DRV_MapVirtualKeyEx wCode=0x0, wMapType=3, hkl 0x4090409
35749 wine_trace 00e8:trace:keyboard:X11DRV_MapVirtualKeyEx returning 0x0.
35749 wine_trace 00e8:trace:keyboard:NtUserMapVirtualKeyEx code 0, type 3, layout 0x4090409.
35749 wine_trace 00e8:trace:keyboard:X11DRV_MapVirtualKeyEx wCode=0x0, wMapType=3, hkl 0x4090409
35749 wine_trace 00e8:trace:keyboard:X11DRV_MapVirtualKeyEx returning 0x0.
35750 wine_trace 00e8:trace:keyboard:NtUserMapVirtualKeyEx code 0, type 3, layout 0x4090409.
35750 wine_trace 00e8:trace:keyboard:X11DRV_MapVirtualKeyEx wCode=0x0, wMapType=3, hkl 0x4090409
35750 wine_trace 00e8:trace:keyboard:X11DRV_MapVirtualKeyEx returning 0x0.
35750 wine_trace 00e8:trace:keyboard:NtUserMapVirtualKeyEx code 0, type 3, layout 0x4090409.
35750 wine_trace 00e8:trace:keyboard:X11DRV_MapVirtualKeyEx wCode=0x0, wMapType=3, hkl 0x4090409
35750 wine_trace 00e8:trace:keyboard:X11DRV_MapVirtualKeyEx returning 0x0.
35751 wine_trace 00e8:trace:keyboard:NtUserMapVirtualKeyEx code 0, type 3, layout 0x4090409.
35751 wine_trace 00e8:trace:keyboard:X11DRV_MapVirtualKeyEx wCode=0x0, wMapType=3, hkl 0x4090409
35751 wine_trace 00e8:trace:keyboard:X11DRV_MapVirtualKeyEx returning 0x0.
35751 wine_trace 00e8:trace:keyboard:NtUserMapVirtualKeyEx code 0, type 3, layout 0x4090409.
35751 wine_trace 00e8:trace:keyboard:X11DRV_MapVirtualKeyEx wCode=0x0, wMapType=3, hkl 0x4090409
35752 wine_trace 00e8:trace:keyboard:X11DRV_MapVirtualKeyEx returning 0x0.
35752 wine_trace 00e8:trace:keyboard:NtUserMapVirtualKeyEx code 0, type 3, layout 0x4090409.
35752 wine_trace 00e8:trace:keyboard:X11DRV_MapVirtualKeyEx wCode=0x0, wMapType=3, hkl 0x4090409
35752 wine_trace 00e8:trace:keyboard:X11DRV_MapVirtualKeyEx returning 0x0.
35752 wine_trace 00e8:trace:keyboard:NtUserMapVirtualKeyEx code 0, type 3, layout 0x4090409.
35753 wine_trace 00e8:trace:keyboard:X11DRV_MapVirtualKeyEx wCode=0x0, wMapType=3, hkl 0x4090409
35753 wine_trace 00e8:trace:keyboard:X11DRV_MapVirtualKeyEx returning 0x0.
35753 wine_trace 00e8:trace:keyboard:NtUserMapVirtualKeyEx code 0, type 3, layout 0x4090409.
35753 wine_trace 00e8:trace:keyboard:X11DRV_MapVirtualKeyEx wCode=0x0, wMapType=3, hkl 0x4090409
35753 wine_trace 00e8:trace:keyboard:X11DRV_MapVirtualKeyEx returning 0x0.
35753 wine_trace 00e8:trace:keyboard:NtUserMapVirtualKeyEx code 0, type 3, layout 0x4090409.
35754 wine_trace 00e8:trace:keyboard:X11DRV_MapVirtualKeyEx wCode=0x0, wMapType=3, hkl 0x4090409
35754 wine_trace 00e8:trace:keyboard:X11DRV_MapVirtualKeyEx returning 0x0.
35754 wine_trace 00e8:trace:keyboard:NtUserMapVirtualKeyEx code 0, type 3, layout 0x4090409.
35754 wine_trace 00e8:trace:keyboard:X11DRV_MapVirtualKeyEx wCode=0x0, wMapType=3, hkl 0x4090409
35754 wine_trace 00e8:trace:keyboard:X11DRV_MapVirtualKeyEx returning 0x0.
35755 wine_trace 00e8:trace:keyboard:NtUserMapVirtualKeyEx code 0, type 3, layout 0x4090409.
35755 wine_trace 00e8:trace:keyboard:X11DRV_MapVirtualKeyEx wCode=0x0, wMapType=3, hkl 0x4090409
35755 wine_trace 00e8:trace:keyboard:X11DRV_MapVirtualKeyEx returning 0x0.
35755 wine_trace 00e8:trace:keyboard:NtUserMapVirtualKeyEx code 0, type 3, layout 0x4090409.
35755 wine_trace 00e8:trace:keyboard:X11DRV_MapVirtualKeyEx wCode=0x0, wMapType=3, hkl 0x4090409
35755 wine_trace 00e8:trace:keyboard:X11DRV_MapVirtualKeyEx returning 0x0.
35756 wine_trace 00e8:trace:keyboard:NtUserMapVirtualKeyEx code 0, type 3, layout 0x4090409.
35756 wine_trace 00e8:trace:keyboard:X11DRV_MapVirtualKeyEx wCode=0x0, wMapType=3, hkl 0x4090409
35756 wine_trace 00e8:trace:keyboard:X11DRV_MapVirtualKeyEx returning 0x0.
35756 wine_trace 00e8:trace:keyboard:NtUserMapVirtualKeyEx code 0, type 3, layout 0x4090409.
35756 wine_trace 00e8:trace:keyboard:X11DRV_MapVirtualKeyEx wCode=0x0, wMapType=3, hkl 0x4090409
35757 wine_trace 00e8:trace:keyboard:X11DRV_MapVirtualKeyEx returning 0x0.
35757 wine_trace 00e8:trace:keyboard:NtUserMapVirtualKeyEx code 0, type 3, layout 0x4090409.
35757 wine_trace 00e8:trace:keyboard:X11DRV_MapVirtualKeyEx wCode=0x0, wMapType=3, hkl 0x4090409
35757 wine_trace 00e8:trace:keyboard:X11DRV_MapVirtualKeyEx returning 0x0.
35757 wine_trace 00e8:trace:keyboard:NtUserMapVirtualKeyEx code 0, type 3, layout 0x4090409.
35758 wine_trace 00e8:trace:keyboard:X11DRV_MapVirtualKeyEx wCode=0x0, wMapType=3, hkl 0x4090409
35758 wine_trace 00e8:trace:keyboard:X11DRV_MapVirtualKeyEx returning 0x0.
35758 wine_trace 00e8:trace:keyboard:NtUserMapVirtualKeyEx code 0, type 3, layout 0x4090409.
35758 wine_trace 00e8:trace:keyboard:X11DRV_MapVirtualKeyEx wCode=0x0, wMapType=3, hkl 0x4090409
35758 wine_trace 00e8:trace:keyboard:X11DRV_MapVirtualKeyEx returning 0x0.
35758 wine_trace 00e8:trace:keyboard:NtUserMapVirtualKeyEx code 0, type 3, layout 0x4090409.
35759 wine_trace 00e8:trace:keyboard:X11DRV_MapVirtualKeyEx wCode=0x0, wMapType=3, hkl 0x4090409
35759 wine_trace 00e8:trace:keyboard:X11DRV_MapVirtualKeyEx returning 0x0.
35759 wine_trace 00e8:trace:keyboard:NtUserMapVirtualKeyEx code 0, type 3, layout 0x4090409.
35759 wine_trace 00e8:trace:keyboard:X11DRV_MapVirtualKeyEx wCode=0x0, wMapType=3, hkl 0x4090409
35759 wine_trace 00e8:trace:keyboard:X11DRV_MapVirtualKeyEx returning 0x0.
35760 wine_trace 00e8:trace:keyboard:NtUserMapVirtualKeyEx code 0, type 3, layout 0x4090409.
35760 wine_trace 00e8:trace:keyboard:X11DRV_MapVirtualKeyEx wCode=0x0, wMapType=3, hkl 0x4090409
35760 wine_trace 00e8:trace:keyboard:X11DRV_MapVirtualKeyEx returning 0x0.
35760 wine_trace 00e8:trace:keyboard:NtUserMapVirtualKeyEx code 0, type 3, layout 0x4090409.
35760 wine_trace 00e8:trace:keyboard:X11DRV_MapVirtualKeyEx wCode=0x0, wMapType=3, hkl 0x4090409
35760 wine_trace 00e8:trace:keyboard:X11DRV_MapVirtualKeyEx returning 0x0.
35761 wine_trace 00e8:trace:keyboard:NtUserMapVirtualKeyEx code 0, type 3, layout 0x4090409.
35761 wine_trace 00e8:trace:keyboard:X11DRV_MapVirtualKeyEx wCode=0x0, wMapType=3, hkl 0x4090409
35761 wine_trace 00e8:trace:keyboard:X11DRV_MapVirtualKeyEx returning 0x0.
35761 wine_trace 00e8:trace:keyboard:NtUserMapVirtualKeyEx code 0, type 3, layout 0x4090409.
35761 wine_trace 00e8:trace:keyboard:X11DRV_MapVirtualKeyEx wCode=0x0, wMapType=3, hkl 0x4090409
35762 wine_trace 00e8:trace:keyboard:X11DRV_MapVirtualKeyEx returning 0x0.
35762 wine_trace 00e8:trace:keyboard:NtUserMapVirtualKeyEx code 0, type 3, layout 0x4090409.
35762 wine_trace 00e8:trace:keyboard:X11DRV_MapVirtualKeyEx wCode=0x0, wMapType=3, hkl 0x4090409
35762 wine_trace 00e8:trace:keyboard:X11DRV_MapVirtualKeyEx returning 0x0.
35762 wine_trace 00e8:trace:keyboard:NtUserMapVirtualKeyEx code 0, type 3, layout 0x4090409.
35762 wine_trace 00e8:trace:keyboard:X11DRV_MapVirtualKeyEx wCode=0x0, wMapType=3, hkl 0x4090409
35763 wine_trace 00e8:trace:keyboard:X11DRV_MapVirtualKeyEx returning 0x0.
35763 wine_trace 00e8:trace:keyboard:NtUserMapVirtualKeyEx code 0, type 3, layout 0x4090409.
35763 wine_trace 00e8:trace:keyboard:X11DRV_MapVirtualKeyEx wCode=0x0, wMapType=3, hkl 0x4090409
35763 wine_trace 00e8:trace:keyboard:X11DRV_MapVirtualKeyEx returning 0x0.
35763 wine_trace 00e8:trace:keyboard:NtUserMapVirtualKeyEx code 0, type 3, layout 0x4090409.
35764 wine_trace 00e8:trace:keyboard:X11DRV_MapVirtualKeyEx wCode=0x0, wMapType=3, hkl 0x4090409
35764 wine_trace 00e8:trace:keyboard:X11DRV_MapVirtualKeyEx returning 0x0.
35764 wine_trace 00e8:trace:keyboard:NtUserMapVirtualKeyEx code 0, type 3, layout 0x4090409.
35764 wine_trace 00e8:trace:keyboard:X11DRV_MapVirtualKeyEx wCode=0x0, wMapType=3, hkl 0x4090409
35764 wine_trace 00e8:trace:keyboard:X11DRV_MapVirtualKeyEx returning 0x0.
35764 wine_trace 00e8:trace:keyboard:NtUserMapVirtualKeyEx code 0, type 3, layout 0x4090409.
35765 wine_trace 00e8:trace:keyboard:X11DRV_MapVirtualKeyEx wCode=0x0, wMapType=3, hkl 0x4090409
35765 wine_trace 00e8:trace:keyboard:X11DRV_MapVirtualKeyEx returning 0x0.
35765 wine_trace 00e8:trace:keyboard:NtUserMapVirtualKeyEx code 0, type 3, layout 0x4090409.
35765 wine_trace 00e8:trace:keyboard:X11DRV_MapVirtualKeyEx wCode=0x0, wMapType=3, hkl 0x4090409
35765 wine_trace 00e8:trace:keyboard:X11DRV_MapVirtualKeyEx returning 0x0.
35765 wine_trace 00e8:trace:keyboard:NtUserMapVirtualKeyEx code 0, type 3, layout 0x4090409.
35766 wine_trace 00e8:trace:keyboard:X11DRV_MapVirtualKeyEx wCode=0x0, wMapType=3, hkl 0x4090409
35766 wine_trace 00e8:trace:keyboard:X11DRV_MapVirtualKeyEx returning 0x0.
35766 wine_trace 00e8:trace:keyboard:NtUserMapVirtualKeyEx code 0, type 3, layout 0x4090409.
35766 wine_trace 00e8:trace:keyboard:X11DRV_MapVirtualKeyEx wCode=0x0, wMapType=3, hkl 0x4090409
35766 wine_trace 00e8:trace:keyboard:X11DRV_MapVirtualKeyEx returning 0x0.
35767 wine_trace 00e8:trace:keyboard:NtUserMapVirtualKeyEx code 0, type 3, layout 0x4090409.
35767 wine_trace 00e8:trace:keyboard:X11DRV_MapVirtualKeyEx wCode=0x0, wMapType=3, hkl 0x4090409
35767 wine_trace 00e8:trace:keyboard:X11DRV_MapVirtualKeyEx returning 0x0.
35767 wine_trace 00e8:trace:keyboard:NtUserMapVirtualKeyEx code 0, type 3, layout 0x4090409.
35767 wine_trace 00e8:trace:keyboard:X11DRV_MapVirtualKeyEx wCode=0x0, wMapType=3, hkl 0x4090409
35768 wine_trace 00e8:trace:keyboard:X11DRV_MapVirtualKeyEx returning 0x0.
35768 wine_trace 00e8:trace:keyboard:NtUserMapVirtualKeyEx code 0, type 3, layout 0x4090409.
35768 wine_trace 00e8:trace:keyboard:X11DRV_MapVirtualKeyEx wCode=0x0, wMapType=3, hkl 0x4090409
35768 wine_trace 00e8:trace:keyboard:X11DRV_MapVirtualKeyEx returning 0x0.
35768 wine_trace 00e8:trace:keyboard:NtUserMapVirtualKeyEx code 0, type 3, layout 0x4090409.
35769 wine_trace 00e8:trace:keyboard:X11DRV_MapVirtualKeyEx wCode=0x0, wMapType=3, hkl 0x4090409
35769 wine_trace 00e8:trace:keyboard:X11DRV_MapVirtualKeyEx returning 0x0.
35769 wine_trace 00e8:trace:keyboard:NtUserMapVirtualKeyEx code 0, type 3, layout 0x4090409.
35769 wine_trace 00e8:trace:keyboard:X11DRV_MapVirtualKeyEx wCode=0x0, wMapType=3, hkl 0x4090409
35769 wine_trace 00e8:trace:keyboard:X11DRV_MapVirtualKeyEx returning 0x0.
35769 wine_trace 00e8:trace:keyboard:NtUserMapVirtualKeyEx code 0, type 3, layout 0x4090409.
35770 wine_trace 00e8:trace:keyboard:X11DRV_MapVirtualKeyEx wCode=0x0, wMapType=3, hkl 0x4090409
35770 wine_trace 00e8:trace:keyboard:X11DRV_MapVirtualKeyEx returning 0x0.
35770 wine_trace 00e8:trace:keyboard:NtUserMapVirtualKeyEx code 0, type 3, layout 0x4090409.
35770 wine_trace 00e8:trace:keyboard:X11DRV_MapVirtualKeyEx wCode=0x0, wMapType=3, hkl 0x4090409
35770 wine_trace 00e8:trace:keyboard:X11DRV_MapVirtualKeyEx returning 0x0.
35771 wine_trace 00e8:trace:keyboard:NtUserMapVirtualKeyEx code 0, type 3, layout 0x4090409.
35771 wine_trace 00e8:trace:keyboard:X11DRV_MapVirtualKeyEx wCode=0x0, wMapType=3, hkl 0x4090409
35771 wine_trace 00e8:trace:keyboard:X11DRV_MapVirtualKeyEx returning 0x0.
35773 wine_trace 00e8:trace:keyboard:NtUserMapVirtualKeyEx code 0, type 3, layout 0x4090409.
35774 wine_trace 00e8:trace:keyboard:X11DRV_MapVirtualKeyEx wCode=0x0, wMapType=3, hkl 0x4090409
35774 wine_trace 00e8:trace:keyboard:X11DRV_MapVirtualKeyEx returning 0x0.
35774 wine_trace 00e8:trace:keyboard:NtUserMapVirtualKeyEx code 0, type 3, layout 0x4090409.
35774 wine_trace 00e8:trace:keyboard:X11DRV_MapVirtualKeyEx wCode=0x0, wMapType=3, hkl 0x4090409
35774 wine_trace 00e8:trace:keyboard:X11DRV_MapVirtualKeyEx returning 0x0.
35775 wine_trace 00e8:trace:keyboard:NtUserMapVirtualKeyEx code 0, type 3, layout 0x4090409.
35775 wine_trace 00e8:trace:keyboard:X11DRV_MapVirtualKeyEx wCode=0x0, wMapType=3, hkl 0x4090409
35775 wine_trace 00e8:trace:keyboard:X11DRV_MapVirtualKeyEx returning 0x0.
45736 wine_trace 01b0:trace:keyboard:NtUserGetKeyboardLayoutName name 0x14019e860
45738 wine_trace 01b0:trace:keyboard:NtUserGetKeyboardLayoutName ret L"00000409"
45834 keyboard_mapping_reply first=8,count=248,keysyms=496
45835 keyboard_mapping_reply first=8,count=248,keysyms=496
45837 wine_trace 01b4:trace:keyboard:KEYBOARD_MapDeadKeysym no character for dead keysym 0x0000ff1b
45837 wine_trace 01b4:trace:keyboard:KEYBOARD_MapDeadKeysym no character for dead keysym 0x0000ff08
45837 wine_trace 01b4:trace:keyboard:KEYBOARD_MapDeadKeysym no character for dead keysym 0x0000ff09
45838 wine_trace 01b4:trace:keyboard:KEYBOARD_MapDeadKeysym no character for dead keysym 0x0000ff0d
45838 wine_trace 01b4:trace:keyboard:KEYBOARD_MapDeadKeysym no character for dead keysym 0x0000ffe3
45838 wine_trace 01b4:trace:keyboard:KEYBOARD_MapDeadKeysym no character for dead keysym 0x0000ffe1
45838 wine_trace 01b4:trace:keyboard:KEYBOARD_MapDeadKeysym no character for dead keysym 0x0000ffe2
45839 wine_trace 01b4:trace:keyboard:KEYBOARD_MapDeadKeysym no character for dead keysym 0x0000ffaa
45839 wine_trace 01b4:trace:keyboard:KEYBOARD_MapDeadKeysym no character for dead keysym 0x0000ffaa
45839 wine_trace 01b4:trace:keyboard:KEYBOARD_MapDeadKeysym no character for dead keysym 0x0000ffe7
45839 wine_trace 01b4:trace:keyboard:KEYBOARD_MapDeadKeysym no character for dead keysym 0x00000020
45840 wine_trace 01b4:trace:keyboard:KEYBOARD_MapDeadKeysym no character for dead keysym 0x00000020
45840 wine_trace 01b4:trace:keyboard:KEYBOARD_MapDeadKeysym no character for dead keysym 0x0000ffbe
45840 wine_trace 01b4:trace:keyboard:KEYBOARD_MapDeadKeysym no character for dead keysym 0x0000ffbf
45841 wine_trace 01b4:trace:keyboard:KEYBOARD_MapDeadKeysym no character for dead keysym 0x0000ffc0
45841 wine_trace 01b4:trace:keyboard:KEYBOARD_MapDeadKeysym no character for dead keysym 0x0000ffc1
45841 wine_trace 01b4:trace:keyboard:KEYBOARD_MapDeadKeysym no character for dead keysym 0x0000ffc2
45841 wine_trace 01b4:trace:keyboard:KEYBOARD_MapDeadKeysym no character for dead keysym 0x0000ffc3
45841 wine_trace 01b4:trace:keyboard:KEYBOARD_MapDeadKeysym no character for dead keysym 0x0000ffc4
45842 wine_trace 01b4:trace:keyboard:KEYBOARD_MapDeadKeysym no character for dead keysym 0x0000ffc5
45842 wine_trace 01b4:trace:keyboard:KEYBOARD_MapDeadKeysym no character for dead keysym 0x0000ffc6
45842 wine_trace 01b4:trace:keyboard:KEYBOARD_MapDeadKeysym no character for dead keysym 0x0000ffc7
45842 wine_trace 01b4:trace:keyboard:KEYBOARD_MapDeadKeysym no character for dead keysym 0x0000ffb7
45842 wine_trace 01b4:trace:keyboard:KEYBOARD_MapDeadKeysym no character for dead keysym 0x0000ff95
45843 wine_trace 01b4:trace:keyboard:KEYBOARD_MapDeadKeysym no character for dead keysym 0x0000ffb8
45843 wine_trace 01b4:trace:keyboard:KEYBOARD_MapDeadKeysym no character for dead keysym 0x0000ff97
45843 wine_trace 01b4:trace:keyboard:KEYBOARD_MapDeadKeysym no character for dead keysym 0x0000ffb9
45843 wine_trace 01b4:trace:keyboard:KEYBOARD_MapDeadKeysym no character for dead keysym 0x0000ffb9
45844 wine_trace 01b4:trace:keyboard:KEYBOARD_MapDeadKeysym no character for dead keysym 0x0000ffad
45844 wine_trace 01b4:trace:keyboard:KEYBOARD_MapDeadKeysym no character for dead keysym 0x0000ffad
45844 wine_trace 01b4:trace:keyboard:KEYBOARD_MapDeadKeysym no character for dead keysym 0x0000ffb4
45844 wine_trace 01b4:trace:keyboard:KEYBOARD_MapDeadKeysym no character for dead keysym 0x0000ff96
45844 wine_trace 01b4:trace:keyboard:KEYBOARD_MapDeadKeysym no character for dead keysym 0x0000ffb5
45845 wine_trace 01b4:trace:keyboard:KEYBOARD_MapDeadKeysym no character for dead keysym 0x0000ffb5
45845 wine_trace 01b4:trace:keyboard:KEYBOARD_MapDeadKeysym no character for dead keysym 0x0000ffb6
45845 wine_trace 01b4:trace:keyboard:KEYBOARD_MapDeadKeysym no character for dead keysym 0x0000ff98
45845 wine_trace 01b4:trace:keyboard:KEYBOARD_MapDeadKeysym no character for dead keysym 0x0000ffab
45845 wine_trace 01b4:trace:keyboard:KEYBOARD_MapDeadKeysym no character for dead keysym 0x0000ffab
45846 wine_trace 01b4:trace:keyboard:KEYBOARD_MapDeadKeysym no character for dead keysym 0x0000ffb1
45846 wine_trace 01b4:trace:keyboard:KEYBOARD_MapDeadKeysym no character for dead keysym 0x0000ff9c
45846 wine_trace 01b4:trace:keyboard:KEYBOARD_MapDeadKeysym no character for dead keysym 0x0000ffb2
45846 wine_trace 01b4:trace:keyboard:KEYBOARD_MapDeadKeysym no character for dead keysym 0x0000ff99
45846 wine_trace 01b4:trace:keyboard:KEYBOARD_MapDeadKeysym no character for dead keysym 0x0000ffb3
45847 wine_trace 01b4:trace:keyboard:KEYBOARD_MapDeadKeysym no character for dead keysym 0x0000ffb3
45847 wine_trace 01b4:trace:keyboard:KEYBOARD_MapDeadKeysym no character for dead keysym 0x0000ffb0
45847 wine_trace 01b4:trace:keyboard:KEYBOARD_MapDeadKeysym no character for dead keysym 0x0000ff9e
45847 wine_trace 01b4:trace:keyboard:KEYBOARD_MapDeadKeysym no character for dead keysym 0x0000ff9f
45848 wine_trace 01b4:trace:keyboard:KEYBOARD_MapDeadKeysym no character for dead keysym 0x0000ffc8
45848 wine_trace 01b4:trace:keyboard:KEYBOARD_MapDeadKeysym no character for dead keysym 0x0000ffc9
45848 wine_trace 01b4:trace:keyboard:KEYBOARD_MapDeadKeysym no character for dead keysym 0x0000ffe4
45848 wine_trace 01b4:trace:keyboard:KEYBOARD_MapDeadKeysym no character for dead keysym 0x0000ffaf
45848 wine_trace 01b4:trace:keyboard:KEYBOARD_MapDeadKeysym no character for dead keysym 0x0000ffaf
45849 wine_trace 01b4:trace:keyboard:KEYBOARD_MapDeadKeysym no character for dead keysym 0x0000ffe8
45849 wine_trace 01b4:trace:keyboard:KEYBOARD_MapDeadKeysym no character for dead keysym 0x0000ff50
45849 wine_trace 01b4:trace:keyboard:KEYBOARD_MapDeadKeysym no character for dead keysym 0x0000ff52
45849 wine_trace 01b4:trace:keyboard:KEYBOARD_MapDeadKeysym no character for dead keysym 0x0000ff55
45850 wine_trace 01b4:trace:keyboard:KEYBOARD_MapDeadKeysym no character for dead keysym 0x0000ff51
45850 wine_trace 01b4:trace:keyboard:KEYBOARD_MapDeadKeysym no character for dead keysym 0x0000ff53
45850 wine_trace 01b4:trace:keyboard:KEYBOARD_MapDeadKeysym no character for dead keysym 0x0000ff57
45850 wine_trace 01b4:trace:keyboard:KEYBOARD_MapDeadKeysym no character for dead keysym 0x0000ff54
45850 wine_trace 01b4:trace:keyboard:KEYBOARD_MapDeadKeysym no character for dead keysym 0x0000ff56
45851 wine_trace 01b4:trace:keyboard:KEYBOARD_MapDeadKeysym no character for dead keysym 0x0000ff63
45851 wine_trace 01b4:trace:keyboard:KEYBOARD_MapDeadKeysym no character for dead keysym 0x0000ffff
45851 wine_trace 01b4:trace:keyboard:X11DRV_KEYBOARD_DetectLayout Attempting to match against "United States keyboard layout"
45852 wine_trace 01b4:trace:keyboard:X11DRV_KEYBOARD_DetectLayout matches=47, mismatches=0, seq=46, score=94
45852 wine_trace 01b4:trace:keyboard:X11DRV_KEYBOARD_DetectLayout Attempting to match against "United States keyboard layout (phantom key version)"
45852 wine_trace 01b4:trace:keyboard:X11DRV_KEYBOARD_DetectLayout matches=47, mismatches=0, seq=46, score=94
45853 wine_trace 01b4:trace:keyboard:X11DRV_KEYBOARD_DetectLayout Attempting to match against "United States keyboard layout (dvorak)"
45853 wine_trace 01b4:trace:keyboard:X11DRV_KEYBOARD_DetectLayout matches=47, mismatches=0, seq=30, score=94
45853 wine_trace 01b4:trace:keyboard:X11DRV_KEYBOARD_DetectLayout Attempting to match against "United States keyboard layout (programmer dvorak)"
45853 wine_trace 01b4:trace:key:X11DRV_KEYBOARD_DetectLayout mismatch for keycode 10, got "1!  "
45853 wine_trace 01b4:trace:key:X11DRV_KEYBOARD_DetectLayout mismatch for keycode 11, got "2@  "
45853 wine_trace 01b4:trace:key:X11DRV_KEYBOARD_DetectLayout mismatch for keycode 12, got "3#  "
45854 wine_trace 01b4:trace:key:X11DRV_KEYBOARD_DetectLayout mismatch for keycode 13, got "4$  "
45854 wine_trace 01b4:trace:key:X11DRV_KEYBOARD_DetectLayout mismatch for keycode 14, got "5%  "
45854 wine_trace 01b4:trace:key:X11DRV_KEYBOARD_DetectLayout mismatch for keycode 15, got "6^  "
45854 wine_trace 01b4:trace:key:X11DRV_KEYBOARD_DetectLayout mismatch for keycode 16, got "7&  "
45854 wine_trace 01b4:trace:key:X11DRV_KEYBOARD_DetectLayout mismatch for keycode 17, got "8*  "
45855 wine_trace 01b4:trace:key:X11DRV_KEYBOARD_DetectLayout mismatch for keycode 18, got "9(  "
45855 wine_trace 01b4:trace:key:X11DRV_KEYBOARD_DetectLayout mismatch for keycode 19, got "0)  "
45855 wine_trace 01b4:trace:key:X11DRV_KEYBOARD_DetectLayout mismatch for keycode 21, got "=+  "
45855 wine_trace 01b4:trace:key:X11DRV_KEYBOARD_DetectLayout mismatch for keycode 34, got "[{  "
45855 wine_trace 01b4:trace:key:X11DRV_KEYBOARD_DetectLayout mismatch for keycode 35, got "]}  "
45856 wine_trace 01b4:trace:key:X11DRV_KEYBOARD_DetectLayout mismatch for keycode 49, got "`~  "
45856 wine_trace 01b4:trace:keyboard:X11DRV_KEYBOARD_DetectLayout matches=33, mismatches=14, seq=18, score=38
45856 wine_trace 01b4:trace:keyboard:X11DRV_KEYBOARD_DetectLayout Attempting to match against "United States keyboard layout (dvorak with phantom key)"
45856 wine_trace 01b4:trace:keyboard:X11DRV_KEYBOARD_DetectLayout matches=47, mismatches=0, seq=30, score=94
45856 wine_trace 01b4:trace:keyboard:X11DRV_KEYBOARD_DetectLayout Attempting to match against "United States International keyboard layout"
45857 wine_trace 01b4:trace:keyboard:X11DRV_KEYBOARD_DetectLayout matches=47, mismatches=0, seq=46, score=94
45857 wine_trace 01b4:trace:keyboard:X11DRV_KEYBOARD_DetectLayout Attempting to match against "British keyboard layout"
45857 wine_trace 01b4:trace:key:X11DRV_KEYBOARD_DetectLayout mismatch for keycode 11, got "2@  "
45857 wine_trace 01b4:trace:key:X11DRV_KEYBOARD_DetectLayout mismatch for keycode 12, got "3#  "
45857 wine_trace 01b4:trace:key:X11DRV_KEYBOARD_DetectLayout mismatch for keycode 48, got "'\"  "
45858 wine_trace 01b4:trace:keyboard:X11DRV_KEYBOARD_DetectLayout matches=44, mismatches=3, seq=42, score=81
45858 wine_trace 01b4:trace:keyboard:X11DRV_KEYBOARD_DetectLayout Attempting to match against "German keyboard layout"
45858 wine_trace 01b4:trace:key:X11DRV_KEYBOARD_DetectLayout mismatch for keycode 11, got "2@  "
45858 wine_trace 01b4:trace:key:X11DRV_KEYBOARD_DetectLayout mismatch for keycode 12, got "3#  "
45858 wine_trace 01b4:trace:key:X11DRV_KEYBOARD_DetectLayout mismatch for keycode 15, got "6^  "
45859 wine_trace 01b4:trace:key:X11DRV_KEYBOARD_DetectLayout mismatch for keycode 16, got "7&  "
45859 wine_trace 01b4:trace:key:X11DRV_KEYBOARD_DetectLayout mismatch for keycode 17, got "8*  "
45859 wine_trace 01b4:trace:key:X11DRV_KEYBOARD_DetectLayout mismatch for keycode 18, got "9(  "
45859 wine_trace 01b4:trace:key:X11DRV_KEYBOARD_DetectLayout mismatch for keycode 19, got "0)  "
45859 wine_trace 01b4:trace:key:X11DRV_KEYBOARD_DetectLayout mismatch for keycode 21, got "=+  "
45860 wine_trace 01b4:trace:key:X11DRV_KEYBOARD_DetectLayout mismatch for keycode 34, got "[{  "
45860 wine_trace 01b4:trace:key:X11DRV_KEYBOARD_DetectLayout mismatch for keycode 35, got "]}  "
45860 wine_trace 01b4:trace:key:X11DRV_KEYBOARD_DetectLayout mismatch for keycode 47, got ";:  "
45860 wine_trace 01b4:trace:key:X11DRV_KEYBOARD_DetectLayout mismatch for keycode 48, got "'\"  "
45860 wine_trace 01b4:trace:key:X11DRV_KEYBOARD_DetectLayout mismatch for keycode 49, got "`~  "
45861 wine_trace 01b4:trace:key:X11DRV_KEYBOARD_DetectLayout mismatch for keycode 51, got "\\|  "
45861 wine_trace 01b4:trace:key:X11DRV_KEYBOARD_DetectLayout mismatch for keycode 59, got ",<  "
45861 wine_trace 01b4:trace:key:X11DRV_KEYBOARD_DetectLayout mismatch for keycode 60, got ".>  "
45861 wine_trace 01b4:trace:key:X11DRV_KEYBOARD_DetectLayout mismatch for keycode 61, got "/?  "
45861 wine_trace 01b4:trace:keyboard:X11DRV_KEYBOARD_DetectLayout matches=30, mismatches=17, seq=27, score=26
45861 wine_trace 01b4:trace:keyboard:X11DRV_KEYBOARD_DetectLayout Attempting to match against "Swiss German keyboard layout"
45862 wine_trace 01b4:trace:key:X11DRV_KEYBOARD_DetectLayout mismatch for keycode 10, got "1!  "
45862 wine_trace 01b4:trace:key:X11DRV_KEYBOARD_DetectLayout mismatch for keycode 11, got "2@  "
45862 wine_trace 01b4:trace:key:X11DRV_KEYBOARD_DetectLayout mismatch for keycode 12, got "3#  "
45862 wine_trace 01b4:trace:key:X11DRV_KEYBOARD_DetectLayout mismatch for keycode 13, got "4$  "
45862 wine_trace 01b4:trace:key:X11DRV_KEYBOARD_DetectLayout mismatch for keycode 15, got "6^  "
45862 wine_trace 01b4:trace:key:X11DRV_KEYBOARD_DetectLayout mismatch for keycode 16, got "7&  "
45863 wine_trace 01b4:trace:key:X11DRV_KEYBOARD_DetectLayout mismatch for keycode 17, got "8*  "
45863 wine_trace 01b4:trace:key:X11DRV_KEYBOARD_DetectLayout mismatch for keycode 18, got "9(  "
45863 wine_trace 01b4:trace:key:X11DRV_KEYBOARD_DetectLayout mismatch for keycode 19, got "0)  "
45863 wine_trace 01b4:trace:key:X11DRV_KEYBOARD_DetectLayout mismatch for keycode 21, got "=+  "
45863 wine_trace 01b4:trace:key:X11DRV_KEYBOARD_DetectLayout mismatch for keycode 34, got "[{  "
45864 wine_trace 01b4:trace:key:X11DRV_KEYBOARD_DetectLayout mismatch for keycode 35, got "]}  "
45864 wine_trace 01b4:trace:key:X11DRV_KEYBOARD_DetectLayout mismatch for keycode 47, got ";:  "
45864 wine_trace 01b4:trace:key:X11DRV_KEYBOARD_DetectLayout mismatch for keycode 48, got "'\"  "
45864 wine_trace 01b4:trace:key:X11DRV_KEYBOARD_DetectLayout mismatch for keycode 49, got "`~  "
45864 wine_trace 01b4:trace:key:X11DRV_KEYBOARD_DetectLayout mismatch for keycode 51, got "\\|  "
45865 wine_trace 01b4:trace:key:X11DRV_KEYBOARD_DetectLayout mismatch for keycode 59, got ",<  "
45865 wine_trace 01b4:trace:key:X11DRV_KEYBOARD_DetectLayout mismatch for keycode 60, got ".>  "
45865 wine_trace 01b4:trace:key:X11DRV_KEYBOARD_DetectLayout mismatch for keycode 61, got "/?  "
45865 wine_trace 01b4:trace:keyboard:X11DRV_KEYBOARD_DetectLayout matches=28, mismatches=19, seq=25, score=18
45865 wine_trace 01b4:trace:keyboard:X11DRV_KEYBOARD_DetectLayout Attempting to match against "Swiss French keyboard layout"
45865 wine_trace 01b4:trace:key:X11DRV_KEYBOARD_DetectLayout mismatch for keycode 10, got "1!  "
45866 wine_trace 01b4:trace:key:X11DRV_KEYBOARD_DetectLayout mismatch for keycode 11, got "2@  "
45866 wine_trace 01b4:trace:key:X11DRV_KEYBOARD_DetectLayout mismatch for keycode 12, got "3#  "
45866 wine_trace 01b4:trace:key:X11DRV_KEYBOARD_DetectLayout mismatch for keycode 13, got "4$  "
45866 wine_trace 01b4:trace:key:X11DRV_KEYBOARD_DetectLayout mismatch for keycode 15, got "6^  "
45866 wine_trace 01b4:trace:key:X11DRV_KEYBOARD_DetectLayout mismatch for keycode 16, got "7&  "
45867 wine_trace 01b4:trace:key:X11DRV_KEYBOARD_DetectLayout mismatch for keycode 17, got "8*  "
45867 wine_trace 01b4:trace:key:X11DRV_KEYBOARD_DetectLayout mismatch for keycode 18, got "9(  "
45867 wine_trace 01b4:trace:key:X11DRV_KEYBOARD_DetectLayout mismatch for keycode 19, got "0)  "
45867 wine_trace 01b4:trace:key:X11DRV_KEYBOARD_DetectLayout mismatch for keycode 21, got "=+  "
45867 wine_trace 01b4:trace:key:X11DRV_KEYBOARD_DetectLayout mismatch for keycode 34, got "[{  "
45868 wine_trace 01b4:trace:key:X11DRV_KEYBOARD_DetectLayout mismatch for keycode 35, got "]}  "
45868 wine_trace 01b4:trace:key:X11DRV_KEYBOARD_DetectLayout mismatch for keycode 47, got ";:  "
45868 wine_trace 01b4:trace:key:X11DRV_KEYBOARD_DetectLayout mismatch for keycode 48, got "'\"  "
45868 wine_trace 01b4:trace:key:X11DRV_KEYBOARD_DetectLayout mismatch for keycode 49, got "`~  "
45869 wine_trace 01b4:trace:key:X11DRV_KEYBOARD_DetectLayout mismatch for keycode 51, got "\\|  "
45869 wine_trace 01b4:trace:key:X11DRV_KEYBOARD_DetectLayout mismatch for keycode 59, got ",<  "
45869 wine_trace 01b4:trace:key:X11DRV_KEYBOARD_DetectLayout mismatch for keycode 60, got ".>  "
45869 wine_trace 01b4:trace:key:X11DRV_KEYBOARD_DetectLayout mismatch for keycode 61, got "/?  "
45869 wine_trace 01b4:trace:keyboard:X11DRV_KEYBOARD_DetectLayout matches=28, mismatches=19, seq=25, score=18
45869 wine_trace 01b4:trace:keyboard:X11DRV_KEYBOARD_DetectLayout Attempting to match against "Swedish keyboard layout"
45870 wine_trace 01b4:trace:key:X11DRV_KEYBOARD_DetectLayout mismatch for keycode 11, got "2@  "
45870 wine_trace 01b4:trace:key:X11DRV_KEYBOARD_DetectLayout mismatch for keycode 13, got "4$  "
45870 wine_trace 01b4:trace:key:X11DRV_KEYBOARD_DetectLayout mismatch for keycode 15, got "6^  "
45870 wine_trace 01b4:trace:key:X11DRV_KEYBOARD_DetectLayout mismatch for keycode 16, got "7&  "
45870 wine_trace 01b4:trace:key:X11DRV_KEYBOARD_DetectLayout mismatch for keycode 17, got "8*  "
45871 wine_trace 01b4:trace:key:X11DRV_KEYBOARD_DetectLayout mismatch for keycode 18, got "9(  "
45871 wine_trace 01b4:trace:key:X11DRV_KEYBOARD_DetectLayout mismatch for keycode 19, got "0)  "
45871 wine_trace 01b4:trace:key:X11DRV_KEYBOARD_DetectLayout mismatch for keycode 21, got "=+  "
45871 wine_trace 01b4:trace:key:X11DRV_KEYBOARD_DetectLayout mismatch for keycode 34, got "[{  "
45871 wine_trace 01b4:trace:key:X11DRV_KEYBOARD_DetectLayout mismatch for keycode 35, got "]}  "
45872 wine_trace 01b4:trace:key:X11DRV_KEYBOARD_DetectLayout mismatch for keycode 47, got ";:  "
45872 wine_trace 01b4:trace:key:X11DRV_KEYBOARD_DetectLayout mismatch for keycode 48, got "'\"  "
45872 wine_trace 01b4:trace:key:X11DRV_KEYBOARD_DetectLayout mismatch for keycode 49, got "`~  "
45872 wine_trace 01b4:trace:key:X11DRV_KEYBOARD_DetectLayout mismatch for keycode 51, got "\\|  "
45872 wine_trace 01b4:trace:key:X11DRV_KEYBOARD_DetectLayout mismatch for keycode 59, got ",<  "
45872 wine_trace 01b4:trace:key:X11DRV_KEYBOARD_DetectLayout mismatch for keycode 60, got ".>  "
45873 wine_trace 01b4:trace:key:X11DRV_KEYBOARD_DetectLayout mismatch for keycode 61, got "/?  "
45873 wine_trace 01b4:trace:keyboard:X11DRV_KEYBOARD_DetectLayout matches=30, mismatches=17, seq=29, score=26
45873 wine_trace 01b4:trace:keyboard:X11DRV_KEYBOARD_DetectLayout Attempting to match against "Estonian keyboard layout"
45873 wine_trace 01b4:trace:key:X11DRV_KEYBOARD_DetectLayout mismatch for keycode 11, got "2@  "
45873 wine_trace 01b4:trace:key:X11DRV_KEYBOARD_DetectLayout mismatch for keycode 13, got "4$  "
45874 wine_trace 01b4:trace:key:X11DRV_KEYBOARD_DetectLayout mismatch for keycode 15, got "6^  "
45874 wine_trace 01b4:trace:key:X11DRV_KEYBOARD_DetectLayout mismatch for keycode 16, got "7&  "
45874 wine_trace 01b4:trace:key:X11DRV_KEYBOARD_DetectLayout mismatch for keycode 17, got "8*  "
45874 wine_trace 01b4:trace:key:X11DRV_KEYBOARD_DetectLayout mismatch for keycode 18, got "9(  "
45874 wine_trace 01b4:trace:key:X11DRV_KEYBOARD_DetectLayout mismatch for keycode 19, got "0)  "
45874 wine_trace 01b4:trace:key:X11DRV_KEYBOARD_DetectLayout mismatch for keycode 21, got "=+  "
45875 wine_trace 01b4:trace:key:X11DRV_KEYBOARD_DetectLayout mismatch for keycode 34, got "[{  "
45875 wine_trace 01b4:trace:key:X11DRV_KEYBOARD_DetectLayout mismatch for keycode 35, got "]}  "
45875 wine_trace 01b4:trace:key:X11DRV_KEYBOARD_DetectLayout mismatch for keycode 47, got ";:  "
45875 wine_trace 01b4:trace:key:X11DRV_KEYBOARD_DetectLayout mismatch for keycode 48, got "'\"  "
45876 wine_trace 01b4:trace:key:X11DRV_KEYBOARD_DetectLayout mismatch for keycode 49, got "`~  "
45876 wine_trace 01b4:trace:key:X11DRV_KEYBOARD_DetectLayout mismatch for keycode 51, got "\\|  "
45876 wine_trace 01b4:trace:key:X11DRV_KEYBOARD_DetectLayout mismatch for keycode 59, got ",<  "
45876 wine_trace 01b4:trace:key:X11DRV_KEYBOARD_DetectLayout mismatch for keycode 60, got ".>  "
45876 wine_trace 01b4:trace:key:X11DRV_KEYBOARD_DetectLayout mismatch for keycode 61, got "/?  "
45876 wine_trace 01b4:trace:keyboard:X11DRV_KEYBOARD_DetectLayout matches=30, mismatches=17, seq=29, score=26
45877 wine_trace 01b4:trace:keyboard:X11DRV_KEYBOARD_DetectLayout Attempting to match against "Norwegian keyboard layout"
45877 wine_trace 01b4:trace:key:X11DRV_KEYBOARD_DetectLayout mismatch for keycode 11, got "2@  "
45877 wine_trace 01b4:trace:key:X11DRV_KEYBOARD_DetectLayout mismatch for keycode 13, got "4$  "
45877 wine_trace 01b4:trace:key:X11DRV_KEYBOARD_DetectLayout mismatch for keycode 15, got "6^  "
45877 wine_trace 01b4:trace:key:X11DRV_KEYBOARD_DetectLayout mismatch for keycode 16, got "7&  "
45877 wine_trace 01b4:trace:key:X11DRV_KEYBOARD_DetectLayout mismatch for keycode 17, got "8*  "
45878 wine_trace 01b4:trace:key:X11DRV_KEYBOARD_DetectLayout mismatch for keycode 18, got "9(  "
45878 wine_trace 01b4:trace:key:X11DRV_KEYBOARD_DetectLayout mismatch for keycode 19, got "0)  "
45878 wine_trace 01b4:trace:key:X11DRV_KEYBOARD_DetectLayout mismatch for keycode 21, got "=+  "
45878 wine_trace 01b4:trace:key:X11DRV_KEYBOARD_DetectLayout mismatch for keycode 34, got "[{  "
45878 wine_trace 01b4:trace:key:X11DRV_KEYBOARD_DetectLayout mismatch for keycode 35, got "]}  "
45878 wine_trace 01b4:trace:key:X11DRV_KEYBOARD_DetectLayout mismatch for keycode 47, got ";:  "
45879 wine_trace 01b4:trace:key:X11DRV_KEYBOARD_DetectLayout mismatch for keycode 48, got "'\"  "
45879 wine_trace 01b4:trace:key:X11DRV_KEYBOARD_DetectLayout mismatch for keycode 49, got "`~  "
45879 wine_trace 01b4:trace:key:X11DRV_KEYBOARD_DetectLayout mismatch for keycode 51, got "\\|  "
45879 wine_trace 01b4:trace:key:X11DRV_KEYBOARD_DetectLayout mismatch for keycode 59, got ",<  "
45879 wine_trace 01b4:trace:key:X11DRV_KEYBOARD_DetectLayout mismatch for keycode 60, got ".>  "
45880 wine_trace 01b4:trace:key:X11DRV_KEYBOARD_DetectLayout mismatch for keycode 61, got "/?  "
45880 wine_trace 01b4:trace:keyboard:X11DRV_KEYBOARD_DetectLayout matches=30, mismatches=17, seq=29, score=26
45880 wine_trace 01b4:trace:keyboard:X11DRV_KEYBOARD_DetectLayout Attempting to match against "Danish keyboard layout"
45880 wine_trace 01b4:trace:key:X11DRV_KEYBOARD_DetectLayout mismatch for keycode 11, got "2@  "
45880 wine_trace 01b4:trace:key:X11DRV_KEYBOARD_DetectLayout mismatch for keycode 13, got "4$  "
45881 wine_trace 01b4:trace:key:X11DRV_KEYBOARD_DetectLayout mismatch for keycode 15, got "6^  "
45881 wine_trace 01b4:trace:key:X11DRV_KEYBOARD_DetectLayout mismatch for keycode 16, got "7&  "
45881 wine_trace 01b4:trace:key:X11DRV_KEYBOARD_DetectLayout mismatch for keycode 17, got "8*  "
45881 wine_trace 01b4:trace:key:X11DRV_KEYBOARD_DetectLayout mismatch for keycode 18, got "9(  "
45881 wine_trace 01b4:trace:key:X11DRV_KEYBOARD_DetectLayout mismatch for keycode 19, got "0)  "
45882 wine_trace 01b4:trace:key:X11DRV_KEYBOARD_DetectLayout mismatch for keycode 21, got "=+  "
45882 wine_trace 01b4:trace:key:X11DRV_KEYBOARD_DetectLayout mismatch for keycode 34, got "[{  "
45882 wine_trace 01b4:trace:key:X11DRV_KEYBOARD_DetectLayout mismatch for keycode 35, got "]}  "
45882 wine_trace 01b4:trace:key:X11DRV_KEYBOARD_DetectLayout mismatch for keycode 47, got ";:  "
45882 wine_trace 01b4:trace:key:X11DRV_KEYBOARD_DetectLayout mismatch for keycode 48, got "'\"  "
45882 wine_trace 01b4:trace:key:X11DRV_KEYBOARD_DetectLayout mismatch for keycode 49, got "`~  "
45883 wine_trace 01b4:trace:key:X11DRV_KEYBOARD_DetectLayout mismatch for keycode 51, got "\\|  "
45883 wine_trace 01b4:trace:key:X11DRV_KEYBOARD_DetectLayout mismatch for keycode 59, got ",<  "
45883 wine_trace 01b4:trace:key:X11DRV_KEYBOARD_DetectLayout mismatch for keycode 60, got ".>  "
45883 wine_trace 01b4:trace:key:X11DRV_KEYBOARD_DetectLayout mismatch for keycode 61, got "/?  "
45884 wine_trace 01b4:trace:keyboard:X11DRV_KEYBOARD_DetectLayout matches=30, mismatches=17, seq=29, score=26
45884 wine_trace 01b4:trace:keyboard:X11DRV_KEYBOARD_DetectLayout Attempting to match against "French keyboard layout"
45884 wine_trace 01b4:trace:key:X11DRV_KEYBOARD_DetectLayout mismatch for keycode 10, got "1!  "
45884 wine_trace 01b4:trace:key:X11DRV_KEYBOARD_DetectLayout mismatch for keycode 11, got "2@  "
45884 wine_trace 01b4:trace:key:X11DRV_KEYBOARD_DetectLayout mismatch for keycode 12, got "3#  "
45884 wine_trace 01b4:trace:key:X11DRV_KEYBOARD_DetectLayout mismatch for keycode 13, got "4$  "
45885 wine_trace 01b4:trace:key:X11DRV_KEYBOARD_DetectLayout mismatch for keycode 14, got "5%  "
45885 wine_trace 01b4:trace:key:X11DRV_KEYBOARD_DetectLayout mismatch for keycode 15, got "6^  "
45885 wine_trace 01b4:trace:key:X11DRV_KEYBOARD_DetectLayout mismatch for keycode 16, got "7&  "
45885 wine_trace 01b4:trace:key:X11DRV_KEYBOARD_DetectLayout mismatch for keycode 17, got "8*  "
45885 wine_trace 01b4:trace:key:X11DRV_KEYBOARD_DetectLayout mismatch for keycode 18, got "9(  "
45886 wine_trace 01b4:trace:key:X11DRV_KEYBOARD_DetectLayout mismatch for keycode 19, got "0)  "
45886 wine_trace 01b4:trace:key:X11DRV_KEYBOARD_DetectLayout mismatch for keycode 20, got "-_  "
45886 wine_trace 01b4:trace:key:X11DRV_KEYBOARD_DetectLayout mismatch for keycode 34, got "[{  "
45886 wine_trace 01b4:trace:key:X11DRV_KEYBOARD_DetectLayout mismatch for keycode 35, got "]}  "
45886 wine_trace 01b4:trace:key:X11DRV_KEYBOARD_DetectLayout mismatch for keycode 47, got ";:  "
45886 wine_trace 01b4:trace:key:X11DRV_KEYBOARD_DetectLayout mismatch for keycode 48, got "'\"  "
45886 wine_trace 01b4:trace:key:X11DRV_KEYBOARD_DetectLayout mismatch for keycode 49, got "`~  "
45886 wine_trace 01b4:trace:key:X11DRV_KEYBOARD_DetectLayout mismatch for keycode 51, got "\\|  "
45887 wine_trace 01b4:trace:key:X11DRV_KEYBOARD_DetectLayout mismatch for keycode 59, got ",<  "
45887 wine_trace 01b4:trace:key:X11DRV_KEYBOARD_DetectLayout mismatch for keycode 60, got ".>  "
45887 wine_trace 01b4:trace:key:X11DRV_KEYBOARD_DetectLayout mismatch for keycode 61, got "/?  "
45887 wine_trace 01b4:trace:keyboard:X11DRV_KEYBOARD_DetectLayout matches=27, mismatches=20, seq=23, score=14
45887 wine_trace 01b4:trace:keyboard:X11DRV_KEYBOARD_DetectLayout Attempting to match against "Canadian French keyboard layout"
45887 wine_trace 01b4:trace:key:X11DRV_KEYBOARD_DetectLayout mismatch for keycode 11, got "2@  "
45887 wine_trace 01b4:trace:key:X11DRV_KEYBOARD_DetectLayout mismatch for keycode 12, got "3#  "
45887 wine_trace 01b4:trace:key:X11DRV_KEYBOARD_DetectLayout mismatch for keycode 15, got "6^  "
45887 wine_trace 01b4:trace:key:X11DRV_KEYBOARD_DetectLayout mismatch for keycode 34, got "[{  "
45888 wine_trace 01b4:trace:key:X11DRV_KEYBOARD_DetectLayout mismatch for keycode 35, got "]}  "
45888 wine_trace 01b4:trace:key:X11DRV_KEYBOARD_DetectLayout mismatch for keycode 48, got "'\"  "
45888 wine_trace 01b4:trace:key:X11DRV_KEYBOARD_DetectLayout mismatch for keycode 49, got "`~  "
45888 wine_trace 01b4:trace:key:X11DRV_KEYBOARD_DetectLayout mismatch for keycode 51, got "\\|  "
45888 wine_trace 01b4:trace:key:X11DRV_KEYBOARD_DetectLayout mismatch for keycode 59, got ",<  "
45888 wine_trace 01b4:trace:key:X11DRV_KEYBOARD_DetectLayout mismatch for keycode 61, got "/?  "
45888 wine_trace 01b4:trace:keyboard:X11DRV_KEYBOARD_DetectLayout matches=37, mismatches=10, seq=37, score=53
45888 wine_trace 01b4:trace:keyboard:X11DRV_KEYBOARD_DetectLayout Attempting to match against "Canadian French keyboard layout (CA_fr)"
45888 wine_trace 01b4:trace:key:X11DRV_KEYBOARD_DetectLayout mismatch for keycode 11, got "2@  "
45889 wine_trace 01b4:trace:key:X11DRV_KEYBOARD_DetectLayout mismatch for keycode 12, got "3#  "
45889 wine_trace 01b4:trace:key:X11DRV_KEYBOARD_DetectLayout mismatch for keycode 15, got "6^  "
45889 wine_trace 01b4:trace:key:X11DRV_KEYBOARD_DetectLayout mismatch for keycode 34, got "[{  "
45889 wine_trace 01b4:trace:key:X11DRV_KEYBOARD_DetectLayout mismatch for keycode 35, got "]}  "
45889 wine_trace 01b4:trace:key:X11DRV_KEYBOARD_DetectLayout mismatch for keycode 48, got "'\"  "
45889 wine_trace 01b4:trace:key:X11DRV_KEYBOARD_DetectLayout mismatch for keycode 49, got "`~  "
45889 wine_trace 01b4:trace:key:X11DRV_KEYBOARD_DetectLayout mismatch for keycode 51, got "\\|  "
45889 wine_trace 01b4:trace:key:X11DRV_KEYBOARD_DetectLayout mismatch for keycode 59, got ",<  "
45889 wine_trace 01b4:trace:key:X11DRV_KEYBOARD_DetectLayout mismatch for keycode 61, got "/?  "
45889 wine_trace 01b4:trace:keyboard:X11DRV_KEYBOARD_DetectLayout matches=37, mismatches=10, seq=37, score=53
45889 wine_trace 01b4:trace:keyboard:X11DRV_KEYBOARD_DetectLayout Attempting to match against "Canadian keyboard layout"
45890 wine_trace 01b4:trace:key:X11DRV_KEYBOARD_DetectLayout mismatch for keycode 15, got "6^  "
45890 wine_trace 01b4:trace:key:X11DRV_KEYBOARD_DetectLayout mismatch for keycode 34, got "[{  "
45890 wine_trace 01b4:trace:key:X11DRV_KEYBOARD_DetectLayout mismatch for keycode 35, got "]}  "
45890 wine_trace 01b4:trace:key:X11DRV_KEYBOARD_DetectLayout mismatch for keycode 48, got "'\"  "
45890 wine_trace 01b4:trace:key:X11DRV_KEYBOARD_DetectLayout mismatch for keycode 49, got "`~  "
45890 wine_trace 01b4:trace:key:X11DRV_KEYBOARD_DetectLayout mismatch for keycode 51, got "\\|  "
45890 wine_trace 01b4:trace:key:X11DRV_KEYBOARD_DetectLayout mismatch for keycode 59, got ",<  "
45890 wine_trace 01b4:trace:key:X11DRV_KEYBOARD_DetectLayout mismatch for keycode 60, got ".>  "
45890 wine_trace 01b4:trace:key:X11DRV_KEYBOARD_DetectLayout mismatch for keycode 61, got "/?  "
45890 wine_trace 01b4:trace:keyboard:X11DRV_KEYBOARD_DetectLayout matches=38, mismatches=9, seq=38, score=58
45890 wine_trace 01b4:trace:keyboard:X11DRV_KEYBOARD_DetectLayout Attempting to match against "Belgian keyboard layout"
45891 wine_trace 01b4:trace:key:X11DRV_KEYBOARD_DetectLayout mismatch for keycode 10, got "1!  "
45891 wine_trace 01b4:trace:key:X11DRV_KEYBOARD_DetectLayout mismatch for keycode 11, got "2@  "
45891 wine_trace 01b4:trace:key:X11DRV_KEYBOARD_DetectLayout mismatch for keycode 12, got "3#  "
45891 wine_trace 01b4:trace:key:X11DRV_KEYBOARD_DetectLayout mismatch for keycode 13, got "4$  "
45891 wine_trace 01b4:trace:key:X11DRV_KEYBOARD_DetectLayout mismatch for keycode 14, got "5%  "
45891 wine_trace 01b4:trace:key:X11DRV_KEYBOARD_DetectLayout mismatch for keycode 15, got "6^  "
45891 wine_trace 01b4:trace:key:X11DRV_KEYBOARD_DetectLayout mismatch for keycode 16, got "7&  "
45891 wine_trace 01b4:trace:key:X11DRV_KEYBOARD_DetectLayout mismatch for keycode 17, got "8*  "
45891 wine_trace 01b4:trace:key:X11DRV_KEYBOARD_DetectLayout mismatch for keycode 18, got "9(  "
45891 wine_trace 01b4:trace:key:X11DRV_KEYBOARD_DetectLayout mismatch for keycode 19, got "0)  "
45891 wine_trace 01b4:trace:key:X11DRV_KEYBOARD_DetectLayout mismatch for keycode 34, got "[{  "
45892 wine_trace 01b4:trace:key:X11DRV_KEYBOARD_DetectLayout mismatch for keycode 35, got "]}  "
45892 wine_trace 01b4:trace:key:X11DRV_KEYBOARD_DetectLayout mismatch for keycode 47, got ";:  "
45892 wine_trace 01b4:trace:key:X11DRV_KEYBOARD_DetectLayout mismatch for keycode 48, got "'\"  "
45892 wine_trace 01b4:trace:key:X11DRV_KEYBOARD_DetectLayout mismatch for keycode 49, got "`~  "
45892 wine_trace 01b4:trace:key:X11DRV_KEYBOARD_DetectLayout mismatch for keycode 51, got "\\|  "
45892 wine_trace 01b4:trace:key:X11DRV_KEYBOARD_DetectLayout mismatch for keycode 59, got ",<  "
45892 wine_trace 01b4:trace:key:X11DRV_KEYBOARD_DetectLayout mismatch for keycode 60, got ".>  "
45892 wine_trace 01b4:trace:key:X11DRV_KEYBOARD_DetectLayout mismatch for keycode 61, got "/?  "
45892 wine_trace 01b4:trace:keyboard:X11DRV_KEYBOARD_DetectLayout matches=28, mismatches=19, seq=23, score=18
45892 wine_trace 01b4:trace:keyboard:X11DRV_KEYBOARD_DetectLayout Attempting to match against "Portuguese keyboard layout"
45893 wine_trace 01b4:trace:key:X11DRV_KEYBOARD_DetectLayout mismatch for keycode 11, got "2@  "
45893 wine_trace 01b4:trace:key:X11DRV_KEYBOARD_DetectLayout mismatch for keycode 15, got "6^  "
45893 wine_trace 01b4:trace:key:X11DRV_KEYBOARD_DetectLayout mismatch for keycode 16, got "7&  "
45893 wine_trace 01b4:trace:key:X11DRV_KEYBOARD_DetectLayout mismatch for keycode 17, got "8*  "
45893 wine_trace 01b4:trace:key:X11DRV_KEYBOARD_DetectLayout mismatch for keycode 18, got "9(  "
45893 wine_trace 01b4:trace:key:X11DRV_KEYBOARD_DetectLayout mismatch for keycode 19, got "0)  "
45893 wine_trace 01b4:trace:key:X11DRV_KEYBOARD_DetectLayout mismatch for keycode 21, got "=+  "
45893 wine_trace 01b4:trace:key:X11DRV_KEYBOARD_DetectLayout mismatch for keycode 34, got "[{  "
45893 wine_trace 01b4:trace:key:X11DRV_KEYBOARD_DetectLayout mismatch for keycode 35, got "]}  "
45893 wine_trace 01b4:trace:key:X11DRV_KEYBOARD_DetectLayout mismatch for keycode 47, got ";:  "
45893 wine_trace 01b4:trace:key:X11DRV_KEYBOARD_DetectLayout mismatch for keycode 48, got "'\"  "
45894 wine_trace 01b4:trace:key:X11DRV_KEYBOARD_DetectLayout mismatch for keycode 49, got "`~  "
45894 wine_trace 01b4:trace:key:X11DRV_KEYBOARD_DetectLayout mismatch for keycode 59, got ",<  "
45894 wine_trace 01b4:trace:key:X11DRV_KEYBOARD_DetectLayout mismatch for keycode 60, got ".>  "
45894 wine_trace 01b4:trace:key:X11DRV_KEYBOARD_DetectLayout mismatch for keycode 61, got "/?  "
45894 wine_trace 01b4:trace:keyboard:X11DRV_KEYBOARD_DetectLayout matches=32, mismatches=15, seq=30, score=34
45894 wine_trace 01b4:trace:keyboard:X11DRV_KEYBOARD_DetectLayout Attempting to match against "Brazilian ABNT-2 keyboard layout"
45894 wine_trace 01b4:trace:key:X11DRV_KEYBOARD_DetectLayout mismatch for keycode 15, got "6^  "
45894 wine_trace 01b4:trace:key:X11DRV_KEYBOARD_DetectLayout mismatch for keycode 49, got "`~  "
45894 wine_trace 01b4:trace:keyboard:X11DRV_KEYBOARD_DetectLayout matches=45, mismatches=2, seq=43, score=86
45894 wine_trace 01b4:trace:keyboard:X11DRV_KEYBOARD_DetectLayout Attempting to match against "Brazilian ABNT-2 keyboard layout ALT GR"
45894 wine_trace 01b4:trace:key:X11DRV_KEYBOARD_DetectLayout mismatch for keycode 15, got "6^  "
45894 wine_trace 01b4:trace:key:X11DRV_KEYBOARD_DetectLayout mismatch for keycode 49, got "`~  "
45895 wine_trace 01b4:trace:keyboard:X11DRV_KEYBOARD_DetectLayout matches=45, mismatches=2, seq=43, score=86
45895 wine_trace 01b4:trace:keyboard:X11DRV_KEYBOARD_DetectLayout Attempting to match against "Finnish keyboard layout"
45895 wine_trace 01b4:trace:key:X11DRV_KEYBOARD_DetectLayout mismatch for keycode 11, got "2@  "
45895 wine_trace 01b4:trace:key:X11DRV_KEYBOARD_DetectLayout mismatch for keycode 13, got "4$  "
45895 wine_trace 01b4:trace:key:X11DRV_KEYBOARD_DetectLayout mismatch for keycode 15, got "6^  "
45895 wine_trace 01b4:trace:key:X11DRV_KEYBOARD_DetectLayout mismatch for keycode 16, got "7&  "
45895 wine_trace 01b4:trace:key:X11DRV_KEYBOARD_DetectLayout mismatch for keycode 17, got "8*  "
45895 wine_trace 01b4:trace:key:X11DRV_KEYBOARD_DetectLayout mismatch for keycode 18, got "9(  "
45895 wine_trace 01b4:trace:key:X11DRV_KEYBOARD_DetectLayout mismatch for keycode 19, got "0)  "
45895 wine_trace 01b4:trace:key:X11DRV_KEYBOARD_DetectLayout mismatch for keycode 21, got "=+  "
45896 wine_trace 01b4:trace:key:X11DRV_KEYBOARD_DetectLayout mismatch for keycode 34, got "[{  "
45896 wine_trace 01b4:trace:key:X11DRV_KEYBOARD_DetectLayout mismatch for keycode 35, got "]}  "
45896 wine_trace 01b4:trace:key:X11DRV_KEYBOARD_DetectLayout mismatch for keycode 47, got ";:  "
45896 wine_trace 01b4:trace:key:X11DRV_KEYBOARD_DetectLayout mismatch for keycode 48, got "'\"  "
45896 wine_trace 01b4:trace:key:X11DRV_KEYBOARD_DetectLayout mismatch for keycode 49, got "`~  "
45896 wine_trace 01b4:trace:key:X11DRV_KEYBOARD_DetectLayout mismatch for keycode 51, got "\\|  "
45896 wine_trace 01b4:trace:key:X11DRV_KEYBOARD_DetectLayout mismatch for keycode 59, got ",<  "
45896 wine_trace 01b4:trace:key:X11DRV_KEYBOARD_DetectLayout mismatch for keycode 60, got ".>  "
45896 wine_trace 01b4:trace:key:X11DRV_KEYBOARD_DetectLayout mismatch for keycode 61, got "/?  "
45896 wine_trace 01b4:trace:keyboard:X11DRV_KEYBOARD_DetectLayout matches=30, mismatches=17, seq=29, score=26
45896 wine_trace 01b4:trace:keyboard:X11DRV_KEYBOARD_DetectLayout Attempting to match against "Bulgarian bds keyboard layout"
45897 wine_trace 01b4:trace:keyboard:X11DRV_KEYBOARD_DetectLayout matches=47, mismatches=0, seq=46, score=94
45897 wine_trace 01b4:trace:keyboard:X11DRV_KEYBOARD_DetectLayout Attempting to match against "Bulgarian phonetic keyboard layout"
45897 wine_trace 01b4:trace:keyboard:X11DRV_KEYBOARD_DetectLayout matches=47, mismatches=0, seq=46, score=94
45897 wine_trace 01b4:trace:keyboard:X11DRV_KEYBOARD_DetectLayout Attempting to match against "Belarusian keyboard layout"
45897 wine_trace 01b4:trace:keyboard:X11DRV_KEYBOARD_DetectLayout matches=47, mismatches=0, seq=46, score=94
45897 wine_trace 01b4:trace:keyboard:X11DRV_KEYBOARD_DetectLayout Attempting to match against "Russian keyboard layout"
45897 wine_trace 01b4:trace:keyboard:X11DRV_KEYBOARD_DetectLayout matches=47, mismatches=0, seq=46, score=94
45897 wine_trace 01b4:trace:keyboard:X11DRV_KEYBOARD_DetectLayout Attempting to match against "Russian keyboard layout (phantom key version)"
45897 wine_trace 01b4:trace:keyboard:X11DRV_KEYBOARD_DetectLayout matches=47, mismatches=0, seq=46, score=94
45897 wine_trace 01b4:trace:keyboard:X11DRV_KEYBOARD_DetectLayout Attempting to match against "Russian keyboard layout KOI8-R"
45898 wine_trace 01b4:trace:key:X11DRV_KEYBOARD_DetectLayout mismatch for keycode 11, got "2@  "
45898 wine_trace 01b4:trace:key:X11DRV_KEYBOARD_DetectLayout mismatch for keycode 12, got "3#  "
45898 wine_trace 01b4:trace:key:X11DRV_KEYBOARD_DetectLayout mismatch for keycode 14, got "5%  "
45898 wine_trace 01b4:trace:key:X11DRV_KEYBOARD_DetectLayout mismatch for keycode 15, got "6^  "
45898 wine_trace 01b4:trace:key:X11DRV_KEYBOARD_DetectLayout mismatch for keycode 16, got "7&  "
45898 wine_trace 01b4:trace:key:X11DRV_KEYBOARD_DetectLayout mismatch for keycode 17, got "8*  "
45898 wine_trace 01b4:trace:key:X11DRV_KEYBOARD_DetectLayout mismatch for keycode 18, got "9(  "
45898 wine_trace 01b4:trace:key:X11DRV_KEYBOARD_DetectLayout mismatch for keycode 19, got "0)  "
45898 wine_trace 01b4:trace:key:X11DRV_KEYBOARD_DetectLayout mismatch for keycode 24, got "qQ  "
45898 wine_trace 01b4:trace:key:X11DRV_KEYBOARD_DetectLayout mismatch for keycode 25, got "wW  "
45898 wine_trace 01b4:trace:key:X11DRV_KEYBOARD_DetectLayout mismatch for keycode 26, got "eE  "
45899 wine_trace 01b4:trace:key:X11DRV_KEYBOARD_DetectLayout mismatch for keycode 27, got "rR  "
45899 wine_trace 01b4:trace:key:X11DRV_KEYBOARD_DetectLayout mismatch for keycode 28, got "tT  "
45899 wine_trace 01b4:trace:key:X11DRV_KEYBOARD_DetectLayout mismatch for keycode 29, got "yY  "
45899 wine_trace 01b4:trace:key:X11DRV_KEYBOARD_DetectLayout mismatch for keycode 30, got "uU  "
45899 wine_trace 01b4:trace:key:X11DRV_KEYBOARD_DetectLayout mismatch for keycode 31, got "iI  "
45899 wine_trace 01b4:trace:key:X11DRV_KEYBOARD_DetectLayout mismatch for keycode 32, got "oO  "
45899 wine_trace 01b4:trace:key:X11DRV_KEYBOARD_DetectLayout mismatch for keycode 33, got "pP  "
45899 wine_trace 01b4:trace:key:X11DRV_KEYBOARD_DetectLayout mismatch for keycode 34, got "[{  "
45899 wine_trace 01b4:trace:key:X11DRV_KEYBOARD_DetectLayout mismatch for keycode 35, got "]}  "
45899 wine_trace 01b4:trace:key:X11DRV_KEYBOARD_DetectLayout mismatch for keycode 38, got "aA  "
45900 wine_trace 01b4:trace:key:X11DRV_KEYBOARD_DetectLayout mismatch for keycode 39, got "sS  "
45900 wine_trace 01b4:trace:key:X11DRV_KEYBOARD_DetectLayout mismatch for keycode 40, got "dD  "
45900 wine_trace 01b4:trace:key:X11DRV_KEYBOARD_DetectLayout mismatch for keycode 41, got "fF  "
45900 wine_trace 01b4:trace:key:X11DRV_KEYBOARD_DetectLayout mismatch for keycode 42, got "gG  "
45900 wine_trace 01b4:trace:key:X11DRV_KEYBOARD_DetectLayout mismatch for keycode 43, got "hH  "
45900 wine_trace 01b4:trace:key:X11DRV_KEYBOARD_DetectLayout mismatch for keycode 44, got "jJ  "
45900 wine_trace 01b4:trace:key:X11DRV_KEYBOARD_DetectLayout mismatch for keycode 45, got "kK  "
45900 wine_trace 01b4:trace:key:X11DRV_KEYBOARD_DetectLayout mismatch for keycode 46, got "lL  "
45900 wine_trace 01b4:trace:key:X11DRV_KEYBOARD_DetectLayout mismatch for keycode 47, got ";:  "
45900 wine_trace 01b4:trace:key:X11DRV_KEYBOARD_DetectLayout mismatch for keycode 48, got "'\"  "
45900 wine_trace 01b4:trace:key:X11DRV_KEYBOARD_DetectLayout mismatch for keycode 49, got "`~  "
45900 wine_trace 01b4:trace:key:X11DRV_KEYBOARD_DetectLayout mismatch for keycode 52, got "zZ  "
45901 wine_trace 01b4:trace:key:X11DRV_KEYBOARD_DetectLayout mismatch for keycode 53, got "xX  "
45901 wine_trace 01b4:trace:key:X11DRV_KEYBOARD_DetectLayout mismatch for keycode 54, got "cC  "
45901 wine_trace 01b4:trace:key:X11DRV_KEYBOARD_DetectLayout mismatch for keycode 55, got "vV  "
45901 wine_trace 01b4:trace:key:X11DRV_KEYBOARD_DetectLayout mismatch for keycode 56, got "bB  "
45901 wine_trace 01b4:trace:key:X11DRV_KEYBOARD_DetectLayout mismatch for keycode 57, got "nN  "
45901 wine_trace 01b4:trace:key:X11DRV_KEYBOARD_DetectLayout mismatch for keycode 58, got "mM  "
45901 wine_trace 01b4:trace:key:X11DRV_KEYBOARD_DetectLayout mismatch for keycode 59, got ",<  "
45901 wine_trace 01b4:trace:key:X11DRV_KEYBOARD_DetectLayout mismatch for keycode 60, got ".>  "
45901 wine_trace 01b4:trace:keyboard:X11DRV_KEYBOARD_DetectLayout matches=6, mismatches=41, seq=6, score=-70
45901 wine_trace 01b4:trace:keyboard:X11DRV_KEYBOARD_DetectLayout Attempting to match against "Russian keyboard layout cp1251"
45901 wine_trace 01b4:trace:keyboard:X11DRV_KEYBOARD_DetectLayout matches=47, mismatches=0, seq=46, score=94
45902 wine_trace 01b4:trace:keyboard:X11DRV_KEYBOARD_DetectLayout Attempting to match against "Russian phonetic keyboard layout"
45902 wine_trace 01b4:trace:keyboard:X11DRV_KEYBOARD_DetectLayout matches=47, mismatches=0, seq=46, score=94
45902 wine_trace 01b4:trace:keyboard:X11DRV_KEYBOARD_DetectLayout Attempting to match against "Ukrainian keyboard layout KOI8-U"
45902 wine_trace 01b4:trace:keyboard:X11DRV_KEYBOARD_DetectLayout matches=47, mismatches=0, seq=46, score=94
45902 wine_trace 01b4:trace:keyboard:X11DRV_KEYBOARD_DetectLayout Attempting to match against "Ukrainian keyboard layout (standard)"
45902 wine_trace 01b4:trace:key:X11DRV_KEYBOARD_DetectLayout mismatch for keycode 11, got "2@  "
45902 wine_trace 01b4:trace:key:X11DRV_KEYBOARD_DetectLayout mismatch for keycode 12, got "3#  "
45902 wine_trace 01b4:trace:key:X11DRV_KEYBOARD_DetectLayout mismatch for keycode 13, got "4$  "
45902 wine_trace 01b4:trace:key:X11DRV_KEYBOARD_DetectLayout mismatch for keycode 15, got "6^  "
45902 wine_trace 01b4:trace:key:X11DRV_KEYBOARD_DetectLayout mismatch for keycode 16, got "7&  "
45902 wine_trace 01b4:trace:key:X11DRV_KEYBOARD_DetectLayout mismatch for keycode 24, got "qQ  "
45903 wine_trace 01b4:trace:key:X11DRV_KEYBOARD_DetectLayout mismatch for keycode 25, got "wW  "
45903 wine_trace 01b4:trace:key:X11DRV_KEYBOARD_DetectLayout mismatch for keycode 26, got "eE  "
45903 wine_trace 01b4:trace:key:X11DRV_KEYBOARD_DetectLayout mismatch for keycode 27, got "rR  "
45903 wine_trace 01b4:trace:key:X11DRV_KEYBOARD_DetectLayout mismatch for keycode 28, got "tT  "
45903 wine_trace 01b4:trace:key:X11DRV_KEYBOARD_DetectLayout mismatch for keycode 29, got "yY  "
45903 wine_trace 01b4:trace:key:X11DRV_KEYBOARD_DetectLayout mismatch for keycode 30, got "uU  "
45903 wine_trace 01b4:trace:key:X11DRV_KEYBOARD_DetectLayout mismatch for keycode 31, got "iI  "
45903 wine_trace 01b4:trace:key:X11DRV_KEYBOARD_DetectLayout mismatch for keycode 32, got "oO  "
45903 wine_trace 01b4:trace:key:X11DRV_KEYBOARD_DetectLayout mismatch for keycode 33, got "pP  "
45903 wine_trace 01b4:trace:key:X11DRV_KEYBOARD_DetectLayout mismatch for keycode 34, got "[{  "
45903 wine_trace 01b4:trace:key:X11DRV_KEYBOARD_DetectLayout mismatch for keycode 35, got "]}  "
45903 wine_trace 01b4:trace:key:X11DRV_KEYBOARD_DetectLayout mismatch for keycode 38, got "aA  "
45904 wine_trace 01b4:trace:key:X11DRV_KEYBOARD_DetectLayout mismatch for keycode 39, got "sS  "
45904 wine_trace 01b4:trace:key:X11DRV_KEYBOARD_DetectLayout mismatch for keycode 40, got "dD  "
45904 wine_trace 01b4:trace:key:X11DRV_KEYBOARD_DetectLayout mismatch for keycode 41, got "fF  "
45904 wine_trace 01b4:trace:key:X11DRV_KEYBOARD_DetectLayout mismatch for keycode 42, got "gG  "
45904 wine_trace 01b4:trace:key:X11DRV_KEYBOARD_DetectLayout mismatch for keycode 43, got "hH  "
45904 wine_trace 01b4:trace:key:X11DRV_KEYBOARD_DetectLayout mismatch for keycode 44, got "jJ  "
45904 wine_trace 01b4:trace:key:X11DRV_KEYBOARD_DetectLayout mismatch for keycode 45, got "kK  "
45904 wine_trace 01b4:trace:key:X11DRV_KEYBOARD_DetectLayout mismatch for keycode 46, got "lL  "
45904 wine_trace 01b4:trace:key:X11DRV_KEYBOARD_DetectLayout mismatch for keycode 47, got ";:  "
45904 wine_trace 01b4:trace:key:X11DRV_KEYBOARD_DetectLayout mismatch for keycode 48, got "'\"  "
45904 wine_trace 01b4:trace:key:X11DRV_KEYBOARD_DetectLayout mismatch for keycode 49, got "`~  "
45905 wine_trace 01b4:trace:key:X11DRV_KEYBOARD_DetectLayout mismatch for keycode 51, got "\\|  "
45905 wine_trace 01b4:trace:key:X11DRV_KEYBOARD_DetectLayout mismatch for keycode 52, got "zZ  "
45905 wine_trace 01b4:trace:key:X11DRV_KEYBOARD_DetectLayout mismatch for keycode 53, got "xX  "
45905 wine_trace 01b4:trace:key:X11DRV_KEYBOARD_DetectLayout mismatch for keycode 54, got "cC  "
45905 wine_trace 01b4:trace:key:X11DRV_KEYBOARD_DetectLayout mismatch for keycode 55, got "vV  "
45905 wine_trace 01b4:trace:key:X11DRV_KEYBOARD_DetectLayout mismatch for keycode 56, got "bB  "
45905 wine_trace 01b4:trace:key:X11DRV_KEYBOARD_DetectLayout mismatch for keycode 57, got "nN  "
45905 wine_trace 01b4:trace:key:X11DRV_KEYBOARD_DetectLayout mismatch for keycode 58, got "mM  "
45905 wine_trace 01b4:trace:key:X11DRV_KEYBOARD_DetectLayout mismatch for keycode 59, got ",<  "
45905 wine_trace 01b4:trace:key:X11DRV_KEYBOARD_DetectLayout mismatch for keycode 60, got ".>  "
45905 wine_trace 01b4:trace:key:X11DRV_KEYBOARD_DetectLayout mismatch for keycode 61, got "/?  "
45906 wine_trace 01b4:trace:keyboard:X11DRV_KEYBOARD_DetectLayout matches=7, mismatches=40, seq=7, score=-66
45906 wine_trace 01b4:trace:keyboard:X11DRV_KEYBOARD_DetectLayout Attempting to match against "Russian keyboard layout (standard)"
45906 wine_trace 01b4:trace:key:X11DRV_KEYBOARD_DetectLayout mismatch for keycode 11, got "2@  "
45906 wine_trace 01b4:trace:key:X11DRV_KEYBOARD_DetectLayout mismatch for keycode 12, got "3#  "
45906 wine_trace 01b4:trace:key:X11DRV_KEYBOARD_DetectLayout mismatch for keycode 13, got "4$  "
45906 wine_trace 01b4:trace:key:X11DRV_KEYBOARD_DetectLayout mismatch for keycode 15, got "6^  "
45906 wine_trace 01b4:trace:key:X11DRV_KEYBOARD_DetectLayout mismatch for keycode 16, got "7&  "
45906 wine_trace 01b4:trace:key:X11DRV_KEYBOARD_DetectLayout mismatch for keycode 24, got "qQ  "
45906 wine_trace 01b4:trace:key:X11DRV_KEYBOARD_DetectLayout mismatch for keycode 25, got "wW  "
45906 wine_trace 01b4:trace:key:X11DRV_KEYBOARD_DetectLayout mismatch for keycode 26, got "eE  "
45906 wine_trace 01b4:trace:key:X11DRV_KEYBOARD_DetectLayout mismatch for keycode 27, got "rR  "
45907 wine_trace 01b4:trace:key:X11DRV_KEYBOARD_DetectLayout mismatch for keycode 28, got "tT  "
45907 wine_trace 01b4:trace:key:X11DRV_KEYBOARD_DetectLayout mismatch for keycode 29, got "yY  "
45907 wine_trace 01b4:trace:key:X11DRV_KEYBOARD_DetectLayout mismatch for keycode 30, got "uU  "
45907 wine_trace 01b4:trace:key:X11DRV_KEYBOARD_DetectLayout mismatch for keycode 31, got "iI  "
45907 wine_trace 01b4:trace:key:X11DRV_KEYBOARD_DetectLayout mismatch for keycode 32, got "oO  "
45907 wine_trace 01b4:trace:key:X11DRV_KEYBOARD_DetectLayout mismatch for keycode 33, got "pP  "
45907 wine_trace 01b4:trace:key:X11DRV_KEYBOARD_DetectLayout mismatch for keycode 34, got "[{  "
45907 wine_trace 01b4:trace:key:X11DRV_KEYBOARD_DetectLayout mismatch for keycode 35, got "]}  "
45907 wine_trace 01b4:trace:key:X11DRV_KEYBOARD_DetectLayout mismatch for keycode 38, got "aA  "
45907 wine_trace 01b4:trace:key:X11DRV_KEYBOARD_DetectLayout mismatch for keycode 39, got "sS  "
45907 wine_trace 01b4:trace:key:X11DRV_KEYBOARD_DetectLayout mismatch for keycode 40, got "dD  "
45908 wine_trace 01b4:trace:key:X11DRV_KEYBOARD_DetectLayout mismatch for keycode 41, got "fF  "
45908 wine_trace 01b4:trace:key:X11DRV_KEYBOARD_DetectLayout mismatch for keycode 42, got "gG  "
45908 wine_trace 01b4:trace:key:X11DRV_KEYBOARD_DetectLayout mismatch for keycode 43, got "hH  "
45908 wine_trace 01b4:trace:key:X11DRV_KEYBOARD_DetectLayout mismatch for keycode 44, got "jJ  "
45908 wine_trace 01b4:trace:key:X11DRV_KEYBOARD_DetectLayout mismatch for keycode 45, got "kK  "
45908 wine_trace 01b4:trace:key:X11DRV_KEYBOARD_DetectLayout mismatch for keycode 46, got "lL  "
45908 wine_trace 01b4:trace:key:X11DRV_KEYBOARD_DetectLayout mismatch for keycode 47, got ";:  "
45908 wine_trace 01b4:trace:key:X11DRV_KEYBOARD_DetectLayout mismatch for keycode 48, got "'\"  "
45908 wine_trace 01b4:trace:key:X11DRV_KEYBOARD_DetectLayout mismatch for keycode 49, got "`~  "
45908 wine_trace 01b4:trace:key:X11DRV_KEYBOARD_DetectLayout mismatch for keycode 51, got "\\|  "
45908 wine_trace 01b4:trace:key:X11DRV_KEYBOARD_DetectLayout mismatch for keycode 52, got "zZ  "
45909 wine_trace 01b4:trace:key:X11DRV_KEYBOARD_DetectLayout mismatch for keycode 53, got "xX  "
45909 wine_trace 01b4:trace:key:X11DRV_KEYBOARD_DetectLayout mismatch for keycode 54, got "cC  "
45909 wine_trace 01b4:trace:key:X11DRV_KEYBOARD_DetectLayout mismatch for keycode 55, got "vV  "
45909 wine_trace 01b4:trace:key:X11DRV_KEYBOARD_DetectLayout mismatch for keycode 56, got "bB  "
45909 wine_trace 01b4:trace:key:X11DRV_KEYBOARD_DetectLayout mismatch for keycode 57, got "nN  "
45909 wine_trace 01b4:trace:key:X11DRV_KEYBOARD_DetectLayout mismatch for keycode 58, got "mM  "
45909 wine_trace 01b4:trace:key:X11DRV_KEYBOARD_DetectLayout mismatch for keycode 59, got ",<  "
45909 wine_trace 01b4:trace:key:X11DRV_KEYBOARD_DetectLayout mismatch for keycode 60, got ".>  "
45909 wine_trace 01b4:trace:key:X11DRV_KEYBOARD_DetectLayout mismatch for keycode 61, got "/?  "
45909 wine_trace 01b4:trace:keyboard:X11DRV_KEYBOARD_DetectLayout matches=7, mismatches=40, seq=7, score=-66
45909 wine_trace 01b4:trace:keyboard:X11DRV_KEYBOARD_DetectLayout Attempting to match against "Spanish keyboard layout"
45910 wine_trace 01b4:trace:key:X11DRV_KEYBOARD_DetectLayout mismatch for keycode 11, got "2@  "
45910 wine_trace 01b4:trace:key:X11DRV_KEYBOARD_DetectLayout mismatch for keycode 12, got "3#  "
45910 wine_trace 01b4:trace:key:X11DRV_KEYBOARD_DetectLayout mismatch for keycode 15, got "6^  "
45910 wine_trace 01b4:trace:key:X11DRV_KEYBOARD_DetectLayout mismatch for keycode 16, got "7&  "
45910 wine_trace 01b4:trace:key:X11DRV_KEYBOARD_DetectLayout mismatch for keycode 17, got "8*  "
45910 wine_trace 01b4:trace:key:X11DRV_KEYBOARD_DetectLayout mismatch for keycode 18, got "9(  "
45910 wine_trace 01b4:trace:key:X11DRV_KEYBOARD_DetectLayout mismatch for keycode 19, got "0)  "
45910 wine_trace 01b4:trace:key:X11DRV_KEYBOARD_DetectLayout mismatch for keycode 21, got "=+  "
45910 wine_trace 01b4:trace:key:X11DRV_KEYBOARD_DetectLayout mismatch for keycode 34, got "[{  "
45910 wine_trace 01b4:trace:key:X11DRV_KEYBOARD_DetectLayout mismatch for keycode 35, got "]}  "
45910 wine_trace 01b4:trace:key:X11DRV_KEYBOARD_DetectLayout mismatch for keycode 47, got ";:  "
45911 wine_trace 01b4:trace:key:X11DRV_KEYBOARD_DetectLayout mismatch for keycode 48, got "'\"  "
45911 wine_trace 01b4:trace:key:X11DRV_KEYBOARD_DetectLayout mismatch for keycode 49, got "`~  "
45911 wine_trace 01b4:trace:key:X11DRV_KEYBOARD_DetectLayout mismatch for keycode 51, got "\\|  "
45911 wine_trace 01b4:trace:key:X11DRV_KEYBOARD_DetectLayout mismatch for keycode 59, got ",<  "
45911 wine_trace 01b4:trace:key:X11DRV_KEYBOARD_DetectLayout mismatch for keycode 60, got ".>  "
45911 wine_trace 01b4:trace:key:X11DRV_KEYBOARD_DetectLayout mismatch for keycode 61, got "/?  "
45911 wine_trace 01b4:trace:keyboard:X11DRV_KEYBOARD_DetectLayout matches=30, mismatches=17, seq=29, score=26
45911 wine_trace 01b4:trace:keyboard:X11DRV_KEYBOARD_DetectLayout Attempting to match against "Italian keyboard layout"
45911 wine_trace 01b4:trace:key:X11DRV_KEYBOARD_DetectLayout mismatch for keycode 11, got "2@  "
45911 wine_trace 01b4:trace:key:X11DRV_KEYBOARD_DetectLayout mismatch for keycode 12, got "3#  "
45911 wine_trace 01b4:trace:key:X11DRV_KEYBOARD_DetectLayout mismatch for keycode 15, got "6^  "
45912 wine_trace 01b4:trace:key:X11DRV_KEYBOARD_DetectLayout mismatch for keycode 16, got "7&  "
45912 wine_trace 01b4:trace:key:X11DRV_KEYBOARD_DetectLayout mismatch for keycode 17, got "8*  "
45912 wine_trace 01b4:trace:key:X11DRV_KEYBOARD_DetectLayout mismatch for keycode 18, got "9(  "
45912 wine_trace 01b4:trace:key:X11DRV_KEYBOARD_DetectLayout mismatch for keycode 19, got "0)  "
45912 wine_trace 01b4:trace:key:X11DRV_KEYBOARD_DetectLayout mismatch for keycode 21, got "=+  "
45912 wine_trace 01b4:trace:key:X11DRV_KEYBOARD_DetectLayout mismatch for keycode 34, got "[{  "
45912 wine_trace 01b4:trace:key:X11DRV_KEYBOARD_DetectLayout mismatch for keycode 35, got "]}  "
45912 wine_trace 01b4:trace:key:X11DRV_KEYBOARD_DetectLayout mismatch for keycode 47, got ";:  "
45912 wine_trace 01b4:trace:key:X11DRV_KEYBOARD_DetectLayout mismatch for keycode 48, got "'\"  "
45912 wine_trace 01b4:trace:key:X11DRV_KEYBOARD_DetectLayout mismatch for keycode 49, got "`~  "
45912 wine_trace 01b4:trace:key:X11DRV_KEYBOARD_DetectLayout mismatch for keycode 59, got ",<  "
45913 wine_trace 01b4:trace:key:X11DRV_KEYBOARD_DetectLayout mismatch for keycode 60, got ".>  "
45913 wine_trace 01b4:trace:key:X11DRV_KEYBOARD_DetectLayout mismatch for keycode 61, got "/?  "
45913 wine_trace 01b4:trace:keyboard:X11DRV_KEYBOARD_DetectLayout matches=31, mismatches=16, seq=29, score=30
45913 wine_trace 01b4:trace:keyboard:X11DRV_KEYBOARD_DetectLayout Attempting to match against "Icelandic keyboard layout"
45913 wine_trace 01b4:trace:key:X11DRV_KEYBOARD_DetectLayout mismatch for keycode 11, got "2@  "
45913 wine_trace 01b4:trace:key:X11DRV_KEYBOARD_DetectLayout mismatch for keycode 15, got "6^  "
45913 wine_trace 01b4:trace:key:X11DRV_KEYBOARD_DetectLayout mismatch for keycode 16, got "7&  "
45913 wine_trace 01b4:trace:key:X11DRV_KEYBOARD_DetectLayout mismatch for keycode 17, got "8*  "
45913 wine_trace 01b4:trace:key:X11DRV_KEYBOARD_DetectLayout mismatch for keycode 18, got "9(  "
45913 wine_trace 01b4:trace:key:X11DRV_KEYBOARD_DetectLayout mismatch for keycode 19, got "0)  "
45913 wine_trace 01b4:trace:key:X11DRV_KEYBOARD_DetectLayout mismatch for keycode 21, got "=+  "
45914 wine_trace 01b4:trace:key:X11DRV_KEYBOARD_DetectLayout mismatch for keycode 34, got "[{  "
45914 wine_trace 01b4:trace:key:X11DRV_KEYBOARD_DetectLayout mismatch for keycode 35, got "]}  "
45914 wine_trace 01b4:trace:key:X11DRV_KEYBOARD_DetectLayout mismatch for keycode 47, got ";:  "
45914 wine_trace 01b4:trace:key:X11DRV_KEYBOARD_DetectLayout mismatch for keycode 48, got "'\"  "
45914 wine_trace 01b4:trace:key:X11DRV_KEYBOARD_DetectLayout mismatch for keycode 49, got "`~  "
45914 wine_trace 01b4:trace:key:X11DRV_KEYBOARD_DetectLayout mismatch for keycode 51, got "\\|  "
45914 wine_trace 01b4:trace:key:X11DRV_KEYBOARD_DetectLayout mismatch for keycode 59, got ",<  "
45914 wine_trace 01b4:trace:key:X11DRV_KEYBOARD_DetectLayout mismatch for keycode 60, got ".>  "
45914 wine_trace 01b4:trace:key:X11DRV_KEYBOARD_DetectLayout mismatch for keycode 61, got "/?  "
45914 wine_trace 01b4:trace:keyboard:X11DRV_KEYBOARD_DetectLayout matches=31, mismatches=16, seq=31, score=30
45914 wine_trace 01b4:trace:keyboard:X11DRV_KEYBOARD_DetectLayout Attempting to match against "Hungarian keyboard layout"
45915 wine_trace 01b4:trace:key:X11DRV_KEYBOARD_DetectLayout mismatch for keycode 10, got "1!  "
45915 wine_trace 01b4:trace:key:X11DRV_KEYBOARD_DetectLayout mismatch for keycode 11, got "2@  "
45915 wine_trace 01b4:trace:key:X11DRV_KEYBOARD_DetectLayout mismatch for keycode 12, got "3#  "
45915 wine_trace 01b4:trace:key:X11DRV_KEYBOARD_DetectLayout mismatch for keycode 13, got "4$  "
45915 wine_trace 01b4:trace:key:X11DRV_KEYBOARD_DetectLayout mismatch for keycode 15, got "6^  "
45915 wine_trace 01b4:trace:key:X11DRV_KEYBOARD_DetectLayout mismatch for keycode 16, got "7&  "
45915 wine_trace 01b4:trace:key:X11DRV_KEYBOARD_DetectLayout mismatch for keycode 17, got "8*  "
45915 wine_trace 01b4:trace:key:X11DRV_KEYBOARD_DetectLayout mismatch for keycode 18, got "9(  "
45915 wine_trace 01b4:trace:key:X11DRV_KEYBOARD_DetectLayout mismatch for keycode 19, got "0)  "
45916 wine_trace 01b4:trace:key:X11DRV_KEYBOARD_DetectLayout mismatch for keycode 21, got "=+  "
45916 wine_trace 01b4:trace:key:X11DRV_KEYBOARD_DetectLayout mismatch for keycode 34, got "[{  "
45916 wine_trace 01b4:trace:key:X11DRV_KEYBOARD_DetectLayout mismatch for keycode 35, got "]}  "
45916 wine_trace 01b4:trace:key:X11DRV_KEYBOARD_DetectLayout mismatch for keycode 47, got ";:  "
45916 wine_trace 01b4:trace:key:X11DRV_KEYBOARD_DetectLayout mismatch for keycode 48, got "'\"  "
45916 wine_trace 01b4:trace:key:X11DRV_KEYBOARD_DetectLayout mismatch for keycode 49, got "`~  "
45916 wine_trace 01b4:trace:key:X11DRV_KEYBOARD_DetectLayout mismatch for keycode 51, got "\\|  "
45916 wine_trace 01b4:trace:key:X11DRV_KEYBOARD_DetectLayout mismatch for keycode 59, got ",<  "
45916 wine_trace 01b4:trace:key:X11DRV_KEYBOARD_DetectLayout mismatch for keycode 60, got ".>  "
45916 wine_trace 01b4:trace:key:X11DRV_KEYBOARD_DetectLayout mismatch for keycode 61, got "/?  "
45917 wine_trace 01b4:trace:keyboard:X11DRV_KEYBOARD_DetectLayout matches=28, mismatches=19, seq=25, score=18
45917 wine_trace 01b4:trace:keyboard:X11DRV_KEYBOARD_DetectLayout Attempting to match against "Polish (programmer's) keyboard layout"
45917 wine_trace 01b4:trace:keyboard:X11DRV_KEYBOARD_DetectLayout matches=47, mismatches=0, seq=46, score=94
45917 wine_trace 01b4:trace:keyboard:X11DRV_KEYBOARD_DetectLayout Attempting to match against "Slovenian keyboard layout"
45917 wine_trace 01b4:trace:key:X11DRV_KEYBOARD_DetectLayout mismatch for keycode 11, got "2@  "
45917 wine_trace 01b4:trace:key:X11DRV_KEYBOARD_DetectLayout mismatch for keycode 15, got "6^  "
45917 wine_trace 01b4:trace:key:X11DRV_KEYBOARD_DetectLayout mismatch for keycode 16, got "7&  "
45917 wine_trace 01b4:trace:key:X11DRV_KEYBOARD_DetectLayout mismatch for keycode 17, got "8*  "
45917 wine_trace 01b4:trace:key:X11DRV_KEYBOARD_DetectLayout mismatch for keycode 18, got "9(  "
45917 wine_trace 01b4:trace:key:X11DRV_KEYBOARD_DetectLayout mismatch for keycode 19, got "0)  "
45917 wine_trace 01b4:trace:key:X11DRV_KEYBOARD_DetectLayout mismatch for keycode 21, got "=+  "
45917 wine_trace 01b4:trace:key:X11DRV_KEYBOARD_DetectLayout mismatch for keycode 34, got "[{  "
45918 wine_trace 01b4:trace:key:X11DRV_KEYBOARD_DetectLayout mismatch for keycode 35, got "]}  "
45918 wine_trace 01b4:trace:key:X11DRV_KEYBOARD_DetectLayout mismatch for keycode 47, got ";:  "
45918 wine_trace 01b4:trace:key:X11DRV_KEYBOARD_DetectLayout mismatch for keycode 48, got "'\"  "
45918 wine_trace 01b4:trace:key:X11DRV_KEYBOARD_DetectLayout mismatch for keycode 49, got "`~  "
45918 wine_trace 01b4:trace:key:X11DRV_KEYBOARD_DetectLayout mismatch for keycode 51, got "\\|  "
45918 wine_trace 01b4:trace:key:X11DRV_KEYBOARD_DetectLayout mismatch for keycode 59, got ",<  "
45918 wine_trace 01b4:trace:key:X11DRV_KEYBOARD_DetectLayout mismatch for keycode 60, got ".>  "
45918 wine_trace 01b4:trace:key:X11DRV_KEYBOARD_DetectLayout mismatch for keycode 61, got "/?  "
45918 wine_trace 01b4:trace:keyboard:X11DRV_KEYBOARD_DetectLayout matches=31, mismatches=16, seq=28, score=30
45918 wine_trace 01b4:trace:keyboard:X11DRV_KEYBOARD_DetectLayout Attempting to match against "Serbian keyboard layout sr"
45918 wine_trace 01b4:trace:key:X11DRV_KEYBOARD_DetectLayout mismatch for keycode 11, got "2@  "
45919 wine_trace 01b4:trace:key:X11DRV_KEYBOARD_DetectLayout mismatch for keycode 15, got "6^  "
45919 wine_trace 01b4:trace:key:X11DRV_KEYBOARD_DetectLayout mismatch for keycode 16, got "7&  "
45919 wine_trace 01b4:trace:key:X11DRV_KEYBOARD_DetectLayout mismatch for keycode 17, got "8*  "
45919 wine_trace 01b4:trace:key:X11DRV_KEYBOARD_DetectLayout mismatch for keycode 18, got "9(  "
45919 wine_trace 01b4:trace:key:X11DRV_KEYBOARD_DetectLayout mismatch for keycode 19, got "0)  "
45919 wine_trace 01b4:trace:key:X11DRV_KEYBOARD_DetectLayout mismatch for keycode 21, got "=+  "
45919 wine_trace 01b4:trace:key:X11DRV_KEYBOARD_DetectLayout mismatch for keycode 24, got "qQ  "
45919 wine_trace 01b4:trace:key:X11DRV_KEYBOARD_DetectLayout mismatch for keycode 25, got "wW  "
45919 wine_trace 01b4:trace:key:X11DRV_KEYBOARD_DetectLayout mismatch for keycode 26, got "eE  "
45919 wine_trace 01b4:trace:key:X11DRV_KEYBOARD_DetectLayout mismatch for keycode 27, got "rR  "
45919 wine_trace 01b4:trace:key:X11DRV_KEYBOARD_DetectLayout mismatch for keycode 28, got "tT  "
45920 wine_trace 01b4:trace:key:X11DRV_KEYBOARD_DetectLayout mismatch for keycode 29, got "yY  "
45920 wine_trace 01b4:trace:key:X11DRV_KEYBOARD_DetectLayout mismatch for keycode 30, got "uU  "
45920 wine_trace 01b4:trace:key:X11DRV_KEYBOARD_DetectLayout mismatch for keycode 31, got "iI  "
45920 wine_trace 01b4:trace:key:X11DRV_KEYBOARD_DetectLayout mismatch for keycode 32, got "oO  "
45920 wine_trace 01b4:trace:key:X11DRV_KEYBOARD_DetectLayout mismatch for keycode 33, got "pP  "
45920 wine_trace 01b4:trace:key:X11DRV_KEYBOARD_DetectLayout mismatch for keycode 34, got "[{  "
45920 wine_trace 01b4:trace:key:X11DRV_KEYBOARD_DetectLayout mismatch for keycode 35, got "]}  "
45920 wine_trace 01b4:trace:key:X11DRV_KEYBOARD_DetectLayout mismatch for keycode 38, got "aA  "
45920 wine_trace 01b4:trace:key:X11DRV_KEYBOARD_DetectLayout mismatch for keycode 39, got "sS  "
45920 wine_trace 01b4:trace:key:X11DRV_KEYBOARD_DetectLayout mismatch for keycode 40, got "dD  "
45920 wine_trace 01b4:trace:key:X11DRV_KEYBOARD_DetectLayout mismatch for keycode 41, got "fF  "
45921 wine_trace 01b4:trace:key:X11DRV_KEYBOARD_DetectLayout mismatch for keycode 42, got "gG  "
45921 wine_trace 01b4:trace:key:X11DRV_KEYBOARD_DetectLayout mismatch for keycode 43, got "hH  "
45921 wine_trace 01b4:trace:key:X11DRV_KEYBOARD_DetectLayout mismatch for keycode 44, got "jJ  "
45921 wine_trace 01b4:trace:key:X11DRV_KEYBOARD_DetectLayout mismatch for keycode 45, got "kK  "
45921 wine_trace 01b4:trace:key:X11DRV_KEYBOARD_DetectLayout mismatch for keycode 46, got "lL  "
45921 wine_trace 01b4:trace:key:X11DRV_KEYBOARD_DetectLayout mismatch for keycode 47, got ";:  "
45921 wine_trace 01b4:trace:key:X11DRV_KEYBOARD_DetectLayout mismatch for keycode 48, got "'\"  "
45921 wine_trace 01b4:trace:key:X11DRV_KEYBOARD_DetectLayout mismatch for keycode 51, got "\\|  "
45921 wine_trace 01b4:trace:key:X11DRV_KEYBOARD_DetectLayout mismatch for keycode 52, got "zZ  "
45921 wine_trace 01b4:trace:key:X11DRV_KEYBOARD_DetectLayout mismatch for keycode 53, got "xX  "
45921 wine_trace 01b4:trace:key:X11DRV_KEYBOARD_DetectLayout mismatch for keycode 54, got "cC  "
45922 wine_trace 01b4:trace:key:X11DRV_KEYBOARD_DetectLayout mismatch for keycode 55, got "vV  "
45922 wine_trace 01b4:trace:key:X11DRV_KEYBOARD_DetectLayout mismatch for keycode 56, got "bB  "
45922 wine_trace 01b4:trace:key:X11DRV_KEYBOARD_DetectLayout mismatch for keycode 57, got "nN  "
45922 wine_trace 01b4:trace:key:X11DRV_KEYBOARD_DetectLayout mismatch for keycode 58, got "mM  "
45922 wine_trace 01b4:trace:key:X11DRV_KEYBOARD_DetectLayout mismatch for keycode 59, got ",<  "
45922 wine_trace 01b4:trace:key:X11DRV_KEYBOARD_DetectLayout mismatch for keycode 60, got ".>  "
45922 wine_trace 01b4:trace:key:X11DRV_KEYBOARD_DetectLayout mismatch for keycode 61, got "/?  "
45922 wine_trace 01b4:trace:keyboard:X11DRV_KEYBOARD_DetectLayout matches=6, mismatches=41, seq=5, score=-70
45922 wine_trace 01b4:trace:keyboard:X11DRV_KEYBOARD_DetectLayout Attempting to match against "Serbian keyboard layout us,sr"
45922 wine_trace 01b4:trace:keyboard:X11DRV_KEYBOARD_DetectLayout matches=47, mismatches=0, seq=46, score=94
45922 wine_trace 01b4:trace:keyboard:X11DRV_KEYBOARD_DetectLayout Attempting to match against "Croatian keyboard layout"
45923 wine_trace 01b4:trace:key:X11DRV_KEYBOARD_DetectLayout mismatch for keycode 11, got "2@  "
45923 wine_trace 01b4:trace:key:X11DRV_KEYBOARD_DetectLayout mismatch for keycode 15, got "6^  "
45923 wine_trace 01b4:trace:key:X11DRV_KEYBOARD_DetectLayout mismatch for keycode 16, got "7&  "
45923 wine_trace 01b4:trace:key:X11DRV_KEYBOARD_DetectLayout mismatch for keycode 17, got "8*  "
45923 wine_trace 01b4:trace:key:X11DRV_KEYBOARD_DetectLayout mismatch for keycode 18, got "9(  "
45923 wine_trace 01b4:trace:key:X11DRV_KEYBOARD_DetectLayout mismatch for keycode 19, got "0)  "
45923 wine_trace 01b4:trace:key:X11DRV_KEYBOARD_DetectLayout mismatch for keycode 20, got "-_  "
45923 wine_trace 01b4:trace:key:X11DRV_KEYBOARD_DetectLayout mismatch for keycode 21, got "=+  "
45923 wine_trace 01b4:trace:key:X11DRV_KEYBOARD_DetectLayout mismatch for keycode 34, got "[{  "
45923 wine_trace 01b4:trace:key:X11DRV_KEYBOARD_DetectLayout mismatch for keycode 35, got "]}  "
45923 wine_trace 01b4:trace:key:X11DRV_KEYBOARD_DetectLayout mismatch for keycode 47, got ";:  "
45923 wine_trace 01b4:trace:key:X11DRV_KEYBOARD_DetectLayout mismatch for keycode 48, got "'\"  "
45924 wine_trace 01b4:trace:key:X11DRV_KEYBOARD_DetectLayout mismatch for keycode 49, got "`~  "
45924 wine_trace 01b4:trace:key:X11DRV_KEYBOARD_DetectLayout mismatch for keycode 51, got "\\|  "
45924 wine_trace 01b4:trace:key:X11DRV_KEYBOARD_DetectLayout mismatch for keycode 59, got ",<  "
45924 wine_trace 01b4:trace:key:X11DRV_KEYBOARD_DetectLayout mismatch for keycode 60, got ".>  "
45924 wine_trace 01b4:trace:keyboard:X11DRV_KEYBOARD_DetectLayout matches=31, mismatches=16, seq=29, score=30
45924 wine_trace 01b4:trace:keyboard:X11DRV_KEYBOARD_DetectLayout Attempting to match against "Croatian keyboard layout (specific)"
45924 wine_trace 01b4:trace:keyboard:X11DRV_KEYBOARD_DetectLayout matches=47, mismatches=0, seq=46, score=94
45924 wine_trace 01b4:trace:keyboard:X11DRV_KEYBOARD_DetectLayout Attempting to match against "Japanese 106 keyboard layout"
45924 wine_trace 01b4:trace:key:X11DRV_KEYBOARD_DetectLayout mismatch for keycode 11, got "2@  "
45924 wine_trace 01b4:trace:key:X11DRV_KEYBOARD_DetectLayout mismatch for keycode 15, got "6^  "
45925 wine_trace 01b4:trace:key:X11DRV_KEYBOARD_DetectLayout mismatch for keycode 16, got "7&  "
45925 wine_trace 01b4:trace:key:X11DRV_KEYBOARD_DetectLayout mismatch for keycode 17, got "8*  "
45925 wine_trace 01b4:trace:key:X11DRV_KEYBOARD_DetectLayout mismatch for keycode 18, got "9(  "
45925 wine_trace 01b4:trace:key:X11DRV_KEYBOARD_DetectLayout mismatch for keycode 19, got "0)  "
45925 wine_trace 01b4:trace:key:X11DRV_KEYBOARD_DetectLayout mismatch for keycode 20, got "-_  "
45925 wine_trace 01b4:trace:key:X11DRV_KEYBOARD_DetectLayout mismatch for keycode 21, got "=+  "
45925 wine_trace 01b4:trace:key:X11DRV_KEYBOARD_DetectLayout mismatch for keycode 47, got ";:  "
45925 wine_trace 01b4:trace:key:X11DRV_KEYBOARD_DetectLayout mismatch for keycode 48, got "'\"  "
45925 wine_trace 01b4:trace:key:X11DRV_KEYBOARD_DetectLayout mismatch for keycode 49, got "`~  "
45925 wine_trace 01b4:trace:keyboard:X11DRV_KEYBOARD_DetectLayout matches=36, mismatches=11, seq=34, score=50
45925 wine_trace 01b4:trace:keyboard:X11DRV_KEYBOARD_DetectLayout Attempting to match against "Japanese Mac keyboard layout"
45926 wine_trace 01b4:trace:key:X11DRV_KEYBOARD_DetectLayout mismatch for keycode 11, got "2@  "
45926 wine_trace 01b4:trace:key:X11DRV_KEYBOARD_DetectLayout mismatch for keycode 15, got "6^  "
45926 wine_trace 01b4:trace:key:X11DRV_KEYBOARD_DetectLayout mismatch for keycode 16, got "7&  "
45926 wine_trace 01b4:trace:key:X11DRV_KEYBOARD_DetectLayout mismatch for keycode 17, got "8*  "
45926 wine_trace 01b4:trace:key:X11DRV_KEYBOARD_DetectLayout mismatch for keycode 18, got "9(  "
45926 wine_trace 01b4:trace:key:X11DRV_KEYBOARD_DetectLayout mismatch for keycode 20, got "-_  "
45926 wine_trace 01b4:trace:key:X11DRV_KEYBOARD_DetectLayout mismatch for keycode 21, got "=+  "
45926 wine_trace 01b4:trace:key:X11DRV_KEYBOARD_DetectLayout mismatch for keycode 47, got ";:  "
45926 wine_trace 01b4:trace:key:X11DRV_KEYBOARD_DetectLayout mismatch for keycode 48, got "'\"  "
45926 wine_trace 01b4:trace:key:X11DRV_KEYBOARD_DetectLayout mismatch for keycode 49, got "`~  "
45926 wine_trace 01b4:trace:keyboard:X11DRV_KEYBOARD_DetectLayout matches=37, mismatches=10, seq=35, score=53
45927 wine_trace 01b4:trace:keyboard:X11DRV_KEYBOARD_DetectLayout Attempting to match against "Japanese pc98x1 keyboard layout"
45927 wine_trace 01b4:trace:key:X11DRV_KEYBOARD_DetectLayout mismatch for keycode 11, got "2@  "
45927 wine_trace 01b4:trace:key:X11DRV_KEYBOARD_DetectLayout mismatch for keycode 15, got "6^  "
45927 wine_trace 01b4:trace:key:X11DRV_KEYBOARD_DetectLayout mismatch for keycode 16, got "7&  "
45927 wine_trace 01b4:trace:key:X11DRV_KEYBOARD_DetectLayout mismatch for keycode 17, got "8*  "
45927 wine_trace 01b4:trace:key:X11DRV_KEYBOARD_DetectLayout mismatch for keycode 18, got "9(  "
45927 wine_trace 01b4:trace:key:X11DRV_KEYBOARD_DetectLayout mismatch for keycode 20, got "-_  "
45927 wine_trace 01b4:trace:key:X11DRV_KEYBOARD_DetectLayout mismatch for keycode 21, got "=+  "
45927 wine_trace 01b4:trace:key:X11DRV_KEYBOARD_DetectLayout mismatch for keycode 47, got ";:  "
45927 wine_trace 01b4:trace:key:X11DRV_KEYBOARD_DetectLayout mismatch for keycode 48, got "'\"  "
45927 wine_trace 01b4:trace:key:X11DRV_KEYBOARD_DetectLayout mismatch for keycode 49, got "`~  "
45928 wine_trace 01b4:trace:keyboard:X11DRV_KEYBOARD_DetectLayout matches=37, mismatches=10, seq=35, score=53
45928 wine_trace 01b4:trace:keyboard:X11DRV_KEYBOARD_DetectLayout Attempting to match against "Slovak keyboard layout"
45928 wine_trace 01b4:trace:key:X11DRV_KEYBOARD_DetectLayout mismatch for keycode 10, got "1!  "
45928 wine_trace 01b4:trace:key:X11DRV_KEYBOARD_DetectLayout mismatch for keycode 11, got "2@  "
45928 wine_trace 01b4:trace:key:X11DRV_KEYBOARD_DetectLayout mismatch for keycode 12, got "3#  "
45928 wine_trace 01b4:trace:key:X11DRV_KEYBOARD_DetectLayout mismatch for keycode 13, got "4$  "
45928 wine_trace 01b4:trace:key:X11DRV_KEYBOARD_DetectLayout mismatch for keycode 14, got "5%  "
45928 wine_trace 01b4:trace:key:X11DRV_KEYBOARD_DetectLayout mismatch for keycode 15, got "6^  "
45928 wine_trace 01b4:trace:key:X11DRV_KEYBOARD_DetectLayout mismatch for keycode 16, got "7&  "
45928 wine_trace 01b4:trace:key:X11DRV_KEYBOARD_DetectLayout mismatch for keycode 17, got "8*  "
45928 wine_trace 01b4:trace:key:X11DRV_KEYBOARD_DetectLayout mismatch for keycode 18, got "9(  "
45929 wine_trace 01b4:trace:key:X11DRV_KEYBOARD_DetectLayout mismatch for keycode 19, got "0)  "
45929 wine_trace 01b4:trace:key:X11DRV_KEYBOARD_DetectLayout mismatch for keycode 21, got "=+  "
45929 wine_trace 01b4:trace:key:X11DRV_KEYBOARD_DetectLayout mismatch for keycode 34, got "[{  "
45929 wine_trace 01b4:trace:key:X11DRV_KEYBOARD_DetectLayout mismatch for keycode 35, got "]}  "
45929 wine_trace 01b4:trace:key:X11DRV_KEYBOARD_DetectLayout mismatch for keycode 47, got ";:  "
45929 wine_trace 01b4:trace:key:X11DRV_KEYBOARD_DetectLayout mismatch for keycode 48, got "'\"  "
45929 wine_trace 01b4:trace:key:X11DRV_KEYBOARD_DetectLayout mismatch for keycode 49, got "`~  "
45929 wine_trace 01b4:trace:key:X11DRV_KEYBOARD_DetectLayout mismatch for keycode 51, got "\\|  "
45929 wine_trace 01b4:trace:key:X11DRV_KEYBOARD_DetectLayout mismatch for keycode 59, got ",<  "
45929 wine_trace 01b4:trace:key:X11DRV_KEYBOARD_DetectLayout mismatch for keycode 60, got ".>  "
45929 wine_trace 01b4:trace:key:X11DRV_KEYBOARD_DetectLayout mismatch for keycode 61, got "/?  "
45930 wine_trace 01b4:trace:keyboard:X11DRV_KEYBOARD_DetectLayout matches=27, mismatches=20, seq=26, score=14
45930 wine_trace 01b4:trace:keyboard:X11DRV_KEYBOARD_DetectLayout Attempting to match against "Slovak and Czech keyboard layout without dead keys"
45930 wine_trace 01b4:trace:keyboard:X11DRV_KEYBOARD_DetectLayout matches=47, mismatches=0, seq=46, score=94
45930 wine_trace 01b4:trace:keyboard:X11DRV_KEYBOARD_DetectLayout Attempting to match against "Czech keyboard layout"
45930 wine_trace 01b4:trace:key:X11DRV_KEYBOARD_DetectLayout mismatch for keycode 10, got "1!  "
45930 wine_trace 01b4:trace:key:X11DRV_KEYBOARD_DetectLayout mismatch for keycode 11, got "2@  "
45930 wine_trace 01b4:trace:key:X11DRV_KEYBOARD_DetectLayout mismatch for keycode 12, got "3#  "
45930 wine_trace 01b4:trace:key:X11DRV_KEYBOARD_DetectLayout mismatch for keycode 13, got "4$  "
45930 wine_trace 01b4:trace:key:X11DRV_KEYBOARD_DetectLayout mismatch for keycode 14, got "5%  "
45930 wine_trace 01b4:trace:key:X11DRV_KEYBOARD_DetectLayout mismatch for keycode 15, got "6^  "
45930 wine_trace 01b4:trace:key:X11DRV_KEYBOARD_DetectLayout mismatch for keycode 16, got "7&  "
45931 wine_trace 01b4:trace:key:X11DRV_KEYBOARD_DetectLayout mismatch for keycode 17, got "8*  "
45931 wine_trace 01b4:trace:key:X11DRV_KEYBOARD_DetectLayout mismatch for keycode 18, got "9(  "
45931 wine_trace 01b4:trace:key:X11DRV_KEYBOARD_DetectLayout mismatch for keycode 19, got "0)  "
45931 wine_trace 01b4:trace:key:X11DRV_KEYBOARD_DetectLayout mismatch for keycode 21, got "=+  "
45931 wine_trace 01b4:trace:key:X11DRV_KEYBOARD_DetectLayout mismatch for keycode 34, got "[{  "
45931 wine_trace 01b4:trace:key:X11DRV_KEYBOARD_DetectLayout mismatch for keycode 35, got "]}  "
45931 wine_trace 01b4:trace:key:X11DRV_KEYBOARD_DetectLayout mismatch for keycode 48, got "'\"  "
45931 wine_trace 01b4:trace:key:X11DRV_KEYBOARD_DetectLayout mismatch for keycode 49, got "`~  "
45931 wine_trace 01b4:trace:key:X11DRV_KEYBOARD_DetectLayout mismatch for keycode 51, got "\\|  "
45931 wine_trace 01b4:trace:key:X11DRV_KEYBOARD_DetectLayout mismatch for keycode 59, got ",<  "
45932 wine_trace 01b4:trace:key:X11DRV_KEYBOARD_DetectLayout mismatch for keycode 60, got ".>  "
45932 wine_trace 01b4:trace:key:X11DRV_KEYBOARD_DetectLayout mismatch for keycode 61, got "/?  "
45932 wine_trace 01b4:trace:keyboard:X11DRV_KEYBOARD_DetectLayout matches=28, mismatches=19, seq=26, score=17
45932 wine_trace 01b4:trace:keyboard:X11DRV_KEYBOARD_DetectLayout Attempting to match against "Czech keyboard layout cz"
45932 wine_trace 01b4:trace:key:X11DRV_KEYBOARD_DetectLayout mismatch for keycode 10, got "1!  "
45932 wine_trace 01b4:trace:key:X11DRV_KEYBOARD_DetectLayout mismatch for keycode 11, got "2@  "
45932 wine_trace 01b4:trace:key:X11DRV_KEYBOARD_DetectLayout mismatch for keycode 12, got "3#  "
45932 wine_trace 01b4:trace:key:X11DRV_KEYBOARD_DetectLayout mismatch for keycode 13, got "4$  "
45932 wine_trace 01b4:trace:key:X11DRV_KEYBOARD_DetectLayout mismatch for keycode 14, got "5%  "
45932 wine_trace 01b4:trace:key:X11DRV_KEYBOARD_DetectLayout mismatch for keycode 15, got "6^  "
45932 wine_trace 01b4:trace:key:X11DRV_KEYBOARD_DetectLayout mismatch for keycode 16, got "7&  "
45933 wine_trace 01b4:trace:key:X11DRV_KEYBOARD_DetectLayout mismatch for keycode 17, got "8*  "
45933 wine_trace 01b4:trace:key:X11DRV_KEYBOARD_DetectLayout mismatch for keycode 18, got "9(  "
45933 wine_trace 01b4:trace:key:X11DRV_KEYBOARD_DetectLayout mismatch for keycode 19, got "0)  "
45933 wine_trace 01b4:trace:key:X11DRV_KEYBOARD_DetectLayout mismatch for keycode 21, got "=+  "
45933 wine_trace 01b4:trace:key:X11DRV_KEYBOARD_DetectLayout mismatch for keycode 34, got "[{  "
45933 wine_trace 01b4:trace:key:X11DRV_KEYBOARD_DetectLayout mismatch for keycode 35, got "]}  "
45933 wine_trace 01b4:trace:key:X11DRV_KEYBOARD_DetectLayout mismatch for keycode 48, got "'\"  "
45933 wine_trace 01b4:trace:key:X11DRV_KEYBOARD_DetectLayout mismatch for keycode 49, got "`~  "
45933 wine_trace 01b4:trace:key:X11DRV_KEYBOARD_DetectLayout mismatch for keycode 59, got ",<  "
45933 wine_trace 01b4:trace:key:X11DRV_KEYBOARD_DetectLayout mismatch for keycode 60, got ".>  "
45933 wine_trace 01b4:trace:key:X11DRV_KEYBOARD_DetectLayout mismatch for keycode 61, got "/?  "
45934 wine_trace 01b4:trace:keyboard:X11DRV_KEYBOARD_DetectLayout matches=29, mismatches=18, seq=25, score=20
45934 wine_trace 01b4:trace:keyboard:X11DRV_KEYBOARD_DetectLayout Attempting to match against "Czech keyboard layout cz_qwerty"
45934 wine_trace 01b4:trace:key:X11DRV_KEYBOARD_DetectLayout mismatch for keycode 10, got "1!  "
45934 wine_trace 01b4:trace:key:X11DRV_KEYBOARD_DetectLayout mismatch for keycode 11, got "2@  "
45934 wine_trace 01b4:trace:key:X11DRV_KEYBOARD_DetectLayout mismatch for keycode 12, got "3#  "
45934 wine_trace 01b4:trace:key:X11DRV_KEYBOARD_DetectLayout mismatch for keycode 13, got "4$  "
45934 wine_trace 01b4:trace:key:X11DRV_KEYBOARD_DetectLayout mismatch for keycode 14, got "5%  "
45934 wine_trace 01b4:trace:key:X11DRV_KEYBOARD_DetectLayout mismatch for keycode 15, got "6^  "
45934 wine_trace 01b4:trace:key:X11DRV_KEYBOARD_DetectLayout mismatch for keycode 16, got "7&  "
45934 wine_trace 01b4:trace:key:X11DRV_KEYBOARD_DetectLayout mismatch for keycode 17, got "8*  "
45934 wine_trace 01b4:trace:key:X11DRV_KEYBOARD_DetectLayout mismatch for keycode 18, got "9(  "
45935 wine_trace 01b4:trace:key:X11DRV_KEYBOARD_DetectLayout mismatch for keycode 19, got "0)  "
45935 wine_trace 01b4:trace:key:X11DRV_KEYBOARD_DetectLayout mismatch for keycode 21, got "=+  "
45935 wine_trace 01b4:trace:key:X11DRV_KEYBOARD_DetectLayout mismatch for keycode 34, got "[{  "
45935 wine_trace 01b4:trace:key:X11DRV_KEYBOARD_DetectLayout mismatch for keycode 35, got "]}  "
45935 wine_trace 01b4:trace:key:X11DRV_KEYBOARD_DetectLayout mismatch for keycode 48, got "'\"  "
45935 wine_trace 01b4:trace:key:X11DRV_KEYBOARD_DetectLayout mismatch for keycode 49, got "`~  "
45935 wine_trace 01b4:trace:key:X11DRV_KEYBOARD_DetectLayout mismatch for keycode 59, got ",<  "
45935 wine_trace 01b4:trace:key:X11DRV_KEYBOARD_DetectLayout mismatch for keycode 60, got ".>  "
45935 wine_trace 01b4:trace:key:X11DRV_KEYBOARD_DetectLayout mismatch for keycode 61, got "/?  "
45935 wine_trace 01b4:trace:keyboard:X11DRV_KEYBOARD_DetectLayout matches=29, mismatches=18, seq=26, score=20
45935 wine_trace 01b4:trace:keyboard:X11DRV_KEYBOARD_DetectLayout Attempting to match against "Latin American keyboard layout"
45936 wine_trace 01b4:trace:key:X11DRV_KEYBOARD_DetectLayout mismatch for keycode 11, got "2@  "
45936 wine_trace 01b4:trace:key:X11DRV_KEYBOARD_DetectLayout mismatch for keycode 15, got "6^  "
45936 wine_trace 01b4:trace:key:X11DRV_KEYBOARD_DetectLayout mismatch for keycode 16, got "7&  "
45936 wine_trace 01b4:trace:key:X11DRV_KEYBOARD_DetectLayout mismatch for keycode 17, got "8*  "
45936 wine_trace 01b4:trace:key:X11DRV_KEYBOARD_DetectLayout mismatch for keycode 18, got "9(  "
45936 wine_trace 01b4:trace:key:X11DRV_KEYBOARD_DetectLayout mismatch for keycode 19, got "0)  "
45936 wine_trace 01b4:trace:key:X11DRV_KEYBOARD_DetectLayout mismatch for keycode 21, got "=+  "
45936 wine_trace 01b4:trace:key:X11DRV_KEYBOARD_DetectLayout mismatch for keycode 34, got "[{  "
45936 wine_trace 01b4:trace:key:X11DRV_KEYBOARD_DetectLayout mismatch for keycode 35, got "]}  "
45936 wine_trace 01b4:trace:key:X11DRV_KEYBOARD_DetectLayout mismatch for keycode 47, got ";:  "
45937 wine_trace 01b4:trace:key:X11DRV_KEYBOARD_DetectLayout mismatch for keycode 48, got "'\"  "
45937 wine_trace 01b4:trace:key:X11DRV_KEYBOARD_DetectLayout mismatch for keycode 49, got "`~  "
45937 wine_trace 01b4:trace:key:X11DRV_KEYBOARD_DetectLayout mismatch for keycode 51, got "\\|  "
45937 wine_trace 01b4:trace:key:X11DRV_KEYBOARD_DetectLayout mismatch for keycode 59, got ",<  "
45937 wine_trace 01b4:trace:key:X11DRV_KEYBOARD_DetectLayout mismatch for keycode 60, got ".>  "
45937 wine_trace 01b4:trace:key:X11DRV_KEYBOARD_DetectLayout mismatch for keycode 61, got "/?  "
45937 wine_trace 01b4:trace:keyboard:X11DRV_KEYBOARD_DetectLayout matches=31, mismatches=16, seq=30, score=30
45937 wine_trace 01b4:trace:keyboard:X11DRV_KEYBOARD_DetectLayout Attempting to match against "Lithuanian (Baltic) keyboard layout"
45937 wine_trace 01b4:trace:key:X11DRV_KEYBOARD_DetectLayout mismatch for keycode 10, got "1!  "
45937 wine_trace 01b4:trace:key:X11DRV_KEYBOARD_DetectLayout mismatch for keycode 11, got "2@  "
45937 wine_trace 01b4:trace:key:X11DRV_KEYBOARD_DetectLayout mismatch for keycode 12, got "3#  "
45938 wine_trace 01b4:trace:key:X11DRV_KEYBOARD_DetectLayout mismatch for keycode 13, got "4$  "
45938 wine_trace 01b4:trace:key:X11DRV_KEYBOARD_DetectLayout mismatch for keycode 14, got "5%  "
45938 wine_trace 01b4:trace:key:X11DRV_KEYBOARD_DetectLayout mismatch for keycode 15, got "6^  "
45938 wine_trace 01b4:trace:key:X11DRV_KEYBOARD_DetectLayout mismatch for keycode 16, got "7&  "
45938 wine_trace 01b4:trace:key:X11DRV_KEYBOARD_DetectLayout mismatch for keycode 17, got "8*  "
45938 wine_trace 01b4:trace:key:X11DRV_KEYBOARD_DetectLayout mismatch for keycode 18, got "9(  "
45938 wine_trace 01b4:trace:key:X11DRV_KEYBOARD_DetectLayout mismatch for keycode 19, got "0)  "
45938 wine_trace 01b4:trace:key:X11DRV_KEYBOARD_DetectLayout mismatch for keycode 21, got "=+  "
45938 wine_trace 01b4:trace:keyboard:X11DRV_KEYBOARD_DetectLayout matches=36, mismatches=11, seq=35, score=50
45938 wine_trace 01b4:trace:keyboard:X11DRV_KEYBOARD_DetectLayout Attempting to match against "Turkish keyboard layout"
45938 wine_trace 01b4:trace:key:X11DRV_KEYBOARD_DetectLayout mismatch for keycode 11, got "2@  "
45939 wine_trace 01b4:trace:key:X11DRV_KEYBOARD_DetectLayout mismatch for keycode 12, got "3#  "
45939 wine_trace 01b4:trace:key:X11DRV_KEYBOARD_DetectLayout mismatch for keycode 13, got "4$  "
45939 wine_trace 01b4:trace:key:X11DRV_KEYBOARD_DetectLayout mismatch for keycode 15, got "6^  "
45939 wine_trace 01b4:trace:key:X11DRV_KEYBOARD_DetectLayout mismatch for keycode 16, got "7&  "
45939 wine_trace 01b4:trace:key:X11DRV_KEYBOARD_DetectLayout mismatch for keycode 17, got "8*  "
45939 wine_trace 01b4:trace:key:X11DRV_KEYBOARD_DetectLayout mismatch for keycode 18, got "9(  "
45939 wine_trace 01b4:trace:key:X11DRV_KEYBOARD_DetectLayout mismatch for keycode 19, got "0)  "
45939 wine_trace 01b4:trace:key:X11DRV_KEYBOARD_DetectLayout mismatch for keycode 21, got "=+  "
45939 wine_trace 01b4:trace:key:X11DRV_KEYBOARD_DetectLayout mismatch for keycode 31, got "iI  "
45939 wine_trace 01b4:trace:key:X11DRV_KEYBOARD_DetectLayout mismatch for keycode 34, got "[{  "
45939 wine_trace 01b4:trace:key:X11DRV_KEYBOARD_DetectLayout mismatch for keycode 35, got "]}  "
45940 wine_trace 01b4:trace:key:X11DRV_KEYBOARD_DetectLayout mismatch for keycode 47, got ";:  "
45940 wine_trace 01b4:trace:key:X11DRV_KEYBOARD_DetectLayout mismatch for keycode 48, got "'\"  "
45940 wine_trace 01b4:trace:key:X11DRV_KEYBOARD_DetectLayout mismatch for keycode 49, got "`~  "
45940 wine_trace 01b4:trace:key:X11DRV_KEYBOARD_DetectLayout mismatch for keycode 51, got "\\|  "
45940 wine_trace 01b4:trace:key:X11DRV_KEYBOARD_DetectLayout mismatch for keycode 59, got ",<  "
45940 wine_trace 01b4:trace:key:X11DRV_KEYBOARD_DetectLayout mismatch for keycode 60, got ".>  "
45940 wine_trace 01b4:trace:key:X11DRV_KEYBOARD_DetectLayout mismatch for keycode 61, got "/?  "
45940 wine_trace 01b4:trace:keyboard:X11DRV_KEYBOARD_DetectLayout matches=28, mismatches=19, seq=28, score=18
45941 wine_trace 01b4:trace:keyboard:X11DRV_KEYBOARD_DetectLayout Attempting to match against "Turkish keyboard layout tr"
45941 wine_trace 01b4:trace:key:X11DRV_KEYBOARD_DetectLayout mismatch for keycode 11, got "2@  "
45942 wine_trace 01b4:trace:key:X11DRV_KEYBOARD_DetectLayout mismatch for keycode 12, got "3#  "
45942 wine_trace 01b4:trace:key:X11DRV_KEYBOARD_DetectLayout mismatch for keycode 13, got "4$  "
45942 wine_trace 01b4:trace:key:X11DRV_KEYBOARD_DetectLayout mismatch for keycode 15, got "6^  "
45942 wine_trace 01b4:trace:key:X11DRV_KEYBOARD_DetectLayout mismatch for keycode 16, got "7&  "
45942 wine_trace 01b4:trace:key:X11DRV_KEYBOARD_DetectLayout mismatch for keycode 17, got "8*  "
45942 wine_trace 01b4:trace:key:X11DRV_KEYBOARD_DetectLayout mismatch for keycode 18, got "9(  "
45942 wine_trace 01b4:trace:key:X11DRV_KEYBOARD_DetectLayout mismatch for keycode 19, got "0)  "
45942 wine_trace 01b4:trace:key:X11DRV_KEYBOARD_DetectLayout mismatch for keycode 21, got "=+  "
45942 wine_trace 01b4:trace:key:X11DRV_KEYBOARD_DetectLayout mismatch for keycode 34, got "[{  "
45942 wine_trace 01b4:trace:key:X11DRV_KEYBOARD_DetectLayout mismatch for keycode 35, got "]}  "
45942 wine_trace 01b4:trace:key:X11DRV_KEYBOARD_DetectLayout mismatch for keycode 47, got ";:  "
45943 wine_trace 01b4:trace:key:X11DRV_KEYBOARD_DetectLayout mismatch for keycode 48, got "'\"  "
45943 wine_trace 01b4:trace:key:X11DRV_KEYBOARD_DetectLayout mismatch for keycode 49, got "`~  "
45943 wine_trace 01b4:trace:key:X11DRV_KEYBOARD_DetectLayout mismatch for keycode 51, got "\\|  "
45943 wine_trace 01b4:trace:key:X11DRV_KEYBOARD_DetectLayout mismatch for keycode 59, got ",<  "
45943 wine_trace 01b4:trace:key:X11DRV_KEYBOARD_DetectLayout mismatch for keycode 60, got ".>  "
45943 wine_trace 01b4:trace:key:X11DRV_KEYBOARD_DetectLayout mismatch for keycode 61, got "/?  "
45943 wine_trace 01b4:trace:keyboard:X11DRV_KEYBOARD_DetectLayout matches=29, mismatches=18, seq=28, score=21
45943 wine_trace 01b4:trace:keyboard:X11DRV_KEYBOARD_DetectLayout Attempting to match against "Turkish keyboard layout trf"
45943 wine_trace 01b4:trace:key:X11DRV_KEYBOARD_DetectLayout mismatch for keycode 11, got "2@  "
45943 wine_trace 01b4:trace:key:X11DRV_KEYBOARD_DetectLayout mismatch for keycode 12, got "3#  "
45943 wine_trace 01b4:trace:key:X11DRV_KEYBOARD_DetectLayout mismatch for keycode 15, got "6^  "
45944 wine_trace 01b4:trace:key:X11DRV_KEYBOARD_DetectLayout mismatch for keycode 16, got "7&  "
45944 wine_trace 01b4:trace:key:X11DRV_KEYBOARD_DetectLayout mismatch for keycode 17, got "8*  "
45944 wine_trace 01b4:trace:key:X11DRV_KEYBOARD_DetectLayout mismatch for keycode 18, got "9(  "
45944 wine_trace 01b4:trace:key:X11DRV_KEYBOARD_DetectLayout mismatch for keycode 19, got "0)  "
45944 wine_trace 01b4:trace:key:X11DRV_KEYBOARD_DetectLayout mismatch for keycode 21, got "=+  "
45944 wine_trace 01b4:trace:key:X11DRV_KEYBOARD_DetectLayout mismatch for keycode 34, got "[{  "
45944 wine_trace 01b4:trace:key:X11DRV_KEYBOARD_DetectLayout mismatch for keycode 35, got "]}  "
45944 wine_trace 01b4:trace:key:X11DRV_KEYBOARD_DetectLayout mismatch for keycode 47, got ";:  "
45944 wine_trace 01b4:trace:key:X11DRV_KEYBOARD_DetectLayout mismatch for keycode 48, got "'\"  "
45944 wine_trace 01b4:trace:key:X11DRV_KEYBOARD_DetectLayout mismatch for keycode 49, got "`~  "
45944 wine_trace 01b4:trace:key:X11DRV_KEYBOARD_DetectLayout mismatch for keycode 51, got "\\|  "
45945 wine_trace 01b4:trace:key:X11DRV_KEYBOARD_DetectLayout mismatch for keycode 59, got ",<  "
45945 wine_trace 01b4:trace:key:X11DRV_KEYBOARD_DetectLayout mismatch for keycode 60, got ".>  "
45945 wine_trace 01b4:trace:keyboard:X11DRV_KEYBOARD_DetectLayout matches=31, mismatches=16, seq=21, score=29
45945 wine_trace 01b4:trace:keyboard:X11DRV_KEYBOARD_DetectLayout Attempting to match against "Israelian keyboard layout"
45945 wine_trace 01b4:trace:keyboard:X11DRV_KEYBOARD_DetectLayout matches=47, mismatches=0, seq=46, score=94
45945 wine_trace 01b4:trace:keyboard:X11DRV_KEYBOARD_DetectLayout Attempting to match against "Israelian phonetic keyboard layout"
45945 wine_trace 01b4:trace:keyboard:X11DRV_KEYBOARD_DetectLayout matches=47, mismatches=0, seq=46, score=94
45945 wine_trace 01b4:trace:keyboard:X11DRV_KEYBOARD_DetectLayout Attempting to match against "Israelian Saharon keyboard layout"
45945 wine_trace 01b4:trace:keyboard:X11DRV_KEYBOARD_DetectLayout matches=47, mismatches=0, seq=46, score=94
45945 wine_trace 01b4:trace:keyboard:X11DRV_KEYBOARD_DetectLayout Attempting to match against "VNC keyboard layout"
45946 wine_trace 01b4:trace:keyboard:X11DRV_KEYBOARD_DetectLayout matches=47, mismatches=0, seq=36, score=94
45946 wine_trace 01b4:trace:keyboard:X11DRV_KEYBOARD_DetectLayout Attempting to match against "Greek keyboard layout"
45946 wine_trace 01b4:trace:keyboard:X11DRV_KEYBOARD_DetectLayout matches=47, mismatches=0, seq=46, score=94
45946 wine_trace 01b4:trace:keyboard:X11DRV_KEYBOARD_DetectLayout Attempting to match against "Thai (Kedmanee)  keyboard layout"
45946 wine_trace 01b4:trace:keyboard:X11DRV_KEYBOARD_DetectLayout matches=47, mismatches=0, seq=46, score=94
45946 wine_trace 01b4:trace:keyboard:X11DRV_KEYBOARD_DetectLayout Attempting to match against "Dutch keyboard layout"
45946 wine_trace 01b4:trace:key:X11DRV_KEYBOARD_DetectLayout mismatch for keycode 11, got "2@  "
45946 wine_trace 01b4:trace:key:X11DRV_KEYBOARD_DetectLayout mismatch for keycode 15, got "6^  "
45946 wine_trace 01b4:trace:key:X11DRV_KEYBOARD_DetectLayout mismatch for keycode 16, got "7&  "
45946 wine_trace 01b4:trace:key:X11DRV_KEYBOARD_DetectLayout mismatch for keycode 17, got "8*  "
45946 wine_trace 01b4:trace:key:X11DRV_KEYBOARD_DetectLayout mismatch for keycode 18, got "9(  "
45946 wine_trace 01b4:trace:key:X11DRV_KEYBOARD_DetectLayout mismatch for keycode 19, got "0)  "
45947 wine_trace 01b4:trace:key:X11DRV_KEYBOARD_DetectLayout mismatch for keycode 20, got "-_  "
45947 wine_trace 01b4:trace:key:X11DRV_KEYBOARD_DetectLayout mismatch for keycode 21, got "=+  "
45947 wine_trace 01b4:trace:key:X11DRV_KEYBOARD_DetectLayout mismatch for keycode 34, got "[{  "
45947 wine_trace 01b4:trace:key:X11DRV_KEYBOARD_DetectLayout mismatch for keycode 35, got "]}  "
45947 wine_trace 01b4:trace:key:X11DRV_KEYBOARD_DetectLayout mismatch for keycode 47, got ";:  "
45947 wine_trace 01b4:trace:key:X11DRV_KEYBOARD_DetectLayout mismatch for keycode 48, got "'\"  "
45947 wine_trace 01b4:trace:key:X11DRV_KEYBOARD_DetectLayout mismatch for keycode 49, got "`~  "
45947 wine_trace 01b4:trace:key:X11DRV_KEYBOARD_DetectLayout mismatch for keycode 51, got "\\|  "
45947 wine_trace 01b4:trace:key:X11DRV_KEYBOARD_DetectLayout mismatch for keycode 59, got ",<  "
45947 wine_trace 01b4:trace:key:X11DRV_KEYBOARD_DetectLayout mismatch for keycode 60, got ".>  "
45948 wine_trace 01b4:trace:keyboard:X11DRV_KEYBOARD_DetectLayout matches=31, mismatches=16, seq=30, score=30
45948 wine_trace 01b4:trace:keyboard:X11DRV_KEYBOARD_DetectLayout detected layout is "United States keyboard layout"
45948 wine_trace 01b4:trace:keyboard:X11DRV_InitKeyboard keycode 8 => vkey 0000
45948 wine_trace 01b4:trace:keyboard:X11DRV_InitKeyboard keycode 9 => vkey 001B
45948 wine_trace 01b4:trace:keyboard:X11DRV_InitKeyboard keycode 10 => vkey 0031
45948 wine_trace 01b4:trace:keyboard:X11DRV_InitKeyboard keycode 11 => vkey 0032
45948 wine_trace 01b4:trace:keyboard:X11DRV_InitKeyboard keycode 12 => vkey 0033
45948 wine_trace 01b4:trace:keyboard:X11DRV_InitKeyboard keycode 13 => vkey 0034
45948 wine_trace 01b4:trace:keyboard:X11DRV_InitKeyboard keycode 14 => vkey 0035
45948 wine_trace 01b4:trace:keyboard:X11DRV_InitKeyboard keycode 15 => vkey 0036
45948 wine_trace 01b4:trace:keyboard:X11DRV_InitKeyboard keycode 16 => vkey 0037
45949 wine_trace 01b4:trace:keyboard:X11DRV_InitKeyboard keycode 17 => vkey 0038
45949 wine_trace 01b4:trace:keyboard:X11DRV_InitKeyboard keycode 18 => vkey 0039
45949 wine_trace 01b4:trace:keyboard:X11DRV_InitKeyboard keycode 19 => vkey 0030
45949 wine_trace 01b4:trace:keyboard:X11DRV_InitKeyboard keycode 20 => vkey 00BD
45949 wine_trace 01b4:trace:keyboard:X11DRV_InitKeyboard keycode 21 => vkey 00BB
45949 wine_trace 01b4:trace:keyboard:X11DRV_InitKeyboard keycode 22 => vkey 0008
45949 wine_trace 01b4:trace:keyboard:X11DRV_InitKeyboard keycode 23 => vkey 0009
45949 wine_trace 01b4:trace:keyboard:X11DRV_InitKeyboard keycode 24 => vkey 0051
45949 wine_trace 01b4:trace:keyboard:X11DRV_InitKeyboard keycode 25 => vkey 0057
45949 wine_trace 01b4:trace:keyboard:X11DRV_InitKeyboard keycode 26 => vkey 0045
45949 wine_trace 01b4:trace:keyboard:X11DRV_InitKeyboard keycode 27 => vkey 0052
45950 wine_trace 01b4:trace:keyboard:X11DRV_InitKeyboard keycode 28 => vkey 0054
45950 wine_trace 01b4:trace:keyboard:X11DRV_InitKeyboard keycode 29 => vkey 0059
45950 wine_trace 01b4:trace:keyboard:X11DRV_InitKeyboard keycode 30 => vkey 0055
45950 wine_trace 01b4:trace:keyboard:X11DRV_InitKeyboard keycode 31 => vkey 0049
45950 wine_trace 01b4:trace:keyboard:X11DRV_InitKeyboard keycode 32 => vkey 004F
45950 wine_trace 01b4:trace:keyboard:X11DRV_InitKeyboard keycode 33 => vkey 0050
45950 wine_trace 01b4:trace:keyboard:X11DRV_InitKeyboard keycode 34 => vkey 00DB
45950 wine_trace 01b4:trace:keyboard:X11DRV_InitKeyboard keycode 35 => vkey 00DD
45950 wine_trace 01b4:trace:keyboard:X11DRV_InitKeyboard keycode 36 => vkey 000D
45950 wine_trace 01b4:trace:keyboard:X11DRV_InitKeyboard keycode 37 => vkey 00A2
45950 wine_trace 01b4:trace:keyboard:X11DRV_InitKeyboard keycode 38 => vkey 0041
45951 wine_trace 01b4:trace:keyboard:X11DRV_InitKeyboard keycode 39 => vkey 0053
45951 wine_trace 01b4:trace:keyboard:X11DRV_InitKeyboard keycode 40 => vkey 0044
45951 wine_trace 01b4:trace:keyboard:X11DRV_InitKeyboard keycode 41 => vkey 0046
45951 wine_trace 01b4:trace:keyboard:X11DRV_InitKeyboard keycode 42 => vkey 0047
45951 wine_trace 01b4:trace:keyboard:X11DRV_InitKeyboard keycode 43 => vkey 0048
45951 wine_trace 01b4:trace:keyboard:X11DRV_InitKeyboard keycode 44 => vkey 004A
45951 wine_trace 01b4:trace:keyboard:X11DRV_InitKeyboard keycode 45 => vkey 004B
45951 wine_trace 01b4:trace:keyboard:X11DRV_InitKeyboard keycode 46 => vkey 004C
45951 wine_trace 01b4:trace:keyboard:X11DRV_InitKeyboard keycode 47 => vkey 00BA
45951 wine_trace 01b4:trace:keyboard:X11DRV_InitKeyboard keycode 48 => vkey 00DE
45951 wine_trace 01b4:trace:keyboard:X11DRV_InitKeyboard keycode 49 => vkey 00C0
45952 wine_trace 01b4:trace:keyboard:X11DRV_InitKeyboard keycode 50 => vkey 00A0
45952 wine_trace 01b4:trace:keyboard:X11DRV_InitKeyboard keycode 51 => vkey 00DC
45952 wine_trace 01b4:trace:keyboard:X11DRV_InitKeyboard keycode 52 => vkey 005A
45952 wine_trace 01b4:trace:keyboard:X11DRV_InitKeyboard keycode 53 => vkey 0058
45952 wine_trace 01b4:trace:keyboard:X11DRV_InitKeyboard keycode 54 => vkey 0043
45952 wine_trace 01b4:trace:keyboard:X11DRV_InitKeyboard keycode 55 => vkey 0056
45952 wine_trace 01b4:trace:keyboard:X11DRV_InitKeyboard keycode 56 => vkey 0042
45952 wine_trace 01b4:trace:keyboard:X11DRV_InitKeyboard keycode 57 => vkey 004E
45952 wine_trace 01b4:trace:keyboard:X11DRV_InitKeyboard keycode 58 => vkey 004D
45952 wine_trace 01b4:trace:keyboard:X11DRV_InitKeyboard keycode 59 => vkey 00BC
45952 wine_trace 01b4:trace:keyboard:X11DRV_InitKeyboard keycode 60 => vkey 00BE
45953 wine_trace 01b4:trace:keyboard:X11DRV_InitKeyboard keycode 61 => vkey 00BF
45953 wine_trace 01b4:trace:keyboard:X11DRV_InitKeyboard keycode 62 => vkey 01A1
45953 wine_trace 01b4:trace:keyboard:X11DRV_InitKeyboard keycode 63 => vkey 006A
45953 wine_trace 01b4:trace:keyboard:X11DRV_InitKeyboard keycode 64 => vkey 00A4
45953 wine_trace 01b4:trace:keyboard:X11DRV_InitKeyboard keycode 65 => vkey 0020
45953 wine_trace 01b4:trace:keyboard:X11DRV_InitKeyboard keycode 66 => vkey 0000
45953 wine_trace 01b4:trace:keyboard:X11DRV_InitKeyboard keycode 67 => vkey 0070
45953 wine_trace 01b4:trace:keyboard:X11DRV_InitKeyboard keycode 68 => vkey 0071
45953 wine_trace 01b4:trace:keyboard:X11DRV_InitKeyboard keycode 69 => vkey 0072
45953 wine_trace 01b4:trace:keyboard:X11DRV_InitKeyboard keycode 70 => vkey 0073
45954 wine_trace 01b4:trace:keyboard:X11DRV_InitKeyboard keycode 71 => vkey 0074
45954 wine_trace 01b4:trace:keyboard:X11DRV_InitKeyboard keycode 72 => vkey 0075
45954 wine_trace 01b4:trace:keyboard:X11DRV_InitKeyboard keycode 73 => vkey 0076
45954 wine_trace 01b4:trace:keyboard:X11DRV_InitKeyboard keycode 74 => vkey 0077
45954 wine_trace 01b4:trace:keyboard:X11DRV_InitKeyboard keycode 75 => vkey 0078
45954 wine_trace 01b4:trace:keyboard:X11DRV_InitKeyboard keycode 76 => vkey 0079
45954 wine_trace 01b4:trace:keyboard:X11DRV_InitKeyboard keycode 77 => vkey 0000
45954 wine_trace 01b4:trace:keyboard:X11DRV_InitKeyboard keycode 78 => vkey 0000
45954 wine_trace 01b4:trace:keyboard:X11DRV_InitKeyboard keycode 79 => vkey 0067
45954 wine_trace 01b4:trace:keyboard:X11DRV_InitKeyboard keycode 80 => vkey 0068
45954 wine_trace 01b4:trace:keyboard:X11DRV_InitKeyboard keycode 81 => vkey 0069
45954 wine_trace 01b4:trace:keyboard:X11DRV_InitKeyboard keycode 82 => vkey 006D
45955 wine_trace 01b4:trace:keyboard:X11DRV_InitKeyboard keycode 83 => vkey 0064
45955 wine_trace 01b4:trace:keyboard:X11DRV_InitKeyboard keycode 84 => vkey 0065
45955 wine_trace 01b4:trace:keyboard:X11DRV_InitKeyboard keycode 85 => vkey 0066
45955 wine_trace 01b4:trace:keyboard:X11DRV_InitKeyboard keycode 86 => vkey 006B
45955 wine_trace 01b4:trace:keyboard:X11DRV_InitKeyboard keycode 87 => vkey 0061
45955 wine_trace 01b4:trace:keyboard:X11DRV_InitKeyboard keycode 88 => vkey 0062
45955 wine_trace 01b4:trace:keyboard:X11DRV_InitKeyboard keycode 89 => vkey 0063
45955 wine_trace 01b4:trace:keyboard:X11DRV_InitKeyboard keycode 90 => vkey 0060
45955 wine_trace 01b4:trace:keyboard:X11DRV_InitKeyboard keycode 91 => vkey 002E
45955 wine_trace 01b4:trace:keyboard:X11DRV_InitKeyboard keycode 92 => vkey 0000
45955 wine_trace 01b4:trace:keyboard:X11DRV_InitKeyboard keycode 93 => vkey 0000
45956 wine_trace 01b4:trace:keyboard:X11DRV_InitKeyboard keycode 94 => vkey 0000
45956 wine_trace 01b4:trace:keyboard:X11DRV_InitKeyboard keycode 95 => vkey 007A
45956 wine_trace 01b4:trace:keyboard:X11DRV_InitKeyboard keycode 96 => vkey 007B
45956 wine_trace 01b4:trace:keyboard:X11DRV_InitKeyboard keycode 97 => vkey 0000
45956 wine_trace 01b4:trace:keyboard:X11DRV_InitKeyboard keycode 98 => vkey 0000
45956 wine_trace 01b4:trace:keyboard:X11DRV_InitKeyboard keycode 99 => vkey 0000
45956 wine_trace 01b4:trace:keyboard:X11DRV_InitKeyboard keycode 100 => vkey 0000
45956 wine_trace 01b4:trace:keyboard:X11DRV_InitKeyboard keycode 101 => vkey 0000
45956 wine_trace 01b4:trace:keyboard:X11DRV_InitKeyboard keycode 102 => vkey 0000
45956 wine_trace 01b4:trace:keyboard:X11DRV_InitKeyboard keycode 103 => vkey 0000
45956 wine_trace 01b4:trace:keyboard:X11DRV_InitKeyboard keycode 104 => vkey 0000
45957 wine_trace 01b4:trace:keyboard:X11DRV_InitKeyboard keycode 105 => vkey 01A3
45957 wine_trace 01b4:trace:keyboard:X11DRV_InitKeyboard keycode 106 => vkey 016F
45957 wine_trace 01b4:trace:keyboard:X11DRV_InitKeyboard keycode 107 => vkey 0000
45957 wine_trace 01b4:trace:keyboard:X11DRV_InitKeyboard keycode 108 => vkey 01A5
45957 wine_trace 01b4:trace:keyboard:X11DRV_InitKeyboard keycode 109 => vkey 0000
45957 wine_trace 01b4:trace:keyboard:X11DRV_InitKeyboard keycode 110 => vkey 0124
45957 wine_trace 01b4:trace:keyboard:X11DRV_InitKeyboard keycode 111 => vkey 0126
45957 wine_trace 01b4:trace:keyboard:X11DRV_InitKeyboard keycode 112 => vkey 0121
45957 wine_trace 01b4:trace:keyboard:X11DRV_InitKeyboard keycode 113 => vkey 0125
45957 wine_trace 01b4:trace:keyboard:X11DRV_InitKeyboard keycode 114 => vkey 0127
45957 wine_trace 01b4:trace:keyboard:X11DRV_InitKeyboard keycode 115 => vkey 0123
45957 wine_trace 01b4:trace:keyboard:X11DRV_InitKeyboard keycode 116 => vkey 0128
45958 wine_trace 01b4:trace:keyboard:X11DRV_InitKeyboard keycode 117 => vkey 0122
45958 wine_trace 01b4:trace:keyboard:X11DRV_InitKeyboard keycode 118 => vkey 012D
45958 wine_trace 01b4:trace:keyboard:X11DRV_InitKeyboard keycode 119 => vkey 012E
45958 wine_trace 01b4:warn:keyboard:X11DRV_InitKeyboard vkey 012E is being used by more than one keycode
45958 wine_trace 01b4:trace:keyboard:X11DRV_InitKeyboard keycode 120 => vkey 0000
45958 wine_trace 01b4:trace:keyboard:X11DRV_InitKeyboard keycode 121 => vkey 0000
45958 wine_trace 01b4:trace:keyboard:X11DRV_InitKeyboard keycode 122 => vkey 0000
45958 wine_trace 01b4:trace:keyboard:X11DRV_InitKeyboard keycode 123 => vkey 0000
45958 wine_trace 01b4:trace:keyboard:X11DRV_InitKeyboard keycode 124 => vkey 0000
45958 wine_trace 01b4:trace:keyboard:X11DRV_InitKeyboard keycode 125 => vkey 0000
45958 wine_trace 01b4:trace:keyboard:X11DRV_InitKeyboard keycode 126 => vkey 0000
45959 wine_trace 01b4:trace:keyboard:X11DRV_InitKeyboard keycode 127 => vkey 0000
45959 wine_trace 01b4:trace:keyboard:X11DRV_InitKeyboard keycode 128 => vkey 0000
45959 wine_trace 01b4:trace:keyboard:X11DRV_InitKeyboard keycode 129 => vkey 0000
45959 wine_trace 01b4:trace:keyboard:X11DRV_InitKeyboard keycode 130 => vkey 0000
45959 wine_trace 01b4:trace:keyboard:X11DRV_InitKeyboard keycode 131 => vkey 0000
45959 wine_trace 01b4:trace:keyboard:X11DRV_InitKeyboard keycode 132 => vkey 0000
45959 wine_trace 01b4:trace:keyboard:X11DRV_InitKeyboard keycode 133 => vkey 0000
45959 wine_trace 01b4:trace:keyboard:X11DRV_InitKeyboard keycode 134 => vkey 0000
45959 wine_trace 01b4:trace:keyboard:X11DRV_InitKeyboard keycode 135 => vkey 0000
45959 wine_trace 01b4:trace:keyboard:X11DRV_InitKeyboard keycode 136 => vkey 0000
45959 wine_trace 01b4:trace:keyboard:X11DRV_InitKeyboard keycode 137 => vkey 0000
45960 wine_trace 01b4:trace:keyboard:X11DRV_InitKeyboard keycode 138 => vkey 0000
45960 wine_trace 01b4:trace:keyboard:X11DRV_InitKeyboard keycode 139 => vkey 0000
45960 wine_trace 01b4:trace:keyboard:X11DRV_InitKeyboard keycode 140 => vkey 0000
45960 wine_trace 01b4:trace:keyboard:X11DRV_InitKeyboard keycode 141 => vkey 0000
45960 wine_trace 01b4:trace:keyboard:X11DRV_InitKeyboard keycode 142 => vkey 0000
45960 wine_trace 01b4:trace:keyboard:X11DRV_InitKeyboard keycode 143 => vkey 0000
45960 wine_trace 01b4:trace:keyboard:X11DRV_InitKeyboard keycode 144 => vkey 0000
45960 wine_trace 01b4:trace:keyboard:X11DRV_InitKeyboard keycode 145 => vkey 0000
45960 wine_trace 01b4:trace:keyboard:X11DRV_InitKeyboard keycode 146 => vkey 0000
45960 wine_trace 01b4:trace:keyboard:X11DRV_InitKeyboard keycode 147 => vkey 0000
45960 wine_trace 01b4:trace:keyboard:X11DRV_InitKeyboard keycode 148 => vkey 0000
45961 wine_trace 01b4:trace:keyboard:X11DRV_InitKeyboard keycode 149 => vkey 0000
45961 wine_trace 01b4:trace:keyboard:X11DRV_InitKeyboard keycode 150 => vkey 0000
45961 wine_trace 01b4:trace:keyboard:X11DRV_InitKeyboard keycode 151 => vkey 0000
45961 wine_trace 01b4:trace:keyboard:X11DRV_InitKeyboard keycode 152 => vkey 0000
45961 wine_trace 01b4:trace:keyboard:X11DRV_InitKeyboard keycode 153 => vkey 0000
45961 wine_trace 01b4:trace:keyboard:X11DRV_InitKeyboard keycode 154 => vkey 0000
45961 wine_trace 01b4:trace:keyboard:X11DRV_InitKeyboard keycode 155 => vkey 0000
45961 wine_trace 01b4:trace:keyboard:X11DRV_InitKeyboard keycode 156 => vkey 0000
45961 wine_trace 01b4:trace:keyboard:X11DRV_InitKeyboard keycode 157 => vkey 0000
45961 wine_trace 01b4:trace:keyboard:X11DRV_InitKeyboard keycode 158 => vkey 0000
45961 wine_trace 01b4:trace:keyboard:X11DRV_InitKeyboard keycode 159 => vkey 0000
45961 wine_trace 01b4:trace:keyboard:X11DRV_InitKeyboard keycode 160 => vkey 0000
45962 wine_trace 01b4:trace:keyboard:X11DRV_InitKeyboard keycode 161 => vkey 0000
45962 wine_trace 01b4:trace:keyboard:X11DRV_InitKeyboard keycode 162 => vkey 0000
45962 wine_trace 01b4:trace:keyboard:X11DRV_InitKeyboard keycode 163 => vkey 0000
45962 wine_trace 01b4:trace:keyboard:X11DRV_InitKeyboard keycode 164 => vkey 0000
45962 wine_trace 01b4:trace:keyboard:X11DRV_InitKeyboard keycode 165 => vkey 0000
45962 wine_trace 01b4:trace:keyboard:X11DRV_InitKeyboard keycode 166 => vkey 0000
45962 wine_trace 01b4:trace:keyboard:X11DRV_InitKeyboard keycode 167 => vkey 0000
45962 wine_trace 01b4:trace:keyboard:X11DRV_InitKeyboard keycode 168 => vkey 0000
45962 wine_trace 01b4:trace:keyboard:X11DRV_InitKeyboard keycode 169 => vkey 0000
45962 wine_trace 01b4:trace:keyboard:X11DRV_InitKeyboard keycode 170 => vkey 0000
45962 wine_trace 01b4:trace:keyboard:X11DRV_InitKeyboard keycode 171 => vkey 0000
45963 wine_trace 01b4:trace:keyboard:X11DRV_InitKeyboard keycode 172 => vkey 0000
45963 wine_trace 01b4:trace:keyboard:X11DRV_InitKeyboard keycode 173 => vkey 0000
45963 wine_trace 01b4:trace:keyboard:X11DRV_InitKeyboard keycode 174 => vkey 0000
45963 wine_trace 01b4:trace:keyboard:X11DRV_InitKeyboard keycode 175 => vkey 0000
45963 wine_trace 01b4:trace:keyboard:X11DRV_InitKeyboard keycode 176 => vkey 0000
45963 wine_trace 01b4:trace:keyboard:X11DRV_InitKeyboard keycode 177 => vkey 0000
45963 wine_trace 01b4:trace:keyboard:X11DRV_InitKeyboard keycode 178 => vkey 0000
45963 wine_trace 01b4:trace:keyboard:X11DRV_InitKeyboard keycode 179 => vkey 0000
45963 wine_trace 01b4:trace:keyboard:X11DRV_InitKeyboard keycode 180 => vkey 0000
45963 wine_trace 01b4:trace:keyboard:X11DRV_InitKeyboard keycode 181 => vkey 0000
45964 wine_trace 01b4:trace:keyboard:X11DRV_InitKeyboard keycode 182 => vkey 0000
45964 wine_trace 01b4:trace:keyboard:X11DRV_InitKeyboard keycode 183 => vkey 0000
45964 wine_trace 01b4:trace:keyboard:X11DRV_InitKeyboard keycode 184 => vkey 0000
45964 wine_trace 01b4:trace:keyboard:X11DRV_InitKeyboard keycode 185 => vkey 0000
45964 wine_trace 01b4:trace:keyboard:X11DRV_InitKeyboard keycode 186 => vkey 0000
45964 wine_trace 01b4:trace:keyboard:X11DRV_InitKeyboard keycode 187 => vkey 0000
45964 wine_trace 01b4:trace:keyboard:X11DRV_InitKeyboard keycode 188 => vkey 0000
45964 wine_trace 01b4:trace:keyboard:X11DRV_InitKeyboard keycode 189 => vkey 0000
45964 wine_trace 01b4:trace:keyboard:X11DRV_InitKeyboard keycode 190 => vkey 0000
45964 wine_trace 01b4:trace:keyboard:X11DRV_InitKeyboard keycode 191 => vkey 0000
45964 wine_trace 01b4:trace:keyboard:X11DRV_InitKeyboard keycode 192 => vkey 0000
45965 wine_trace 01b4:trace:keyboard:X11DRV_InitKeyboard keycode 193 => vkey 0000
45965 wine_trace 01b4:trace:keyboard:X11DRV_InitKeyboard keycode 194 => vkey 0000
45965 wine_trace 01b4:trace:keyboard:X11DRV_InitKeyboard keycode 195 => vkey 0000
45965 wine_trace 01b4:trace:keyboard:X11DRV_InitKeyboard keycode 196 => vkey 0000
45965 wine_trace 01b4:trace:keyboard:X11DRV_InitKeyboard keycode 197 => vkey 0000
45965 wine_trace 01b4:trace:keyboard:X11DRV_InitKeyboard keycode 198 => vkey 0000
45965 wine_trace 01b4:trace:keyboard:X11DRV_InitKeyboard keycode 199 => vkey 0000
45965 wine_trace 01b4:trace:keyboard:X11DRV_InitKeyboard keycode 200 => vkey 0000
45965 wine_trace 01b4:trace:keyboard:X11DRV_InitKeyboard keycode 201 => vkey 0000
45965 wine_trace 01b4:trace:keyboard:X11DRV_InitKeyboard keycode 202 => vkey 0000
45966 wine_trace 01b4:trace:keyboard:X11DRV_InitKeyboard keycode 203 => vkey 0000
45966 wine_trace 01b4:trace:keyboard:X11DRV_InitKeyboard keycode 204 => vkey 0000
45966 wine_trace 01b4:trace:keyboard:X11DRV_InitKeyboard keycode 205 => vkey 0000
45966 wine_trace 01b4:trace:keyboard:X11DRV_InitKeyboard keycode 206 => vkey 0000
45966 wine_trace 01b4:trace:keyboard:X11DRV_InitKeyboard keycode 207 => vkey 0000
45966 wine_trace 01b4:trace:keyboard:X11DRV_InitKeyboard keycode 208 => vkey 0000
45966 wine_trace 01b4:trace:keyboard:X11DRV_InitKeyboard keycode 209 => vkey 0000
45966 wine_trace 01b4:trace:keyboard:X11DRV_InitKeyboard keycode 210 => vkey 0000
45966 wine_trace 01b4:trace:keyboard:X11DRV_InitKeyboard keycode 211 => vkey 0000
45966 wine_trace 01b4:trace:keyboard:X11DRV_InitKeyboard keycode 212 => vkey 0000
45966 wine_trace 01b4:trace:keyboard:X11DRV_InitKeyboard keycode 213 => vkey 0000
45967 wine_trace 01b4:trace:keyboard:X11DRV_InitKeyboard keycode 214 => vkey 0000
45967 wine_trace 01b4:trace:keyboard:X11DRV_InitKeyboard keycode 215 => vkey 0000
45967 wine_trace 01b4:trace:keyboard:X11DRV_InitKeyboard keycode 216 => vkey 0000
45967 wine_trace 01b4:trace:keyboard:X11DRV_InitKeyboard keycode 217 => vkey 0000
45967 wine_trace 01b4:trace:keyboard:X11DRV_InitKeyboard keycode 218 => vkey 0000
45967 wine_trace 01b4:trace:keyboard:X11DRV_InitKeyboard keycode 219 => vkey 0000
45967 wine_trace 01b4:trace:keyboard:X11DRV_InitKeyboard keycode 220 => vkey 0000
45967 wine_trace 01b4:trace:keyboard:X11DRV_InitKeyboard keycode 221 => vkey 0000
45967 wine_trace 01b4:trace:keyboard:X11DRV_InitKeyboard keycode 222 => vkey 0000
45968 wine_trace 01b4:trace:keyboard:X11DRV_InitKeyboard keycode 223 => vkey 0000
45968 wine_trace 01b4:trace:keyboard:X11DRV_InitKeyboard keycode 224 => vkey 0000
45968 wine_trace 01b4:trace:keyboard:X11DRV_InitKeyboard keycode 225 => vkey 0000
45968 wine_trace 01b4:trace:keyboard:X11DRV_InitKeyboard keycode 226 => vkey 0000
45968 wine_trace 01b4:trace:keyboard:X11DRV_InitKeyboard keycode 227 => vkey 0000
45968 wine_trace 01b4:trace:keyboard:X11DRV_InitKeyboard keycode 228 => vkey 0000
45968 wine_trace 01b4:trace:keyboard:X11DRV_InitKeyboard keycode 229 => vkey 0000
45968 wine_trace 01b4:trace:keyboard:X11DRV_InitKeyboard keycode 230 => vkey 0000
45968 wine_trace 01b4:trace:keyboard:X11DRV_InitKeyboard keycode 231 => vkey 0000
45968 wine_trace 01b4:trace:keyboard:X11DRV_InitKeyboard keycode 232 => vkey 0000
45968 wine_trace 01b4:trace:keyboard:X11DRV_InitKeyboard keycode 233 => vkey 0000
45969 wine_trace 01b4:trace:keyboard:X11DRV_InitKeyboard keycode 234 => vkey 0000
45969 wine_trace 01b4:trace:keyboard:X11DRV_InitKeyboard keycode 235 => vkey 0000
45969 wine_trace 01b4:trace:keyboard:X11DRV_InitKeyboard keycode 236 => vkey 0000
45969 wine_trace 01b4:trace:keyboard:X11DRV_InitKeyboard keycode 237 => vkey 0000
45969 wine_trace 01b4:trace:keyboard:X11DRV_InitKeyboard keycode 238 => vkey 0000
45969 wine_trace 01b4:trace:keyboard:X11DRV_InitKeyboard keycode 239 => vkey 0000
45969 wine_trace 01b4:trace:keyboard:X11DRV_InitKeyboard keycode 240 => vkey 0000
45969 wine_trace 01b4:trace:keyboard:X11DRV_InitKeyboard keycode 241 => vkey 0000
45969 wine_trace 01b4:trace:keyboard:X11DRV_InitKeyboard keycode 242 => vkey 0000
45969 wine_trace 01b4:trace:keyboard:X11DRV_InitKeyboard keycode 243 => vkey 0000
45969 wine_trace 01b4:trace:keyboard:X11DRV_InitKeyboard keycode 244 => vkey 0000
45970 wine_trace 01b4:trace:keyboard:X11DRV_InitKeyboard keycode 245 => vkey 0000
45970 wine_trace 01b4:trace:keyboard:X11DRV_InitKeyboard keycode 246 => vkey 0000
45970 wine_trace 01b4:trace:keyboard:X11DRV_InitKeyboard keycode 247 => vkey 0000
45970 wine_trace 01b4:trace:keyboard:X11DRV_InitKeyboard keycode 248 => vkey 0000
45970 wine_trace 01b4:trace:keyboard:X11DRV_InitKeyboard keycode 249 => vkey 0000
45970 wine_trace 01b4:trace:keyboard:X11DRV_InitKeyboard keycode 250 => vkey 0000
45970 wine_trace 01b4:trace:keyboard:X11DRV_InitKeyboard keycode 251 => vkey 0000
45970 wine_trace 01b4:trace:keyboard:X11DRV_InitKeyboard keycode 252 => vkey 0000
45970 wine_trace 01b4:trace:keyboard:X11DRV_InitKeyboard keycode 253 => vkey 0000
45970 wine_trace 01b4:trace:keyboard:X11DRV_InitKeyboard keycode 254 => vkey 0000
45970 wine_trace 01b4:trace:keyboard:X11DRV_InitKeyboard keycode 255 => vkey 0000
189376 wine_trace 00e8:trace:rawinput:NtUserGetRawInputData handle 0x3, command 0x10000003, data 0x800df0a0, data_size 0x800df108, header_size 24.
189376 wine_trace 00e8:trace:rawinput:NtUserGetRawInputData handle 0x3, command 0x10000003, data 0x800dec90, data_size 0x800debe0, header_size 24.
189377 wine_trace 00e8:trace:rawinput:NtUserGetRawInputData handle 0x4, command 0x10000003, data 0x800df0a0, data_size 0x800df108, header_size 24.
189378 wine_trace 00e8:trace:rawinput:NtUserGetRawInputData handle 0x4, command 0x10000003, data 0x800dec90, data_size 0x800debe0, header_size 24.
189378 wine_trace 00e8:trace:rawinput:NtUserGetRawInputData handle 0x5, command 0x10000003, data 0x800df0a0, data_size 0x800df108, header_size 24.
189378 wine_trace 00e8:trace:rawinput:NtUserGetRawInputData handle 0x5, command 0x10000003, data 0x800dec90, data_size 0x800debe0, header_size 24.
189408 wine_trace 00e8:trace:rawinput:NtUserGetRawInputData handle 0x7, command 0x10000003, data 0x800df0a0, data_size 0x800df108, header_size 24.
189409 wine_trace 00e8:trace:rawinput:NtUserGetRawInputData handle 0x7, command 0x10000003, data 0x800dec90, data_size 0x800debe0, header_size 24.
189426 wine_trace 00e8:trace:rawinput:NtUserGetRawInputData handle 0x9, command 0x10000003, data 0x800df0a0, data_size 0x800df108, header_size 24.
189426 wine_trace 00e8:trace:rawinput:NtUserGetRawInputData handle 0x9, command 0x10000003, data 0x800dec90, data_size 0x800debe0, header_size 24.
189432 wine_trace 00e8:trace:rawinput:NtUserGetRawInputData handle 0xb, command 0x10000003, data 0x800df0a0, data_size 0x800df108, header_size 24.
189433 wine_trace 00e8:trace:rawinput:NtUserGetRawInputData handle 0xb, command 0x10000003, data 0x800dec90, data_size 0x800debe0, header_size 24.
189453 wine_trace 00e8:trace:rawinput:NtUserGetRawInputData handle 0xd, command 0x10000003, data 0x800df0a0, data_size 0x800df108, header_size 24.
189454 wine_trace 00e8:trace:rawinput:NtUserGetRawInputData handle 0xd, command 0x10000003, data 0x800dec90, data_size 0x800debe0, header_size 24.
189470 wine_trace 00e8:trace:rawinput:NtUserGetRawInputData handle 0xf, command 0x10000003, data 0x800df0a0, data_size 0x800df108, header_size 24.
189470 wine_trace 00e8:trace:rawinput:NtUserGetRawInputData handle 0xf, command 0x10000003, data 0x800dec90, data_size 0x800debe0, header_size 24.
189488 wine_trace 00e8:trace:rawinput:NtUserGetRawInputData handle 0x11, command 0x10000003, data 0x800df0a0, data_size 0x800df108, header_size 24.
189488 wine_trace 00e8:trace:rawinput:NtUserGetRawInputData handle 0x11, command 0x10000003, data 0x800dec90, data_size 0x800debe0, header_size 24.
189506 wine_trace 00e8:trace:rawinput:NtUserGetRawInputData handle 0x13, command 0x10000003, data 0x800df0a0, data_size 0x800df108, header_size 24.
189506 wine_trace 00e8:trace:rawinput:NtUserGetRawInputData handle 0x13, command 0x10000003, data 0x800dec90, data_size 0x800debe0, header_size 24.
189573 wine_trace 00e8:trace:rawinput:NtUserGetRawInputData handle 0x15, command 0x10000003, data 0x800df0a0, data_size 0x800df108, header_size 24.
189574 wine_trace 00e8:trace:rawinput:NtUserGetRawInputData handle 0x15, command 0x10000003, data 0x800dec90, data_size 0x800debe0, header_size 24.
189596 wine_trace 00e8:trace:rawinput:NtUserGetRawInputData handle 0x17, command 0x10000003, data 0x800df0a0, data_size 0x800df108, header_size 24.
189596 wine_trace 00e8:trace:rawinput:NtUserGetRawInputData handle 0x17, command 0x10000003, data 0x800dec90, data_size 0x800debe0, header_size 24.
189597 wine_trace 00e8:trace:rawinput:NtUserGetRawInputData handle 0x18, command 0x10000003, data 0x800df0a0, data_size 0x800df108, header_size 24.
189597 wine_trace 00e8:trace:rawinput:NtUserGetRawInputData handle 0x18, command 0x10000003, data 0x800dec90, data_size 0x800debe0, header_size 24.
189620 wine_trace 00e8:trace:rawinput:NtUserGetRawInputData handle 0x1a, command 0x10000003, data 0x800df0a0, data_size 0x800df108, header_size 24.
189620 wine_trace 00e8:trace:rawinput:NtUserGetRawInputData handle 0x1a, command 0x10000003, data 0x800dec90, data_size 0x800debe0, header_size 24.
189639 wine_trace 00e8:trace:rawinput:NtUserGetRawInputData handle 0x1c, command 0x10000003, data 0x800df0a0, data_size 0x800df108, header_size 24.
189639 wine_trace 00e8:trace:rawinput:NtUserGetRawInputData handle 0x1c, command 0x10000003, data 0x800dec90, data_size 0x800debe0, header_size 24.
189655 wine_trace 00e8:trace:rawinput:NtUserGetRawInputData handle 0x1e, command 0x10000003, data 0x800df0a0, data_size 0x800df108, header_size 24.
189655 wine_trace 00e8:trace:rawinput:NtUserGetRawInputData handle 0x1e, command 0x10000003, data 0x800dec90, data_size 0x800debe0, header_size 24.
189672 wine_trace 00e8:trace:rawinput:NtUserGetRawInputData handle 0x20, command 0x10000003, data 0x800df0a0, data_size 0x800df108, header_size 24.
189672 wine_trace 00e8:trace:rawinput:NtUserGetRawInputData handle 0x20, command 0x10000003, data 0x800dec90, data_size 0x800debe0, header_size 24.
189689 wine_trace 00e8:trace:rawinput:NtUserGetRawInputData handle 0x22, command 0x10000003, data 0x800df0a0, data_size 0x800df108, header_size 24.
189690 wine_trace 00e8:trace:rawinput:NtUserGetRawInputData handle 0x22, command 0x10000003, data 0x800dec90, data_size 0x800debe0, header_size 24.
189707 wine_trace 00e8:trace:rawinput:NtUserGetRawInputData handle 0x24, command 0x10000003, data 0x800df0a0, data_size 0x800df108, header_size 24.
189707 wine_trace 00e8:trace:rawinput:NtUserGetRawInputData handle 0x24, command 0x10000003, data 0x800dec90, data_size 0x800debe0, header_size 24.
189724 wine_trace 00e8:trace:rawinput:NtUserGetRawInputData handle 0x26, command 0x10000003, data 0x800df0a0, data_size 0x800df108, header_size 24.
189724 wine_trace 00e8:trace:rawinput:NtUserGetRawInputData handle 0x26, command 0x10000003, data 0x800dec90, data_size 0x800debe0, header_size 24.
189741 wine_trace 00e8:trace:rawinput:NtUserGetRawInputData handle 0x28, command 0x10000003, data 0x800df0a0, data_size 0x800df108, header_size 24.
189741 wine_trace 00e8:trace:rawinput:NtUserGetRawInputData handle 0x28, command 0x10000003, data 0x800dec90, data_size 0x800debe0, header_size 24.
189745 wine_trace 00e8:trace:rawinput:NtUserGetRawInputData handle 0x2a, command 0x10000003, data 0x800df0a0, data_size 0x800df108, header_size 24.
189745 wine_trace 00e8:trace:rawinput:NtUserGetRawInputData handle 0x2a, command 0x10000003, data 0x800dec90, data_size 0x800debe0, header_size 24.
189777 wine_trace 00e8:trace:rawinput:NtUserGetRawInputData handle 0x2c, command 0x10000003, data 0x800df0a0, data_size 0x800df108, header_size 24.
189778 wine_trace 00e8:trace:rawinput:NtUserGetRawInputData handle 0x2c, command 0x10000003, data 0x800dec90, data_size 0x800debe0, header_size 24.
189781 wine_trace 00e8:trace:rawinput:NtUserGetRawInputData handle 0x2e, command 0x10000003, data 0x800df0a0, data_size 0x800df108, header_size 24.
189781 wine_trace 00e8:trace:rawinput:NtUserGetRawInputData handle 0x2e, command 0x10000003, data 0x800dec90, data_size 0x800debe0, header_size 24.
189797 wine_trace 00e8:trace:rawinput:NtUserGetRawInputData handle 0x30, command 0x10000003, data 0x800df0a0, data_size 0x800df108, header_size 24.
189798 wine_trace 00e8:trace:rawinput:NtUserGetRawInputData handle 0x30, command 0x10000003, data 0x800dec90, data_size 0x800debe0, header_size 24.
189815 wine_trace 00e8:trace:rawinput:NtUserGetRawInputData handle 0x32, command 0x10000003, data 0x800df0a0, data_size 0x800df108, header_size 24.
189815 wine_trace 00e8:trace:rawinput:NtUserGetRawInputData handle 0x32, command 0x10000003, data 0x800dec90, data_size 0x800debe0, header_size 24.
189832 wine_trace 00e8:trace:rawinput:NtUserGetRawInputData handle 0x34, command 0x10000003, data 0x800df0a0, data_size 0x800df108, header_size 24.
189833 wine_trace 00e8:trace:rawinput:NtUserGetRawInputData handle 0x34, command 0x10000003, data 0x800dec90, data_size 0x800debe0, header_size 24.
189855 wine_trace 00e8:trace:rawinput:NtUserGetRawInputData handle 0x35, command 0x10000003, data 0x800df0a0, data_size 0x800df108, header_size 24.
189855 wine_trace 00e8:trace:rawinput:NtUserGetRawInputData handle 0x35, command 0x10000003, data 0x800dec90, data_size 0x800debe0, header_size 24.
189873 wine_trace 00e8:trace:rawinput:NtUserGetRawInputData handle 0x37, command 0x10000003, data 0x800df0a0, data_size 0x800df108, header_size 24.
189874 wine_trace 00e8:trace:rawinput:NtUserGetRawInputData handle 0x37, command 0x10000003, data 0x800dec90, data_size 0x800debe0, header_size 24.
189890 wine_trace 00e8:trace:rawinput:NtUserGetRawInputData handle 0x39, command 0x10000003, data 0x800df0a0, data_size 0x800df108, header_size 24.
189890 wine_trace 00e8:trace:rawinput:NtUserGetRawInputData handle 0x39, command 0x10000003, data 0x800dec90, data_size 0x800debe0, header_size 24.
189908 wine_trace 00e8:trace:rawinput:NtUserGetRawInputData handle 0x3b, command 0x10000003, data 0x800df0a0, data_size 0x800df108, header_size 24.
189908 wine_trace 00e8:trace:rawinput:NtUserGetRawInputData handle 0x3b, command 0x10000003, data 0x800dec90, data_size 0x800debe0, header_size 24.
189930 wine_trace 00e8:trace:rawinput:NtUserGetRawInputData handle 0x3d, command 0x10000003, data 0x800df0a0, data_size 0x800df108, header_size 24.
189930 wine_trace 00e8:trace:rawinput:NtUserGetRawInputData handle 0x3d, command 0x10000003, data 0x800dec90, data_size 0x800debe0, header_size 24.
189945 wine_trace 00e8:trace:rawinput:NtUserGetRawInputData handle 0x3f, command 0x10000003, data 0x800df0a0, data_size 0x800df108, header_size 24.
189945 wine_trace 00e8:trace:rawinput:NtUserGetRawInputData handle 0x3f, command 0x10000003, data 0x800dec90, data_size 0x800debe0, header_size 24.
189961 wine_trace 00e8:trace:rawinput:NtUserGetRawInputData handle 0x41, command 0x10000003, data 0x800df0a0, data_size 0x800df108, header_size 24.
189962 wine_trace 00e8:trace:rawinput:NtUserGetRawInputData handle 0x41, command 0x10000003, data 0x800dec90, data_size 0x800debe0, header_size 24.
189979 wine_trace 00e8:trace:rawinput:NtUserGetRawInputData handle 0x43, command 0x10000003, data 0x800df0a0, data_size 0x800df108, header_size 24.
189979 wine_trace 00e8:trace:rawinput:NtUserGetRawInputData handle 0x43, command 0x10000003, data 0x800dec90, data_size 0x800debe0, header_size 24.
189996 wine_trace 00e8:trace:rawinput:NtUserGetRawInputData handle 0x45, command 0x10000003, data 0x800df0a0, data_size 0x800df108, header_size 24.
189996 wine_trace 00e8:trace:rawinput:NtUserGetRawInputData handle 0x45, command 0x10000003, data 0x800dec90, data_size 0x800debe0, header_size 24.
190014 wine_trace 00e8:trace:rawinput:NtUserGetRawInputData handle 0x47, command 0x10000003, data 0x800df0a0, data_size 0x800df108, header_size 24.
190014 wine_trace 00e8:trace:rawinput:NtUserGetRawInputData handle 0x47, command 0x10000003, data 0x800dec90, data_size 0x800debe0, header_size 24.
190034 wine_trace 00e8:trace:rawinput:NtUserGetRawInputData handle 0x49, command 0x10000003, data 0x800df0a0, data_size 0x800df108, header_size 24.
190034 wine_trace 00e8:trace:rawinput:NtUserGetRawInputData handle 0x49, command 0x10000003, data 0x800dec90, data_size 0x800debe0, header_size 24.
190050 wine_trace 00e8:trace:rawinput:NtUserGetRawInputData handle 0x4b, command 0x10000003, data 0x800df0a0, data_size 0x800df108, header_size 24.
190051 wine_trace 00e8:trace:rawinput:NtUserGetRawInputData handle 0x4b, command 0x10000003, data 0x800dec90, data_size 0x800debe0, header_size 24.
190068 wine_trace 00e8:trace:rawinput:NtUserGetRawInputData handle 0x4d, command 0x10000003, data 0x800df0a0, data_size 0x800df108, header_size 24.
190069 wine_trace 00e8:trace:rawinput:NtUserGetRawInputData handle 0x4d, command 0x10000003, data 0x800dec90, data_size 0x800debe0, header_size 24.
190088 wine_trace 00e8:trace:rawinput:NtUserGetRawInputData handle 0x4f, command 0x10000003, data 0x800df0a0, data_size 0x800df108, header_size 24.
190088 wine_trace 00e8:trace:rawinput:NtUserGetRawInputData handle 0x4f, command 0x10000003, data 0x800dec90, data_size 0x800debe0, header_size 24.
190106 wine_trace 00e8:trace:rawinput:NtUserGetRawInputData handle 0x51, command 0x10000003, data 0x800df0a0, data_size 0x800df108, header_size 24.
190106 wine_trace 00e8:trace:rawinput:NtUserGetRawInputData handle 0x51, command 0x10000003, data 0x800dec90, data_size 0x800debe0, header_size 24.
190122 wine_trace 00e8:trace:rawinput:NtUserGetRawInputData handle 0x53, command 0x10000003, data 0x800df0a0, data_size 0x800df108, header_size 24.
190123 wine_trace 00e8:trace:rawinput:NtUserGetRawInputData handle 0x53, command 0x10000003, data 0x800dec90, data_size 0x800debe0, header_size 24.
190140 wine_trace 00e8:trace:rawinput:NtUserGetRawInputData handle 0x55, command 0x10000003, data 0x800df0a0, data_size 0x800df108, header_size 24.
190140 wine_trace 00e8:trace:rawinput:NtUserGetRawInputData handle 0x55, command 0x10000003, data 0x800dec90, data_size 0x800debe0, header_size 24.
190142 wine_trace 00e8:trace:rawinput:NtUserGetRawInputData handle 0x57, command 0x10000003, data 0x800df0a0, data_size 0x800df108, header_size 24.
190142 wine_trace 00e8:trace:rawinput:NtUserGetRawInputData handle 0x57, command 0x10000003, data 0x800dec90, data_size 0x800debe0, header_size 24.
190178 wine_trace 00e8:trace:rawinput:NtUserGetRawInputData handle 0x59, command 0x10000003, data 0x800df0a0, data_size 0x800df108, header_size 24.
190178 wine_trace 00e8:trace:rawinput:NtUserGetRawInputData handle 0x59, command 0x10000003, data 0x800dec90, data_size 0x800debe0, header_size 24.
190198 wine_trace 00e8:trace:rawinput:NtUserGetRawInputData handle 0x5b, command 0x10000003, data 0x800df0a0, data_size 0x800df108, header_size 24.
190198 wine_trace 00e8:trace:rawinput:NtUserGetRawInputData handle 0x5b, command 0x10000003, data 0x800dec90, data_size 0x800debe0, header_size 24.
190217 wine_trace 00e8:trace:rawinput:NtUserGetRawInputData handle 0x5d, command 0x10000003, data 0x800df0a0, data_size 0x800df108, header_size 24.
190217 wine_trace 00e8:trace:rawinput:NtUserGetRawInputData handle 0x5d, command 0x10000003, data 0x800dec90, data_size 0x800debe0, header_size 24.
190248 wine_trace 00e8:trace:rawinput:NtUserGetRawInputData handle 0x5f, command 0x10000003, data 0x800df0a0, data_size 0x800df108, header_size 24.
190249 wine_trace 00e8:trace:rawinput:NtUserGetRawInputData handle 0x5f, command 0x10000003, data 0x800dec90, data_size 0x800debe0, header_size 24.
190268 wine_trace 00e8:trace:rawinput:NtUserGetRawInputData handle 0x61, command 0x10000003, data 0x800df0a0, data_size 0x800df108, header_size 24.
190268 wine_trace 00e8:trace:rawinput:NtUserGetRawInputData handle 0x61, command 0x10000003, data 0x800dec90, data_size 0x800debe0, header_size 24.
190289 wine_trace 00e8:trace:rawinput:NtUserGetRawInputData handle 0x63, command 0x10000003, data 0x800df0a0, data_size 0x800df108, header_size 24.
190289 wine_trace 00e8:trace:rawinput:NtUserGetRawInputData handle 0x63, command 0x10000003, data 0x800dec90, data_size 0x800debe0, header_size 24.
190309 wine_trace 00e8:trace:rawinput:NtUserGetRawInputData handle 0x65, command 0x10000003, data 0x800df0a0, data_size 0x800df108, header_size 24.
190309 wine_trace 00e8:trace:rawinput:NtUserGetRawInputData handle 0x65, command 0x10000003, data 0x800dec90, data_size 0x800debe0, header_size 24.
190326 wine_trace 00e8:trace:rawinput:NtUserGetRawInputData handle 0x67, command 0x10000003, data 0x800df0a0, data_size 0x800df108, header_size 24.
190328 wine_trace 00e8:trace:rawinput:NtUserGetRawInputData handle 0x67, command 0x10000003, data 0x800dec90, data_size 0x800debe0, header_size 24.
190342 wine_trace 00e8:trace:rawinput:NtUserGetRawInputData handle 0x69, command 0x10000003, data 0x800df0a0, data_size 0x800df108, header_size 24.
190342 wine_trace 00e8:trace:rawinput:NtUserGetRawInputData handle 0x69, command 0x10000003, data 0x800dec90, data_size 0x800debe0, header_size 24.
190361 wine_trace 00e8:trace:rawinput:NtUserGetRawInputData handle 0x6b, command 0x10000003, data 0x800df0a0, data_size 0x800df108, header_size 24.
190362 wine_trace 00e8:trace:rawinput:NtUserGetRawInputData handle 0x6b, command 0x10000003, data 0x800dec90, data_size 0x800debe0, header_size 24.
190379 wine_trace 00e8:trace:rawinput:NtUserGetRawInputData handle 0x6d, command 0x10000003, data 0x800df0a0, data_size 0x800df108, header_size 24.
190380 wine_trace 00e8:trace:rawinput:NtUserGetRawInputData handle 0x6d, command 0x10000003, data 0x800dec90, data_size 0x800debe0, header_size 24.
190396 wine_trace 00e8:trace:rawinput:NtUserGetRawInputData handle 0x6e, command 0x10000003, data 0x800df0a0, data_size 0x800df108, header_size 24.
190397 wine_trace 00e8:trace:rawinput:NtUserGetRawInputData handle 0x6e, command 0x10000003, data 0x800dec90, data_size 0x800debe0, header_size 24.
190446 wine_trace 00e8:trace:rawinput:NtUserGetRawInputData handle 0x70, command 0x10000003, data 0x800df0a0, data_size 0x800df108, header_size 24.
190446 wine_trace 00e8:trace:rawinput:NtUserGetRawInputData handle 0x70, command 0x10000003, data 0x800dec90, data_size 0x800debe0, header_size 24.
190462 wine_trace 00e8:trace:rawinput:NtUserGetRawInputData handle 0x71, command 0x10000003, data 0x800df0a0, data_size 0x800df108, header_size 24.
190463 wine_trace 00e8:trace:rawinput:NtUserGetRawInputData handle 0x71, command 0x10000003, data 0x800dec90, data_size 0x800debe0, header_size 24.
190483 wine_trace 00e8:trace:rawinput:NtUserGetRawInputData handle 0x73, command 0x10000003, data 0x800df0a0, data_size 0x800df108, header_size 24.
190483 wine_trace 00e8:trace:rawinput:NtUserGetRawInputData handle 0x73, command 0x10000003, data 0x800dec90, data_size 0x800debe0, header_size 24.
190502 wine_trace 00e8:trace:rawinput:NtUserGetRawInputData handle 0x75, command 0x10000003, data 0x800df0a0, data_size 0x800df108, header_size 24.
190502 wine_trace 00e8:trace:rawinput:NtUserGetRawInputData handle 0x75, command 0x10000003, data 0x800dec90, data_size 0x800debe0, header_size 24.
190521 wine_trace 00e8:trace:rawinput:NtUserGetRawInputData handle 0x77, command 0x10000003, data 0x800df0a0, data_size 0x800df108, header_size 24.
190521 wine_trace 00e8:trace:rawinput:NtUserGetRawInputData handle 0x77, command 0x10000003, data 0x800dec90, data_size 0x800debe0, header_size 24.
190538 wine_trace 00e8:trace:rawinput:NtUserGetRawInputData handle 0x79, command 0x10000003, data 0x800df0a0, data_size 0x800df108, header_size 24.
190538 wine_trace 00e8:trace:rawinput:NtUserGetRawInputData handle 0x79, command 0x10000003, data 0x800dec90, data_size 0x800debe0, header_size 24.
190555 wine_trace 00e8:trace:rawinput:NtUserGetRawInputData handle 0x7a, command 0x10000003, data 0x800df0a0, data_size 0x800df108, header_size 24.
190555 wine_trace 00e8:trace:rawinput:NtUserGetRawInputData handle 0x7a, command 0x10000003, data 0x800dec90, data_size 0x800debe0, header_size 24.
190588 wine_trace 00e8:trace:rawinput:NtUserGetRawInputData handle 0x7b, command 0x10000003, data 0x800df0a0, data_size 0x800df108, header_size 24.
190589 wine_trace 00e8:trace:rawinput:NtUserGetRawInputData handle 0x7b, command 0x10000003, data 0x800dec90, data_size 0x800debe0, header_size 24.
190624 wine_trace 00e8:trace:rawinput:NtUserGetRawInputData handle 0x7c, command 0x10000003, data 0x800df0a0, data_size 0x800df108, header_size 24.
190624 wine_trace 00e8:trace:rawinput:NtUserGetRawInputData handle 0x7c, command 0x10000003, data 0x800dec90, data_size 0x800debe0, header_size 24.
190642 wine_trace 00e8:trace:rawinput:NtUserGetRawInputData handle 0x7d, command 0x10000003, data 0x800df0a0, data_size 0x800df108, header_size 24.
190642 wine_trace 00e8:trace:rawinput:NtUserGetRawInputData handle 0x7d, command 0x10000003, data 0x800dec90, data_size 0x800debe0, header_size 24.
190660 wine_trace 00e8:trace:rawinput:NtUserGetRawInputData handle 0x7e, command 0x10000003, data 0x800df0a0, data_size 0x800df108, header_size 24.
190660 wine_trace 00e8:trace:rawinput:NtUserGetRawInputData handle 0x7e, command 0x10000003, data 0x800dec90, data_size 0x800debe0, header_size 24.
190681 wine_trace 00e8:trace:rawinput:NtUserGetRawInputData handle 0x80, command 0x10000003, data 0x800df0a0, data_size 0x800df108, header_size 24.
190682 wine_trace 00e8:trace:rawinput:NtUserGetRawInputData handle 0x80, command 0x10000003, data 0x800dec90, data_size 0x800debe0, header_size 24.
190701 wine_trace 00e8:trace:rawinput:NtUserGetRawInputData handle 0x82, command 0x10000003, data 0x800df0a0, data_size 0x800df108, header_size 24.
190701 wine_trace 00e8:trace:rawinput:NtUserGetRawInputData handle 0x82, command 0x10000003, data 0x800dec90, data_size 0x800debe0, header_size 24.
190718 wine_trace 00e8:trace:rawinput:NtUserGetRawInputData handle 0x84, command 0x10000003, data 0x800df0a0, data_size 0x800df108, header_size 24.
190718 wine_trace 00e8:trace:rawinput:NtUserGetRawInputData handle 0x84, command 0x10000003, data 0x800dec90, data_size 0x800debe0, header_size 24.
190735 wine_trace 00e8:trace:rawinput:NtUserGetRawInputData handle 0x86, command 0x10000003, data 0x800df0a0, data_size 0x800df108, header_size 24.
190735 wine_trace 00e8:trace:rawinput:NtUserGetRawInputData handle 0x86, command 0x10000003, data 0x800dec90, data_size 0x800debe0, header_size 24.
190752 wine_trace 00e8:trace:rawinput:NtUserGetRawInputData handle 0x88, command 0x10000003, data 0x800df0a0, data_size 0x800df108, header_size 24.
190753 wine_trace 00e8:trace:rawinput:NtUserGetRawInputData handle 0x88, command 0x10000003, data 0x800dec90, data_size 0x800debe0, header_size 24.
190769 wine_trace 00e8:trace:rawinput:NtUserGetRawInputData handle 0x89, command 0x10000003, data 0x800df0a0, data_size 0x800df108, header_size 24.
190769 wine_trace 00e8:trace:rawinput:NtUserGetRawInputData handle 0x89, command 0x10000003, data 0x800dec90, data_size 0x800debe0, header_size 24.
190790 wine_trace 00e8:trace:rawinput:NtUserGetRawInputData handle 0x8a, command 0x10000003, data 0x800df0a0, data_size 0x800df108, header_size 24.
190791 wine_trace 00e8:trace:rawinput:NtUserGetRawInputData handle 0x8a, command 0x10000003, data 0x800dec90, data_size 0x800debe0, header_size 24.
191024 wine_trace 00e8:trace:rawinput:NtUserGetRawInputData handle 0x8b, command 0x10000003, data 0x800df0a0, data_size 0x800df108, header_size 24.
191024 wine_trace 00e8:trace:rawinput:NtUserGetRawInputData handle 0x8b, command 0x10000003, data 0x800dec90, data_size 0x800debe0, header_size 24.
191058 wine_trace 00e8:trace:rawinput:NtUserGetRawInputData handle 0x8c, command 0x10000003, data 0x800df0a0, data_size 0x800df108, header_size 24.
191060 wine_trace 00e8:trace:rawinput:NtUserGetRawInputData handle 0x8c, command 0x10000003, data 0x800dec90, data_size 0x800debe0, header_size 24.
191082 pointer_focus point={id=16777331,parent=29360129,name=,class=,mapped=true,viewable=true,enabled=true,renderable=true,surface=false,application=false,keyPress=false,keyRelease=false,focusChange=false},focus_before={id=29360129,parent=25165831,name=DAVE THE DIVER,class=davethediver.exe,mapped=true,viewable=true,enabled=true,renderable=true,surface=false,application=true,keyPress=true,keyRelease=true,focusChange=true}
191082 pointer_focus_result focus_after={id=29360129,parent=25165831,name=DAVE THE DIVER,class=davethediver.exe,mapped=true,viewable=true,enabled=true,renderable=true,surface=false,application=true,keyPress=true,keyRelease=true,focusChange=true}
191093 wine_trace 00e8:trace:rawinput:NtUserGetRawInputData handle 0x8d, command 0x10000003, data 0x800df0a0, data_size 0x800df108, header_size 24.
191094 wine_trace 00e8:trace:rawinput:NtUserGetRawInputData handle 0x8d, command 0x10000003, data 0x800dec90, data_size 0x800debe0, header_size 24.
191094 wine_trace 00e8:trace:rawinput:NtUserGetRawInputData handle 0x8f, command 0x10000003, data 0x800df0a0, data_size 0x800df108, header_size 24.
191095 wine_trace 00e8:trace:rawinput:NtUserGetRawInputData handle 0x8f, command 0x10000003, data 0x800dec90, data_size 0x800debe0, header_size 24.
191095 wine_trace 00e8:trace:rawinput:NtUserGetRawInputData handle 0x90, command 0x10000003, data 0x800df0a0, data_size 0x800df108, header_size 24.
191095 wine_trace 00e8:trace:rawinput:NtUserGetRawInputData handle 0x90, command 0x10000003, data 0x800dec90, data_size 0x800debe0, header_size 24.
191119 wine_trace 00e8:trace:rawinput:NtUserGetRawInputData handle 0x92, command 0x10000003, data 0x800df0a0, data_size 0x800df108, header_size 24.
191120 wine_trace 00e8:trace:rawinput:NtUserGetRawInputData handle 0x92, command 0x10000003, data 0x800dec90, data_size 0x800debe0, header_size 24.
191121 wine_trace 00e8:trace:rawinput:NtUserGetRawInputData handle 0x94, command 0x10000003, data 0x800df0a0, data_size 0x800df108, header_size 24.
191121 wine_trace 00e8:trace:rawinput:NtUserGetRawInputData handle 0x94, command 0x10000003, data 0x800dec90, data_size 0x800debe0, header_size 24.
260670 wine_trace 00e8:trace:rawinput:NtUserGetRawInputData handle 0x96, command 0x10000003, data 0x800df0a0, data_size 0x800df108, header_size 24.
260673 wine_trace 00e8:trace:rawinput:NtUserGetRawInputData handle 0x96, command 0x10000003, data 0x800dec90, data_size 0x800debe0, header_size 24.
260684 pointer_focus point={id=16777331,parent=29360129,name=,class=,mapped=true,viewable=true,enabled=true,renderable=true,surface=false,application=false,keyPress=false,keyRelease=false,focusChange=false},focus_before={id=29360129,parent=25165831,name=DAVE THE DIVER,class=davethediver.exe,mapped=true,viewable=true,enabled=true,renderable=true,surface=false,application=true,keyPress=true,keyRelease=true,focusChange=true}
260684 pointer_focus_result focus_after={id=29360129,parent=25165831,name=DAVE THE DIVER,class=davethediver.exe,mapped=true,viewable=true,enabled=true,renderable=true,surface=false,application=true,keyPress=true,keyRelease=true,focusChange=true}
260700 wine_trace 00e8:trace:rawinput:NtUserGetRawInputData handle 0x97, command 0x10000003, data 0x800df0a0, data_size 0x800df108, header_size 24.
260700 wine_trace 00e8:trace:rawinput:NtUserGetRawInputData handle 0x97, command 0x10000003, data 0x800dec90, data_size 0x800debe0, header_size 24.
260700 wine_trace 00e8:trace:rawinput:NtUserGetRawInputData handle 0x98, command 0x10000003, data 0x800df0a0, data_size 0x800df108, header_size 24.
260700 wine_trace 00e8:trace:rawinput:NtUserGetRawInputData handle 0x98, command 0x10000003, data 0x800dec90, data_size 0x800debe0, header_size 24.
260701 wine_trace 00e8:trace:rawinput:NtUserGetRawInputData handle 0x99, command 0x10000003, data 0x800df0a0, data_size 0x800df108, header_size 24.
260701 wine_trace 00e8:trace:rawinput:NtUserGetRawInputData handle 0x99, command 0x10000003, data 0x800dec90, data_size 0x800debe0, header_size 24.
260771 wine_trace 00e8:trace:rawinput:NtUserGetRawInputData handle 0x9b, command 0x10000003, data 0x800df0a0, data_size 0x800df108, header_size 24.
260772 wine_trace 00e8:trace:rawinput:NtUserGetRawInputData handle 0x9b, command 0x10000003, data 0x800dec90, data_size 0x800debe0, header_size 24.
260772 wine_trace 00e8:trace:rawinput:NtUserGetRawInputData handle 0x9d, command 0x10000003, data 0x800df0a0, data_size 0x800df108, header_size 24.
260772 wine_trace 00e8:trace:rawinput:NtUserGetRawInputData handle 0x9d, command 0x10000003, data 0x800dec90, data_size 0x800debe0, header_size 24.
260842 pointer_focus point={id=16777331,parent=29360129,name=,class=,mapped=true,viewable=true,enabled=true,renderable=true,surface=false,application=false,keyPress=false,keyRelease=false,focusChange=false},focus_before={id=29360129,parent=25165831,name=DAVE THE DIVER,class=davethediver.exe,mapped=true,viewable=true,enabled=true,renderable=true,surface=false,application=true,keyPress=true,keyRelease=true,focusChange=true}
260842 pointer_focus_result focus_after={id=29360129,parent=25165831,name=DAVE THE DIVER,class=davethediver.exe,mapped=true,viewable=true,enabled=true,renderable=true,surface=false,application=true,keyPress=true,keyRelease=true,focusChange=true}
260863 wine_trace 00e8:trace:rawinput:NtUserGetRawInputData handle 0x9f, command 0x10000003, data 0x800df0a0, data_size 0x800df108, header_size 24.
260863 wine_trace 00e8:trace:rawinput:NtUserGetRawInputData handle 0x9f, command 0x10000003, data 0x800dec90, data_size 0x800debe0, header_size 24.
260864 wine_trace 00e8:trace:rawinput:NtUserGetRawInputData handle 0xa0, command 0x10000003, data 0x800df0a0, data_size 0x800df108, header_size 24.
260864 wine_trace 00e8:trace:rawinput:NtUserGetRawInputData handle 0xa0, command 0x10000003, data 0x800dec90, data_size 0x800debe0, header_size 24.
260864 wine_trace 00e8:trace:rawinput:NtUserGetRawInputData handle 0xa1, command 0x10000003, data 0x800df0a0, data_size 0x800df108, header_size 24.
260864 wine_trace 00e8:trace:rawinput:NtUserGetRawInputData handle 0xa1, command 0x10000003, data 0x800dec90, data_size 0x800debe0, header_size 24.
260899 wine_trace 00e8:trace:rawinput:NtUserGetRawInputData handle 0xa3, command 0x10000003, data 0x800df0a0, data_size 0x800df108, header_size 24.
260899 wine_trace 00e8:trace:rawinput:NtUserGetRawInputData handle 0xa3, command 0x10000003, data 0x800dec90, data_size 0x800debe0, header_size 24.
260900 wine_trace 00e8:trace:rawinput:NtUserGetRawInputData handle 0xa5, command 0x10000003, data 0x800df0a0, data_size 0x800df108, header_size 24.
260900 wine_trace 00e8:trace:rawinput:NtUserGetRawInputData handle 0xa5, command 0x10000003, data 0x800dec90, data_size 0x800debe0, header_size 24.
260972 wine_trace 00e8:trace:rawinput:NtUserGetRawInputData handle 0xa7, command 0x10000003, data 0x800df0a0, data_size 0x800df108, header_size 24.
260972 wine_trace 00e8:trace:rawinput:NtUserGetRawInputData handle 0xa7, command 0x10000003, data 0x800dec90, data_size 0x800debe0, header_size 24.
261000 pointer_focus point={id=16777331,parent=29360129,name=,class=,mapped=true,viewable=true,enabled=true,renderable=true,surface=false,application=false,keyPress=false,keyRelease=false,focusChange=false},focus_before={id=29360129,parent=25165831,name=DAVE THE DIVER,class=davethediver.exe,mapped=true,viewable=true,enabled=true,renderable=true,surface=false,application=true,keyPress=true,keyRelease=true,focusChange=true}
261000 pointer_focus_result focus_after={id=29360129,parent=25165831,name=DAVE THE DIVER,class=davethediver.exe,mapped=true,viewable=true,enabled=true,renderable=true,surface=false,application=true,keyPress=true,keyRelease=true,focusChange=true}
261010 wine_trace 00e8:trace:rawinput:NtUserGetRawInputData handle 0xa8, command 0x10000003, data 0x800df0a0, data_size 0x800df108, header_size 24.
261010 wine_trace 00e8:trace:rawinput:NtUserGetRawInputData handle 0xa8, command 0x10000003, data 0x800dec90, data_size 0x800debe0, header_size 24.
261011 wine_trace 00e8:trace:rawinput:NtUserGetRawInputData handle 0xa9, command 0x10000003, data 0x800df0a0, data_size 0x800df108, header_size 24.
261011 wine_trace 00e8:trace:rawinput:NtUserGetRawInputData handle 0xa9, command 0x10000003, data 0x800dec90, data_size 0x800debe0, header_size 24.
261012 wine_trace 00e8:trace:rawinput:NtUserGetRawInputData handle 0xaa, command 0x10000003, data 0x800df0a0, data_size 0x800df108, header_size 24.
261012 wine_trace 00e8:trace:rawinput:NtUserGetRawInputData handle 0xaa, command 0x10000003, data 0x800dec90, data_size 0x800debe0, header_size 24.
261060 wine_trace 00e8:trace:rawinput:NtUserGetRawInputData handle 0xac, command 0x10000003, data 0x800df0a0, data_size 0x800df108, header_size 24.
261060 wine_trace 00e8:trace:rawinput:NtUserGetRawInputData handle 0xac, command 0x10000003, data 0x800dec90, data_size 0x800debe0, header_size 24.
261060 wine_trace 00e8:trace:rawinput:NtUserGetRawInputData handle 0xae, command 0x10000003, data 0x800df0a0, data_size 0x800df108, header_size 24.
261060 wine_trace 00e8:trace:rawinput:NtUserGetRawInputData handle 0xae, command 0x10000003, data 0x800dec90, data_size 0x800debe0, header_size 24.
261158 pointer_focus point={id=16777331,parent=29360129,name=,class=,mapped=true,viewable=true,enabled=true,renderable=true,surface=false,application=false,keyPress=false,keyRelease=false,focusChange=false},focus_before={id=29360129,parent=25165831,name=DAVE THE DIVER,class=davethediver.exe,mapped=true,viewable=true,enabled=true,renderable=true,surface=false,application=true,keyPress=true,keyRelease=true,focusChange=true}
261158 pointer_focus_result focus_after={id=29360129,parent=25165831,name=DAVE THE DIVER,class=davethediver.exe,mapped=true,viewable=true,enabled=true,renderable=true,surface=false,application=true,keyPress=true,keyRelease=true,focusChange=true}
261180 wine_trace 00e8:trace:rawinput:NtUserGetRawInputData handle 0xb0, command 0x10000003, data 0x800df0a0, data_size 0x800df108, header_size 24.
261181 wine_trace 00e8:trace:rawinput:NtUserGetRawInputData handle 0xb0, command 0x10000003, data 0x800dec90, data_size 0x800debe0, header_size 24.
261181 wine_trace 00e8:trace:rawinput:NtUserGetRawInputData handle 0xb1, command 0x10000003, data 0x800df0a0, data_size 0x800df108, header_size 24.
261181 wine_trace 00e8:trace:rawinput:NtUserGetRawInputData handle 0xb1, command 0x10000003, data 0x800dec90, data_size 0x800debe0, header_size 24.
261214 wine_trace 00e8:trace:rawinput:NtUserGetRawInputData handle 0xb3, command 0x10000003, data 0x800df0a0, data_size 0x800df108, header_size 24.
261215 wine_trace 00e8:trace:rawinput:NtUserGetRawInputData handle 0xb3, command 0x10000003, data 0x800dec90, data_size 0x800debe0, header_size 24.
261215 wine_trace 00e8:trace:rawinput:NtUserGetRawInputData handle 0xb5, command 0x10000003, data 0x800df0a0, data_size 0x800df108, header_size 24.
261215 wine_trace 00e8:trace:rawinput:NtUserGetRawInputData handle 0xb5, command 0x10000003, data 0x800dec90, data_size 0x800debe0, header_size 24.
261307 pointer_focus point={id=16777331,parent=29360129,name=,class=,mapped=true,viewable=true,enabled=true,renderable=true,surface=false,application=false,keyPress=false,keyRelease=false,focusChange=false},focus_before={id=29360129,parent=25165831,name=DAVE THE DIVER,class=davethediver.exe,mapped=true,viewable=true,enabled=true,renderable=true,surface=false,application=true,keyPress=true,keyRelease=true,focusChange=true}
261307 pointer_focus_result focus_after={id=29360129,parent=25165831,name=DAVE THE DIVER,class=davethediver.exe,mapped=true,viewable=true,enabled=true,renderable=true,surface=false,application=true,keyPress=true,keyRelease=true,focusChange=true}
261324 wine_trace 00e8:trace:rawinput:NtUserGetRawInputData handle 0xb7, command 0x10000003, data 0x800df0a0, data_size 0x800df108, header_size 24.
261324 wine_trace 00e8:trace:rawinput:NtUserGetRawInputData handle 0xb7, command 0x10000003, data 0x800dec90, data_size 0x800debe0, header_size 24.
261325 wine_trace 00e8:trace:rawinput:NtUserGetRawInputData handle 0xb8, command 0x10000003, data 0x800df0a0, data_size 0x800df108, header_size 24.
261325 wine_trace 00e8:trace:rawinput:NtUserGetRawInputData handle 0xb8, command 0x10000003, data 0x800dec90, data_size 0x800debe0, header_size 24.
261374 wine_trace 00e8:trace:rawinput:NtUserGetRawInputData handle 0xba, command 0x10000003, data 0x800df0a0, data_size 0x800df108, header_size 24.
261374 wine_trace 00e8:trace:rawinput:NtUserGetRawInputData handle 0xba, command 0x10000003, data 0x800dec90, data_size 0x800debe0, header_size 24.
261375 wine_trace 00e8:trace:rawinput:NtUserGetRawInputData handle 0xbc, command 0x10000003, data 0x800df0a0, data_size 0x800df108, header_size 24.
261375 wine_trace 00e8:trace:rawinput:NtUserGetRawInputData handle 0xbc, command 0x10000003, data 0x800dec90, data_size 0x800debe0, header_size 24.
261457 wine_trace 00e8:trace:rawinput:NtUserGetRawInputData handle 0xbe, command 0x10000003, data 0x800df0a0, data_size 0x800df108, header_size 24.
261457 wine_trace 00e8:trace:rawinput:NtUserGetRawInputData handle 0xbe, command 0x10000003, data 0x800dec90, data_size 0x800debe0, header_size 24.
261458 pointer_focus point={id=16777331,parent=29360129,name=,class=,mapped=true,viewable=true,enabled=true,renderable=true,surface=false,application=false,keyPress=false,keyRelease=false,focusChange=false},focus_before={id=29360129,parent=25165831,name=DAVE THE DIVER,class=davethediver.exe,mapped=true,viewable=true,enabled=true,renderable=true,surface=false,application=true,keyPress=true,keyRelease=true,focusChange=true}
261458 pointer_focus_result focus_after={id=29360129,parent=25165831,name=DAVE THE DIVER,class=davethediver.exe,mapped=true,viewable=true,enabled=true,renderable=true,surface=false,application=true,keyPress=true,keyRelease=true,focusChange=true}
261458 wine_trace 00e8:trace:rawinput:NtUserGetRawInputData handle 0xbf, command 0x10000003, data 0x800df0a0, data_size 0x800df108, header_size 24.
261458 wine_trace 00e8:trace:rawinput:NtUserGetRawInputData handle 0xbf, command 0x10000003, data 0x800dec90, data_size 0x800debe0, header_size 24.
261503 wine_trace 00e8:trace:rawinput:NtUserGetRawInputData handle 0xc0, command 0x10000003, data 0x800df0a0, data_size 0x800df108, header_size 24.
261503 wine_trace 00e8:trace:rawinput:NtUserGetRawInputData handle 0xc0, command 0x10000003, data 0x800dec90, data_size 0x800debe0, header_size 24.
261503 wine_trace 00e8:trace:rawinput:NtUserGetRawInputData handle 0xc1, command 0x10000003, data 0x800df0a0, data_size 0x800df108, header_size 24.
261504 wine_trace 00e8:trace:rawinput:NtUserGetRawInputData handle 0xc1, command 0x10000003, data 0x800dec90, data_size 0x800debe0, header_size 24.
261504 wine_trace 00e8:trace:rawinput:NtUserGetRawInputData handle 0xc3, command 0x10000003, data 0x800df0a0, data_size 0x800df108, header_size 24.
261504 wine_trace 00e8:trace:rawinput:NtUserGetRawInputData handle 0xc3, command 0x10000003, data 0x800dec90, data_size 0x800debe0, header_size 24.
261504 wine_trace 00e8:trace:rawinput:NtUserGetRawInputData handle 0xc5, command 0x10000003, data 0x800df0a0, data_size 0x800df108, header_size 24.
261505 wine_trace 00e8:trace:rawinput:NtUserGetRawInputData handle 0xc5, command 0x10000003, data 0x800dec90, data_size 0x800debe0, header_size 24.
261589 pointer_focus point={id=16777331,parent=29360129,name=,class=,mapped=true,viewable=true,enabled=true,renderable=true,surface=false,application=false,keyPress=false,keyRelease=false,focusChange=false},focus_before={id=29360129,parent=25165831,name=DAVE THE DIVER,class=davethediver.exe,mapped=true,viewable=true,enabled=true,renderable=true,surface=false,application=true,keyPress=true,keyRelease=true,focusChange=true}
261590 pointer_focus_result focus_after={id=29360129,parent=25165831,name=DAVE THE DIVER,class=davethediver.exe,mapped=true,viewable=true,enabled=true,renderable=true,surface=false,application=true,keyPress=true,keyRelease=true,focusChange=true}
261593 wine_trace 00e8:trace:rawinput:NtUserGetRawInputData handle 0xc7, command 0x10000003, data 0x800df0a0, data_size 0x800df108, header_size 24.
261594 wine_trace 00e8:trace:rawinput:NtUserGetRawInputData handle 0xc7, command 0x10000003, data 0x800dec90, data_size 0x800debe0, header_size 24.
261594 wine_trace 00e8:trace:rawinput:NtUserGetRawInputData handle 0xc8, command 0x10000003, data 0x800df0a0, data_size 0x800df108, header_size 24.
261594 wine_trace 00e8:trace:rawinput:NtUserGetRawInputData handle 0xc8, command 0x10000003, data 0x800dec90, data_size 0x800debe0, header_size 24.
261594 wine_trace 00e8:trace:rawinput:NtUserGetRawInputData handle 0xc9, command 0x10000003, data 0x800df0a0, data_size 0x800df108, header_size 24.
261594 wine_trace 00e8:trace:rawinput:NtUserGetRawInputData handle 0xc9, command 0x10000003, data 0x800dec90, data_size 0x800debe0, header_size 24.
261639 wine_trace 00e8:trace:rawinput:NtUserGetRawInputData handle 0xcb, command 0x10000003, data 0x800df0a0, data_size 0x800df108, header_size 24.
261639 wine_trace 00e8:trace:rawinput:NtUserGetRawInputData handle 0xcb, command 0x10000003, data 0x800dec90, data_size 0x800debe0, header_size 24.
261640 wine_trace 00e8:trace:rawinput:NtUserGetRawInputData handle 0xcd, command 0x10000003, data 0x800df0a0, data_size 0x800df108, header_size 24.
261640 wine_trace 00e8:trace:rawinput:NtUserGetRawInputData handle 0xcd, command 0x10000003, data 0x800dec90, data_size 0x800debe0, header_size 24.
261731 wine_trace 00e8:trace:rawinput:NtUserGetRawInputData handle 0xcf, command 0x10000003, data 0x800df0a0, data_size 0x800df108, header_size 24.
261732 wine_trace 00e8:trace:rawinput:NtUserGetRawInputData handle 0xcf, command 0x10000003, data 0x800dec90, data_size 0x800debe0, header_size 24.
261756 pointer_focus point={id=16777331,parent=29360129,name=,class=,mapped=true,viewable=true,enabled=true,renderable=true,surface=false,application=false,keyPress=false,keyRelease=false,focusChange=false},focus_before={id=29360129,parent=25165831,name=DAVE THE DIVER,class=davethediver.exe,mapped=true,viewable=true,enabled=true,renderable=true,surface=false,application=true,keyPress=true,keyRelease=true,focusChange=true}
261756 pointer_focus_result focus_after={id=29360129,parent=25165831,name=DAVE THE DIVER,class=davethediver.exe,mapped=true,viewable=true,enabled=true,renderable=true,surface=false,application=true,keyPress=true,keyRelease=true,focusChange=true}
261773 wine_trace 00e8:trace:rawinput:NtUserGetRawInputData handle 0xd0, command 0x10000003, data 0x800df0a0, data_size 0x800df108, header_size 24.
261773 wine_trace 00e8:trace:rawinput:NtUserGetRawInputData handle 0xd0, command 0x10000003, data 0x800dec90, data_size 0x800debe0, header_size 24.
261773 wine_trace 00e8:trace:rawinput:NtUserGetRawInputData handle 0xd1, command 0x10000003, data 0x800df0a0, data_size 0x800df108, header_size 24.
261774 wine_trace 00e8:trace:rawinput:NtUserGetRawInputData handle 0xd1, command 0x10000003, data 0x800dec90, data_size 0x800debe0, header_size 24.
261774 wine_trace 00e8:trace:rawinput:NtUserGetRawInputData handle 0xd2, command 0x10000003, data 0x800df0a0, data_size 0x800df108, header_size 24.
261774 wine_trace 00e8:trace:rawinput:NtUserGetRawInputData handle 0xd2, command 0x10000003, data 0x800dec90, data_size 0x800debe0, header_size 24.
261835 wine_trace 00e8:trace:rawinput:NtUserGetRawInputData handle 0xd4, command 0x10000003, data 0x800df0a0, data_size 0x800df108, header_size 24.
261836 wine_trace 00e8:trace:rawinput:NtUserGetRawInputData handle 0xd4, command 0x10000003, data 0x800dec90, data_size 0x800debe0, header_size 24.
261837 wine_trace 00e8:trace:rawinput:NtUserGetRawInputData handle 0xd6, command 0x10000003, data 0x800df0a0, data_size 0x800df108, header_size 24.
261838 wine_trace 00e8:trace:rawinput:NtUserGetRawInputData handle 0xd6, command 0x10000003, data 0x800dec90, data_size 0x800debe0, header_size 24.
261883 wine_trace 00e8:trace:rawinput:NtUserGetRawInputData handle 0xd8, command 0x10000003, data 0x800df0a0, data_size 0x800df108, header_size 24.
261884 wine_trace 00e8:trace:rawinput:NtUserGetRawInputData handle 0xd8, command 0x10000003, data 0x800dec90, data_size 0x800debe0, header_size 24.
261914 pointer_focus point={id=16777331,parent=29360129,name=,class=,mapped=true,viewable=true,enabled=true,renderable=true,surface=false,application=false,keyPress=false,keyRelease=false,focusChange=false},focus_before={id=29360129,parent=25165831,name=DAVE THE DIVER,class=davethediver.exe,mapped=true,viewable=true,enabled=true,renderable=true,surface=false,application=true,keyPress=true,keyRelease=true,focusChange=true}
261914 pointer_focus_result focus_after={id=29360129,parent=25165831,name=DAVE THE DIVER,class=davethediver.exe,mapped=true,viewable=true,enabled=true,renderable=true,surface=false,application=true,keyPress=true,keyRelease=true,focusChange=true}
261929 wine_trace 00e8:trace:rawinput:NtUserGetRawInputData handle 0xd9, command 0x10000003, data 0x800df0a0, data_size 0x800df108, header_size 24.
261930 wine_trace 00e8:trace:rawinput:NtUserGetRawInputData handle 0xd9, command 0x10000003, data 0x800dec90, data_size 0x800debe0, header_size 24.
261930 wine_trace 00e8:trace:rawinput:NtUserGetRawInputData handle 0xda, command 0x10000003, data 0x800df0a0, data_size 0x800df108, header_size 24.
261931 wine_trace 00e8:trace:rawinput:NtUserGetRawInputData handle 0xda, command 0x10000003, data 0x800dec90, data_size 0x800debe0, header_size 24.
261931 wine_trace 00e8:trace:rawinput:NtUserGetRawInputData handle 0xdb, command 0x10000003, data 0x800df0a0, data_size 0x800df108, header_size 24.
261932 wine_trace 00e8:trace:rawinput:NtUserGetRawInputData handle 0xdb, command 0x10000003, data 0x800dec90, data_size 0x800debe0, header_size 24.
261980 wine_trace 00e8:trace:rawinput:NtUserGetRawInputData handle 0xdd, command 0x10000003, data 0x800df0a0, data_size 0x800df108, header_size 24.
261980 wine_trace 00e8:trace:rawinput:NtUserGetRawInputData handle 0xdd, command 0x10000003, data 0x800dec90, data_size 0x800debe0, header_size 24.
261980 wine_trace 00e8:trace:rawinput:NtUserGetRawInputData handle 0xdf, command 0x10000003, data 0x800df0a0, data_size 0x800df108, header_size 24.
261980 wine_trace 00e8:trace:rawinput:NtUserGetRawInputData handle 0xdf, command 0x10000003, data 0x800dec90, data_size 0x800debe0, header_size 24.
262023 wine_trace 00e8:trace:rawinput:NtUserGetRawInputData handle 0xe1, command 0x10000003, data 0x800df0a0, data_size 0x800df108, header_size 24.
262023 wine_trace 00e8:trace:rawinput:NtUserGetRawInputData handle 0xe1, command 0x10000003, data 0x800dec90, data_size 0x800debe0, header_size 24.
262057 wine_trace 00e8:trace:rawinput:NtUserGetRawInputData handle 0xe2, command 0x10000003, data 0x800df0a0, data_size 0x800df108, header_size 24.
262058 wine_trace 00e8:trace:rawinput:NtUserGetRawInputData handle 0xe2, command 0x10000003, data 0x800dec90, data_size 0x800debe0, header_size 24.
262096 wine_trace 00e8:trace:rawinput:NtUserGetRawInputData handle 0xe3, command 0x10000003, data 0x800df0a0, data_size 0x800df108, header_size 24.
262097 wine_trace 00e8:trace:rawinput:NtUserGetRawInputData handle 0xe3, command 0x10000003, data 0x800dec90, data_size 0x800debe0, header_size 24.
262140 wine_trace 00e8:trace:rawinput:NtUserGetRawInputData handle 0xe4, command 0x10000003, data 0x800df0a0, data_size 0x800df108, header_size 24.
262140 wine_trace 00e8:trace:rawinput:NtUserGetRawInputData handle 0xe4, command 0x10000003, data 0x800dec90, data_size 0x800debe0, header_size 24.
262157 pointer_focus point={id=16777331,parent=29360129,name=,class=,mapped=true,viewable=true,enabled=true,renderable=true,surface=false,application=false,keyPress=false,keyRelease=false,focusChange=false},focus_before={id=29360129,parent=25165831,name=DAVE THE DIVER,class=davethediver.exe,mapped=true,viewable=true,enabled=true,renderable=true,surface=false,application=true,keyPress=true,keyRelease=true,focusChange=true}
262158 pointer_focus_result focus_after={id=29360129,parent=25165831,name=DAVE THE DIVER,class=davethediver.exe,mapped=true,viewable=true,enabled=true,renderable=true,surface=false,application=true,keyPress=true,keyRelease=true,focusChange=true}
262181 wine_trace 00e8:trace:rawinput:NtUserGetRawInputData handle 0xe5, command 0x10000003, data 0x800df0a0, data_size 0x800df108, header_size 24.
262181 wine_trace 00e8:trace:rawinput:NtUserGetRawInputData handle 0xe5, command 0x10000003, data 0x800dec90, data_size 0x800debe0, header_size 24.
262182 wine_trace 00e8:trace:rawinput:NtUserGetRawInputData handle 0xe6, command 0x10000003, data 0x800df0a0, data_size 0x800df108, header_size 24.
262182 wine_trace 00e8:trace:rawinput:NtUserGetRawInputData handle 0xe6, command 0x10000003, data 0x800dec90, data_size 0x800debe0, header_size 24.
262182 wine_trace 00e8:trace:rawinput:NtUserGetRawInputData handle 0xe7, command 0x10000003, data 0x800df0a0, data_size 0x800df108, header_size 24.
262183 wine_trace 00e8:trace:rawinput:NtUserGetRawInputData handle 0xe7, command 0x10000003, data 0x800dec90, data_size 0x800debe0, header_size 24.
262236 wine_trace 00e8:trace:rawinput:NtUserGetRawInputData handle 0xe9, command 0x10000003, data 0x800df0a0, data_size 0x800df108, header_size 24.
262237 wine_trace 00e8:trace:rawinput:NtUserGetRawInputData handle 0xe9, command 0x10000003, data 0x800dec90, data_size 0x800debe0, header_size 24.
262237 wine_trace 00e8:trace:rawinput:NtUserGetRawInputData handle 0xeb, command 0x10000003, data 0x800df0a0, data_size 0x800df108, header_size 24.
262237 wine_trace 00e8:trace:rawinput:NtUserGetRawInputData handle 0xeb, command 0x10000003, data 0x800dec90, data_size 0x800debe0, header_size 24.
262346 pointer_focus point={id=16777331,parent=29360129,name=,class=,mapped=true,viewable=true,enabled=true,renderable=true,surface=false,application=false,keyPress=false,keyRelease=false,focusChange=false},focus_before={id=29360129,parent=25165831,name=DAVE THE DIVER,class=davethediver.exe,mapped=true,viewable=true,enabled=true,renderable=true,surface=false,application=true,keyPress=true,keyRelease=true,focusChange=true}
262347 pointer_focus_result focus_after={id=29360129,parent=25165831,name=DAVE THE DIVER,class=davethediver.exe,mapped=true,viewable=true,enabled=true,renderable=true,surface=false,application=true,keyPress=true,keyRelease=true,focusChange=true}
262355 wine_trace 00e8:trace:rawinput:NtUserGetRawInputData handle 0xed, command 0x10000003, data 0x800df0a0, data_size 0x800df108, header_size 24.
262355 wine_trace 00e8:trace:rawinput:NtUserGetRawInputData handle 0xed, command 0x10000003, data 0x800dec90, data_size 0x800debe0, header_size 24.
262355 wine_trace 00e8:trace:rawinput:NtUserGetRawInputData handle 0xee, command 0x10000003, data 0x800df0a0, data_size 0x800df108, header_size 24.
262355 wine_trace 00e8:trace:rawinput:NtUserGetRawInputData handle 0xee, command 0x10000003, data 0x800dec90, data_size 0x800debe0, header_size 24.
262356 wine_trace 00e8:trace:rawinput:NtUserGetRawInputData handle 0xef, command 0x10000003, data 0x800df0a0, data_size 0x800df108, header_size 24.
262356 wine_trace 00e8:trace:rawinput:NtUserGetRawInputData handle 0xef, command 0x10000003, data 0x800dec90, data_size 0x800debe0, header_size 24.
262402 wine_trace 00e8:trace:rawinput:NtUserGetRawInputData handle 0xf1, command 0x10000003, data 0x800df0a0, data_size 0x800df108, header_size 24.
262402 wine_trace 00e8:trace:rawinput:NtUserGetRawInputData handle 0xf1, command 0x10000003, data 0x800dec90, data_size 0x800debe0, header_size 24.
262402 wine_trace 00e8:trace:rawinput:NtUserGetRawInputData handle 0xf3, command 0x10000003, data 0x800df0a0, data_size 0x800df108, header_size 24.
262402 wine_trace 00e8:trace:rawinput:NtUserGetRawInputData handle 0xf3, command 0x10000003, data 0x800dec90, data_size 0x800debe0, header_size 24.
262532 pointer_focus point={id=16777331,parent=29360129,name=,class=,mapped=true,viewable=true,enabled=true,renderable=true,surface=false,application=false,keyPress=false,keyRelease=false,focusChange=false},focus_before={id=29360129,parent=25165831,name=DAVE THE DIVER,class=davethediver.exe,mapped=true,viewable=true,enabled=true,renderable=true,surface=false,application=true,keyPress=true,keyRelease=true,focusChange=true}
262533 pointer_focus_result focus_after={id=29360129,parent=25165831,name=DAVE THE DIVER,class=davethediver.exe,mapped=true,viewable=true,enabled=true,renderable=true,surface=false,application=true,keyPress=true,keyRelease=true,focusChange=true}
262550 wine_trace 00e8:trace:rawinput:NtUserGetRawInputData handle 0xf5, command 0x10000003, data 0x800df0a0, data_size 0x800df108, header_size 24.
262550 wine_trace 00e8:trace:rawinput:NtUserGetRawInputData handle 0xf5, command 0x10000003, data 0x800dec90, data_size 0x800debe0, header_size 24.
262551 wine_trace 00e8:trace:rawinput:NtUserGetRawInputData handle 0xf6, command 0x10000003, data 0x800df0a0, data_size 0x800df108, header_size 24.
262551 wine_trace 00e8:trace:rawinput:NtUserGetRawInputData handle 0xf6, command 0x10000003, data 0x800dec90, data_size 0x800debe0, header_size 24.
262551 wine_trace 00e8:trace:rawinput:NtUserGetRawInputData handle 0xf7, command 0x10000003, data 0x800df0a0, data_size 0x800df108, header_size 24.
262551 wine_trace 00e8:trace:rawinput:NtUserGetRawInputData handle 0xf7, command 0x10000003, data 0x800dec90, data_size 0x800debe0, header_size 24.
262602 wine_trace 00e8:trace:rawinput:NtUserGetRawInputData handle 0xf9, command 0x10000003, data 0x800df0a0, data_size 0x800df108, header_size 24.
262602 wine_trace 00e8:trace:rawinput:NtUserGetRawInputData handle 0xf9, command 0x10000003, data 0x800dec90, data_size 0x800debe0, header_size 24.
262603 wine_trace 00e8:trace:rawinput:NtUserGetRawInputData handle 0xfb, command 0x10000003, data 0x800df0a0, data_size 0x800df108, header_size 24.
262603 wine_trace 00e8:trace:rawinput:NtUserGetRawInputData handle 0xfb, command 0x10000003, data 0x800dec90, data_size 0x800debe0, header_size 24.
262646 wine_trace 00e8:trace:rawinput:NtUserGetRawInputData handle 0xfd, command 0x10000003, data 0x800df0a0, data_size 0x800df108, header_size 24.
262646 wine_trace 00e8:trace:rawinput:NtUserGetRawInputData handle 0xfd, command 0x10000003, data 0x800dec90, data_size 0x800debe0, header_size 24.
262647 wine_trace 00e8:trace:rawinput:NtUserGetRawInputData handle 0xfe, command 0x10000003, data 0x800df0a0, data_size 0x800df108, header_size 24.
262648 wine_trace 00e8:trace:rawinput:NtUserGetRawInputData handle 0xfe, command 0x10000003, data 0x800dec90, data_size 0x800debe0, header_size 24.
262670 pointer_focus point={id=16777331,parent=29360129,name=,class=,mapped=true,viewable=true,enabled=true,renderable=true,surface=false,application=false,keyPress=false,keyRelease=false,focusChange=false},focus_before={id=29360129,parent=25165831,name=DAVE THE DIVER,class=davethediver.exe,mapped=true,viewable=true,enabled=true,renderable=true,surface=false,application=true,keyPress=true,keyRelease=true,focusChange=true}
262670 pointer_focus_result focus_after={id=29360129,parent=25165831,name=DAVE THE DIVER,class=davethediver.exe,mapped=true,viewable=true,enabled=true,renderable=true,surface=false,application=true,keyPress=true,keyRelease=true,focusChange=true}
262694 wine_trace 00e8:trace:rawinput:NtUserGetRawInputData handle 0xff, command 0x10000003, data 0x800df0a0, data_size 0x800df108, header_size 24.
262695 wine_trace 00e8:trace:rawinput:NtUserGetRawInputData handle 0xff, command 0x10000003, data 0x800dec90, data_size 0x800debe0, header_size 24.
262695 wine_trace 00e8:trace:rawinput:NtUserGetRawInputData handle 0x100, command 0x10000003, data 0x800df0a0, data_size 0x800df108, header_size 24.
262695 wine_trace 00e8:trace:rawinput:NtUserGetRawInputData handle 0x100, command 0x10000003, data 0x800dec90, data_size 0x800debe0, header_size 24.
262696 wine_trace 00e8:trace:rawinput:NtUserGetRawInputData handle 0x101, command 0x10000003, data 0x800df0a0, data_size 0x800df108, header_size 24.
262696 wine_trace 00e8:trace:rawinput:NtUserGetRawInputData handle 0x101, command 0x10000003, data 0x800dec90, data_size 0x800debe0, header_size 24.
262736 wine_trace 00e8:trace:rawinput:NtUserGetRawInputData handle 0x103, command 0x10000003, data 0x800df0a0, data_size 0x800df108, header_size 24.
262736 wine_trace 00e8:trace:rawinput:NtUserGetRawInputData handle 0x103, command 0x10000003, data 0x800dec90, data_size 0x800debe0, header_size 24.
262737 wine_trace 00e8:trace:rawinput:NtUserGetRawInputData handle 0x105, command 0x10000003, data 0x800df0a0, data_size 0x800df108, header_size 24.
262737 wine_trace 00e8:trace:rawinput:NtUserGetRawInputData handle 0x105, command 0x10000003, data 0x800dec90, data_size 0x800debe0, header_size 24.
262820 wine_trace 00e8:trace:rawinput:NtUserGetRawInputData handle 0x107, command 0x10000003, data 0x800df0a0, data_size 0x800df108, header_size 24.
262821 wine_trace 00e8:trace:rawinput:NtUserGetRawInputData handle 0x107, command 0x10000003, data 0x800dec90, data_size 0x800debe0, header_size 24.
262844 pointer_focus point={id=16777331,parent=29360129,name=,class=,mapped=true,viewable=true,enabled=true,renderable=true,surface=false,application=false,keyPress=false,keyRelease=false,focusChange=false},focus_before={id=29360129,parent=25165831,name=DAVE THE DIVER,class=davethediver.exe,mapped=true,viewable=true,enabled=true,renderable=true,surface=false,application=true,keyPress=true,keyRelease=true,focusChange=true}
262844 pointer_focus_result focus_after={id=29360129,parent=25165831,name=DAVE THE DIVER,class=davethediver.exe,mapped=true,viewable=true,enabled=true,renderable=true,surface=false,application=true,keyPress=true,keyRelease=true,focusChange=true}
262862 wine_trace 00e8:trace:rawinput:NtUserGetRawInputData handle 0x108, command 0x10000003, data 0x800df0a0, data_size 0x800df108, header_size 24.
262862 wine_trace 00e8:trace:rawinput:NtUserGetRawInputData handle 0x108, command 0x10000003, data 0x800dec90, data_size 0x800debe0, header_size 24.
262863 wine_trace 00e8:trace:rawinput:NtUserGetRawInputData handle 0x109, command 0x10000003, data 0x800df0a0, data_size 0x800df108, header_size 24.
262863 wine_trace 00e8:trace:rawinput:NtUserGetRawInputData handle 0x109, command 0x10000003, data 0x800dec90, data_size 0x800debe0, header_size 24.
262863 wine_trace 00e8:trace:rawinput:NtUserGetRawInputData handle 0x10a, command 0x10000003, data 0x800df0a0, data_size 0x800df108, header_size 24.
262864 wine_trace 00e8:trace:rawinput:NtUserGetRawInputData handle 0x10a, command 0x10000003, data 0x800dec90, data_size 0x800debe0, header_size 24.
262924 wine_trace 00e8:trace:rawinput:NtUserGetRawInputData handle 0x10c, command 0x10000003, data 0x800df0a0, data_size 0x800df108, header_size 24.
262924 wine_trace 00e8:trace:rawinput:NtUserGetRawInputData handle 0x10c, command 0x10000003, data 0x800dec90, data_size 0x800debe0, header_size 24.
262925 wine_trace 00e8:trace:rawinput:NtUserGetRawInputData handle 0x10e, command 0x10000003, data 0x800df0a0, data_size 0x800df108, header_size 24.
262925 wine_trace 00e8:trace:rawinput:NtUserGetRawInputData handle 0x10e, command 0x10000003, data 0x800dec90, data_size 0x800debe0, header_size 24.
263011 wine_trace 00e8:trace:rawinput:NtUserGetRawInputData handle 0x110, command 0x10000003, data 0x800df0a0, data_size 0x800df108, header_size 24.
263012 wine_trace 00e8:trace:rawinput:NtUserGetRawInputData handle 0x110, command 0x10000003, data 0x800dec90, data_size 0x800debe0, header_size 24.
263013 wine_trace 00e8:trace:rawinput:NtUserGetRawInputData handle 0x111, command 0x10000003, data 0x800df0a0, data_size 0x800df108, header_size 24.
263013 wine_trace 00e8:trace:rawinput:NtUserGetRawInputData handle 0x111, command 0x10000003, data 0x800dec90, data_size 0x800debe0, header_size 24.
263035 pointer_focus point={id=16777331,parent=29360129,name=,class=,mapped=true,viewable=true,enabled=true,renderable=true,surface=false,application=false,keyPress=false,keyRelease=false,focusChange=false},focus_before={id=29360129,parent=25165831,name=DAVE THE DIVER,class=davethediver.exe,mapped=true,viewable=true,enabled=true,renderable=true,surface=false,application=true,keyPress=true,keyRelease=true,focusChange=true}
263035 pointer_focus_result focus_after={id=29360129,parent=25165831,name=DAVE THE DIVER,class=davethediver.exe,mapped=true,viewable=true,enabled=true,renderable=true,surface=false,application=true,keyPress=true,keyRelease=true,focusChange=true}
263067 wine_trace 00e8:trace:rawinput:NtUserGetRawInputData handle 0x112, command 0x10000003, data 0x800df0a0, data_size 0x800df108, header_size 24.
263067 wine_trace 00e8:trace:rawinput:NtUserGetRawInputData handle 0x112, command 0x10000003, data 0x800dec90, data_size 0x800debe0, header_size 24.
263067 wine_trace 00e8:trace:rawinput:NtUserGetRawInputData handle 0x113, command 0x10000003, data 0x800df0a0, data_size 0x800df108, header_size 24.
263067 wine_trace 00e8:trace:rawinput:NtUserGetRawInputData handle 0x113, command 0x10000003, data 0x800dec90, data_size 0x800debe0, header_size 24.
263068 wine_trace 00e8:trace:rawinput:NtUserGetRawInputData handle 0x114, command 0x10000003, data 0x800df0a0, data_size 0x800df108, header_size 24.
263068 wine_trace 00e8:trace:rawinput:NtUserGetRawInputData handle 0x114, command 0x10000003, data 0x800dec90, data_size 0x800debe0, header_size 24.
263068 wine_trace 00e8:trace:rawinput:NtUserGetRawInputData handle 0x116, command 0x10000003, data 0x800df0a0, data_size 0x800df108, header_size 24.
263068 wine_trace 00e8:trace:rawinput:NtUserGetRawInputData handle 0x116, command 0x10000003, data 0x800dec90, data_size 0x800debe0, header_size 24.
263069 wine_trace 00e8:trace:rawinput:NtUserGetRawInputData handle 0x118, command 0x10000003, data 0x800df0a0, data_size 0x800df108, header_size 24.
263069 wine_trace 00e8:trace:rawinput:NtUserGetRawInputData handle 0x118, command 0x10000003, data 0x800dec90, data_size 0x800debe0, header_size 24.
263152 wine_trace 00e8:trace:rawinput:NtUserGetRawInputData handle 0x11a, command 0x10000003, data 0x800df0a0, data_size 0x800df108, header_size 24.
263152 wine_trace 00e8:trace:rawinput:NtUserGetRawInputData handle 0x11a, command 0x10000003, data 0x800dec90, data_size 0x800debe0, header_size 24.
263268 wine_trace 00e8:trace:rawinput:NtUserGetRawInputData handle 0x11b, command 0x10000003, data 0x800df0a0, data_size 0x800df108, header_size 24.
263268 wine_trace 00e8:trace:rawinput:NtUserGetRawInputData handle 0x11b, command 0x10000003, data 0x800dec90, data_size 0x800debe0, header_size 24.
263511 pointer_focus point={id=16777331,parent=29360129,name=,class=,mapped=true,viewable=true,enabled=true,renderable=true,surface=false,application=false,keyPress=false,keyRelease=false,focusChange=false},focus_before={id=29360129,parent=25165831,name=DAVE THE DIVER,class=davethediver.exe,mapped=true,viewable=true,enabled=true,renderable=true,surface=false,application=true,keyPress=true,keyRelease=true,focusChange=true}
263511 pointer_focus_result focus_after={id=29360129,parent=25165831,name=DAVE THE DIVER,class=davethediver.exe,mapped=true,viewable=true,enabled=true,renderable=true,surface=false,application=true,keyPress=true,keyRelease=true,focusChange=true}
263516 wine_trace 00e8:trace:rawinput:NtUserGetRawInputData handle 0x11c, command 0x10000003, data 0x800df0a0, data_size 0x800df108, header_size 24.
263516 wine_trace 00e8:trace:rawinput:NtUserGetRawInputData handle 0x11c, command 0x10000003, data 0x800dec90, data_size 0x800debe0, header_size 24.
263517 wine_trace 00e8:trace:rawinput:NtUserGetRawInputData handle 0x11d, command 0x10000003, data 0x800df0a0, data_size 0x800df108, header_size 24.
263517 wine_trace 00e8:trace:rawinput:NtUserGetRawInputData handle 0x11d, command 0x10000003, data 0x800dec90, data_size 0x800debe0, header_size 24.
263571 wine_trace 00e8:trace:rawinput:NtUserGetRawInputData handle 0x11f, command 0x10000003, data 0x800df0a0, data_size 0x800df108, header_size 24.
263571 wine_trace 00e8:trace:rawinput:NtUserGetRawInputData handle 0x11f, command 0x10000003, data 0x800dec90, data_size 0x800debe0, header_size 24.
263572 wine_trace 00e8:trace:rawinput:NtUserGetRawInputData handle 0x121, command 0x10000003, data 0x800df0a0, data_size 0x800df108, header_size 24.
263572 wine_trace 00e8:trace:rawinput:NtUserGetRawInputData handle 0x121, command 0x10000003, data 0x800dec90, data_size 0x800debe0, header_size 24.
263643 wine_trace 00e8:trace:rawinput:NtUserGetRawInputData handle 0x123, command 0x10000003, data 0x800df0a0, data_size 0x800df108, header_size 24.
263644 wine_trace 00e8:trace:rawinput:NtUserGetRawInputData handle 0x123, command 0x10000003, data 0x800dec90, data_size 0x800debe0, header_size 24.
263670 pointer_focus point={id=16777331,parent=29360129,name=,class=,mapped=true,viewable=true,enabled=true,renderable=true,surface=false,application=false,keyPress=false,keyRelease=false,focusChange=false},focus_before={id=29360129,parent=25165831,name=DAVE THE DIVER,class=davethediver.exe,mapped=true,viewable=true,enabled=true,renderable=true,surface=false,application=true,keyPress=true,keyRelease=true,focusChange=true}
263670 pointer_focus_result focus_after={id=29360129,parent=25165831,name=DAVE THE DIVER,class=davethediver.exe,mapped=true,viewable=true,enabled=true,renderable=true,surface=false,application=true,keyPress=true,keyRelease=true,focusChange=true}
263676 wine_trace 00e8:trace:rawinput:NtUserGetRawInputData handle 0x124, command 0x10000003, data 0x800df0a0, data_size 0x800df108, header_size 24.
263677 wine_trace 00e8:trace:rawinput:NtUserGetRawInputData handle 0x124, command 0x10000003, data 0x800dec90, data_size 0x800debe0, header_size 24.
263679 wine_trace 00e8:trace:rawinput:NtUserGetRawInputData handle 0x125, command 0x10000003, data 0x800df0a0, data_size 0x800df108, header_size 24.
263679 wine_trace 00e8:trace:rawinput:NtUserGetRawInputData handle 0x125, command 0x10000003, data 0x800dec90, data_size 0x800debe0, header_size 24.
263726 wine_trace 00e8:trace:rawinput:NtUserGetRawInputData handle 0x127, command 0x10000003, data 0x800df0a0, data_size 0x800df108, header_size 24.
263727 wine_trace 00e8:trace:rawinput:NtUserGetRawInputData handle 0x127, command 0x10000003, data 0x800dec90, data_size 0x800debe0, header_size 24.
263727 wine_trace 00e8:trace:rawinput:NtUserGetRawInputData handle 0x129, command 0x10000003, data 0x800df0a0, data_size 0x800df108, header_size 24.
263727 wine_trace 00e8:trace:rawinput:NtUserGetRawInputData handle 0x129, command 0x10000003, data 0x800dec90, data_size 0x800debe0, header_size 24.
263794 pointer_focus point={id=16777331,parent=29360129,name=,class=,mapped=true,viewable=true,enabled=true,renderable=true,surface=false,application=false,keyPress=false,keyRelease=false,focusChange=false},focus_before={id=29360129,parent=25165831,name=DAVE THE DIVER,class=davethediver.exe,mapped=true,viewable=true,enabled=true,renderable=true,surface=false,application=true,keyPress=true,keyRelease=true,focusChange=true}
263794 pointer_focus_result focus_after={id=29360129,parent=25165831,name=DAVE THE DIVER,class=davethediver.exe,mapped=true,viewable=true,enabled=true,renderable=true,surface=false,application=true,keyPress=true,keyRelease=true,focusChange=true}
263812 wine_trace 00e8:trace:rawinput:NtUserGetRawInputData handle 0x12b, command 0x10000003, data 0x800df0a0, data_size 0x800df108, header_size 24.
263812 wine_trace 00e8:trace:rawinput:NtUserGetRawInputData handle 0x12b, command 0x10000003, data 0x800dec90, data_size 0x800debe0, header_size 24.
263812 wine_trace 00e8:trace:rawinput:NtUserGetRawInputData handle 0x12c, command 0x10000003, data 0x800df0a0, data_size 0x800df108, header_size 24.
263813 wine_trace 00e8:trace:rawinput:NtUserGetRawInputData handle 0x12c, command 0x10000003, data 0x800dec90, data_size 0x800debe0, header_size 24.
263862 wine_trace 00e8:trace:rawinput:NtUserGetRawInputData handle 0x12e, command 0x10000003, data 0x800df0a0, data_size 0x800df108, header_size 24.
263862 wine_trace 00e8:trace:rawinput:NtUserGetRawInputData handle 0x12e, command 0x10000003, data 0x800dec90, data_size 0x800debe0, header_size 24.
263862 wine_trace 00e8:trace:rawinput:NtUserGetRawInputData handle 0x130, command 0x10000003, data 0x800df0a0, data_size 0x800df108, header_size 24.
263863 wine_trace 00e8:trace:rawinput:NtUserGetRawInputData handle 0x130, command 0x10000003, data 0x800dec90, data_size 0x800debe0, header_size 24.
264049 pointer_focus point={id=16777331,parent=29360129,name=,class=,mapped=true,viewable=true,enabled=true,renderable=true,surface=false,application=false,keyPress=false,keyRelease=false,focusChange=false},focus_before={id=29360129,parent=25165831,name=DAVE THE DIVER,class=davethediver.exe,mapped=true,viewable=true,enabled=true,renderable=true,surface=false,application=true,keyPress=true,keyRelease=true,focusChange=true}
264049 pointer_focus_result focus_after={id=29360129,parent=25165831,name=DAVE THE DIVER,class=davethediver.exe,mapped=true,viewable=true,enabled=true,renderable=true,surface=false,application=true,keyPress=true,keyRelease=true,focusChange=true}
264087 wine_trace 00e8:trace:rawinput:NtUserGetRawInputData handle 0x132, command 0x10000003, data 0x800df0a0, data_size 0x800df108, header_size 24.
264087 wine_trace 00e8:trace:rawinput:NtUserGetRawInputData handle 0x132, command 0x10000003, data 0x800dec90, data_size 0x800debe0, header_size 24.
264088 wine_trace 00e8:trace:rawinput:NtUserGetRawInputData handle 0x133, command 0x10000003, data 0x800df0a0, data_size 0x800df108, header_size 24.
264088 wine_trace 00e8:trace:rawinput:NtUserGetRawInputData handle 0x133, command 0x10000003, data 0x800dec90, data_size 0x800debe0, header_size 24.
264089 wine_trace 00e8:trace:rawinput:NtUserGetRawInputData handle 0x134, command 0x10000003, data 0x800df0a0, data_size 0x800df108, header_size 24.
264089 wine_trace 00e8:trace:rawinput:NtUserGetRawInputData handle 0x134, command 0x10000003, data 0x800dec90, data_size 0x800debe0, header_size 24.
264091 wine_trace 00e8:trace:rawinput:NtUserGetRawInputData handle 0x136, command 0x10000003, data 0x800df0a0, data_size 0x800df108, header_size 24.
264091 wine_trace 00e8:trace:rawinput:NtUserGetRawInputData handle 0x136, command 0x10000003, data 0x800dec90, data_size 0x800debe0, header_size 24.
264092 wine_trace 00e8:trace:rawinput:NtUserGetRawInputData handle 0x138, command 0x10000003, data 0x800df0a0, data_size 0x800df108, header_size 24.
264092 wine_trace 00e8:trace:rawinput:NtUserGetRawInputData handle 0x138, command 0x10000003, data 0x800dec90, data_size 0x800debe0, header_size 24.
264249 wine_trace 00e8:trace:rawinput:NtUserGetRawInputData handle 0x13a, command 0x10000003, data 0x800df0a0, data_size 0x800df108, header_size 24.
264249 wine_trace 00e8:trace:rawinput:NtUserGetRawInputData handle 0x13a, command 0x10000003, data 0x800dec90, data_size 0x800debe0, header_size 24.
264286 wine_trace 00e8:trace:rawinput:NtUserGetRawInputData handle 0x13b, command 0x10000003, data 0x800df0a0, data_size 0x800df108, header_size 24.
264286 wine_trace 00e8:trace:rawinput:NtUserGetRawInputData handle 0x13b, command 0x10000003, data 0x800dec90, data_size 0x800debe0, header_size 24.
264327 wine_trace 00e8:trace:rawinput:NtUserGetRawInputData handle 0x13c, command 0x10000003, data 0x800df0a0, data_size 0x800df108, header_size 24.
264327 wine_trace 00e8:trace:rawinput:NtUserGetRawInputData handle 0x13c, command 0x10000003, data 0x800dec90, data_size 0x800debe0, header_size 24.
264362 wine_trace 00e8:trace:rawinput:NtUserGetRawInputData handle 0x13d, command 0x10000003, data 0x800df0a0, data_size 0x800df108, header_size 24.
264363 wine_trace 00e8:trace:rawinput:NtUserGetRawInputData handle 0x13d, command 0x10000003, data 0x800dec90, data_size 0x800debe0, header_size 24.
264367 pointer_focus point={id=16777331,parent=29360129,name=,class=,mapped=true,viewable=true,enabled=true,renderable=true,surface=false,application=false,keyPress=false,keyRelease=false,focusChange=false},focus_before={id=29360129,parent=25165831,name=DAVE THE DIVER,class=davethediver.exe,mapped=true,viewable=true,enabled=true,renderable=true,surface=false,application=true,keyPress=true,keyRelease=true,focusChange=true}
264368 pointer_focus_result focus_after={id=29360129,parent=25165831,name=DAVE THE DIVER,class=davethediver.exe,mapped=true,viewable=true,enabled=true,renderable=true,surface=false,application=true,keyPress=true,keyRelease=true,focusChange=true}
264400 wine_trace 00e8:trace:rawinput:NtUserGetRawInputData handle 0x13e, command 0x10000003, data 0x800df0a0, data_size 0x800df108, header_size 24.
264400 wine_trace 00e8:trace:rawinput:NtUserGetRawInputData handle 0x13e, command 0x10000003, data 0x800dec90, data_size 0x800debe0, header_size 24.
264401 wine_trace 00e8:trace:rawinput:NtUserGetRawInputData handle 0x13f, command 0x10000003, data 0x800df0a0, data_size 0x800df108, header_size 24.
264401 wine_trace 00e8:trace:rawinput:NtUserGetRawInputData handle 0x13f, command 0x10000003, data 0x800dec90, data_size 0x800debe0, header_size 24.
264402 wine_trace 00e8:trace:rawinput:NtUserGetRawInputData handle 0x140, command 0x10000003, data 0x800df0a0, data_size 0x800df108, header_size 24.
264402 wine_trace 00e8:trace:rawinput:NtUserGetRawInputData handle 0x140, command 0x10000003, data 0x800dec90, data_size 0x800debe0, header_size 24.
264403 wine_trace 00e8:trace:rawinput:NtUserGetRawInputData handle 0x142, command 0x10000003, data 0x800df0a0, data_size 0x800df108, header_size 24.
264403 wine_trace 00e8:trace:rawinput:NtUserGetRawInputData handle 0x142, command 0x10000003, data 0x800dec90, data_size 0x800debe0, header_size 24.
264404 wine_trace 00e8:trace:rawinput:NtUserGetRawInputData handle 0x144, command 0x10000003, data 0x800df0a0, data_size 0x800df108, header_size 24.
264404 wine_trace 00e8:trace:rawinput:NtUserGetRawInputData handle 0x144, command 0x10000003, data 0x800dec90, data_size 0x800debe0, header_size 24.
264492 wine_trace 00e8:trace:rawinput:NtUserGetRawInputData handle 0x146, command 0x10000003, data 0x800df0a0, data_size 0x800df108, header_size 24.
264492 wine_trace 00e8:trace:rawinput:NtUserGetRawInputData handle 0x146, command 0x10000003, data 0x800dec90, data_size 0x800debe0, header_size 24.
264520 pointer_focus point={id=16777331,parent=29360129,name=,class=,mapped=true,viewable=true,enabled=true,renderable=true,surface=false,application=false,keyPress=false,keyRelease=false,focusChange=false},focus_before={id=29360129,parent=25165831,name=DAVE THE DIVER,class=davethediver.exe,mapped=true,viewable=true,enabled=true,renderable=true,surface=false,application=true,keyPress=true,keyRelease=true,focusChange=true}
264521 pointer_focus_result focus_after={id=29360129,parent=25165831,name=DAVE THE DIVER,class=davethediver.exe,mapped=true,viewable=true,enabled=true,renderable=true,surface=false,application=true,keyPress=true,keyRelease=true,focusChange=true}
264532 wine_trace 00e8:trace:rawinput:NtUserGetRawInputData handle 0x147, command 0x10000003, data 0x800df0a0, data_size 0x800df108, header_size 24.
264532 wine_trace 00e8:trace:rawinput:NtUserGetRawInputData handle 0x147, command 0x10000003, data 0x800dec90, data_size 0x800debe0, header_size 24.
264533 wine_trace 00e8:trace:rawinput:NtUserGetRawInputData handle 0x148, command 0x10000003, data 0x800df0a0, data_size 0x800df108, header_size 24.
264533 wine_trace 00e8:trace:rawinput:NtUserGetRawInputData handle 0x148, command 0x10000003, data 0x800dec90, data_size 0x800debe0, header_size 24.
264533 wine_trace 00e8:trace:rawinput:NtUserGetRawInputData handle 0x149, command 0x10000003, data 0x800df0a0, data_size 0x800df108, header_size 24.
264533 wine_trace 00e8:trace:rawinput:NtUserGetRawInputData handle 0x149, command 0x10000003, data 0x800dec90, data_size 0x800debe0, header_size 24.
264591 wine_trace 00e8:trace:rawinput:NtUserGetRawInputData handle 0x14b, command 0x10000003, data 0x800df0a0, data_size 0x800df108, header_size 24.
264591 wine_trace 00e8:trace:rawinput:NtUserGetRawInputData handle 0x14b, command 0x10000003, data 0x800dec90, data_size 0x800debe0, header_size 24.
264592 wine_trace 00e8:trace:rawinput:NtUserGetRawInputData handle 0x14d, command 0x10000003, data 0x800df0a0, data_size 0x800df108, header_size 24.
264592 wine_trace 00e8:trace:rawinput:NtUserGetRawInputData handle 0x14d, command 0x10000003, data 0x800dec90, data_size 0x800debe0, header_size 24.
264672 wine_trace 00e8:trace:rawinput:NtUserGetRawInputData handle 0x14f, command 0x10000003, data 0x800df0a0, data_size 0x800df108, header_size 24.
264672 wine_trace 00e8:trace:rawinput:NtUserGetRawInputData handle 0x14f, command 0x10000003, data 0x800dec90, data_size 0x800debe0, header_size 24.
264703 pointer_focus point={id=16777331,parent=29360129,name=,class=,mapped=true,viewable=true,enabled=true,renderable=true,surface=false,application=false,keyPress=false,keyRelease=false,focusChange=false},focus_before={id=29360129,parent=25165831,name=DAVE THE DIVER,class=davethediver.exe,mapped=true,viewable=true,enabled=true,renderable=true,surface=false,application=true,keyPress=true,keyRelease=true,focusChange=true}
264703 pointer_focus_result focus_after={id=29360129,parent=25165831,name=DAVE THE DIVER,class=davethediver.exe,mapped=true,viewable=true,enabled=true,renderable=true,surface=false,application=true,keyPress=true,keyRelease=true,focusChange=true}
264717 wine_trace 00e8:trace:rawinput:NtUserGetRawInputData handle 0x150, command 0x10000003, data 0x800df0a0, data_size 0x800df108, header_size 24.
264718 wine_trace 00e8:trace:rawinput:NtUserGetRawInputData handle 0x150, command 0x10000003, data 0x800dec90, data_size 0x800debe0, header_size 24.
264718 wine_trace 00e8:trace:rawinput:NtUserGetRawInputData handle 0x151, command 0x10000003, data 0x800df0a0, data_size 0x800df108, header_size 24.
264718 wine_trace 00e8:trace:rawinput:NtUserGetRawInputData handle 0x151, command 0x10000003, data 0x800dec90, data_size 0x800debe0, header_size 24.
264718 wine_trace 00e8:trace:rawinput:NtUserGetRawInputData handle 0x152, command 0x10000003, data 0x800df0a0, data_size 0x800df108, header_size 24.
264719 wine_trace 00e8:trace:rawinput:NtUserGetRawInputData handle 0x152, command 0x10000003, data 0x800dec90, data_size 0x800debe0, header_size 24.
264768 wine_trace 00e8:trace:rawinput:NtUserGetRawInputData handle 0x154, command 0x10000003, data 0x800df0a0, data_size 0x800df108, header_size 24.
264768 wine_trace 00e8:trace:rawinput:NtUserGetRawInputData handle 0x154, command 0x10000003, data 0x800dec90, data_size 0x800debe0, header_size 24.
264769 wine_trace 00e8:trace:rawinput:NtUserGetRawInputData handle 0x156, command 0x10000003, data 0x800df0a0, data_size 0x800df108, header_size 24.
264769 wine_trace 00e8:trace:rawinput:NtUserGetRawInputData handle 0x156, command 0x10000003, data 0x800dec90, data_size 0x800debe0, header_size 24.
264868 wine_trace 00e8:trace:rawinput:NtUserGetRawInputData handle 0x158, command 0x10000003, data 0x800df0a0, data_size 0x800df108, header_size 24.
264869 wine_trace 00e8:trace:rawinput:NtUserGetRawInputData handle 0x158, command 0x10000003, data 0x800dec90, data_size 0x800debe0, header_size 24.
264896 pointer_focus point={id=16777331,parent=29360129,name=,class=,mapped=true,viewable=true,enabled=true,renderable=true,surface=false,application=false,keyPress=false,keyRelease=false,focusChange=false},focus_before={id=29360129,parent=25165831,name=DAVE THE DIVER,class=davethediver.exe,mapped=true,viewable=true,enabled=true,renderable=true,surface=false,application=true,keyPress=true,keyRelease=true,focusChange=true}
264896 pointer_focus_result focus_after={id=29360129,parent=25165831,name=DAVE THE DIVER,class=davethediver.exe,mapped=true,viewable=true,enabled=true,renderable=true,surface=false,application=true,keyPress=true,keyRelease=true,focusChange=true}
264911 wine_trace 00e8:trace:rawinput:NtUserGetRawInputData handle 0x159, command 0x10000003, data 0x800df0a0, data_size 0x800df108, header_size 24.
264912 wine_trace 00e8:trace:rawinput:NtUserGetRawInputData handle 0x159, command 0x10000003, data 0x800dec90, data_size 0x800debe0, header_size 24.
264914 wine_trace 00e8:trace:rawinput:NtUserGetRawInputData handle 0x15a, command 0x10000003, data 0x800df0a0, data_size 0x800df108, header_size 24.
264914 wine_trace 00e8:trace:rawinput:NtUserGetRawInputData handle 0x15a, command 0x10000003, data 0x800dec90, data_size 0x800debe0, header_size 24.
264915 wine_trace 00e8:trace:rawinput:NtUserGetRawInputData handle 0x15b, command 0x10000003, data 0x800df0a0, data_size 0x800df108, header_size 24.
264916 wine_trace 00e8:trace:rawinput:NtUserGetRawInputData handle 0x15b, command 0x10000003, data 0x800dec90, data_size 0x800debe0, header_size 24.
264992 wine_trace 00e8:trace:rawinput:NtUserGetRawInputData handle 0x15d, command 0x10000003, data 0x800df0a0, data_size 0x800df108, header_size 24.
264992 wine_trace 00e8:trace:rawinput:NtUserGetRawInputData handle 0x15d, command 0x10000003, data 0x800dec90, data_size 0x800debe0, header_size 24.
264993 wine_trace 00e8:trace:rawinput:NtUserGetRawInputData handle 0x15f, command 0x10000003, data 0x800df0a0, data_size 0x800df108, header_size 24.
264993 wine_trace 00e8:trace:rawinput:NtUserGetRawInputData handle 0x15f, command 0x10000003, data 0x800dec90, data_size 0x800debe0, header_size 24.
265044 pointer_focus point={id=16777331,parent=29360129,name=,class=,mapped=true,viewable=true,enabled=true,renderable=true,surface=false,application=false,keyPress=false,keyRelease=false,focusChange=false},focus_before={id=29360129,parent=25165831,name=DAVE THE DIVER,class=davethediver.exe,mapped=true,viewable=true,enabled=true,renderable=true,surface=false,application=true,keyPress=true,keyRelease=true,focusChange=true}
265044 pointer_focus_result focus_after={id=29360129,parent=25165831,name=DAVE THE DIVER,class=davethediver.exe,mapped=true,viewable=true,enabled=true,renderable=true,surface=false,application=true,keyPress=true,keyRelease=true,focusChange=true}
265078 wine_trace 00e8:trace:rawinput:NtUserGetRawInputData handle 0x161, command 0x10000003, data 0x800df0a0, data_size 0x800df108, header_size 24.
265079 wine_trace 00e8:trace:rawinput:NtUserGetRawInputData handle 0x161, command 0x10000003, data 0x800dec90, data_size 0x800debe0, header_size 24.
265079 wine_trace 00e8:trace:rawinput:NtUserGetRawInputData handle 0x162, command 0x10000003, data 0x800df0a0, data_size 0x800df108, header_size 24.
265079 wine_trace 00e8:trace:rawinput:NtUserGetRawInputData handle 0x162, command 0x10000003, data 0x800dec90, data_size 0x800debe0, header_size 24.
265079 wine_trace 00e8:trace:rawinput:NtUserGetRawInputData handle 0x163, command 0x10000003, data 0x800df0a0, data_size 0x800df108, header_size 24.
265080 wine_trace 00e8:trace:rawinput:NtUserGetRawInputData handle 0x163, command 0x10000003, data 0x800dec90, data_size 0x800debe0, header_size 24.
265082 wine_trace 00e8:trace:rawinput:NtUserGetRawInputData handle 0x165, command 0x10000003, data 0x800df0a0, data_size 0x800df108, header_size 24.
265082 wine_trace 00e8:trace:rawinput:NtUserGetRawInputData handle 0x165, command 0x10000003, data 0x800dec90, data_size 0x800debe0, header_size 24.
265082 wine_trace 00e8:trace:rawinput:NtUserGetRawInputData handle 0x167, command 0x10000003, data 0x800df0a0, data_size 0x800df108, header_size 24.
265083 wine_trace 00e8:trace:rawinput:NtUserGetRawInputData handle 0x167, command 0x10000003, data 0x800dec90, data_size 0x800debe0, header_size 24.
265254 wine_trace 00e8:trace:rawinput:NtUserGetRawInputData handle 0x169, command 0x10000003, data 0x800df0a0, data_size 0x800df108, header_size 24.
265254 wine_trace 00e8:trace:rawinput:NtUserGetRawInputData handle 0x169, command 0x10000003, data 0x800dec90, data_size 0x800debe0, header_size 24.
265303 pointer_focus point={id=16777331,parent=29360129,name=,class=,mapped=true,viewable=true,enabled=true,renderable=true,surface=false,application=false,keyPress=false,keyRelease=false,focusChange=false},focus_before={id=29360129,parent=25165831,name=DAVE THE DIVER,class=davethediver.exe,mapped=true,viewable=true,enabled=true,renderable=true,surface=false,application=true,keyPress=true,keyRelease=true,focusChange=true}
265303 pointer_focus_result focus_after={id=29360129,parent=25165831,name=DAVE THE DIVER,class=davethediver.exe,mapped=true,viewable=true,enabled=true,renderable=true,surface=false,application=true,keyPress=true,keyRelease=true,focusChange=true}
265336 wine_trace 00e8:trace:rawinput:NtUserGetRawInputData handle 0x16a, command 0x10000003, data 0x800df0a0, data_size 0x800df108, header_size 24.
265336 wine_trace 00e8:trace:rawinput:NtUserGetRawInputData handle 0x16a, command 0x10000003, data 0x800dec90, data_size 0x800debe0, header_size 24.
265337 wine_trace 00e8:trace:rawinput:NtUserGetRawInputData handle 0x16b, command 0x10000003, data 0x800df0a0, data_size 0x800df108, header_size 24.
265337 wine_trace 00e8:trace:rawinput:NtUserGetRawInputData handle 0x16b, command 0x10000003, data 0x800dec90, data_size 0x800debe0, header_size 24.
265337 wine_trace 00e8:trace:rawinput:NtUserGetRawInputData handle 0x16c, command 0x10000003, data 0x800df0a0, data_size 0x800df108, header_size 24.
265337 wine_trace 00e8:trace:rawinput:NtUserGetRawInputData handle 0x16c, command 0x10000003, data 0x800dec90, data_size 0x800debe0, header_size 24.
265338 wine_trace 00e8:trace:rawinput:NtUserGetRawInputData handle 0x16e, command 0x10000003, data 0x800df0a0, data_size 0x800df108, header_size 24.
265338 wine_trace 00e8:trace:rawinput:NtUserGetRawInputData handle 0x16e, command 0x10000003, data 0x800dec90, data_size 0x800debe0, header_size 24.
265338 wine_trace 00e8:trace:rawinput:NtUserGetRawInputData handle 0x170, command 0x10000003, data 0x800df0a0, data_size 0x800df108, header_size 24.
265339 wine_trace 00e8:trace:rawinput:NtUserGetRawInputData handle 0x170, command 0x10000003, data 0x800dec90, data_size 0x800debe0, header_size 24.
265461 pointer_focus point={id=16777331,parent=29360129,name=,class=,mapped=true,viewable=true,enabled=true,renderable=true,surface=false,application=false,keyPress=false,keyRelease=false,focusChange=false},focus_before={id=29360129,parent=25165831,name=DAVE THE DIVER,class=davethediver.exe,mapped=true,viewable=true,enabled=true,renderable=true,surface=false,application=true,keyPress=true,keyRelease=true,focusChange=true}
265461 pointer_focus_result focus_after={id=29360129,parent=25165831,name=DAVE THE DIVER,class=davethediver.exe,mapped=true,viewable=true,enabled=true,renderable=true,surface=false,application=true,keyPress=true,keyRelease=true,focusChange=true}
265472 wine_trace 00e8:trace:rawinput:NtUserGetRawInputData handle 0x172, command 0x10000003, data 0x800df0a0, data_size 0x800df108, header_size 24.
265472 wine_trace 00e8:trace:rawinput:NtUserGetRawInputData handle 0x172, command 0x10000003, data 0x800dec90, data_size 0x800debe0, header_size 24.
265473 wine_trace 00e8:trace:rawinput:NtUserGetRawInputData handle 0x173, command 0x10000003, data 0x800df0a0, data_size 0x800df108, header_size 24.
265473 wine_trace 00e8:trace:rawinput:NtUserGetRawInputData handle 0x173, command 0x10000003, data 0x800dec90, data_size 0x800debe0, header_size 24.
265515 wine_trace 00e8:trace:rawinput:NtUserGetRawInputData handle 0x175, command 0x10000003, data 0x800df0a0, data_size 0x800df108, header_size 24.
265516 wine_trace 00e8:trace:rawinput:NtUserGetRawInputData handle 0x175, command 0x10000003, data 0x800dec90, data_size 0x800debe0, header_size 24.
265516 wine_trace 00e8:trace:rawinput:NtUserGetRawInputData handle 0x177, command 0x10000003, data 0x800df0a0, data_size 0x800df108, header_size 24.
265516 wine_trace 00e8:trace:rawinput:NtUserGetRawInputData handle 0x177, command 0x10000003, data 0x800dec90, data_size 0x800debe0, header_size 24.
271333 binding_release binding=KEY_W,keycode=25
271333 inject_release keycode=25
271334 keyboard_release_suppressed reason=not_pressed_or_sticky,keycode=25
271334 binding_press binding=KEY_D,keycode=40
271334 inject_press keycode=40,keysym=0
271334 key_press_received keycode=40,keysym=0,focus={id=29360129,parent=25165831,name=DAVE THE DIVER,class=davethediver.exe,mapped=true,viewable=true,enabled=true,renderable=true,surface=false,application=true,keyPress=true,keyRelease=true,focusChange=true},point={id=16777331,parent=29360129,name=,class=,mapped=true,viewable=true,enabled=true,renderable=true,surface=false,application=false,keyPress=false,keyRelease=false,focusChange=false}
271335 key_press_ancestor_target target={id=29360129,parent=25165831,name=DAVE THE DIVER,class=davethediver.exe,mapped=true,viewable=true,enabled=true,renderable=true,surface=false,application=true,keyPress=true,keyRelease=true,focusChange=true}
271335 key_press_sent keycode=40,target={id=29360129,parent=25165831,name=DAVE THE DIVER,class=davethediver.exe,mapped=true,viewable=true,enabled=true,renderable=true,surface=false,application=true,keyPress=true,keyRelease=true,focusChange=true}
271335 binding_release binding=KEY_S,keycode=39
271335 inject_release keycode=39
271335 keyboard_release_suppressed reason=not_pressed_or_sticky,keycode=39
271335 binding_release binding=KEY_A,keycode=38
271335 inject_release keycode=38
271335 keyboard_release_suppressed reason=not_pressed_or_sticky,keycode=38
271344 binding_release binding=KEY_W,keycode=25
271345 inject_release keycode=25
271345 keyboard_release_suppressed reason=not_pressed_or_sticky,keycode=25
271346 binding_press binding=KEY_D,keycode=40
271346 keyboard_mapping_reply first=8,count=248,keysyms=496
271346 inject_press keycode=40,keysym=0
271346 keyboard_press_suppressed reason=already_pressed,keycode=40
271346 binding_release binding=KEY_S,keycode=39
271346 inject_release keycode=39
271346 keyboard_release_suppressed reason=not_pressed_or_sticky,keycode=39
271346 binding_release binding=KEY_A,keycode=38
271346 inject_release keycode=38
271346 keyboard_release_suppressed reason=not_pressed_or_sticky,keycode=38
271347 wine_trace 00e8:trace:key:X11DRV_KeyEvent type 2, window 1c00001, state 0x0000, keycode 40
271350 wine_trace 00e8:trace:key:X11DRV_KeyEvent XmbLookupString needs 1 byte(s)
271350 wine_trace 00e8:trace:key:X11DRV_KeyEvent nbyte = 1, status 4
271350 wine_trace 00e8:trace:key:X11DRV_KeyEvent KeyPress : keysym=64 (d), # of chars=1 / "d"
271351 wine_trace 00e8:trace:key:EVENT_event_to_vkey e->keycode = 40
271351 wine_trace 00e8:trace:key:X11DRV_KeyEvent keycode 40 converted to vkey 0x44 scan 20
271351 wine_trace 00e8:trace:key:X11DRV_send_keyboard_input hwnd 0x20084 vkey=0044 scan=0020 flags=0000
271353 wine_trace 00e8:trace:rawinput:NtUserGetRawInputData handle 0x179, command 0x10000003, data 0x800df0a0, data_size 0x800df108, header_size 24.
271354 wine_trace 00e8:trace:rawinput:NtUserGetRawInputData handle 0x179, command 0x10000003, data 0x800dec90, data_size 0x800debe0, header_size 24.
271356 wine_trace 00e8:trace:key:NtUserTranslateMessage Translating key VK_D (0044), scancode 0020
271357 wine_trace 00e8:trace:keyboard:NtUserToUnicodeEx virt 0x44, scan 0x20, state 0x14087f8d0, str 0x14087f8c0, size 8, flags 0, layout 0x4090409.
271357 wine_trace 00e8:trace:key:X11DRV_ToUnicodeEx AltGrMask = 0000
271357 wine_trace 00e8:trace:key:X11DRV_ToUnicodeEx (0044, 0020) : faked state = 0x0000
271358 wine_trace 00e8:trace:key:EVENT_event_to_vkey e->keycode = 40
271358 wine_trace 00e8:trace:key:X11DRV_ToUnicodeEx Found keycode 40
271358 wine_trace 00e8:trace:key:X11DRV_ToUnicodeEx type 2, window 1c00001, state 0x0000, keycode 40
271358 wine_trace 00e8:trace:key:X11DRV_ToUnicodeEx XmbLookupString needs 1 byte(s)
271359 wine_trace 00e8:trace:key:X11DRV_ToUnicodeEx nbyte = 1, status 0x4
271359 wine_trace 00e8:trace:key:X11DRV_ToUnicodeEx KeyPress : keysym=64 (d), # of chars=1 / "d"
271359 wine_trace 00e8:trace:key:X11DRV_ToUnicodeEx Translating char 0x64 to unicode
271359 wine_trace 00e8:trace:key:X11DRV_ToUnicodeEx returning 1 with L"d"
271359 wine_trace 00e8:trace:key:NtUserTranslateMessage 1 -> PostMessageW(0x20084,WM_CHAR,<x>,00200001) for <x> in L"d"
271411 binding_release binding=KEY_W,keycode=25
271411 inject_release keycode=25
271411 keyboard_release_suppressed reason=not_pressed_or_sticky,keycode=25
271411 binding_press binding=KEY_D,keycode=40
271411 inject_press keycode=40,keysym=0
271412 keyboard_press_suppressed reason=already_pressed,keycode=40
271412 binding_release binding=KEY_S,keycode=39
271412 inject_release keycode=39
271412 keyboard_release_suppressed reason=not_pressed_or_sticky,keycode=39
271412 binding_release binding=KEY_A,keycode=38
271412 inject_release keycode=38
271412 keyboard_release_suppressed reason=not_pressed_or_sticky,keycode=38
271429 binding_release binding=KEY_W,keycode=25
271429 inject_release keycode=25
271430 keyboard_release_suppressed reason=not_pressed_or_sticky,keycode=25
271430 binding_press binding=KEY_D,keycode=40
271430 inject_press keycode=40,keysym=0
271430 keyboard_press_suppressed reason=already_pressed,keycode=40
271431 binding_release binding=KEY_S,keycode=39
271431 inject_release keycode=39
271431 keyboard_release_suppressed reason=not_pressed_or_sticky,keycode=39
271431 binding_release binding=KEY_A,keycode=38
271431 inject_release keycode=38
271431 keyboard_release_suppressed reason=not_pressed_or_sticky,keycode=38
271444 binding_release binding=KEY_W,keycode=25
271444 inject_release keycode=25
271444 keyboard_release_suppressed reason=not_pressed_or_sticky,keycode=25
271444 binding_press binding=KEY_D,keycode=40
271444 inject_press keycode=40,keysym=0
271444 keyboard_press_suppressed reason=already_pressed,keycode=40
271444 binding_release binding=KEY_S,keycode=39
271444 inject_release keycode=39
271444 keyboard_release_suppressed reason=not_pressed_or_sticky,keycode=39
271445 binding_release binding=KEY_A,keycode=38
271445 inject_release keycode=38
271445 keyboard_release_suppressed reason=not_pressed_or_sticky,keycode=38
271546 binding_release binding=KEY_W,keycode=25
271546 inject_release keycode=25
271546 keyboard_release_suppressed reason=not_pressed_or_sticky,keycode=25
271546 binding_press binding=KEY_D,keycode=40
271546 inject_press keycode=40,keysym=0
271547 keyboard_press_suppressed reason=already_pressed,keycode=40
271547 binding_release binding=KEY_S,keycode=39
271547 inject_release keycode=39
271547 keyboard_release_suppressed reason=not_pressed_or_sticky,keycode=39
271547 binding_release binding=KEY_A,keycode=38
271547 inject_release keycode=38
271547 keyboard_release_suppressed reason=not_pressed_or_sticky,keycode=38
271646 binding_release binding=KEY_W,keycode=25
271646 inject_release keycode=25
271646 keyboard_release_suppressed reason=not_pressed_or_sticky,keycode=25
271646 binding_press binding=KEY_D,keycode=40
271646 inject_press keycode=40,keysym=0
271646 keyboard_press_suppressed reason=already_pressed,keycode=40
271646 binding_release binding=KEY_S,keycode=39
271646 inject_release keycode=39
271646 keyboard_release_suppressed reason=not_pressed_or_sticky,keycode=39
271646 binding_release binding=KEY_A,keycode=38
271646 inject_release keycode=38
271646 keyboard_release_suppressed reason=not_pressed_or_sticky,keycode=38
271743 binding_release binding=KEY_W,keycode=25
271744 inject_release keycode=25
271744 keyboard_release_suppressed reason=not_pressed_or_sticky,keycode=25
271744 binding_press binding=KEY_D,keycode=40
271744 inject_press keycode=40,keysym=0
271744 keyboard_press_suppressed reason=already_pressed,keycode=40
271744 binding_release binding=KEY_S,keycode=39
271744 inject_release keycode=39
271744 keyboard_release_suppressed reason=not_pressed_or_sticky,keycode=39
271744 binding_release binding=KEY_A,keycode=38
271744 inject_release keycode=38
271744 keyboard_release_suppressed reason=not_pressed_or_sticky,keycode=38
271843 binding_release binding=KEY_W,keycode=25
271846 inject_release keycode=25
271847 keyboard_release_suppressed reason=not_pressed_or_sticky,keycode=25
271847 binding_press binding=KEY_D,keycode=40
271848 inject_press keycode=40,keysym=0
271848 keyboard_press_suppressed reason=already_pressed,keycode=40
271848 binding_release binding=KEY_S,keycode=39
271848 inject_release keycode=39
271848 keyboard_release_suppressed reason=not_pressed_or_sticky,keycode=39
271848 binding_release binding=KEY_A,keycode=38
271848 inject_release keycode=38
271848 keyboard_release_suppressed reason=not_pressed_or_sticky,keycode=38
271942 binding_release binding=KEY_W,keycode=25
271943 inject_release keycode=25
271943 keyboard_release_suppressed reason=not_pressed_or_sticky,keycode=25
271943 binding_press binding=KEY_D,keycode=40
271943 inject_press keycode=40,keysym=0
271943 keyboard_press_suppressed reason=already_pressed,keycode=40
271943 binding_release binding=KEY_S,keycode=39
271943 inject_release keycode=39
271943 keyboard_release_suppressed reason=not_pressed_or_sticky,keycode=39
271943 binding_release binding=KEY_A,keycode=38
271943 inject_release keycode=38
271943 keyboard_release_suppressed reason=not_pressed_or_sticky,keycode=38
271959 binding_release binding=KEY_W,keycode=25
271959 inject_release keycode=25
271959 keyboard_release_suppressed reason=not_pressed_or_sticky,keycode=25
271959 binding_press binding=KEY_D,keycode=40
271959 inject_press keycode=40,keysym=0
271959 keyboard_press_suppressed reason=already_pressed,keycode=40
271959 binding_release binding=KEY_S,keycode=39
271959 inject_release keycode=39
271959 keyboard_release_suppressed reason=not_pressed_or_sticky,keycode=39
271960 binding_release binding=KEY_A,keycode=38
271960 inject_release keycode=38
271960 keyboard_release_suppressed reason=not_pressed_or_sticky,keycode=38
271977 binding_release binding=KEY_W,keycode=25
271977 inject_release keycode=25
271977 keyboard_release_suppressed reason=not_pressed_or_sticky,keycode=25
271977 binding_press binding=KEY_D,keycode=40
271977 inject_press keycode=40,keysym=0
271977 keyboard_press_suppressed reason=already_pressed,keycode=40
271977 binding_release binding=KEY_S,keycode=39
271977 inject_release keycode=39
271977 keyboard_release_suppressed reason=not_pressed_or_sticky,keycode=39
271977 binding_release binding=KEY_A,keycode=38
271977 inject_release keycode=38
271977 keyboard_release_suppressed reason=not_pressed_or_sticky,keycode=38
272059 binding_release binding=KEY_W,keycode=25
272060 inject_release keycode=25
272060 keyboard_release_suppressed reason=not_pressed_or_sticky,keycode=25
272060 binding_press binding=KEY_D,keycode=40
272060 inject_press keycode=40,keysym=0
272060 keyboard_press_suppressed reason=already_pressed,keycode=40
272060 binding_release binding=KEY_S,keycode=39
272060 inject_release keycode=39
272060 keyboard_release_suppressed reason=not_pressed_or_sticky,keycode=39
272060 binding_release binding=KEY_A,keycode=38
272060 inject_release keycode=38
272060 keyboard_release_suppressed reason=not_pressed_or_sticky,keycode=38
272075 binding_release binding=KEY_W,keycode=25
272075 inject_release keycode=25
272075 keyboard_release_suppressed reason=not_pressed_or_sticky,keycode=25
272075 binding_press binding=KEY_D,keycode=40
272075 inject_press keycode=40,keysym=0
272076 keyboard_press_suppressed reason=already_pressed,keycode=40
272076 binding_release binding=KEY_S,keycode=39
272076 inject_release keycode=39
272076 keyboard_release_suppressed reason=not_pressed_or_sticky,keycode=39
272076 binding_release binding=KEY_A,keycode=38
272076 inject_release keycode=38
272076 keyboard_release_suppressed reason=not_pressed_or_sticky,keycode=38
272092 binding_release binding=KEY_W,keycode=25
272092 inject_release keycode=25
272092 keyboard_release_suppressed reason=not_pressed_or_sticky,keycode=25
272092 binding_press binding=KEY_D,keycode=40
272092 inject_press keycode=40,keysym=0
272092 keyboard_press_suppressed reason=already_pressed,keycode=40
272092 binding_release binding=KEY_S,keycode=39
272092 inject_release keycode=39
272092 keyboard_release_suppressed reason=not_pressed_or_sticky,keycode=39
272092 binding_release binding=KEY_A,keycode=38
272092 inject_release keycode=38
272092 keyboard_release_suppressed reason=not_pressed_or_sticky,keycode=38
272125 binding_release binding=KEY_W,keycode=25
272125 inject_release keycode=25
272125 keyboard_release_suppressed reason=not_pressed_or_sticky,keycode=25
272126 binding_press binding=KEY_D,keycode=40
272126 inject_press keycode=40,keysym=0
272126 keyboard_press_suppressed reason=already_pressed,keycode=40
272126 binding_release binding=KEY_S,keycode=39
272126 inject_release keycode=39
272126 keyboard_release_suppressed reason=not_pressed_or_sticky,keycode=39
272126 binding_release binding=KEY_A,keycode=38
272126 inject_release keycode=38
272126 keyboard_release_suppressed reason=not_pressed_or_sticky,keycode=38
272190 binding_release binding=KEY_W,keycode=25
272191 inject_release keycode=25
272191 keyboard_release_suppressed reason=not_pressed_or_sticky,keycode=25
272191 binding_press binding=KEY_D,keycode=40
272191 inject_press keycode=40,keysym=0
272191 keyboard_press_suppressed reason=already_pressed,keycode=40
272191 binding_release binding=KEY_S,keycode=39
272191 inject_release keycode=39
272191 keyboard_release_suppressed reason=not_pressed_or_sticky,keycode=39
272191 binding_release binding=KEY_A,keycode=38
272191 inject_release keycode=38
272191 keyboard_release_suppressed reason=not_pressed_or_sticky,keycode=38
272192 binding_release binding=KEY_D,keycode=40
272192 inject_release keycode=40
272192 key_release_received keycode=40,focus={id=29360129,parent=25165831,name=DAVE THE DIVER,class=davethediver.exe,mapped=true,viewable=true,enabled=true,renderable=true,surface=false,application=true,keyPress=true,keyRelease=true,focusChange=true},point={id=16777331,parent=29360129,name=,class=,mapped=true,viewable=true,enabled=true,renderable=true,surface=false,application=false,keyPress=false,keyRelease=false,focusChange=false}
272192 key_release_ancestor_target target={id=29360129,parent=25165831,name=DAVE THE DIVER,class=davethediver.exe,mapped=true,viewable=true,enabled=true,renderable=true,surface=false,application=true,keyPress=true,keyRelease=true,focusChange=true}
272193 key_release_sent keycode=40,target={id=29360129,parent=25165831,name=DAVE THE DIVER,class=davethediver.exe,mapped=true,viewable=true,enabled=true,renderable=true,surface=false,application=true,keyPress=true,keyRelease=true,focusChange=true}
272201 wine_trace 00e8:trace:key:X11DRV_KeyEvent type 3, window 1c00001, state 0x0000, keycode 40
272201 wine_trace 00e8:trace:key:X11DRV_KeyEvent nbyte = 1, status 0
272201 wine_trace 00e8:trace:key:X11DRV_KeyEvent KeyRelease : keysym=64 (d), # of chars=1 / "d"
272202 wine_trace 00e8:trace:key:EVENT_event_to_vkey e->keycode = 40
272202 wine_trace 00e8:trace:key:X11DRV_KeyEvent keycode 40 converted to vkey 0x44 scan 20
272202 wine_trace 00e8:trace:key:X11DRV_send_keyboard_input hwnd 0x20084 vkey=0044 scan=0020 flags=0002
272202 wine_trace 00e8:trace:rawinput:NtUserGetRawInputData handle 0x17b, command 0x10000003, data 0x800df0a0, data_size 0x800df108, header_size 24.
272202 wine_trace 00e8:trace:rawinput:NtUserGetRawInputData handle 0x17b, command 0x10000003, data 0x800dec90, data_size 0x800debe0, header_size 24.
273880 wine_trace 00e8:trace:rawinput:NtUserGetRawInputData handle 0x17d, command 0x10000003, data 0x800df0a0, data_size 0x800df108, header_size 24.
273881 wine_trace 00e8:trace:rawinput:NtUserGetRawInputData handle 0x17d, command 0x10000003, data 0x800dec90, data_size 0x800debe0, header_size 24.
273915 pointer_focus point={id=16777331,parent=29360129,name=,class=,mapped=true,viewable=true,enabled=true,renderable=true,surface=false,application=false,keyPress=false,keyRelease=false,focusChange=false},focus_before={id=29360129,parent=25165831,name=DAVE THE DIVER,class=davethediver.exe,mapped=true,viewable=true,enabled=true,renderable=true,surface=false,application=true,keyPress=true,keyRelease=true,focusChange=true}
273915 pointer_focus_result focus_after={id=29360129,parent=25165831,name=DAVE THE DIVER,class=davethediver.exe,mapped=true,viewable=true,enabled=true,renderable=true,surface=false,application=true,keyPress=true,keyRelease=true,focusChange=true}
273930 wine_trace 00e8:trace:rawinput:NtUserGetRawInputData handle 0x17e, command 0x10000003, data 0x800df0a0, data_size 0x800df108, header_size 24.
273931 wine_trace 00e8:trace:rawinput:NtUserGetRawInputData handle 0x17e, command 0x10000003, data 0x800dec90, data_size 0x800debe0, header_size 24.
273932 wine_trace 00e8:trace:rawinput:NtUserGetRawInputData handle 0x17f, command 0x10000003, data 0x800df0a0, data_size 0x800df108, header_size 24.
273932 wine_trace 00e8:trace:rawinput:NtUserGetRawInputData handle 0x17f, command 0x10000003, data 0x800dec90, data_size 0x800debe0, header_size 24.
273932 wine_trace 00e8:trace:rawinput:NtUserGetRawInputData handle 0x180, command 0x10000003, data 0x800df0a0, data_size 0x800df108, header_size 24.
273932 wine_trace 00e8:trace:rawinput:NtUserGetRawInputData handle 0x180, command 0x10000003, data 0x800dec90, data_size 0x800debe0, header_size 24.
273980 wine_trace 00e8:trace:rawinput:NtUserGetRawInputData handle 0x182, command 0x10000003, data 0x800df0a0, data_size 0x800df108, header_size 24.
273980 wine_trace 00e8:trace:rawinput:NtUserGetRawInputData handle 0x182, command 0x10000003, data 0x800dec90, data_size 0x800debe0, header_size 24.
273981 wine_trace 00e8:trace:rawinput:NtUserGetRawInputData handle 0x184, command 0x10000003, data 0x800df0a0, data_size 0x800df108, header_size 24.
273981 wine_trace 00e8:trace:rawinput:NtUserGetRawInputData handle 0x184, command 0x10000003, data 0x800dec90, data_size 0x800debe0, header_size 24.
274255 wine_trace 00e8:trace:rawinput:NtUserGetRawInputData handle 0x186, command 0x10000003, data 0x800df0a0, data_size 0x800df108, header_size 24.
274256 wine_trace 00e8:trace:rawinput:NtUserGetRawInputData handle 0x186, command 0x10000003, data 0x800dec90, data_size 0x800debe0, header_size 24.
274343 wine_trace 00e8:trace:rawinput:NtUserGetRawInputData handle 0x187, command 0x10000003, data 0x800df0a0, data_size 0x800df108, header_size 24.
274344 wine_trace 00e8:trace:rawinput:NtUserGetRawInputData handle 0x187, command 0x10000003, data 0x800dec90, data_size 0x800debe0, header_size 24.
274387 wine_trace 00e8:trace:rawinput:NtUserGetRawInputData handle 0x189, command 0x10000003, data 0x800df0a0, data_size 0x800df108, header_size 24.
274387 wine_trace 00e8:trace:rawinput:NtUserGetRawInputData handle 0x189, command 0x10000003, data 0x800dec90, data_size 0x800debe0, header_size 24.
274422 wine_trace 00e8:trace:rawinput:NtUserGetRawInputData handle 0x18b, command 0x10000003, data 0x800df0a0, data_size 0x800df108, header_size 24.
274423 wine_trace 00e8:trace:rawinput:NtUserGetRawInputData handle 0x18b, command 0x10000003, data 0x800dec90, data_size 0x800debe0, header_size 24.
274458 wine_trace 00e8:trace:rawinput:NtUserGetRawInputData handle 0x18d, command 0x10000003, data 0x800df0a0, data_size 0x800df108, header_size 24.
274458 wine_trace 00e8:trace:rawinput:NtUserGetRawInputData handle 0x18d, command 0x10000003, data 0x800dec90, data_size 0x800debe0, header_size 24.
274496 wine_trace 00e8:trace:rawinput:NtUserGetRawInputData handle 0x18f, command 0x10000003, data 0x800df0a0, data_size 0x800df108, header_size 24.
274496 wine_trace 00e8:trace:rawinput:NtUserGetRawInputData handle 0x18f, command 0x10000003, data 0x800dec90, data_size 0x800debe0, header_size 24.
274528 wine_trace 00e8:trace:rawinput:NtUserGetRawInputData handle 0x191, command 0x10000003, data 0x800df0a0, data_size 0x800df108, header_size 24.
274529 wine_trace 00e8:trace:rawinput:NtUserGetRawInputData handle 0x191, command 0x10000003, data 0x800dec90, data_size 0x800debe0, header_size 24.
274629 wine_trace 00e8:trace:rawinput:NtUserGetRawInputData handle 0x193, command 0x10000003, data 0x800df0a0, data_size 0x800df108, header_size 24.
274629 wine_trace 00e8:trace:rawinput:NtUserGetRawInputData handle 0x193, command 0x10000003, data 0x800dec90, data_size 0x800debe0, header_size 24.
274666 wine_trace 00e8:trace:rawinput:NtUserGetRawInputData handle 0x194, command 0x10000003, data 0x800df0a0, data_size 0x800df108, header_size 24.
274666 wine_trace 00e8:trace:rawinput:NtUserGetRawInputData handle 0x194, command 0x10000003, data 0x800dec90, data_size 0x800debe0, header_size 24.
274667 wine_trace 00e8:trace:rawinput:NtUserGetRawInputData handle 0x196, command 0x10000003, data 0x800df0a0, data_size 0x800df108, header_size 24.
274667 wine_trace 00e8:trace:rawinput:NtUserGetRawInputData handle 0x196, command 0x10000003, data 0x800dec90, data_size 0x800debe0, header_size 24.
274703 wine_trace 00e8:trace:rawinput:NtUserGetRawInputData handle 0x198, command 0x10000003, data 0x800df0a0, data_size 0x800df108, header_size 24.
274703 wine_trace 00e8:trace:rawinput:NtUserGetRawInputData handle 0x198, command 0x10000003, data 0x800dec90, data_size 0x800debe0, header_size 24.
274738 wine_trace 00e8:trace:rawinput:NtUserGetRawInputData handle 0x19a, command 0x10000003, data 0x800df0a0, data_size 0x800df108, header_size 24.
274738 wine_trace 00e8:trace:rawinput:NtUserGetRawInputData handle 0x19a, command 0x10000003, data 0x800dec90, data_size 0x800debe0, header_size 24.
274781 wine_trace 00e8:trace:rawinput:NtUserGetRawInputData handle 0x19c, command 0x10000003, data 0x800df0a0, data_size 0x800df108, header_size 24.
274782 wine_trace 00e8:trace:rawinput:NtUserGetRawInputData handle 0x19c, command 0x10000003, data 0x800dec90, data_size 0x800debe0, header_size 24.
274783 wine_trace 00e8:trace:rawinput:NtUserGetRawInputData handle 0x19e, command 0x10000003, data 0x800df0a0, data_size 0x800df108, header_size 24.
274783 wine_trace 00e8:trace:rawinput:NtUserGetRawInputData handle 0x19e, command 0x10000003, data 0x800dec90, data_size 0x800debe0, header_size 24.
274822 wine_trace 00e8:trace:rawinput:NtUserGetRawInputData handle 0x1a0, command 0x10000003, data 0x800df0a0, data_size 0x800df108, header_size 24.
274822 wine_trace 00e8:trace:rawinput:NtUserGetRawInputData handle 0x1a0, command 0x10000003, data 0x800dec90, data_size 0x800debe0, header_size 24.
274863 wine_trace 00e8:trace:rawinput:NtUserGetRawInputData handle 0x1a2, command 0x10000003, data 0x800df0a0, data_size 0x800df108, header_size 24.
274863 wine_trace 00e8:trace:rawinput:NtUserGetRawInputData handle 0x1a2, command 0x10000003, data 0x800dec90, data_size 0x800debe0, header_size 24.
274902 wine_trace 00e8:trace:rawinput:NtUserGetRawInputData handle 0x1a4, command 0x10000003, data 0x800df0a0, data_size 0x800df108, header_size 24.
274903 wine_trace 00e8:trace:rawinput:NtUserGetRawInputData handle 0x1a4, command 0x10000003, data 0x800dec90, data_size 0x800debe0, header_size 24.
274940 wine_trace 00e8:trace:rawinput:NtUserGetRawInputData handle 0x1a6, command 0x10000003, data 0x800df0a0, data_size 0x800df108, header_size 24.
274940 wine_trace 00e8:trace:rawinput:NtUserGetRawInputData handle 0x1a6, command 0x10000003, data 0x800dec90, data_size 0x800debe0, header_size 24.
275043 wine_trace 00e8:trace:rawinput:NtUserGetRawInputData handle 0x1a8, command 0x10000003, data 0x800df0a0, data_size 0x800df108, header_size 24.
275043 wine_trace 00e8:trace:rawinput:NtUserGetRawInputData handle 0x1a8, command 0x10000003, data 0x800dec90, data_size 0x800debe0, header_size 24.
275079 wine_trace 00e8:trace:rawinput:NtUserGetRawInputData handle 0x1aa, command 0x10000003, data 0x800df0a0, data_size 0x800df108, header_size 24.
275080 wine_trace 00e8:trace:rawinput:NtUserGetRawInputData handle 0x1aa, command 0x10000003, data 0x800dec90, data_size 0x800debe0, header_size 24.
275083 wine_trace 00e8:trace:rawinput:NtUserGetRawInputData handle 0x1ac, command 0x10000003, data 0x800df0a0, data_size 0x800df108, header_size 24.
275083 wine_trace 00e8:trace:rawinput:NtUserGetRawInputData handle 0x1ac, command 0x10000003, data 0x800dec90, data_size 0x800debe0, header_size 24.
275117 wine_trace 00e8:trace:rawinput:NtUserGetRawInputData handle 0x1ae, command 0x10000003, data 0x800df0a0, data_size 0x800df108, header_size 24.
275117 wine_trace 00e8:trace:rawinput:NtUserGetRawInputData handle 0x1ae, command 0x10000003, data 0x800dec90, data_size 0x800debe0, header_size 24.
275156 wine_trace 00e8:trace:rawinput:NtUserGetRawInputData handle 0x1b0, command 0x10000003, data 0x800df0a0, data_size 0x800df108, header_size 24.
275156 wine_trace 00e8:trace:rawinput:NtUserGetRawInputData handle 0x1b0, command 0x10000003, data 0x800dec90, data_size 0x800debe0, header_size 24.
275193 wine_trace 00e8:trace:rawinput:NtUserGetRawInputData handle 0x1b2, command 0x10000003, data 0x800df0a0, data_size 0x800df108, header_size 24.
275193 wine_trace 00e8:trace:rawinput:NtUserGetRawInputData handle 0x1b2, command 0x10000003, data 0x800dec90, data_size 0x800debe0, header_size 24.
275228 wine_trace 00e8:trace:rawinput:NtUserGetRawInputData handle 0x1b4, command 0x10000003, data 0x800df0a0, data_size 0x800df108, header_size 24.
275228 wine_trace 00e8:trace:rawinput:NtUserGetRawInputData handle 0x1b4, command 0x10000003, data 0x800dec90, data_size 0x800debe0, header_size 24.
275266 wine_trace 00e8:trace:rawinput:NtUserGetRawInputData handle 0x1b6, command 0x10000003, data 0x800df0a0, data_size 0x800df108, header_size 24.
275266 wine_trace 00e8:trace:rawinput:NtUserGetRawInputData handle 0x1b6, command 0x10000003, data 0x800dec90, data_size 0x800debe0, header_size 24.
275266 wine_trace 00e8:trace:rawinput:NtUserGetRawInputData handle 0x1b7, command 0x10000003, data 0x800df0a0, data_size 0x800df108, header_size 24.
275266 wine_trace 00e8:trace:rawinput:NtUserGetRawInputData handle 0x1b7, command 0x10000003, data 0x800dec90, data_size 0x800debe0, header_size 24.
275302 wine_trace 00e8:trace:rawinput:NtUserGetRawInputData handle 0x1b9, command 0x10000003, data 0x800df0a0, data_size 0x800df108, header_size 24.
275302 wine_trace 00e8:trace:rawinput:NtUserGetRawInputData handle 0x1b9, command 0x10000003, data 0x800dec90, data_size 0x800debe0, header_size 24.
275342 wine_trace 00e8:trace:rawinput:NtUserGetRawInputData handle 0x1bb, command 0x10000003, data 0x800df0a0, data_size 0x800df108, header_size 24.
275342 wine_trace 00e8:trace:rawinput:NtUserGetRawInputData handle 0x1bb, command 0x10000003, data 0x800dec90, data_size 0x800debe0, header_size 24.
275378 wine_trace 00e8:trace:rawinput:NtUserGetRawInputData handle 0x1bd, command 0x10000003, data 0x800df0a0, data_size 0x800df108, header_size 24.
275379 wine_trace 00e8:trace:rawinput:NtUserGetRawInputData handle 0x1bd, command 0x10000003, data 0x800dec90, data_size 0x800debe0, header_size 24.
275411 wine_trace 00e8:trace:rawinput:NtUserGetRawInputData handle 0x1bf, command 0x10000003, data 0x800df0a0, data_size 0x800df108, header_size 24.
275411 wine_trace 00e8:trace:rawinput:NtUserGetRawInputData handle 0x1bf, command 0x10000003, data 0x800dec90, data_size 0x800debe0, header_size 24.
275456 wine_trace 00e8:trace:rawinput:NtUserGetRawInputData handle 0x1c1, command 0x10000003, data 0x800df0a0, data_size 0x800df108, header_size 24.
275456 wine_trace 00e8:trace:rawinput:NtUserGetRawInputData handle 0x1c1, command 0x10000003, data 0x800dec90, data_size 0x800debe0, header_size 24.
275488 wine_trace 00e8:trace:rawinput:NtUserGetRawInputData handle 0x1c3, command 0x10000003, data 0x800df0a0, data_size 0x800df108, header_size 24.
275488 wine_trace 00e8:trace:rawinput:NtUserGetRawInputData handle 0x1c3, command 0x10000003, data 0x800dec90, data_size 0x800debe0, header_size 24.
275524 wine_trace 00e8:trace:rawinput:NtUserGetRawInputData handle 0x1c5, command 0x10000003, data 0x800df0a0, data_size 0x800df108, header_size 24.
275525 wine_trace 00e8:trace:rawinput:NtUserGetRawInputData handle 0x1c5, command 0x10000003, data 0x800dec90, data_size 0x800debe0, header_size 24.
275566 wine_trace 00e8:trace:rawinput:NtUserGetRawInputData handle 0x1c7, command 0x10000003, data 0x800df0a0, data_size 0x800df108, header_size 24.
275567 wine_trace 00e8:trace:rawinput:NtUserGetRawInputData handle 0x1c7, command 0x10000003, data 0x800dec90, data_size 0x800debe0, header_size 24.
275604 wine_trace 00e8:trace:rawinput:NtUserGetRawInputData handle 0x1c9, command 0x10000003, data 0x800df0a0, data_size 0x800df108, header_size 24.
275604 wine_trace 00e8:trace:rawinput:NtUserGetRawInputData handle 0x1c9, command 0x10000003, data 0x800dec90, data_size 0x800debe0, header_size 24.
275639 wine_trace 00e8:trace:rawinput:NtUserGetRawInputData handle 0x1ca, command 0x10000003, data 0x800df0a0, data_size 0x800df108, header_size 24.
275639 wine_trace 00e8:trace:rawinput:NtUserGetRawInputData handle 0x1ca, command 0x10000003, data 0x800dec90, data_size 0x800debe0, header_size 24.
276017 wine_trace 00e8:trace:rawinput:NtUserGetRawInputData handle 0x1cb, command 0x10000003, data 0x800df0a0, data_size 0x800df108, header_size 24.
276018 wine_trace 00e8:trace:rawinput:NtUserGetRawInputData handle 0x1cb, command 0x10000003, data 0x800dec90, data_size 0x800debe0, header_size 24.
276034 pointer_focus point={id=16777331,parent=29360129,name=,class=,mapped=true,viewable=true,enabled=true,renderable=true,surface=false,application=false,keyPress=false,keyRelease=false,focusChange=false},focus_before={id=29360129,parent=25165831,name=DAVE THE DIVER,class=davethediver.exe,mapped=true,viewable=true,enabled=true,renderable=true,surface=false,application=true,keyPress=true,keyRelease=true,focusChange=true}
276035 pointer_focus_result focus_after={id=29360129,parent=25165831,name=DAVE THE DIVER,class=davethediver.exe,mapped=true,viewable=true,enabled=true,renderable=true,surface=false,application=true,keyPress=true,keyRelease=true,focusChange=true}
276059 wine_trace 00e8:trace:rawinput:NtUserGetRawInputData handle 0x1cc, command 0x10000003, data 0x800df0a0, data_size 0x800df108, header_size 24.
276059 wine_trace 00e8:trace:rawinput:NtUserGetRawInputData handle 0x1cc, command 0x10000003, data 0x800dec90, data_size 0x800debe0, header_size 24.
276059 wine_trace 00e8:trace:rawinput:NtUserGetRawInputData handle 0x1cd, command 0x10000003, data 0x800df0a0, data_size 0x800df108, header_size 24.
276060 wine_trace 00e8:trace:rawinput:NtUserGetRawInputData handle 0x1cd, command 0x10000003, data 0x800dec90, data_size 0x800debe0, header_size 24.
276060 wine_trace 00e8:trace:rawinput:NtUserGetRawInputData handle 0x1ce, command 0x10000003, data 0x800df0a0, data_size 0x800df108, header_size 24.
276060 wine_trace 00e8:trace:rawinput:NtUserGetRawInputData handle 0x1ce, command 0x10000003, data 0x800dec90, data_size 0x800debe0, header_size 24.
276098 wine_trace 00e8:trace:rawinput:NtUserGetRawInputData handle 0x1d0, command 0x10000003, data 0x800df0a0, data_size 0x800df108, header_size 24.
276098 wine_trace 00e8:trace:rawinput:NtUserGetRawInputData handle 0x1d0, command 0x10000003, data 0x800dec90, data_size 0x800debe0, header_size 24.
276098 wine_trace 00e8:trace:rawinput:NtUserGetRawInputData handle 0x1d2, command 0x10000003, data 0x800df0a0, data_size 0x800df108, header_size 24.
276098 wine_trace 00e8:trace:rawinput:NtUserGetRawInputData handle 0x1d2, command 0x10000003, data 0x800dec90, data_size 0x800debe0, header_size 24.
276296 wine_trace 00e8:trace:rawinput:NtUserGetRawInputData handle 0x1d4, command 0x10000003, data 0x800df0a0, data_size 0x800df108, header_size 24.
276296 wine_trace 00e8:trace:rawinput:NtUserGetRawInputData handle 0x1d4, command 0x10000003, data 0x800dec90, data_size 0x800debe0, header_size 24.
276365 wine_trace 00e8:trace:rawinput:NtUserGetRawInputData handle 0x1d5, command 0x10000003, data 0x800df0a0, data_size 0x800df108, header_size 24.
276365 wine_trace 00e8:trace:rawinput:NtUserGetRawInputData handle 0x1d5, command 0x10000003, data 0x800dec90, data_size 0x800debe0, header_size 24.
276404 wine_trace 00e8:trace:rawinput:NtUserGetRawInputData handle 0x1d6, command 0x10000003, data 0x800df0a0, data_size 0x800df108, header_size 24.
276404 wine_trace 00e8:trace:rawinput:NtUserGetRawInputData handle 0x1d6, command 0x10000003, data 0x800dec90, data_size 0x800debe0, header_size 24.
276449 wine_trace 00e8:trace:rawinput:NtUserGetRawInputData handle 0x1d8, command 0x10000003, data 0x800df0a0, data_size 0x800df108, header_size 24.
276449 wine_trace 00e8:trace:rawinput:NtUserGetRawInputData handle 0x1d8, command 0x10000003, data 0x800dec90, data_size 0x800debe0, header_size 24.
276489 wine_trace 00e8:trace:rawinput:NtUserGetRawInputData handle 0x1da, command 0x10000003, data 0x800df0a0, data_size 0x800df108, header_size 24.
276489 wine_trace 00e8:trace:rawinput:NtUserGetRawInputData handle 0x1da, command 0x10000003, data 0x800dec90, data_size 0x800debe0, header_size 24.
276524 wine_trace 00e8:trace:rawinput:NtUserGetRawInputData handle 0x1dc, command 0x10000003, data 0x800df0a0, data_size 0x800df108, header_size 24.
276525 wine_trace 00e8:trace:rawinput:NtUserGetRawInputData handle 0x1dc, command 0x10000003, data 0x800dec90, data_size 0x800debe0, header_size 24.
276566 wine_trace 00e8:trace:rawinput:NtUserGetRawInputData handle 0x1de, command 0x10000003, data 0x800df0a0, data_size 0x800df108, header_size 24.
276567 wine_trace 00e8:trace:rawinput:NtUserGetRawInputData handle 0x1de, command 0x10000003, data 0x800dec90, data_size 0x800debe0, header_size 24.
276606 wine_trace 00e8:trace:rawinput:NtUserGetRawInputData handle 0x1e0, command 0x10000003, data 0x800df0a0, data_size 0x800df108, header_size 24.
276606 wine_trace 00e8:trace:rawinput:NtUserGetRawInputData handle 0x1e0, command 0x10000003, data 0x800dec90, data_size 0x800debe0, header_size 24.
276644 wine_trace 00e8:trace:rawinput:NtUserGetRawInputData handle 0x1e2, command 0x10000003, data 0x800df0a0, data_size 0x800df108, header_size 24.
276644 wine_trace 00e8:trace:rawinput:NtUserGetRawInputData handle 0x1e2, command 0x10000003, data 0x800dec90, data_size 0x800debe0, header_size 24.
276687 wine_trace 00e8:trace:rawinput:NtUserGetRawInputData handle 0x1e4, command 0x10000003, data 0x800df0a0, data_size 0x800df108, header_size 24.
276687 wine_trace 00e8:trace:rawinput:NtUserGetRawInputData handle 0x1e4, command 0x10000003, data 0x800dec90, data_size 0x800debe0, header_size 24.
276728 wine_trace 00e8:trace:rawinput:NtUserGetRawInputData handle 0x1e6, command 0x10000003, data 0x800df0a0, data_size 0x800df108, header_size 24.
276728 wine_trace 00e8:trace:rawinput:NtUserGetRawInputData handle 0x1e6, command 0x10000003, data 0x800dec90, data_size 0x800debe0, header_size 24.
276874 pointer_focus point={id=16777331,parent=29360129,name=,class=,mapped=true,viewable=true,enabled=true,renderable=true,surface=false,application=false,keyPress=false,keyRelease=false,focusChange=false},focus_before={id=29360129,parent=25165831,name=DAVE THE DIVER,class=davethediver.exe,mapped=true,viewable=true,enabled=true,renderable=true,surface=false,application=true,keyPress=true,keyRelease=true,focusChange=true}
276874 pointer_focus_result focus_after={id=29360129,parent=25165831,name=DAVE THE DIVER,class=davethediver.exe,mapped=true,viewable=true,enabled=true,renderable=true,surface=false,application=true,keyPress=true,keyRelease=true,focusChange=true}
276906 wine_trace 00e8:trace:rawinput:NtUserGetRawInputData handle 0x1e7, command 0x10000003, data 0x800df0a0, data_size 0x800df108, header_size 24.
276907 wine_trace 00e8:trace:rawinput:NtUserGetRawInputData handle 0x1e7, command 0x10000003, data 0x800dec90, data_size 0x800debe0, header_size 24.
276907 wine_trace 00e8:trace:rawinput:NtUserGetRawInputData handle 0x1e8, command 0x10000003, data 0x800df0a0, data_size 0x800df108, header_size 24.
276907 wine_trace 00e8:trace:rawinput:NtUserGetRawInputData handle 0x1e8, command 0x10000003, data 0x800dec90, data_size 0x800debe0, header_size 24.
276908 wine_trace 00e8:trace:rawinput:NtUserGetRawInputData handle 0x1ea, command 0x10000003, data 0x800df0a0, data_size 0x800df108, header_size 24.
276908 wine_trace 00e8:trace:rawinput:NtUserGetRawInputData handle 0x1ea, command 0x10000003, data 0x800dec90, data_size 0x800debe0, header_size 24.
276909 wine_trace 00e8:trace:rawinput:NtUserGetRawInputData handle 0x1ec, command 0x10000003, data 0x800df0a0, data_size 0x800df108, header_size 24.
276909 wine_trace 00e8:trace:rawinput:NtUserGetRawInputData handle 0x1ec, command 0x10000003, data 0x800dec90, data_size 0x800debe0, header_size 24.
391516 binding_release binding=KEY_W,keycode=25
391519 inject_release keycode=25
391519 keyboard_release_suppressed reason=not_pressed_or_sticky,keycode=25
391519 binding_release binding=KEY_D,keycode=40
391519 inject_release keycode=40
391519 keyboard_release_suppressed reason=not_pressed_or_sticky,keycode=40
391519 binding_press binding=KEY_S,keycode=39
391519 inject_press keycode=39,keysym=0
391520 key_press_received keycode=39,keysym=0,focus={id=29360129,parent=25165831,name=DAVE THE DIVER,class=davethediver.exe,mapped=true,viewable=true,enabled=true,renderable=true,surface=false,application=true,keyPress=true,keyRelease=true,focusChange=true},point={id=16777331,parent=29360129,name=,class=,mapped=true,viewable=true,enabled=true,renderable=true,surface=false,application=false,keyPress=false,keyRelease=false,focusChange=false}
391520 key_press_ancestor_target target={id=29360129,parent=25165831,name=DAVE THE DIVER,class=davethediver.exe,mapped=true,viewable=true,enabled=true,renderable=true,surface=false,application=true,keyPress=true,keyRelease=true,focusChange=true}
391520 key_press_sent keycode=39,target={id=29360129,parent=25165831,name=DAVE THE DIVER,class=davethediver.exe,mapped=true,viewable=true,enabled=true,renderable=true,surface=false,application=true,keyPress=true,keyRelease=true,focusChange=true}
391520 binding_release binding=KEY_A,keycode=38
391520 inject_release keycode=38
391520 keyboard_release_suppressed reason=not_pressed_or_sticky,keycode=38
391574 wine_trace 00e8:trace:key:X11DRV_KeyEvent type 2, window 1c00001, state 0x0000, keycode 39
391575 wine_trace 00e8:trace:key:X11DRV_KeyEvent XmbLookupString needs 1 byte(s)
391575 wine_trace 00e8:trace:key:X11DRV_KeyEvent nbyte = 1, status 4
391576 wine_trace 00e8:trace:key:X11DRV_KeyEvent KeyPress : keysym=73 (s), # of chars=1 / "s"
391576 wine_trace 00e8:trace:key:EVENT_event_to_vkey e->keycode = 39
391576 wine_trace 00e8:trace:key:X11DRV_KeyEvent keycode 39 converted to vkey 0x53 scan 1f
391576 wine_trace 00e8:trace:key:X11DRV_send_keyboard_input hwnd 0x20084 vkey=0053 scan=001f flags=0000
391577 wine_trace 00e8:trace:rawinput:NtUserGetRawInputData handle 0x1ee, command 0x10000003, data 0x800df0a0, data_size 0x800df108, header_size 24.
391577 wine_trace 00e8:trace:rawinput:NtUserGetRawInputData handle 0x1ee, command 0x10000003, data 0x800dec90, data_size 0x800debe0, header_size 24.
391577 wine_trace 00e8:trace:key:NtUserTranslateMessage Translating key VK_S (0053), scancode 001f
391577 wine_trace 00e8:trace:keyboard:NtUserToUnicodeEx virt 0x53, scan 0x1f, state 0x14087f8d0, str 0x14087f8c0, size 8, flags 0, layout 0x4090409.
391577 wine_trace 00e8:trace:key:X11DRV_ToUnicodeEx AltGrMask = 0000
391578 wine_trace 00e8:trace:key:X11DRV_ToUnicodeEx (0053, 001F) : faked state = 0x0000
391578 wine_trace 00e8:trace:key:EVENT_event_to_vkey e->keycode = 39
391578 wine_trace 00e8:trace:key:X11DRV_ToUnicodeEx Found keycode 39
391578 wine_trace 00e8:trace:key:X11DRV_ToUnicodeEx type 2, window 1c00001, state 0x0000, keycode 39
391578 wine_trace 00e8:trace:key:X11DRV_ToUnicodeEx XmbLookupString needs 1 byte(s)
391579 wine_trace 00e8:trace:key:X11DRV_ToUnicodeEx nbyte = 1, status 0x4
391579 wine_trace 00e8:trace:key:X11DRV_ToUnicodeEx KeyPress : keysym=73 (s), # of chars=1 / "s"
391579 wine_trace 00e8:trace:key:X11DRV_ToUnicodeEx Translating char 0x73 to unicode
391579 wine_trace 00e8:trace:key:X11DRV_ToUnicodeEx returning 1 with L"s"
391579 wine_trace 00e8:trace:key:NtUserTranslateMessage 1 -> PostMessageW(0x20084,WM_CHAR,<x>,001f0001) for <x> in L"s"
391631 binding_release binding=KEY_W,keycode=25
391631 inject_release keycode=25
391631 keyboard_release_suppressed reason=not_pressed_or_sticky,keycode=25
391631 binding_release binding=KEY_D,keycode=40
391632 inject_release keycode=40
391632 keyboard_release_suppressed reason=not_pressed_or_sticky,keycode=40
391632 binding_press binding=KEY_S,keycode=39
391632 inject_press keycode=39,keysym=0
391632 keyboard_press_suppressed reason=already_pressed,keycode=39
391632 binding_release binding=KEY_A,keycode=38
391632 inject_release keycode=38
391632 keyboard_release_suppressed reason=not_pressed_or_sticky,keycode=38
391681 binding_release binding=KEY_W,keycode=25
391681 inject_release keycode=25
391681 keyboard_release_suppressed reason=not_pressed_or_sticky,keycode=25
391681 binding_release binding=KEY_D,keycode=40
391681 inject_release keycode=40
391681 keyboard_release_suppressed reason=not_pressed_or_sticky,keycode=40
391682 binding_press binding=KEY_S,keycode=39
391682 inject_press keycode=39,keysym=0
391682 keyboard_press_suppressed reason=already_pressed,keycode=39
391682 binding_release binding=KEY_A,keycode=38
391682 inject_release keycode=38
391682 keyboard_release_suppressed reason=not_pressed_or_sticky,keycode=38
391697 binding_release binding=KEY_W,keycode=25
391698 inject_release keycode=25
391698 keyboard_release_suppressed reason=not_pressed_or_sticky,keycode=25
391698 binding_release binding=KEY_D,keycode=40
391698 inject_release keycode=40
391698 keyboard_release_suppressed reason=not_pressed_or_sticky,keycode=40
391698 binding_press binding=KEY_S,keycode=39
391698 inject_press keycode=39,keysym=0
391698 keyboard_press_suppressed reason=already_pressed,keycode=39
391698 binding_release binding=KEY_A,keycode=38
391698 inject_release keycode=38
391698 keyboard_release_suppressed reason=not_pressed_or_sticky,keycode=38
391715 binding_release binding=KEY_W,keycode=25
391715 inject_release keycode=25
391716 keyboard_release_suppressed reason=not_pressed_or_sticky,keycode=25
391716 binding_release binding=KEY_D,keycode=40
391716 inject_release keycode=40
391716 keyboard_release_suppressed reason=not_pressed_or_sticky,keycode=40
391716 binding_press binding=KEY_S,keycode=39
391716 inject_press keycode=39,keysym=0
391716 keyboard_press_suppressed reason=already_pressed,keycode=39
391716 binding_release binding=KEY_A,keycode=38
391716 inject_release keycode=38
391716 keyboard_release_suppressed reason=not_pressed_or_sticky,keycode=38
391731 binding_release binding=KEY_W,keycode=25
391731 inject_release keycode=25
391731 keyboard_release_suppressed reason=not_pressed_or_sticky,keycode=25
391731 binding_release binding=KEY_D,keycode=40
391731 inject_release keycode=40
391731 keyboard_release_suppressed reason=not_pressed_or_sticky,keycode=40
391731 binding_press binding=KEY_S,keycode=39
391731 inject_press keycode=39,keysym=0
391731 keyboard_press_suppressed reason=already_pressed,keycode=39
391731 binding_release binding=KEY_A,keycode=38
391731 inject_release keycode=38
391731 keyboard_release_suppressed reason=not_pressed_or_sticky,keycode=38
391747 binding_release binding=KEY_W,keycode=25
391748 inject_release keycode=25
391748 keyboard_release_suppressed reason=not_pressed_or_sticky,keycode=25
391748 binding_release binding=KEY_D,keycode=40
391748 inject_release keycode=40
391748 keyboard_release_suppressed reason=not_pressed_or_sticky,keycode=40
391748 binding_press binding=KEY_S,keycode=39
391748 inject_press keycode=39,keysym=0
391748 keyboard_press_suppressed reason=already_pressed,keycode=39
391748 binding_release binding=KEY_A,keycode=38
391748 inject_release keycode=38
391748 keyboard_release_suppressed reason=not_pressed_or_sticky,keycode=38
391766 binding_release binding=KEY_W,keycode=25
391767 inject_release keycode=25
391767 keyboard_release_suppressed reason=not_pressed_or_sticky,keycode=25
391767 binding_release binding=KEY_D,keycode=40
391767 inject_release keycode=40
391767 keyboard_release_suppressed reason=not_pressed_or_sticky,keycode=40
391767 binding_press binding=KEY_S,keycode=39
391767 inject_press keycode=39,keysym=0
391767 keyboard_press_suppressed reason=already_pressed,keycode=39
391767 binding_release binding=KEY_A,keycode=38
391767 inject_release keycode=38
391767 keyboard_release_suppressed reason=not_pressed_or_sticky,keycode=38
391814 binding_release binding=KEY_W,keycode=25
391815 inject_release keycode=25
391815 keyboard_release_suppressed reason=not_pressed_or_sticky,keycode=25
391815 binding_release binding=KEY_D,keycode=40
391815 inject_release keycode=40
391815 keyboard_release_suppressed reason=not_pressed_or_sticky,keycode=40
391815 binding_press binding=KEY_S,keycode=39
391815 inject_press keycode=39,keysym=0
391815 keyboard_press_suppressed reason=already_pressed,keycode=39
391815 binding_release binding=KEY_A,keycode=38
391815 inject_release keycode=38
391815 keyboard_release_suppressed reason=not_pressed_or_sticky,keycode=38
391913 binding_release binding=KEY_W,keycode=25
391913 inject_release keycode=25
391914 keyboard_release_suppressed reason=not_pressed_or_sticky,keycode=25
391914 binding_release binding=KEY_D,keycode=40
391914 inject_release keycode=40
391914 keyboard_release_suppressed reason=not_pressed_or_sticky,keycode=40
391914 binding_press binding=KEY_S,keycode=39
391914 inject_press keycode=39,keysym=0
391914 keyboard_press_suppressed reason=already_pressed,keycode=39
391914 binding_release binding=KEY_A,keycode=38
391914 inject_release keycode=38
391914 keyboard_release_suppressed reason=not_pressed_or_sticky,keycode=38
391930 binding_release binding=KEY_W,keycode=25
391930 inject_release keycode=25
391930 keyboard_release_suppressed reason=not_pressed_or_sticky,keycode=25
391930 binding_release binding=KEY_D,keycode=40
391930 inject_release keycode=40
391930 keyboard_release_suppressed reason=not_pressed_or_sticky,keycode=40
391931 binding_press binding=KEY_S,keycode=39
391931 inject_press keycode=39,keysym=0
391931 keyboard_press_suppressed reason=already_pressed,keycode=39
391931 binding_release binding=KEY_A,keycode=38
391931 inject_release keycode=38
391931 keyboard_release_suppressed reason=not_pressed_or_sticky,keycode=38
391948 binding_release binding=KEY_W,keycode=25
391949 inject_release keycode=25
391949 keyboard_release_suppressed reason=not_pressed_or_sticky,keycode=25
391949 binding_release binding=KEY_D,keycode=40
391949 inject_release keycode=40
391949 keyboard_release_suppressed reason=not_pressed_or_sticky,keycode=40
391949 binding_press binding=KEY_S,keycode=39
391949 inject_press keycode=39,keysym=0
391949 keyboard_press_suppressed reason=already_pressed,keycode=39
391949 binding_release binding=KEY_A,keycode=38
391949 inject_release keycode=38
391949 keyboard_release_suppressed reason=not_pressed_or_sticky,keycode=38
391963 binding_release binding=KEY_W,keycode=25
391963 inject_release keycode=25
391963 keyboard_release_suppressed reason=not_pressed_or_sticky,keycode=25
391964 binding_release binding=KEY_D,keycode=40
391964 inject_release keycode=40
391964 keyboard_release_suppressed reason=not_pressed_or_sticky,keycode=40
391964 binding_press binding=KEY_S,keycode=39
391964 inject_press keycode=39,keysym=0
391964 keyboard_press_suppressed reason=already_pressed,keycode=39
391964 binding_release binding=KEY_A,keycode=38
391964 inject_release keycode=38
391964 keyboard_release_suppressed reason=not_pressed_or_sticky,keycode=38
391982 binding_release binding=KEY_S,keycode=39
391982 inject_release keycode=39
391982 key_release_received keycode=39,focus={id=29360129,parent=25165831,name=DAVE THE DIVER,class=davethediver.exe,mapped=true,viewable=true,enabled=true,renderable=true,surface=false,application=true,keyPress=true,keyRelease=true,focusChange=true},point={id=16777331,parent=29360129,name=,class=,mapped=true,viewable=true,enabled=true,renderable=true,surface=false,application=false,keyPress=false,keyRelease=false,focusChange=false}
391982 key_release_ancestor_target target={id=29360129,parent=25165831,name=DAVE THE DIVER,class=davethediver.exe,mapped=true,viewable=true,enabled=true,renderable=true,surface=false,application=true,keyPress=true,keyRelease=true,focusChange=true}
391983 key_release_sent keycode=39,target={id=29360129,parent=25165831,name=DAVE THE DIVER,class=davethediver.exe,mapped=true,viewable=true,enabled=true,renderable=true,surface=false,application=true,keyPress=true,keyRelease=true,focusChange=true}
392018 wine_trace 00e8:trace:key:X11DRV_KeyEvent type 3, window 1c00001, state 0x0000, keycode 39
392018 wine_trace 00e8:trace:key:X11DRV_KeyEvent nbyte = 1, status 0
392018 wine_trace 00e8:trace:key:X11DRV_KeyEvent KeyRelease : keysym=73 (s), # of chars=1 / "s"
392018 wine_trace 00e8:trace:key:EVENT_event_to_vkey e->keycode = 39
392018 wine_trace 00e8:trace:key:X11DRV_KeyEvent keycode 39 converted to vkey 0x53 scan 1f
392019 wine_trace 00e8:trace:key:X11DRV_send_keyboard_input hwnd 0x20084 vkey=0053 scan=001f flags=0002
392019 wine_trace 00e8:trace:rawinput:NtUserGetRawInputData handle 0x1f0, command 0x10000003, data 0x800df0a0, data_size 0x800df108, header_size 24.
392019 wine_trace 00e8:trace:rawinput:NtUserGetRawInputData handle 0x1f0, command 0x10000003, data 0x800dec90, data_size 0x800debe0, header_size 24.
402148 wine_trace 00e8:trace:rawinput:NtUserGetRawInputData handle 0x1f2, command 0x10000003, data 0x800df0a0, data_size 0x800df108, header_size 24.
402148 wine_trace 00e8:trace:rawinput:NtUserGetRawInputData handle 0x1f2, command 0x10000003, data 0x800dec90, data_size 0x800debe0, header_size 24.
402201 wine_trace 00e8:trace:rawinput:NtUserGetRawInputData handle 0x1f3, command 0x10000003, data 0x800df0a0, data_size 0x800df108, header_size 24.
402201 wine_trace 00e8:trace:rawinput:NtUserGetRawInputData handle 0x1f3, command 0x10000003, data 0x800dec90, data_size 0x800debe0, header_size 24.
402239 wine_trace 00e8:trace:rawinput:NtUserGetRawInputData handle 0x1f5, command 0x10000003, data 0x800df0a0, data_size 0x800df108, header_size 24.
402241 wine_trace 00e8:trace:rawinput:NtUserGetRawInputData handle 0x1f5, command 0x10000003, data 0x800dec90, data_size 0x800debe0, header_size 24.
406523 focus_notify previous={id=29360129,parent=25165831,name=DAVE THE DIVER,class=davethediver.exe,mapped=true,viewable=true,enabled=true,renderable=true,surface=false,application=true,keyPress=true,keyRelease=true,focusChange=true},focused={id=25165831,parent=3,name=nogui - Wine Desktop,class=explorer.exe,mapped=false,viewable=false,enabled=false,renderable=false,surface=false,application=false,keyPress=true,keyRelease=true,focusChange=true},outDetail=ANCESTOR,inDetail=INFERIOR,outSelected=true,inSelected=true
406526 focus_notify previous={id=25165831,parent=3,name=nogui - Wine Desktop,class=explorer.exe,mapped=false,viewable=false,enabled=false,renderable=false,surface=false,application=false,keyPress=true,keyRelease=true,focusChange=true},focused={id=3,parent=0,name=,class=,mapped=true,viewable=true,enabled=true,renderable=true,surface=false,application=false,keyPress=false,keyRelease=false,focusChange=false},outDetail=ANCESTOR,inDetail=INFERIOR,outSelected=true,inSelected=false
