17 session_start
136 wine_trace_capture enabled=true,channels=-all,+key,+keyboard,+input,+rawinput
1187 wine_trace 0034:trace:keyboard:NtUserGetKeyboardLayoutName name 0x14012e860
1187 wine_trace 0034:trace:keyboard:NtUserGetKeyboardLayoutName ret L"00000409"
1445 wine_trace 0050:trace:keyboard:NtUserGetKeyboardLayoutName name 0x14012e860
1445 wine_trace 0050:trace:keyboard:NtUserGetKeyboardLayoutName ret L"00000409"
1508 wine_trace 0050:trace:keyboard:X11DRV_KEYBOARD_DetectLayout Attempting to match against "United States keyboard layout"
1508 wine_trace 0050:trace:keyboard:X11DRV_KEYBOARD_DetectLayout matches=0, mismatches=0, seq=0, score=0
1509 wine_trace 0050:trace:keyboard:X11DRV_KEYBOARD_DetectLayout Attempting to match against "United States keyboard layout (phantom key version)"
1509 wine_trace 0050:trace:keyboard:X11DRV_KEYBOARD_DetectLayout matches=0, mismatches=0, seq=0, score=0
1509 wine_trace 0050:trace:keyboard:X11DRV_KEYBOARD_DetectLayout Attempting to match against "United States keyboard layout (dvorak)"
1509 wine_trace 0050:trace:keyboard:X11DRV_KEYBOARD_DetectLayout matches=0, mismatches=0, seq=0, score=0
1509 wine_trace 0050:trace:keyboard:X11DRV_KEYBOARD_DetectLayout Attempting to match against "United States keyboard layout (programmer dvorak)"
1510 wine_trace 0050:trace:keyboard:X11DRV_KEYBOARD_DetectLayout matches=0, mismatches=0, seq=0, score=0
1510 wine_trace 0050:trace:keyboard:X11DRV_KEYBOARD_DetectLayout Attempting to match against "United States keyboard layout (dvorak with phantom key)"
1510 wine_trace 0050:trace:keyboard:X11DRV_KEYBOARD_DetectLayout matches=0, mismatches=0, seq=0, score=0
1510 wine_trace 0050:trace:keyboard:X11DRV_KEYBOARD_DetectLayout Attempting to match against "United States International keyboard layout"
1510 wine_trace 0050:trace:keyboard:X11DRV_KEYBOARD_DetectLayout matches=0, mismatches=0, seq=0, score=0
1510 wine_trace 0050:trace:keyboard:X11DRV_KEYBOARD_DetectLayout Attempting to match against "British keyboard layout"
1510 wine_trace 0050:trace:keyboard:X11DRV_KEYBOARD_DetectLayout matches=0, mismatches=0, seq=0, score=0
1511 wine_trace 0050:trace:keyboard:X11DRV_KEYBOARD_DetectLayout Attempting to match against "German keyboard layout"
1511 wine_trace 0050:trace:keyboard:X11DRV_KEYBOARD_DetectLayout matches=0, mismatches=0, seq=0, score=0
1511 wine_trace 0050:trace:keyboard:X11DRV_KEYBOARD_DetectLayout Attempting to match against "Swiss German keyboard layout"
1511 wine_trace 0050:trace:keyboard:X11DRV_KEYBOARD_DetectLayout matches=0, mismatches=0, seq=0, score=0
1511 wine_trace 0050:trace:keyboard:X11DRV_KEYBOARD_DetectLayout Attempting to match against "Swiss French keyboard layout"
1511 wine_trace 0050:trace:keyboard:X11DRV_KEYBOARD_DetectLayout matches=0, mismatches=0, seq=0, score=0
1512 wine_trace 0050:trace:keyboard:X11DRV_KEYBOARD_DetectLayout Attempting to match against "Swedish keyboard layout"
1512 wine_trace 0050:trace:keyboard:X11DRV_KEYBOARD_DetectLayout matches=0, mismatches=0, seq=0, score=0
1512 wine_trace 0050:trace:keyboard:X11DRV_KEYBOARD_DetectLayout Attempting to match against "Estonian keyboard layout"
1512 wine_trace 0050:trace:keyboard:X11DRV_KEYBOARD_DetectLayout matches=0, mismatches=0, seq=0, score=0
1512 wine_trace 0050:trace:keyboard:X11DRV_KEYBOARD_DetectLayout Attempting to match against "Norwegian keyboard layout"
1512 wine_trace 0050:trace:keyboard:X11DRV_KEYBOARD_DetectLayout matches=0, mismatches=0, seq=0, score=0
1512 wine_trace 0050:trace:keyboard:X11DRV_KEYBOARD_DetectLayout Attempting to match against "Danish keyboard layout"
1513 wine_trace 0050:trace:keyboard:X11DRV_KEYBOARD_DetectLayout matches=0, mismatches=0, seq=0, score=0
1513 wine_trace 0050:trace:keyboard:X11DRV_KEYBOARD_DetectLayout Attempting to match against "French keyboard layout"
1513 wine_trace 0050:trace:keyboard:X11DRV_KEYBOARD_DetectLayout matches=0, mismatches=0, seq=0, score=0
1513 wine_trace 0050:trace:keyboard:X11DRV_KEYBOARD_DetectLayout Attempting to match against "Canadian French keyboard layout"
1513 wine_trace 0050:trace:keyboard:X11DRV_KEYBOARD_DetectLayout matches=0, mismatches=0, seq=0, score=0
1513 wine_trace 0050:trace:keyboard:X11DRV_KEYBOARD_DetectLayout Attempting to match against "Canadian French keyboard layout (CA_fr)"
1514 wine_trace 0050:trace:keyboard:X11DRV_KEYBOARD_DetectLayout matches=0, mismatches=0, seq=0, score=0
1514 wine_trace 0050:trace:keyboard:X11DRV_KEYBOARD_DetectLayout Attempting to match against "Canadian keyboard layout"
1514 wine_trace 0050:trace:keyboard:X11DRV_KEYBOARD_DetectLayout matches=0, mismatches=0, seq=0, score=0
1514 wine_trace 0050:trace:keyboard:X11DRV_KEYBOARD_DetectLayout Attempting to match against "Belgian keyboard layout"
1514 wine_trace 0050:trace:keyboard:X11DRV_KEYBOARD_DetectLayout matches=0, mismatches=0, seq=0, score=0
1514 wine_trace 0050:trace:keyboard:X11DRV_KEYBOARD_DetectLayout Attempting to match against "Portuguese keyboard layout"
1515 wine_trace 0050:trace:keyboard:X11DRV_KEYBOARD_DetectLayout matches=0, mismatches=0, seq=0, score=0
1515 wine_trace 0050:trace:keyboard:X11DRV_KEYBOARD_DetectLayout Attempting to match against "Brazilian ABNT-2 keyboard layout"
1515 wine_trace 0050:trace:keyboard:X11DRV_KEYBOARD_DetectLayout matches=0, mismatches=0, seq=0, score=0
1515 wine_trace 0050:trace:keyboard:X11DRV_KEYBOARD_DetectLayout Attempting to match against "Brazilian ABNT-2 keyboard layout ALT GR"
1515 wine_trace 0050:trace:keyboard:X11DRV_KEYBOARD_DetectLayout matches=0, mismatches=0, seq=0, score=0
1515 wine_trace 0050:trace:keyboard:X11DRV_KEYBOARD_DetectLayout Attempting to match against "Finnish keyboard layout"
1516 wine_trace 0050:trace:keyboard:X11DRV_KEYBOARD_DetectLayout matches=0, mismatches=0, seq=0, score=0
1516 wine_trace 0050:trace:keyboard:X11DRV_KEYBOARD_DetectLayout Attempting to match against "Bulgarian bds keyboard layout"
1516 wine_trace 0050:trace:keyboard:X11DRV_KEYBOARD_DetectLayout matches=0, mismatches=0, seq=0, score=0
1516 wine_trace 0050:trace:keyboard:X11DRV_KEYBOARD_DetectLayout Attempting to match against "Bulgarian phonetic keyboard layout"
1516 wine_trace 0050:trace:keyboard:X11DRV_KEYBOARD_DetectLayout matches=0, mismatches=0, seq=0, score=0
1516 wine_trace 0050:trace:keyboard:X11DRV_KEYBOARD_DetectLayout Attempting to match against "Belarusian keyboard layout"
1517 wine_trace 0050:trace:keyboard:X11DRV_KEYBOARD_DetectLayout matches=0, mismatches=0, seq=0, score=0
1517 wine_trace 0050:trace:keyboard:X11DRV_KEYBOARD_DetectLayout Attempting to match against "Russian keyboard layout"
1517 wine_trace 0050:trace:keyboard:X11DRV_KEYBOARD_DetectLayout matches=0, mismatches=0, seq=0, score=0
1517 wine_trace 0050:trace:keyboard:X11DRV_KEYBOARD_DetectLayout Attempting to match against "Russian keyboard layout (phantom key version)"
1517 wine_trace 0050:trace:keyboard:X11DRV_KEYBOARD_DetectLayout matches=0, mismatches=0, seq=0, score=0
1517 wine_trace 0050:trace:keyboard:X11DRV_KEYBOARD_DetectLayout Attempting to match against "Russian keyboard layout KOI8-R"
1518 wine_trace 0050:trace:keyboard:X11DRV_KEYBOARD_DetectLayout matches=0, mismatches=0, seq=0, score=0
1518 wine_trace 0050:trace:keyboard:X11DRV_KEYBOARD_DetectLayout Attempting to match against "Russian keyboard layout cp1251"
1518 wine_trace 0050:trace:keyboard:X11DRV_KEYBOARD_DetectLayout matches=0, mismatches=0, seq=0, score=0
1518 wine_trace 0050:trace:keyboard:X11DRV_KEYBOARD_DetectLayout Attempting to match against "Russian phonetic keyboard layout"
1518 wine_trace 0050:trace:keyboard:X11DRV_KEYBOARD_DetectLayout matches=0, mismatches=0, seq=0, score=0
1518 wine_trace 0050:trace:keyboard:X11DRV_KEYBOARD_DetectLayout Attempting to match against "Ukrainian keyboard layout KOI8-U"
1518 wine_trace 0050:trace:keyboard:X11DRV_KEYBOARD_DetectLayout matches=0, mismatches=0, seq=0, score=0
1519 wine_trace 0050:trace:keyboard:X11DRV_KEYBOARD_DetectLayout Attempting to match against "Ukrainian keyboard layout (standard)"
1519 wine_trace 0050:trace:keyboard:X11DRV_KEYBOARD_DetectLayout matches=0, mismatches=0, seq=0, score=0
1519 wine_trace 0050:trace:keyboard:X11DRV_KEYBOARD_DetectLayout Attempting to match against "Russian keyboard layout (standard)"
1519 wine_trace 0050:trace:keyboard:X11DRV_KEYBOARD_DetectLayout matches=0, mismatches=0, seq=0, score=0
1519 wine_trace 0050:trace:keyboard:X11DRV_KEYBOARD_DetectLayout Attempting to match against "Spanish keyboard layout"
1519 wine_trace 0050:trace:keyboard:X11DRV_KEYBOARD_DetectLayout matches=0, mismatches=0, seq=0, score=0
1520 wine_trace 0050:trace:keyboard:X11DRV_KEYBOARD_DetectLayout Attempting to match against "Italian keyboard layout"
1520 wine_trace 0050:trace:keyboard:X11DRV_KEYBOARD_DetectLayout matches=0, mismatches=0, seq=0, score=0
1520 wine_trace 0050:trace:keyboard:X11DRV_KEYBOARD_DetectLayout Attempting to match against "Icelandic keyboard layout"
1520 wine_trace 0050:trace:keyboard:X11DRV_KEYBOARD_DetectLayout matches=0, mismatches=0, seq=0, score=0
1520 wine_trace 0050:trace:keyboard:X11DRV_KEYBOARD_DetectLayout Attempting to match against "Hungarian keyboard layout"
1520 wine_trace 0050:trace:keyboard:X11DRV_KEYBOARD_DetectLayout matches=0, mismatches=0, seq=0, score=0
1520 wine_trace 0050:trace:keyboard:X11DRV_KEYBOARD_DetectLayout Attempting to match against "Polish (programmer's) keyboard layout"
1521 wine_trace 0050:trace:keyboard:X11DRV_KEYBOARD_DetectLayout matches=0, mismatches=0, seq=0, score=0
1521 wine_trace 0050:trace:keyboard:X11DRV_KEYBOARD_DetectLayout Attempting to match against "Slovenian keyboard layout"
1521 wine_trace 0050:trace:keyboard:X11DRV_KEYBOARD_DetectLayout matches=0, mismatches=0, seq=0, score=0
1521 wine_trace 0050:trace:keyboard:X11DRV_KEYBOARD_DetectLayout Attempting to match against "Serbian keyboard layout sr"
1521 wine_trace 0050:trace:keyboard:X11DRV_KEYBOARD_DetectLayout matches=0, mismatches=0, seq=0, score=0
1521 wine_trace 0050:trace:keyboard:X11DRV_KEYBOARD_DetectLayout Attempting to match against "Serbian keyboard layout us,sr"
1522 wine_trace 0050:trace:keyboard:X11DRV_KEYBOARD_DetectLayout matches=0, mismatches=0, seq=0, score=0
1522 wine_trace 0050:trace:keyboard:X11DRV_KEYBOARD_DetectLayout Attempting to match against "Croatian keyboard layout"
1522 wine_trace 0050:trace:keyboard:X11DRV_KEYBOARD_DetectLayout matches=0, mismatches=0, seq=0, score=0
1522 wine_trace 0050:trace:keyboard:X11DRV_KEYBOARD_DetectLayout Attempting to match against "Croatian keyboard layout (specific)"
1522 wine_trace 0050:trace:keyboard:X11DRV_KEYBOARD_DetectLayout matches=0, mismatches=0, seq=0, score=0
1522 wine_trace 0050:trace:keyboard:X11DRV_KEYBOARD_DetectLayout Attempting to match against "Japanese 106 keyboard layout"
1523 wine_trace 0050:trace:keyboard:X11DRV_KEYBOARD_DetectLayout matches=0, mismatches=0, seq=0, score=0
1523 wine_trace 0050:trace:keyboard:X11DRV_KEYBOARD_DetectLayout Attempting to match against "Japanese Mac keyboard layout"
1523 wine_trace 0050:trace:keyboard:X11DRV_KEYBOARD_DetectLayout matches=0, mismatches=0, seq=0, score=0
1523 wine_trace 0050:trace:keyboard:X11DRV_KEYBOARD_DetectLayout Attempting to match against "Japanese pc98x1 keyboard layout"
1523 wine_trace 0050:trace:keyboard:X11DRV_KEYBOARD_DetectLayout matches=0, mismatches=0, seq=0, score=0
1523 wine_trace 0050:trace:keyboard:X11DRV_KEYBOARD_DetectLayout Attempting to match against "Slovak keyboard layout"
1523 wine_trace 0050:trace:keyboard:X11DRV_KEYBOARD_DetectLayout matches=0, mismatches=0, seq=0, score=0
1524 wine_trace 0050:trace:keyboard:X11DRV_KEYBOARD_DetectLayout Attempting to match against "Slovak and Czech keyboard layout without dead keys"
1524 wine_trace 0050:trace:keyboard:X11DRV_KEYBOARD_DetectLayout matches=0, mismatches=0, seq=0, score=0
1524 wine_trace 0050:trace:keyboard:X11DRV_KEYBOARD_DetectLayout Attempting to match against "Czech keyboard layout"
1524 wine_trace 0050:trace:keyboard:X11DRV_KEYBOARD_DetectLayout matches=0, mismatches=0, seq=0, score=0
1524 wine_trace 0050:trace:keyboard:X11DRV_KEYBOARD_DetectLayout Attempting to match against "Czech keyboard layout cz"
1524 wine_trace 0050:trace:keyboard:X11DRV_KEYBOARD_DetectLayout matches=0, mismatches=0, seq=0, score=0
1524 wine_trace 0050:trace:keyboard:X11DRV_KEYBOARD_DetectLayout Attempting to match against "Czech keyboard layout cz_qwerty"
1525 wine_trace 0050:trace:keyboard:X11DRV_KEYBOARD_DetectLayout matches=0, mismatches=0, seq=0, score=0
1525 wine_trace 0050:trace:keyboard:X11DRV_KEYBOARD_DetectLayout Attempting to match against "Latin American keyboard layout"
1525 wine_trace 0050:trace:keyboard:X11DRV_KEYBOARD_DetectLayout matches=0, mismatches=0, seq=0, score=0
1525 wine_trace 0050:trace:keyboard:X11DRV_KEYBOARD_DetectLayout Attempting to match against "Lithuanian (Baltic) keyboard layout"
1525 wine_trace 0050:trace:keyboard:X11DRV_KEYBOARD_DetectLayout matches=0, mismatches=0, seq=0, score=0
1525 wine_trace 0050:trace:keyboard:X11DRV_KEYBOARD_DetectLayout Attempting to match against "Turkish keyboard layout"
1525 wine_trace 0050:trace:keyboard:X11DRV_KEYBOARD_DetectLayout matches=0, mismatches=0, seq=0, score=0
1526 wine_trace 0050:trace:keyboard:X11DRV_KEYBOARD_DetectLayout Attempting to match against "Turkish keyboard layout tr"
1526 wine_trace 0050:trace:keyboard:X11DRV_KEYBOARD_DetectLayout matches=0, mismatches=0, seq=0, score=0
1526 wine_trace 0050:trace:keyboard:X11DRV_KEYBOARD_DetectLayout Attempting to match against "Turkish keyboard layout trf"
1526 wine_trace 0050:trace:keyboard:X11DRV_KEYBOARD_DetectLayout matches=0, mismatches=0, seq=0, score=0
1526 wine_trace 0050:trace:keyboard:X11DRV_KEYBOARD_DetectLayout Attempting to match against "Israelian keyboard layout"
1526 wine_trace 0050:trace:keyboard:X11DRV_KEYBOARD_DetectLayout matches=0, mismatches=0, seq=0, score=0
1527 wine_trace 0050:trace:keyboard:X11DRV_KEYBOARD_DetectLayout Attempting to match against "Israelian phonetic keyboard layout"
1527 wine_trace 0050:trace:keyboard:X11DRV_KEYBOARD_DetectLayout matches=0, mismatches=0, seq=0, score=0
1527 wine_trace 0050:trace:keyboard:X11DRV_KEYBOARD_DetectLayout Attempting to match against "Israelian Saharon keyboard layout"
1527 wine_trace 0050:trace:keyboard:X11DRV_KEYBOARD_DetectLayout matches=0, mismatches=0, seq=0, score=0
1527 wine_trace 0050:trace:keyboard:X11DRV_KEYBOARD_DetectLayout Attempting to match against "VNC keyboard layout"
1527 wine_trace 0050:trace:keyboard:X11DRV_KEYBOARD_DetectLayout matches=0, mismatches=0, seq=0, score=0
1528 wine_trace 0050:trace:keyboard:X11DRV_KEYBOARD_DetectLayout Attempting to match against "Greek keyboard layout"
1528 wine_trace 0050:trace:keyboard:X11DRV_KEYBOARD_DetectLayout matches=0, mismatches=0, seq=0, score=0
1528 wine_trace 0050:trace:keyboard:X11DRV_KEYBOARD_DetectLayout Attempting to match against "Thai (Kedmanee)  keyboard layout"
1528 wine_trace 0050:trace:keyboard:X11DRV_KEYBOARD_DetectLayout matches=0, mismatches=0, seq=0, score=0
1528 wine_trace 0050:trace:keyboard:X11DRV_KEYBOARD_DetectLayout Attempting to match against "Dutch keyboard layout"
1528 wine_trace 0050:trace:keyboard:X11DRV_KEYBOARD_DetectLayout matches=0, mismatches=0, seq=0, score=0
1528 wine_trace 0050:trace:keyboard:X11DRV_KEYBOARD_DetectLayout detected layout is "United States keyboard layout"
1528 wine_trace 0050:trace:keyboard:X11DRV_InitKeyboard keycode 8 => vkey 0000
1528 wine_trace 0050:trace:keyboard:X11DRV_InitKeyboard keycode 9 => vkey 001B
1528 wine_trace 0050:trace:keyboard:X11DRV_InitKeyboard keycode 10 => vkey 0000
1528 wine_trace 0050:trace:keyboard:X11DRV_InitKeyboard keycode 11 => vkey 0000
1529 wine_trace 0050:trace:keyboard:X11DRV_InitKeyboard keycode 12 => vkey 0000
1529 wine_trace 0050:trace:keyboard:X11DRV_InitKeyboard keycode 13 => vkey 0000
1529 wine_trace 0050:trace:keyboard:X11DRV_InitKeyboard keycode 14 => vkey 0000
1529 wine_trace 0050:trace:keyboard:X11DRV_InitKeyboard keycode 15 => vkey 0000
1529 wine_trace 0050:trace:keyboard:X11DRV_InitKeyboard keycode 16 => vkey 0000
1529 wine_trace 0050:trace:keyboard:X11DRV_InitKeyboard keycode 17 => vkey 0000
1529 wine_trace 0050:trace:keyboard:X11DRV_InitKeyboard keycode 18 => vkey 0000
1529 wine_trace 0050:trace:keyboard:X11DRV_InitKeyboard keycode 19 => vkey 0000
1529 wine_trace 0050:trace:keyboard:X11DRV_InitKeyboard keycode 20 => vkey 0000
1529 wine_trace 0050:trace:keyboard:X11DRV_InitKeyboard keycode 21 => vkey 0000
1529 wine_trace 0050:trace:keyboard:X11DRV_InitKeyboard keycode 22 => vkey 0008
1529 wine_trace 0050:trace:keyboard:X11DRV_InitKeyboard keycode 23 => vkey 0009
1530 wine_trace 0050:trace:keyboard:X11DRV_InitKeyboard keycode 24 => vkey 0000
1530 wine_trace 0050:trace:keyboard:X11DRV_InitKeyboard keycode 25 => vkey 0000
1530 wine_trace 0050:trace:keyboard:X11DRV_InitKeyboard keycode 26 => vkey 0000
1530 wine_trace 0050:trace:keyboard:X11DRV_InitKeyboard keycode 27 => vkey 0000
1530 wine_trace 0050:trace:keyboard:X11DRV_InitKeyboard keycode 28 => vkey 0000
1530 wine_trace 0050:trace:keyboard:X11DRV_InitKeyboard keycode 29 => vkey 0000
1530 wine_trace 0050:trace:keyboard:X11DRV_InitKeyboard keycode 30 => vkey 0000
1530 wine_trace 0050:trace:keyboard:X11DRV_InitKeyboard keycode 31 => vkey 0000
1530 wine_trace 0050:trace:keyboard:X11DRV_InitKeyboard keycode 32 => vkey 0000
1530 wine_trace 0050:trace:keyboard:X11DRV_InitKeyboard keycode 33 => vkey 0000
1530 wine_trace 0050:trace:keyboard:X11DRV_InitKeyboard keycode 34 => vkey 0000
1530 wine_trace 0050:trace:keyboard:X11DRV_InitKeyboard keycode 35 => vkey 0000
1531 wine_trace 0050:trace:keyboard:X11DRV_InitKeyboard keycode 36 => vkey 000D
1531 wine_trace 0050:trace:keyboard:X11DRV_InitKeyboard keycode 37 => vkey 00A2
1531 wine_trace 0050:trace:keyboard:X11DRV_InitKeyboard keycode 38 => vkey 0000
1531 wine_trace 0050:trace:keyboard:X11DRV_InitKeyboard keycode 39 => vkey 0000
1531 wine_trace 0050:trace:keyboard:X11DRV_InitKeyboard keycode 40 => vkey 0000
1531 wine_trace 0050:trace:keyboard:X11DRV_InitKeyboard keycode 41 => vkey 0000
1531 wine_trace 0050:trace:keyboard:X11DRV_InitKeyboard keycode 42 => vkey 0000
1531 wine_trace 0050:trace:keyboard:X11DRV_InitKeyboard keycode 43 => vkey 0000
1531 wine_trace 0050:trace:keyboard:X11DRV_InitKeyboard keycode 44 => vkey 0000
1531 wine_trace 0050:trace:keyboard:X11DRV_InitKeyboard keycode 45 => vkey 0000
1531 wine_trace 0050:trace:keyboard:X11DRV_InitKeyboard keycode 46 => vkey 0000
1531 wine_trace 0050:trace:keyboard:X11DRV_InitKeyboard keycode 47 => vkey 0000
1532 wine_trace 0050:trace:keyboard:X11DRV_InitKeyboard keycode 48 => vkey 0000
1532 wine_trace 0050:trace:keyboard:X11DRV_InitKeyboard keycode 49 => vkey 0000
1532 wine_trace 0050:trace:keyboard:X11DRV_InitKeyboard keycode 50 => vkey 00A0
1532 wine_trace 0050:trace:keyboard:X11DRV_InitKeyboard keycode 51 => vkey 0000
1532 wine_trace 0050:trace:keyboard:X11DRV_InitKeyboard keycode 52 => vkey 0000
1532 wine_trace 0050:trace:keyboard:X11DRV_InitKeyboard keycode 53 => vkey 0000
1532 wine_trace 0050:trace:keyboard:X11DRV_InitKeyboard keycode 54 => vkey 0000
1532 wine_trace 0050:trace:keyboard:X11DRV_InitKeyboard keycode 55 => vkey 0000
1532 wine_trace 0050:trace:keyboard:X11DRV_InitKeyboard keycode 56 => vkey 0000
1532 wine_trace 0050:trace:keyboard:X11DRV_InitKeyboard keycode 57 => vkey 0000
1532 wine_trace 0050:trace:keyboard:X11DRV_InitKeyboard keycode 58 => vkey 0000
1532 wine_trace 0050:trace:keyboard:X11DRV_InitKeyboard keycode 59 => vkey 0000
1533 wine_trace 0050:trace:keyboard:X11DRV_InitKeyboard keycode 60 => vkey 0000
1533 wine_trace 0050:trace:keyboard:X11DRV_InitKeyboard keycode 61 => vkey 0000
1533 wine_trace 0050:trace:keyboard:X11DRV_InitKeyboard keycode 62 => vkey 01A1
1533 wine_trace 0050:trace:keyboard:X11DRV_InitKeyboard keycode 63 => vkey 006A
1533 wine_trace 0050:trace:keyboard:X11DRV_InitKeyboard keycode 64 => vkey 00A4
1533 wine_trace 0050:trace:keyboard:X11DRV_InitKeyboard keycode 65 => vkey 0020
1533 wine_trace 0050:trace:keyboard:X11DRV_InitKeyboard keycode 66 => vkey 0000
1533 wine_trace 0050:trace:keyboard:X11DRV_InitKeyboard keycode 67 => vkey 0070
1533 wine_trace 0050:trace:keyboard:X11DRV_InitKeyboard keycode 68 => vkey 0071
1533 wine_trace 0050:trace:keyboard:X11DRV_InitKeyboard keycode 69 => vkey 0072
1533 wine_trace 0050:trace:keyboard:X11DRV_InitKeyboard keycode 70 => vkey 0073
1533 wine_trace 0050:trace:keyboard:X11DRV_InitKeyboard keycode 71 => vkey 0074
1534 wine_trace 0050:trace:keyboard:X11DRV_InitKeyboard keycode 72 => vkey 0075
1534 wine_trace 0050:trace:keyboard:X11DRV_InitKeyboard keycode 73 => vkey 0076
1534 wine_trace 0050:trace:keyboard:X11DRV_InitKeyboard keycode 74 => vkey 0077
1534 wine_trace 0050:trace:keyboard:X11DRV_InitKeyboard keycode 75 => vkey 0078
1534 wine_trace 0050:trace:keyboard:X11DRV_InitKeyboard keycode 76 => vkey 0079
1534 wine_trace 0050:trace:keyboard:X11DRV_InitKeyboard keycode 77 => vkey 0000
1534 wine_trace 0050:trace:keyboard:X11DRV_InitKeyboard keycode 78 => vkey 0000
1534 wine_trace 0050:trace:keyboard:X11DRV_InitKeyboard keycode 79 => vkey 0067
1534 wine_trace 0050:trace:keyboard:X11DRV_InitKeyboard keycode 80 => vkey 0068
1534 wine_trace 0050:trace:keyboard:X11DRV_InitKeyboard keycode 81 => vkey 0069
1534 wine_trace 0050:trace:keyboard:X11DRV_InitKeyboard keycode 82 => vkey 006D
1534 wine_trace 0050:trace:keyboard:X11DRV_InitKeyboard keycode 83 => vkey 0064
1535 wine_trace 0050:trace:keyboard:X11DRV_InitKeyboard keycode 84 => vkey 0065
1535 wine_trace 0050:trace:keyboard:X11DRV_InitKeyboard keycode 85 => vkey 0066
1535 wine_trace 0050:trace:keyboard:X11DRV_InitKeyboard keycode 86 => vkey 006B
1535 wine_trace 0050:trace:keyboard:X11DRV_InitKeyboard keycode 87 => vkey 0061
1535 wine_trace 0050:trace:keyboard:X11DRV_InitKeyboard keycode 88 => vkey 0062
1535 wine_trace 0050:trace:keyboard:X11DRV_InitKeyboard keycode 89 => vkey 0063
1535 wine_trace 0050:trace:keyboard:X11DRV_InitKeyboard keycode 90 => vkey 0060
1535 wine_trace 0050:trace:keyboard:X11DRV_InitKeyboard keycode 91 => vkey 002E
1535 wine_trace 0050:trace:keyboard:X11DRV_InitKeyboard keycode 92 => vkey 0000
1535 wine_trace 0050:trace:keyboard:X11DRV_InitKeyboard keycode 93 => vkey 0000
1535 wine_trace 0050:trace:keyboard:X11DRV_InitKeyboard keycode 94 => vkey 0000
1535 wine_trace 0050:trace:keyboard:X11DRV_InitKeyboard keycode 95 => vkey 007A
1536 wine_trace 0050:trace:keyboard:X11DRV_InitKeyboard keycode 96 => vkey 007B
1536 wine_trace 0050:trace:keyboard:X11DRV_InitKeyboard keycode 97 => vkey 0000
1536 wine_trace 0050:trace:keyboard:X11DRV_InitKeyboard keycode 98 => vkey 0000
1536 wine_trace 0050:trace:keyboard:X11DRV_InitKeyboard keycode 99 => vkey 0000
1536 wine_trace 0050:trace:keyboard:X11DRV_InitKeyboard keycode 100 => vkey 0000
1536 wine_trace 0050:trace:keyboard:X11DRV_InitKeyboard keycode 101 => vkey 0000
1536 wine_trace 0050:trace:keyboard:X11DRV_InitKeyboard keycode 102 => vkey 0000
1536 wine_trace 0050:trace:keyboard:X11DRV_InitKeyboard keycode 103 => vkey 0000
1536 wine_trace 0050:trace:keyboard:X11DRV_InitKeyboard keycode 104 => vkey 0000
1536 wine_trace 0050:trace:keyboard:X11DRV_InitKeyboard keycode 105 => vkey 01A3
1536 wine_trace 0050:trace:keyboard:X11DRV_InitKeyboard keycode 106 => vkey 016F
1537 wine_trace 0050:trace:keyboard:X11DRV_InitKeyboard keycode 107 => vkey 0000
1537 wine_trace 0050:trace:keyboard:X11DRV_InitKeyboard keycode 108 => vkey 01A5
1537 wine_trace 0050:trace:keyboard:X11DRV_InitKeyboard keycode 109 => vkey 0000
1537 wine_trace 0050:trace:keyboard:X11DRV_InitKeyboard keycode 110 => vkey 0124
1537 wine_trace 0050:trace:keyboard:X11DRV_InitKeyboard keycode 111 => vkey 0126
1537 wine_trace 0050:trace:keyboard:X11DRV_InitKeyboard keycode 112 => vkey 0121
1537 wine_trace 0050:trace:keyboard:X11DRV_InitKeyboard keycode 113 => vkey 0125
1537 wine_trace 0050:trace:keyboard:X11DRV_InitKeyboard keycode 114 => vkey 0127
1537 wine_trace 0050:trace:keyboard:X11DRV_InitKeyboard keycode 115 => vkey 0123
1537 wine_trace 0050:trace:keyboard:X11DRV_InitKeyboard keycode 116 => vkey 0128
1537 wine_trace 0050:trace:keyboard:X11DRV_InitKeyboard keycode 117 => vkey 0122
1537 wine_trace 0050:trace:keyboard:X11DRV_InitKeyboard keycode 118 => vkey 012D
1537 wine_trace 0050:trace:keyboard:X11DRV_InitKeyboard keycode 119 => vkey 012E
1538 wine_trace 0050:warn:keyboard:X11DRV_InitKeyboard vkey 012E is being used by more than one keycode
1538 wine_trace 0050:trace:keyboard:X11DRV_InitKeyboard keycode 120 => vkey 0000
1538 wine_trace 0050:trace:keyboard:X11DRV_InitKeyboard keycode 121 => vkey 0000
1538 wine_trace 0050:trace:keyboard:X11DRV_InitKeyboard keycode 122 => vkey 0000
1538 wine_trace 0050:trace:keyboard:X11DRV_InitKeyboard keycode 123 => vkey 0000
1538 wine_trace 0050:trace:keyboard:X11DRV_InitKeyboard keycode 124 => vkey 0000
1538 wine_trace 0050:trace:keyboard:X11DRV_InitKeyboard keycode 125 => vkey 0000
1538 wine_trace 0050:trace:keyboard:X11DRV_InitKeyboard keycode 126 => vkey 0000
1538 wine_trace 0050:trace:keyboard:X11DRV_InitKeyboard keycode 127 => vkey 0000
1538 wine_trace 0050:trace:keyboard:X11DRV_InitKeyboard keycode 128 => vkey 0000
1538 wine_trace 0050:trace:keyboard:X11DRV_InitKeyboard keycode 129 => vkey 0000
1538 wine_trace 0050:trace:keyboard:X11DRV_InitKeyboard keycode 130 => vkey 0000
1539 wine_trace 0050:trace:keyboard:X11DRV_InitKeyboard keycode 131 => vkey 0000
1539 wine_trace 0050:trace:keyboard:X11DRV_InitKeyboard keycode 132 => vkey 0000
1539 wine_trace 0050:trace:keyboard:X11DRV_InitKeyboard keycode 133 => vkey 0000
1539 wine_trace 0050:trace:keyboard:X11DRV_InitKeyboard keycode 134 => vkey 0000
1539 wine_trace 0050:trace:keyboard:X11DRV_InitKeyboard keycode 135 => vkey 0000
1539 wine_trace 0050:trace:keyboard:X11DRV_InitKeyboard keycode 136 => vkey 0000
1539 wine_trace 0050:trace:keyboard:X11DRV_InitKeyboard keycode 137 => vkey 0000
1539 wine_trace 0050:trace:keyboard:X11DRV_InitKeyboard keycode 138 => vkey 0000
1539 wine_trace 0050:trace:keyboard:X11DRV_InitKeyboard keycode 139 => vkey 0000
1539 wine_trace 0050:trace:keyboard:X11DRV_InitKeyboard keycode 140 => vkey 0000
1539 wine_trace 0050:trace:keyboard:X11DRV_InitKeyboard keycode 141 => vkey 0000
1540 wine_trace 0050:trace:keyboard:X11DRV_InitKeyboard keycode 142 => vkey 0000
1540 wine_trace 0050:trace:keyboard:X11DRV_InitKeyboard keycode 143 => vkey 0000
1540 wine_trace 0050:trace:keyboard:X11DRV_InitKeyboard keycode 144 => vkey 0000
1540 wine_trace 0050:trace:keyboard:X11DRV_InitKeyboard keycode 145 => vkey 0000
1540 wine_trace 0050:trace:keyboard:X11DRV_InitKeyboard keycode 146 => vkey 0000
1540 wine_trace 0050:trace:keyboard:X11DRV_InitKeyboard keycode 147 => vkey 0000
1540 wine_trace 0050:trace:keyboard:X11DRV_InitKeyboard keycode 148 => vkey 0000
1540 wine_trace 0050:trace:keyboard:X11DRV_InitKeyboard keycode 149 => vkey 0000
1540 wine_trace 0050:trace:keyboard:X11DRV_InitKeyboard keycode 150 => vkey 0000
1540 wine_trace 0050:trace:keyboard:X11DRV_InitKeyboard keycode 151 => vkey 0000
1540 wine_trace 0050:trace:keyboard:X11DRV_InitKeyboard keycode 152 => vkey 0000
1540 wine_trace 0050:trace:keyboard:X11DRV_InitKeyboard keycode 153 => vkey 0000
1541 wine_trace 0050:trace:keyboard:X11DRV_InitKeyboard keycode 154 => vkey 0000
1541 wine_trace 0050:trace:keyboard:X11DRV_InitKeyboard keycode 155 => vkey 0000
1541 wine_trace 0050:trace:keyboard:X11DRV_InitKeyboard keycode 156 => vkey 0000
1541 wine_trace 0050:trace:keyboard:X11DRV_InitKeyboard keycode 157 => vkey 0000
1541 wine_trace 0050:trace:keyboard:X11DRV_InitKeyboard keycode 158 => vkey 0000
1541 wine_trace 0050:trace:keyboard:X11DRV_InitKeyboard keycode 159 => vkey 0000
1541 wine_trace 0050:trace:keyboard:X11DRV_InitKeyboard keycode 160 => vkey 0000
1541 wine_trace 0050:trace:keyboard:X11DRV_InitKeyboard keycode 161 => vkey 0000
1541 wine_trace 0050:trace:keyboard:X11DRV_InitKeyboard keycode 162 => vkey 0000
1541 wine_trace 0050:trace:keyboard:X11DRV_InitKeyboard keycode 163 => vkey 0000
1541 wine_trace 0050:trace:keyboard:X11DRV_InitKeyboard keycode 164 => vkey 0000
1541 wine_trace 0050:trace:keyboard:X11DRV_InitKeyboard keycode 165 => vkey 0000
1541 wine_trace 0050:trace:keyboard:X11DRV_InitKeyboard keycode 166 => vkey 0000
1542 wine_trace 0050:trace:keyboard:X11DRV_InitKeyboard keycode 167 => vkey 0000
1542 wine_trace 0050:trace:keyboard:X11DRV_InitKeyboard keycode 168 => vkey 0000
1542 wine_trace 0050:trace:keyboard:X11DRV_InitKeyboard keycode 169 => vkey 0000
1542 wine_trace 0050:trace:keyboard:X11DRV_InitKeyboard keycode 170 => vkey 0000
1542 wine_trace 0050:trace:keyboard:X11DRV_InitKeyboard keycode 171 => vkey 0000
1542 wine_trace 0050:trace:keyboard:X11DRV_InitKeyboard keycode 172 => vkey 0000
1542 wine_trace 0050:trace:keyboard:X11DRV_InitKeyboard keycode 173 => vkey 0000
1542 wine_trace 0050:trace:keyboard:X11DRV_InitKeyboard keycode 174 => vkey 0000
1542 wine_trace 0050:trace:keyboard:X11DRV_InitKeyboard keycode 175 => vkey 0000
1542 wine_trace 0050:trace:keyboard:X11DRV_InitKeyboard keycode 176 => vkey 0000
1542 wine_trace 0050:trace:keyboard:X11DRV_InitKeyboard keycode 177 => vkey 0000
1542 wine_trace 0050:trace:keyboard:X11DRV_InitKeyboard keycode 178 => vkey 0000
1542 wine_trace 0050:trace:keyboard:X11DRV_InitKeyboard keycode 179 => vkey 0000
1543 wine_trace 0050:trace:keyboard:X11DRV_InitKeyboard keycode 180 => vkey 0000
1543 wine_trace 0050:trace:keyboard:X11DRV_InitKeyboard keycode 181 => vkey 0000
1543 wine_trace 0050:trace:keyboard:X11DRV_InitKeyboard keycode 182 => vkey 0000
1543 wine_trace 0050:trace:keyboard:X11DRV_InitKeyboard keycode 183 => vkey 0000
1543 wine_trace 0050:trace:keyboard:X11DRV_InitKeyboard keycode 184 => vkey 0000
1543 wine_trace 0050:trace:keyboard:X11DRV_InitKeyboard keycode 185 => vkey 0000
1543 wine_trace 0050:trace:keyboard:X11DRV_InitKeyboard keycode 186 => vkey 0000
1543 wine_trace 0050:trace:keyboard:X11DRV_InitKeyboard keycode 187 => vkey 0000
1543 wine_trace 0050:trace:keyboard:X11DRV_InitKeyboard keycode 188 => vkey 0000
1543 wine_trace 0050:trace:keyboard:X11DRV_InitKeyboard keycode 189 => vkey 0000
1543 wine_trace 0050:trace:keyboard:X11DRV_InitKeyboard keycode 190 => vkey 0000
1543 wine_trace 0050:trace:keyboard:X11DRV_InitKeyboard keycode 191 => vkey 0000
1544 wine_trace 0050:trace:keyboard:X11DRV_InitKeyboard keycode 192 => vkey 0000
1544 wine_trace 0050:trace:keyboard:X11DRV_InitKeyboard keycode 193 => vkey 0000
1544 wine_trace 0050:trace:keyboard:X11DRV_InitKeyboard keycode 194 => vkey 0000
1544 wine_trace 0050:trace:keyboard:X11DRV_InitKeyboard keycode 195 => vkey 0000
1544 wine_trace 0050:trace:keyboard:X11DRV_InitKeyboard keycode 196 => vkey 0000
1544 wine_trace 0050:trace:keyboard:X11DRV_InitKeyboard keycode 197 => vkey 0000
1544 wine_trace 0050:trace:keyboard:X11DRV_InitKeyboard keycode 198 => vkey 0000
1544 wine_trace 0050:trace:keyboard:X11DRV_InitKeyboard keycode 199 => vkey 0000
1544 wine_trace 0050:trace:keyboard:X11DRV_InitKeyboard keycode 200 => vkey 0000
1544 wine_trace 0050:trace:keyboard:X11DRV_InitKeyboard keycode 201 => vkey 0000
1544 wine_trace 0050:trace:keyboard:X11DRV_InitKeyboard keycode 202 => vkey 0000
1544 wine_trace 0050:trace:keyboard:X11DRV_InitKeyboard keycode 203 => vkey 0000
1545 wine_trace 0050:trace:keyboard:X11DRV_InitKeyboard keycode 204 => vkey 0000
1545 wine_trace 0050:trace:keyboard:X11DRV_InitKeyboard keycode 205 => vkey 0000
1545 wine_trace 0050:trace:keyboard:X11DRV_InitKeyboard keycode 206 => vkey 0000
1545 wine_trace 0050:trace:keyboard:X11DRV_InitKeyboard keycode 207 => vkey 0000
1545 wine_trace 0050:trace:keyboard:X11DRV_InitKeyboard keycode 208 => vkey 0000
1545 wine_trace 0050:trace:keyboard:X11DRV_InitKeyboard keycode 209 => vkey 0000
1545 wine_trace 0050:trace:keyboard:X11DRV_InitKeyboard keycode 210 => vkey 0000
1545 wine_trace 0050:trace:keyboard:X11DRV_InitKeyboard keycode 211 => vkey 0000
1545 wine_trace 0050:trace:keyboard:X11DRV_InitKeyboard keycode 212 => vkey 0000
1545 wine_trace 0050:trace:keyboard:X11DRV_InitKeyboard keycode 213 => vkey 0000
1545 wine_trace 0050:trace:keyboard:X11DRV_InitKeyboard keycode 214 => vkey 0000
1545 wine_trace 0050:trace:keyboard:X11DRV_InitKeyboard keycode 215 => vkey 0000
1545 wine_trace 0050:trace:keyboard:X11DRV_InitKeyboard keycode 216 => vkey 0000
1546 wine_trace 0050:trace:keyboard:X11DRV_InitKeyboard keycode 217 => vkey 0000
1546 wine_trace 0050:trace:keyboard:X11DRV_InitKeyboard keycode 218 => vkey 0000
1546 wine_trace 0050:trace:keyboard:X11DRV_InitKeyboard keycode 219 => vkey 0000
1546 wine_trace 0050:trace:keyboard:X11DRV_InitKeyboard keycode 220 => vkey 0000
1546 wine_trace 0050:trace:keyboard:X11DRV_InitKeyboard keycode 221 => vkey 0000
1546 wine_trace 0050:trace:keyboard:X11DRV_InitKeyboard keycode 222 => vkey 0000
1546 wine_trace 0050:trace:keyboard:X11DRV_InitKeyboard keycode 223 => vkey 0000
1546 wine_trace 0050:trace:keyboard:X11DRV_InitKeyboard keycode 224 => vkey 0000
1546 wine_trace 0050:trace:keyboard:X11DRV_InitKeyboard keycode 225 => vkey 0000
1546 wine_trace 0050:trace:keyboard:X11DRV_InitKeyboard keycode 226 => vkey 0000
1546 wine_trace 0050:trace:keyboard:X11DRV_InitKeyboard keycode 227 => vkey 0000
1546 wine_trace 0050:trace:keyboard:X11DRV_InitKeyboard keycode 228 => vkey 0000
1547 wine_trace 0050:trace:keyboard:X11DRV_InitKeyboard keycode 229 => vkey 0000
1547 wine_trace 0050:trace:keyboard:X11DRV_InitKeyboard keycode 230 => vkey 0000
1547 wine_trace 0050:trace:keyboard:X11DRV_InitKeyboard keycode 231 => vkey 0000
1547 wine_trace 0050:trace:keyboard:X11DRV_InitKeyboard keycode 232 => vkey 0000
1547 wine_trace 0050:trace:keyboard:X11DRV_InitKeyboard keycode 233 => vkey 0000
1547 wine_trace 0050:trace:keyboard:X11DRV_InitKeyboard keycode 234 => vkey 0000
1547 wine_trace 0050:trace:keyboard:X11DRV_InitKeyboard keycode 235 => vkey 0000
1547 wine_trace 0050:trace:keyboard:X11DRV_InitKeyboard keycode 236 => vkey 0000
1547 wine_trace 0050:trace:keyboard:X11DRV_InitKeyboard keycode 237 => vkey 0000
1547 wine_trace 0050:trace:keyboard:X11DRV_InitKeyboard keycode 238 => vkey 0000
1547 wine_trace 0050:trace:keyboard:X11DRV_InitKeyboard keycode 239 => vkey 0000
1547 wine_trace 0050:trace:keyboard:X11DRV_InitKeyboard keycode 240 => vkey 0000
1548 wine_trace 0050:trace:keyboard:X11DRV_InitKeyboard keycode 241 => vkey 0000
1548 wine_trace 0050:trace:keyboard:X11DRV_InitKeyboard keycode 242 => vkey 0000
1548 wine_trace 0050:trace:keyboard:X11DRV_InitKeyboard keycode 243 => vkey 0000
1548 wine_trace 0050:trace:keyboard:X11DRV_InitKeyboard keycode 244 => vkey 0000
1548 wine_trace 0050:trace:keyboard:X11DRV_InitKeyboard keycode 245 => vkey 0000
1548 wine_trace 0050:trace:keyboard:X11DRV_InitKeyboard keycode 246 => vkey 0000
1548 wine_trace 0050:trace:keyboard:X11DRV_InitKeyboard keycode 247 => vkey 0000
1548 wine_trace 0050:trace:keyboard:X11DRV_InitKeyboard keycode 248 => vkey 0000
1548 wine_trace 0050:trace:keyboard:X11DRV_InitKeyboard keycode 249 => vkey 0000
1548 wine_trace 0050:trace:keyboard:X11DRV_InitKeyboard keycode 250 => vkey 0000
1548 wine_trace 0050:trace:keyboard:X11DRV_InitKeyboard keycode 251 => vkey 0000
1548 wine_trace 0050:trace:keyboard:X11DRV_InitKeyboard keycode 252 => vkey 0000
1549 wine_trace 0050:trace:keyboard:X11DRV_InitKeyboard keycode 253 => vkey 0000
1549 wine_trace 0050:trace:keyboard:X11DRV_InitKeyboard keycode 254 => vkey 0000
1549 wine_trace 0050:trace:keyboard:X11DRV_InitKeyboard keycode 255 => vkey 0000
1549 wine_trace 0050:trace:keyboard:X11DRV_InitKeyboard keycode 10 => vkey 0031
1549 wine_trace 0050:trace:keyboard:X11DRV_InitKeyboard keycode 11 => vkey 0032
1549 wine_trace 0050:trace:keyboard:X11DRV_InitKeyboard keycode 12 => vkey 0033
1549 wine_trace 0050:trace:keyboard:X11DRV_InitKeyboard keycode 13 => vkey 0034
1549 wine_trace 0050:trace:keyboard:X11DRV_InitKeyboard keycode 14 => vkey 0035
1549 wine_trace 0050:trace:keyboard:X11DRV_InitKeyboard keycode 15 => vkey 0036
1549 wine_trace 0050:trace:keyboard:X11DRV_InitKeyboard keycode 16 => vkey 0037
1549 wine_trace 0050:trace:keyboard:X11DRV_InitKeyboard keycode 17 => vkey 0038
1549 wine_trace 0050:trace:keyboard:X11DRV_InitKeyboard keycode 18 => vkey 0039
1550 wine_trace 0050:trace:keyboard:X11DRV_InitKeyboard keycode 19 => vkey 0030
1550 wine_trace 0050:trace:keyboard:X11DRV_InitKeyboard keycode 20 => vkey 00BD
1550 wine_trace 0050:trace:keyboard:X11DRV_InitKeyboard keycode 21 => vkey 00BB
1550 wine_trace 0050:trace:keyboard:X11DRV_InitKeyboard keycode 24 => vkey 0051
1550 wine_trace 0050:trace:keyboard:X11DRV_InitKeyboard keycode 25 => vkey 0057
1550 wine_trace 0050:trace:keyboard:X11DRV_InitKeyboard keycode 26 => vkey 0045
1550 wine_trace 0050:trace:keyboard:X11DRV_InitKeyboard keycode 27 => vkey 0052
1550 wine_trace 0050:trace:keyboard:X11DRV_InitKeyboard keycode 28 => vkey 0054
1550 wine_trace 0050:trace:keyboard:X11DRV_InitKeyboard keycode 29 => vkey 0059
1550 wine_trace 0050:trace:keyboard:X11DRV_InitKeyboard keycode 30 => vkey 0055
1550 wine_trace 0050:trace:keyboard:X11DRV_InitKeyboard keycode 31 => vkey 0049
1550 wine_trace 0050:trace:keyboard:X11DRV_InitKeyboard keycode 32 => vkey 004F
1551 wine_trace 0050:trace:keyboard:X11DRV_InitKeyboard keycode 33 => vkey 0050
1551 wine_trace 0050:trace:keyboard:X11DRV_InitKeyboard keycode 34 => vkey 00DB
1551 wine_trace 0050:trace:keyboard:X11DRV_InitKeyboard keycode 35 => vkey 00DD
1551 wine_trace 0050:trace:keyboard:X11DRV_InitKeyboard keycode 38 => vkey 0041
1551 wine_trace 0050:trace:keyboard:X11DRV_InitKeyboard keycode 39 => vkey 0053
1551 wine_trace 0050:trace:keyboard:X11DRV_InitKeyboard keycode 40 => vkey 0044
1551 wine_trace 0050:trace:keyboard:X11DRV_InitKeyboard keycode 41 => vkey 0046
1551 wine_trace 0050:trace:keyboard:X11DRV_InitKeyboard keycode 42 => vkey 0047
1551 wine_trace 0050:trace:keyboard:X11DRV_InitKeyboard keycode 43 => vkey 0048
1551 wine_trace 0050:trace:keyboard:X11DRV_InitKeyboard keycode 44 => vkey 004A
1551 wine_trace 0050:trace:keyboard:X11DRV_InitKeyboard keycode 45 => vkey 004B
1551 wine_trace 0050:trace:keyboard:X11DRV_InitKeyboard keycode 46 => vkey 004C
1552 wine_trace 0050:trace:keyboard:X11DRV_InitKeyboard keycode 47 => vkey 00BA
1552 wine_trace 0050:trace:keyboard:X11DRV_InitKeyboard keycode 48 => vkey 00DE
1552 wine_trace 0050:trace:keyboard:X11DRV_InitKeyboard keycode 49 => vkey 00C0
1552 wine_trace 0050:trace:keyboard:X11DRV_InitKeyboard keycode 51 => vkey 00DC
1552 wine_trace 0050:trace:keyboard:X11DRV_InitKeyboard keycode 52 => vkey 005A
1552 wine_trace 0050:trace:keyboard:X11DRV_InitKeyboard keycode 53 => vkey 0058
1552 wine_trace 0050:trace:keyboard:X11DRV_InitKeyboard keycode 54 => vkey 0043
1552 wine_trace 0050:trace:keyboard:X11DRV_InitKeyboard keycode 55 => vkey 0056
1552 wine_trace 0050:trace:keyboard:X11DRV_InitKeyboard keycode 56 => vkey 0042
1552 wine_trace 0050:trace:keyboard:X11DRV_InitKeyboard keycode 57 => vkey 004E
1552 wine_trace 0050:trace:keyboard:X11DRV_InitKeyboard keycode 58 => vkey 004D
1552 wine_trace 0050:trace:keyboard:X11DRV_InitKeyboard keycode 59 => vkey 00BC
1553 wine_trace 0050:trace:keyboard:X11DRV_InitKeyboard keycode 60 => vkey 00BE
1553 wine_trace 0050:trace:keyboard:X11DRV_InitKeyboard keycode 61 => vkey 00BF
1553 wine_trace 0050:trace:keyboard:X11DRV_InitKeyboard spare virtual key 00DF assigned to keycode 134:
1553 wine_trace 0050:trace:keyboard:X11DRV_InitKeyboard (5d1fc06d (NoSymbol) 5d1fc077 (NoSymbol) )
1553 wine_trace 0050:trace:keyboard:X11DRV_InitKeyboard keycode 134 => vkey 00DF
1553 wine_trace 0050:trace:keyboard:X11DRV_InitKeyboard spare virtual key 00E1 assigned to keycode 135:
1553 wine_trace 0050:trace:keyboard:X11DRV_InitKeyboard (5d1fc084 (NoSymbol) 5d1fc091 (NoSymbol) )
1553 wine_trace 0050:trace:keyboard:X11DRV_InitKeyboard keycode 135 => vkey 00E1
1554 wine_trace 0050:trace:keyboard:X11DRV_InitKeyboard spare virtual key 00E2 assigned to keycode 136:
1554 wine_trace 0050:trace:keyboard:X11DRV_InitKeyboard (5d1fc09b (NoSymbol) 5d1fc0a8 (NoSymbol) )
1554 wine_trace 0050:trace:keyboard:X11DRV_InitKeyboard keycode 136 => vkey 00E2
1554 wine_trace 0050:trace:keyboard:X11DRV_InitKeyboard spare virtual key 00E3 assigned to keycode 137:
1554 wine_trace 0050:trace:keyboard:X11DRV_InitKeyboard (5d1fc0b2 (NoSymbol) 5d1fc0bf (NoSymbol) )
1554 wine_trace 0050:trace:keyboard:X11DRV_InitKeyboard keycode 137 => vkey 00E3
1554 wine_trace 0050:trace:keyboard:X11DRV_InitKeyboard spare virtual key 00E4 assigned to keycode 138:
1554 wine_trace 0050:trace:keyboard:X11DRV_InitKeyboard (5d1fc0c9 (NoSymbol) 5d1fc0d6 (NoSymbol) )
1554 wine_trace 0050:trace:keyboard:X11DRV_InitKeyboard keycode 138 => vkey 00E4
1554 wine_trace 0050:trace:keyboard:X11DRV_InitKeyboard spare virtual key 00E6 assigned to keycode 139:
1555 wine_trace 0050:trace:keyboard:X11DRV_InitKeyboard (5d1fc0e0 (NoSymbol) 5d1fc0ed (NoSymbol) )
1555 wine_trace 0050:trace:keyboard:X11DRV_InitKeyboard keycode 139 => vkey 00E6
1555 wine_trace 0050:trace:keyboard:X11DRV_InitKeyboard spare virtual key 00E9 assigned to keycode 140:
1555 wine_trace 0050:trace:keyboard:X11DRV_InitKeyboard (5d1fc0f7 (NoSymbol) 5d1fc104 (NoSymbol) )
1555 wine_trace 0050:trace:keyboard:X11DRV_InitKeyboard keycode 140 => vkey 00E9
1555 wine_trace 0050:trace:keyboard:X11DRV_InitKeyboard spare virtual key 00EA assigned to keycode 141:
1555 wine_trace 0050:trace:keyboard:X11DRV_InitKeyboard (5d1fc10e (NoSymbol) 5d1fc11b (NoSymbol) )
1555 wine_trace 0050:trace:keyboard:X11DRV_InitKeyboard keycode 141 => vkey 00EA
1555 wine_trace 0050:trace:keyboard:X11DRV_InitKeyboard spare virtual key 00EB assigned to keycode 142:
1555 wine_trace 0050:trace:keyboard:X11DRV_InitKeyboard (5d1fc125 (NoSymbol) 5d1fc132 (NoSymbol) )
1555 wine_trace 0050:trace:keyboard:X11DRV_InitKeyboard keycode 142 => vkey 00EB
1556 wine_trace 0050:trace:keyboard:X11DRV_InitKeyboard spare virtual key 00EC assigned to keycode 143:
1556 wine_trace 0050:trace:keyboard:X11DRV_InitKeyboard (5d1fc13c (NoSymbol) 5d1fc14a (NoSymbol) )
1556 wine_trace 0050:trace:keyboard:X11DRV_InitKeyboard keycode 143 => vkey 00EC
1556 wine_trace 0050:trace:keyboard:X11DRV_InitKeyboard spare virtual key 00ED assigned to keycode 144:
1556 wine_trace 0050:trace:keyboard:X11DRV_InitKeyboard (5d1fc155 (NoSymbol) 5d1fc163 (NoSymbol) )
1556 wine_trace 0050:trace:keyboard:X11DRV_InitKeyboard keycode 144 => vkey 00ED
1556 wine_trace 0050:trace:keyboard:X11DRV_InitKeyboard spare virtual key 00EE assigned to keycode 145:
1556 wine_trace 0050:trace:keyboard:X11DRV_InitKeyboard (5d1fc16e (NoSymbol) 5d1fc17c (NoSymbol) )
1556 wine_trace 0050:trace:keyboard:X11DRV_InitKeyboard keycode 145 => vkey 00EE
1556 wine_trace 0050:trace:keyboard:X11DRV_InitKeyboard spare virtual key 00EF assigned to keycode 146:
1556 wine_trace 0050:trace:keyboard:X11DRV_InitKeyboard (5d1fc187 (NoSymbol) 5d1fc195 (NoSymbol) )
1557 wine_trace 0050:trace:keyboard:X11DRV_InitKeyboard keycode 146 => vkey 00EF
1557 wine_trace 0050:trace:keyboard:X11DRV_InitKeyboard spare virtual key 00F0 assigned to keycode 147:
1557 wine_trace 0050:trace:keyboard:X11DRV_InitKeyboard (5d1fc1a0 (NoSymbol) 5d1fc1ae (NoSymbol) )
1557 wine_trace 0050:trace:keyboard:X11DRV_InitKeyboard keycode 147 => vkey 00F0
1557 wine_trace 0050:trace:keyboard:X11DRV_InitKeyboard spare virtual key 00F1 assigned to keycode 148:
1557 wine_trace 0050:trace:keyboard:X11DRV_InitKeyboard (5d1fc1b9 (NoSymbol) 5d1fc1c7 (NoSymbol) )
1557 wine_trace 0050:trace:keyboard:X11DRV_InitKeyboard keycode 148 => vkey 00F1
1557 wine_trace 0050:trace:keyboard:X11DRV_InitKeyboard spare virtual key 00F2 assigned to keycode 149:
1557 wine_trace 0050:trace:keyboard:X11DRV_InitKeyboard (5d1fc1d2 (NoSymbol) 5d1fc1e5 (NoSymbol) )
1557 wine_trace 0050:trace:keyboard:X11DRV_InitKeyboard keycode 149 => vkey 00F2
1557 wine_trace 0050:trace:keyboard:X11DRV_InitKeyboard spare virtual key 00F3 assigned to keycode 150:
1557 wine_trace 0050:trace:keyboard:X11DRV_InitKeyboard (5d1fc1f5 (NoSymbol) 5d1fc208 (NoSymbol) )
1558 wine_trace 0050:trace:keyboard:X11DRV_InitKeyboard keycode 150 => vkey 00F3
1558 wine_trace 0050:trace:keyboard:X11DRV_InitKeyboard spare virtual key 00F4 assigned to keycode 151:
1558 wine_trace 0050:trace:keyboard:X11DRV_InitKeyboard (5d1fc219 (NoSymbol) 5d1fc227 (NoSymbol) )
1558 wine_trace 0050:trace:keyboard:X11DRV_InitKeyboard keycode 151 => vkey 00F4
1558 wine_trace 0050:trace:keyboard:X11DRV_InitKeyboard spare virtual key 00F5 assigned to keycode 152:
1558 wine_trace 0050:trace:keyboard:X11DRV_InitKeyboard (5d1fc238 (NoSymbol) 5d1fc24b (NoSymbol) )
1558 wine_trace 0050:trace:keyboard:X11DRV_InitKeyboard keycode 152 => vkey 00F5
1558 wine_trace 0050:trace:keyboard:X11DRV_InitKeyboard spare virtual key 0092 assigned to keycode 153:
1558 wine_trace 0050:trace:keyboard:X11DRV_InitKeyboard (5d1fc25b (NoSymbol) 5d1fc26e (NoSymbol) )
1558 wine_trace 0050:trace:keyboard:X11DRV_InitKeyboard keycode 153 => vkey 0092
1558 wine_trace 0050:trace:keyboard:X11DRV_InitKeyboard spare virtual key 007C assigned to keycode 154:
1558 wine_trace 0050:trace:keyboard:X11DRV_InitKeyboard (5d1fc281 (NoSymbol) 5d1fc291 (NoSymbol) )
1558 wine_trace 0050:trace:keyboard:X11DRV_InitKeyboard keycode 154 => vkey 007C
1559 wine_trace 0050:trace:keyboard:X11DRV_InitKeyboard spare virtual key 007D assigned to keycode 155:
1559 wine_trace 0050:trace:keyboard:X11DRV_InitKeyboard (5d1fc2a4 (NoSymbol) 5d1fc2b7 (NoSymbol) )
1559 wine_trace 0050:trace:keyboard:X11DRV_InitKeyboard keycode 155 => vkey 007D
1559 wine_trace 0050:trace:keyboard:X11DRV_InitKeyboard spare virtual key 007E assigned to keycode 156:
1559 wine_trace 0050:trace:keyboard:X11DRV_InitKeyboard (5d1fc2c7 (NoSymbol) 5d1fc2da (NoSymbol) )
1559 wine_trace 0050:trace:keyboard:X11DRV_InitKeyboard keycode 156 => vkey 007E
1559 wine_trace 0050:trace:keyboard:X11DRV_InitKeyboard spare virtual key 007F assigned to keycode 157:
1559 wine_trace 0050:trace:keyboard:X11DRV_InitKeyboard (5d1fc2ec (NoSymbol) 5d1fc2fb (NoSymbol) )
1559 wine_trace 0050:trace:keyboard:X11DRV_InitKeyboard keycode 157 => vkey 007F
1559 wine_trace 0050:trace:keyboard:X11DRV_InitKeyboard spare virtual key 0080 assigned to keycode 158:
1559 wine_trace 0050:trace:keyboard:X11DRV_InitKeyboard (5d1fc30d (NoSymbol) 5d1fc320 (NoSymbol) )
1560 wine_trace 0050:trace:keyboard:X11DRV_InitKeyboard keycode 158 => vkey 0080
1560 wine_trace 0050:trace:keyboard:X11DRV_InitKeyboard spare virtual key 0081 assigned to keycode 159:
1560 wine_trace 0050:trace:keyboard:X11DRV_InitKeyboard (5d1fc330 (NoSymbol) 5d1fc343 (NoSymbol) )
1560 wine_trace 0050:trace:keyboard:X11DRV_InitKeyboard keycode 159 => vkey 0081
1560 wine_trace 0050:trace:keyboard:X11DRV_InitKeyboard spare virtual key 0082 assigned to keycode 160:
1560 wine_trace 0050:trace:keyboard:X11DRV_InitKeyboard (5d1fc356 (NoSymbol) 5d1fc366 (NoSymbol) )
1560 wine_trace 0050:trace:keyboard:X11DRV_InitKeyboard keycode 160 => vkey 0082
1560 wine_trace 0050:trace:keyboard:X11DRV_InitKeyboard spare virtual key 0083 assigned to keycode 161:
1560 wine_trace 0050:trace:keyboard:X11DRV_InitKeyboard (5d1fc379 (NoSymbol) 5d1fc38c (NoSymbol) )
1560 wine_trace 0050:trace:keyboard:X11DRV_InitKeyboard keycode 161 => vkey 0083
1560 wine_trace 0050:trace:keyboard:X11DRV_InitKeyboard spare virtual key 0084 assigned to keycode 162:
1561 wine_trace 0050:trace:keyboard:X11DRV_InitKeyboard (5d1fc39c (NoSymbol) 5d1fc3af (NoSymbol) )
1561 wine_trace 0050:trace:keyboard:X11DRV_InitKeyboard keycode 162 => vkey 0084
1561 wine_trace 0050:trace:keyboard:X11DRV_InitKeyboard spare virtual key 0085 assigned to keycode 163:
1561 wine_trace 0050:trace:keyboard:X11DRV_InitKeyboard (5d1fc3c2 (NoSymbol) 5d1fc3d2 (NoSymbol) )
1561 wine_trace 0050:trace:keyboard:X11DRV_InitKeyboard keycode 163 => vkey 0085
1561 wine_trace 0050:trace:keyboard:X11DRV_InitKeyboard spare virtual key 0086 assigned to keycode 164:
1561 wine_trace 0050:trace:keyboard:X11DRV_InitKeyboard (5d1fc3e5 (NoSymbol) 5d1fc3f8 (NoSymbol) )
1561 wine_trace 0050:trace:keyboard:X11DRV_InitKeyboard keycode 164 => vkey 0086
1561 wine_trace 0050:trace:keyboard:X11DRV_InitKeyboard spare virtual key 0087 assigned to keycode 165:
1561 wine_trace 0050:trace:keyboard:X11DRV_InitKeyboard (5d1fc408 (NoSymbol) 5d1fc41b (NoSymbol) )
1561 wine_trace 0050:trace:keyboard:X11DRV_InitKeyboard keycode 165 => vkey 0087
1561 wine_trace 0050:warn:keyboard:X11DRV_InitKeyboard No more vkeys available!
1562 wine_trace 0050:trace:key:X11DRV_InitKeyboard assigning scancode 60 to unidentified keycode 10 (NoSymbol)
1562 wine_trace 0050:trace:key:X11DRV_InitKeyboard assigning scancode 61 to unidentified keycode 11 (NoSymbol)
1562 wine_trace 0050:trace:key:X11DRV_InitKeyboard assigning scancode 62 to unidentified keycode 12 (NoSymbol)
1562 wine_trace 0050:trace:key:X11DRV_InitKeyboard assigning scancode 63 to unidentified keycode 13 (NoSymbol)
1562 wine_trace 0050:trace:key:X11DRV_InitKeyboard assigning scancode 64 to unidentified keycode 14 (NoSymbol)
1562 wine_trace 0050:trace:key:X11DRV_InitKeyboard assigning scancode 65 to unidentified keycode 15 (NoSymbol)
1562 wine_trace 0050:trace:key:X11DRV_InitKeyboard assigning scancode 66 to unidentified keycode 16 (NoSymbol)
1562 wine_trace 0050:trace:key:X11DRV_InitKeyboard assigning scancode 67 to unidentified keycode 17 (NoSymbol)
1562 wine_trace 0050:trace:key:X11DRV_InitKeyboard assigning scancode 68 to unidentified keycode 18 (NoSymbol)
1562 wine_trace 0050:trace:key:X11DRV_InitKeyboard assigning scancode 69 to unidentified keycode 19 (NoSymbol)
1562 wine_trace 0050:trace:key:X11DRV_InitKeyboard assigning scancode 6a to unidentified keycode 20 (NoSymbol)
1562 wine_trace 0050:trace:key:X11DRV_InitKeyboard assigning scancode 6b to unidentified keycode 21 (NoSymbol)
1562 wine_trace 0050:trace:key:X11DRV_InitKeyboard assigning scancode 6c to unidentified keycode 24 (NoSymbol)
1563 wine_trace 0050:trace:key:X11DRV_InitKeyboard assigning scancode 6d to unidentified keycode 25 (NoSymbol)
1563 wine_trace 0050:trace:key:X11DRV_InitKeyboard assigning scancode 6e to unidentified keycode 26 (NoSymbol)
1563 wine_trace 0050:trace:key:X11DRV_InitKeyboard assigning scancode 6f to unidentified keycode 27 (NoSymbol)
1563 wine_trace 0050:trace:key:X11DRV_InitKeyboard assigning scancode 70 to unidentified keycode 28 (NoSymbol)
1563 wine_trace 0050:trace:key:X11DRV_InitKeyboard assigning scancode 71 to unidentified keycode 29 (NoSymbol)
1563 wine_trace 0050:trace:key:X11DRV_InitKeyboard assigning scancode 72 to unidentified keycode 30 (NoSymbol)
1563 wine_trace 0050:trace:key:X11DRV_InitKeyboard assigning scancode 73 to unidentified keycode 31 (NoSymbol)
1563 wine_trace 0050:trace:key:X11DRV_InitKeyboard assigning scancode 74 to unidentified keycode 32 (NoSymbol)
1563 wine_trace 0050:trace:key:X11DRV_InitKeyboard assigning scancode 75 to unidentified keycode 33 (NoSymbol)
1563 wine_trace 0050:trace:key:X11DRV_InitKeyboard assigning scancode 76 to unidentified keycode 34 (NoSymbol)
1564 wine_trace 0050:trace:key:X11DRV_InitKeyboard assigning scancode 77 to unidentified keycode 35 (NoSymbol)
1564 wine_trace 0050:trace:key:X11DRV_InitKeyboard assigning scancode 78 to unidentified keycode 38 (NoSymbol)
1564 wine_trace 0050:trace:key:X11DRV_InitKeyboard assigning scancode 79 to unidentified keycode 39 (NoSymbol)
1564 wine_trace 0050:trace:key:X11DRV_InitKeyboard assigning scancode 7a to unidentified keycode 40 (NoSymbol)
1564 wine_trace 0050:trace:key:X11DRV_InitKeyboard assigning scancode 7b to unidentified keycode 41 (NoSymbol)
1564 wine_trace 0050:trace:key:X11DRV_InitKeyboard assigning scancode 7c to unidentified keycode 42 (NoSymbol)
1564 wine_trace 0050:trace:key:X11DRV_InitKeyboard assigning scancode 7d to unidentified keycode 43 (NoSymbol)
1564 wine_trace 0050:trace:key:X11DRV_InitKeyboard assigning scancode 7e to unidentified keycode 44 (NoSymbol)
1564 wine_trace 0050:trace:key:X11DRV_InitKeyboard assigning scancode 7f to unidentified keycode 45 (NoSymbol)
1564 wine_trace 0050:trace:key:X11DRV_InitKeyboard assigning scancode 80 to unidentified keycode 46 (NoSymbol)
1564 wine_trace 0050:trace:key:X11DRV_InitKeyboard assigning scancode 81 to unidentified keycode 47 (NoSymbol)
1564 wine_trace 0050:trace:key:X11DRV_InitKeyboard assigning scancode 82 to unidentified keycode 48 (NoSymbol)
1564 wine_trace 0050:trace:key:X11DRV_InitKeyboard assigning scancode 83 to unidentified keycode 49 (NoSymbol)
1565 wine_trace 0050:trace:key:X11DRV_InitKeyboard assigning scancode 84 to unidentified keycode 51 (NoSymbol)
1565 wine_trace 0050:trace:key:X11DRV_InitKeyboard assigning scancode 85 to unidentified keycode 52 (NoSymbol)
1565 wine_trace 0050:trace:key:X11DRV_InitKeyboard assigning scancode 86 to unidentified keycode 53 (NoSymbol)
1565 wine_trace 0050:trace:key:X11DRV_InitKeyboard assigning scancode 87 to unidentified keycode 54 (NoSymbol)
1565 wine_trace 0050:trace:key:X11DRV_InitKeyboard assigning scancode 88 to unidentified keycode 55 (NoSymbol)
1565 wine_trace 0050:trace:key:X11DRV_InitKeyboard assigning scancode 89 to unidentified keycode 56 (NoSymbol)
1565 wine_trace 0050:trace:key:X11DRV_InitKeyboard assigning scancode 8a to unidentified keycode 57 (NoSymbol)
1565 wine_trace 0050:trace:key:X11DRV_InitKeyboard assigning scancode 8b to unidentified keycode 58 (NoSymbol)
1565 wine_trace 0050:trace:key:X11DRV_InitKeyboard assigning scancode 8c to unidentified keycode 59 (NoSymbol)
1565 wine_trace 0050:trace:key:X11DRV_InitKeyboard assigning scancode 8d to unidentified keycode 60 (NoSymbol)
1566 wine_trace 0050:trace:key:X11DRV_InitKeyboard assigning scancode 8e to unidentified keycode 61 (NoSymbol)
1566 wine_trace 0050:trace:key:X11DRV_InitKeyboard assigning scancode 8f to unidentified keycode 134 (NoSymbol)
1566 wine_trace 0050:trace:key:X11DRV_InitKeyboard assigning scancode 90 to unidentified keycode 135 (NoSymbol)
1566 wine_trace 0050:trace:key:X11DRV_InitKeyboard assigning scancode 91 to unidentified keycode 136 (NoSymbol)
1566 wine_trace 0050:trace:key:X11DRV_InitKeyboard assigning scancode 92 to unidentified keycode 137 (NoSymbol)
1566 wine_trace 0050:trace:key:X11DRV_InitKeyboard assigning scancode 93 to unidentified keycode 138 (NoSymbol)
1566 wine_trace 0050:trace:key:X11DRV_InitKeyboard assigning scancode 94 to unidentified keycode 139 (NoSymbol)
1566 wine_trace 0050:trace:key:X11DRV_InitKeyboard assigning scancode 95 to unidentified keycode 140 (NoSymbol)
1566 wine_trace 0050:trace:key:X11DRV_InitKeyboard assigning scancode 96 to unidentified keycode 141 (NoSymbol)
1566 wine_trace 0050:trace:key:X11DRV_InitKeyboard assigning scancode 97 to unidentified keycode 142 (NoSymbol)
1567 wine_trace 0050:trace:key:X11DRV_InitKeyboard assigning scancode 98 to unidentified keycode 143 (NoSymbol)
1567 wine_trace 0050:trace:key:X11DRV_InitKeyboard assigning scancode 99 to unidentified keycode 144 (NoSymbol)
1567 wine_trace 0050:trace:key:X11DRV_InitKeyboard assigning scancode 9a to unidentified keycode 145 (NoSymbol)
1567 wine_trace 0050:trace:key:X11DRV_InitKeyboard assigning scancode 9b to unidentified keycode 146 (NoSymbol)
1567 wine_trace 0050:trace:key:X11DRV_InitKeyboard assigning scancode 9c to unidentified keycode 147 (NoSymbol)
1567 wine_trace 0050:trace:key:X11DRV_InitKeyboard assigning scancode 9d to unidentified keycode 148 (NoSymbol)
1567 wine_trace 0050:trace:key:X11DRV_InitKeyboard assigning scancode 9e to unidentified keycode 149 (NoSymbol)
1567 wine_trace 0050:trace:key:X11DRV_InitKeyboard assigning scancode 9f to unidentified keycode 150 (NoSymbol)
1567 wine_trace 0050:trace:key:X11DRV_InitKeyboard assigning scancode a0 to unidentified keycode 151 (NoSymbol)
1567 wine_trace 0050:trace:key:X11DRV_InitKeyboard assigning scancode a1 to unidentified keycode 152 (NoSymbol)
1567 wine_trace 0050:trace:key:X11DRV_InitKeyboard assigning scancode a2 to unidentified keycode 153 (NoSymbol)
1567 wine_trace 0050:trace:key:X11DRV_InitKeyboard assigning scancode a3 to unidentified keycode 154 (NoSymbol)
1568 wine_trace 0050:trace:key:X11DRV_InitKeyboard assigning scancode a4 to unidentified keycode 155 (NoSymbol)
1568 wine_trace 0050:trace:key:X11DRV_InitKeyboard assigning scancode a5 to unidentified keycode 156 (NoSymbol)
1568 wine_trace 0050:trace:key:X11DRV_InitKeyboard assigning scancode a6 to unidentified keycode 157 (NoSymbol)
1568 wine_trace 0050:trace:key:X11DRV_InitKeyboard assigning scancode a7 to unidentified keycode 158 (NoSymbol)
1568 wine_trace 0050:trace:key:X11DRV_InitKeyboard assigning scancode a8 to unidentified keycode 159 (NoSymbol)
1568 wine_trace 0050:trace:key:X11DRV_InitKeyboard assigning scancode a9 to unidentified keycode 160 (NoSymbol)
1568 wine_trace 0050:trace:key:X11DRV_InitKeyboard assigning scancode aa to unidentified keycode 161 (NoSymbol)
1568 wine_trace 0050:trace:key:X11DRV_InitKeyboard assigning scancode ab to unidentified keycode 162 (NoSymbol)
1568 wine_trace 0050:trace:key:X11DRV_InitKeyboard assigning scancode ac to unidentified keycode 163 (NoSymbol)
1568 wine_trace 0050:trace:key:X11DRV_InitKeyboard assigning scancode ad to unidentified keycode 164 (NoSymbol)
1568 wine_trace 0050:trace:key:X11DRV_InitKeyboard assigning scancode ae to unidentified keycode 165 (NoSymbol)
2023 wine_trace 0034:trace:keyboard:X11DRV_KEYBOARD_DetectLayout Attempting to match against "United States keyboard layout"
2023 wine_trace 0034:trace:keyboard:X11DRV_KEYBOARD_DetectLayout matches=0, mismatches=0, seq=0, score=0
2024 wine_trace 0034:trace:keyboard:X11DRV_KEYBOARD_DetectLayout Attempting to match against "United States keyboard layout (phantom key version)"
2024 wine_trace 0034:trace:keyboard:X11DRV_KEYBOARD_DetectLayout matches=0, mismatches=0, seq=0, score=0
2024 wine_trace 0034:trace:keyboard:X11DRV_KEYBOARD_DetectLayout Attempting to match against "United States keyboard layout (dvorak)"
2024 wine_trace 0034:trace:keyboard:X11DRV_KEYBOARD_DetectLayout matches=0, mismatches=0, seq=0, score=0
2024 wine_trace 0034:trace:keyboard:X11DRV_KEYBOARD_DetectLayout Attempting to match against "United States keyboard layout (programmer dvorak)"
2024 wine_trace 0034:trace:keyboard:X11DRV_KEYBOARD_DetectLayout matches=0, mismatches=0, seq=0, score=0
2025 wine_trace 0034:trace:keyboard:X11DRV_KEYBOARD_DetectLayout Attempting to match against "United States keyboard layout (dvorak with phantom key)"
2025 wine_trace 0034:trace:keyboard:X11DRV_KEYBOARD_DetectLayout matches=0, mismatches=0, seq=0, score=0
2025 wine_trace 0034:trace:keyboard:X11DRV_KEYBOARD_DetectLayout Attempting to match against "United States International keyboard layout"
2025 wine_trace 0034:trace:keyboard:X11DRV_KEYBOARD_DetectLayout matches=0, mismatches=0, seq=0, score=0
2025 wine_trace 0034:trace:keyboard:X11DRV_KEYBOARD_DetectLayout Attempting to match against "British keyboard layout"
2025 wine_trace 0034:trace:keyboard:X11DRV_KEYBOARD_DetectLayout matches=0, mismatches=0, seq=0, score=0
2025 wine_trace 0034:trace:keyboard:X11DRV_KEYBOARD_DetectLayout Attempting to match against "German keyboard layout"
2026 wine_trace 0034:trace:keyboard:X11DRV_KEYBOARD_DetectLayout matches=0, mismatches=0, seq=0, score=0
2026 wine_trace 0034:trace:keyboard:X11DRV_KEYBOARD_DetectLayout Attempting to match against "Swiss German keyboard layout"
2026 wine_trace 0034:trace:keyboard:X11DRV_KEYBOARD_DetectLayout matches=0, mismatches=0, seq=0, score=0
2027 wine_trace 0034:trace:keyboard:X11DRV_KEYBOARD_DetectLayout Attempting to match against "Swiss French keyboard layout"
2027 wine_trace 0034:trace:keyboard:X11DRV_KEYBOARD_DetectLayout matches=0, mismatches=0, seq=0, score=0
2028 wine_trace 0034:trace:keyboard:X11DRV_KEYBOARD_DetectLayout Attempting to match against "Swedish keyboard layout"
2028 wine_trace 0034:trace:keyboard:X11DRV_KEYBOARD_DetectLayout matches=0, mismatches=0, seq=0, score=0
2028 wine_trace 0034:trace:keyboard:X11DRV_KEYBOARD_DetectLayout Attempting to match against "Estonian keyboard layout"
2029 wine_trace 0034:trace:keyboard:X11DRV_KEYBOARD_DetectLayout matches=0, mismatches=0, seq=0, score=0
2029 wine_trace 0034:trace:keyboard:X11DRV_KEYBOARD_DetectLayout Attempting to match against "Norwegian keyboard layout"
2030 wine_trace 0034:trace:keyboard:X11DRV_KEYBOARD_DetectLayout matches=0, mismatches=0, seq=0, score=0
2030 wine_trace 0034:trace:keyboard:X11DRV_KEYBOARD_DetectLayout Attempting to match against "Danish keyboard layout"
2030 wine_trace 0034:trace:keyboard:X11DRV_KEYBOARD_DetectLayout matches=0, mismatches=0, seq=0, score=0
2030 wine_trace 0034:trace:keyboard:X11DRV_KEYBOARD_DetectLayout Attempting to match against "French keyboard layout"
2030 wine_trace 0034:trace:keyboard:X11DRV_KEYBOARD_DetectLayout matches=0, mismatches=0, seq=0, score=0
2031 wine_trace 0034:trace:keyboard:X11DRV_KEYBOARD_DetectLayout Attempting to match against "Canadian French keyboard layout"
2031 wine_trace 0034:trace:keyboard:X11DRV_KEYBOARD_DetectLayout matches=0, mismatches=0, seq=0, score=0
2031 wine_trace 0034:trace:keyboard:X11DRV_KEYBOARD_DetectLayout Attempting to match against "Canadian French keyboard layout (CA_fr)"
2032 wine_trace 0034:trace:keyboard:X11DRV_KEYBOARD_DetectLayout matches=0, mismatches=0, seq=0, score=0
2032 wine_trace 0034:trace:keyboard:X11DRV_KEYBOARD_DetectLayout Attempting to match against "Canadian keyboard layout"
2032 wine_trace 0034:trace:keyboard:X11DRV_KEYBOARD_DetectLayout matches=0, mismatches=0, seq=0, score=0
2032 wine_trace 0034:trace:keyboard:X11DRV_KEYBOARD_DetectLayout Attempting to match against "Belgian keyboard layout"
2032 wine_trace 0034:trace:keyboard:X11DRV_KEYBOARD_DetectLayout matches=0, mismatches=0, seq=0, score=0
2032 wine_trace 0034:trace:keyboard:X11DRV_KEYBOARD_DetectLayout Attempting to match against "Portuguese keyboard layout"
2032 wine_trace 0034:trace:keyboard:X11DRV_KEYBOARD_DetectLayout matches=0, mismatches=0, seq=0, score=0
2033 wine_trace 0034:trace:keyboard:X11DRV_KEYBOARD_DetectLayout Attempting to match against "Brazilian ABNT-2 keyboard layout"
2033 wine_trace 0034:trace:keyboard:X11DRV_KEYBOARD_DetectLayout matches=0, mismatches=0, seq=0, score=0
2033 wine_trace 0034:trace:keyboard:X11DRV_KEYBOARD_DetectLayout Attempting to match against "Brazilian ABNT-2 keyboard layout ALT GR"
2033 wine_trace 0034:trace:keyboard:X11DRV_KEYBOARD_DetectLayout matches=0, mismatches=0, seq=0, score=0
2033 wine_trace 0034:trace:keyboard:X11DRV_KEYBOARD_DetectLayout Attempting to match against "Finnish keyboard layout"
2033 wine_trace 0034:trace:keyboard:X11DRV_KEYBOARD_DetectLayout matches=0, mismatches=0, seq=0, score=0
2033 wine_trace 0034:trace:keyboard:X11DRV_KEYBOARD_DetectLayout Attempting to match against "Bulgarian bds keyboard layout"
2034 wine_trace 0034:trace:keyboard:X11DRV_KEYBOARD_DetectLayout matches=0, mismatches=0, seq=0, score=0
2035 wine_trace 0034:trace:keyboard:X11DRV_KEYBOARD_DetectLayout Attempting to match against "Bulgarian phonetic keyboard layout"
2035 wine_trace 0034:trace:keyboard:X11DRV_KEYBOARD_DetectLayout matches=0, mismatches=0, seq=0, score=0
2035 wine_trace 0034:trace:keyboard:X11DRV_KEYBOARD_DetectLayout Attempting to match against "Belarusian keyboard layout"
2035 wine_trace 0034:trace:keyboard:X11DRV_KEYBOARD_DetectLayout matches=0, mismatches=0, seq=0, score=0
2036 wine_trace 0034:trace:keyboard:X11DRV_KEYBOARD_DetectLayout Attempting to match against "Russian keyboard layout"
2036 wine_trace 0034:trace:keyboard:X11DRV_KEYBOARD_DetectLayout matches=0, mismatches=0, seq=0, score=0
2036 wine_trace 0034:trace:keyboard:X11DRV_KEYBOARD_DetectLayout Attempting to match against "Russian keyboard layout (phantom key version)"
2036 wine_trace 0034:trace:keyboard:X11DRV_KEYBOARD_DetectLayout matches=0, mismatches=0, seq=0, score=0
2036 wine_trace 0034:trace:keyboard:X11DRV_KEYBOARD_DetectLayout Attempting to match against "Russian keyboard layout KOI8-R"
2036 wine_trace 0034:trace:keyboard:X11DRV_KEYBOARD_DetectLayout matches=0, mismatches=0, seq=0, score=0
2036 wine_trace 0034:trace:keyboard:X11DRV_KEYBOARD_DetectLayout Attempting to match against "Russian keyboard layout cp1251"
2037 wine_trace 0034:trace:keyboard:X11DRV_KEYBOARD_DetectLayout matches=0, mismatches=0, seq=0, score=0
2037 wine_trace 0034:trace:keyboard:X11DRV_KEYBOARD_DetectLayout Attempting to match against "Russian phonetic keyboard layout"
2037 wine_trace 0034:trace:keyboard:X11DRV_KEYBOARD_DetectLayout matches=0, mismatches=0, seq=0, score=0
2038 wine_trace 0034:trace:keyboard:X11DRV_KEYBOARD_DetectLayout Attempting to match against "Ukrainian keyboard layout KOI8-U"
2039 wine_trace 0034:trace:keyboard:X11DRV_KEYBOARD_DetectLayout matches=0, mismatches=0, seq=0, score=0
2040 wine_trace 0034:trace:keyboard:X11DRV_KEYBOARD_DetectLayout Attempting to match against "Ukrainian keyboard layout (standard)"
2040 wine_trace 0034:trace:keyboard:X11DRV_KEYBOARD_DetectLayout matches=0, mismatches=0, seq=0, score=0
2040 wine_trace 0034:trace:keyboard:X11DRV_KEYBOARD_DetectLayout Attempting to match against "Russian keyboard layout (standard)"
2040 wine_trace 0034:trace:keyboard:X11DRV_KEYBOARD_DetectLayout matches=0, mismatches=0, seq=0, score=0
2040 wine_trace 0034:trace:keyboard:X11DRV_KEYBOARD_DetectLayout Attempting to match against "Spanish keyboard layout"
2040 wine_trace 0034:trace:keyboard:X11DRV_KEYBOARD_DetectLayout matches=0, mismatches=0, seq=0, score=0
2041 wine_trace 0034:trace:keyboard:X11DRV_KEYBOARD_DetectLayout Attempting to match against "Italian keyboard layout"
2041 wine_trace 0034:trace:keyboard:X11DRV_KEYBOARD_DetectLayout matches=0, mismatches=0, seq=0, score=0
2041 wine_trace 0034:trace:keyboard:X11DRV_KEYBOARD_DetectLayout Attempting to match against "Icelandic keyboard layout"
2041 wine_trace 0034:trace:keyboard:X11DRV_KEYBOARD_DetectLayout matches=0, mismatches=0, seq=0, score=0
2041 wine_trace 0034:trace:keyboard:X11DRV_KEYBOARD_DetectLayout Attempting to match against "Hungarian keyboard layout"
2041 wine_trace 0034:trace:keyboard:X11DRV_KEYBOARD_DetectLayout matches=0, mismatches=0, seq=0, score=0
2042 wine_trace 0034:trace:keyboard:X11DRV_KEYBOARD_DetectLayout Attempting to match against "Polish (programmer's) keyboard layout"
2042 wine_trace 0034:trace:keyboard:X11DRV_KEYBOARD_DetectLayout matches=0, mismatches=0, seq=0, score=0
2042 wine_trace 0034:trace:keyboard:X11DRV_KEYBOARD_DetectLayout Attempting to match against "Slovenian keyboard layout"
2042 wine_trace 0034:trace:keyboard:X11DRV_KEYBOARD_DetectLayout matches=0, mismatches=0, seq=0, score=0
2042 wine_trace 0034:trace:keyboard:X11DRV_KEYBOARD_DetectLayout Attempting to match against "Serbian keyboard layout sr"
2042 wine_trace 0034:trace:keyboard:X11DRV_KEYBOARD_DetectLayout matches=0, mismatches=0, seq=0, score=0
2043 wine_trace 0034:trace:keyboard:X11DRV_KEYBOARD_DetectLayout Attempting to match against "Serbian keyboard layout us,sr"
2043 wine_trace 0034:trace:keyboard:X11DRV_KEYBOARD_DetectLayout matches=0, mismatches=0, seq=0, score=0
2043 wine_trace 0034:trace:keyboard:X11DRV_KEYBOARD_DetectLayout Attempting to match against "Croatian keyboard layout"
2043 wine_trace 0034:trace:keyboard:X11DRV_KEYBOARD_DetectLayout matches=0, mismatches=0, seq=0, score=0
2043 wine_trace 0034:trace:keyboard:X11DRV_KEYBOARD_DetectLayout Attempting to match against "Croatian keyboard layout (specific)"
2043 wine_trace 0034:trace:keyboard:X11DRV_KEYBOARD_DetectLayout matches=0, mismatches=0, seq=0, score=0
2043 wine_trace 0034:trace:keyboard:X11DRV_KEYBOARD_DetectLayout Attempting to match against "Japanese 106 keyboard layout"
2044 wine_trace 0034:trace:keyboard:X11DRV_KEYBOARD_DetectLayout matches=0, mismatches=0, seq=0, score=0
2044 wine_trace 0034:trace:keyboard:X11DRV_KEYBOARD_DetectLayout Attempting to match against "Japanese Mac keyboard layout"
2044 wine_trace 0034:trace:keyboard:X11DRV_KEYBOARD_DetectLayout matches=0, mismatches=0, seq=0, score=0
2044 wine_trace 0034:trace:keyboard:X11DRV_KEYBOARD_DetectLayout Attempting to match against "Japanese pc98x1 keyboard layout"
2044 wine_trace 0034:trace:keyboard:X11DRV_KEYBOARD_DetectLayout matches=0, mismatches=0, seq=0, score=0
2044 wine_trace 0034:trace:keyboard:X11DRV_KEYBOARD_DetectLayout Attempting to match against "Slovak keyboard layout"
2044 wine_trace 0034:trace:keyboard:X11DRV_KEYBOARD_DetectLayout matches=0, mismatches=0, seq=0, score=0
2045 wine_trace 0034:trace:keyboard:X11DRV_KEYBOARD_DetectLayout Attempting to match against "Slovak and Czech keyboard layout without dead keys"
2045 wine_trace 0034:trace:keyboard:X11DRV_KEYBOARD_DetectLayout matches=0, mismatches=0, seq=0, score=0
2045 wine_trace 0034:trace:keyboard:X11DRV_KEYBOARD_DetectLayout Attempting to match against "Czech keyboard layout"
2045 wine_trace 0034:trace:keyboard:X11DRV_KEYBOARD_DetectLayout matches=0, mismatches=0, seq=0, score=0
2045 wine_trace 0034:trace:keyboard:X11DRV_KEYBOARD_DetectLayout Attempting to match against "Czech keyboard layout cz"
2045 wine_trace 0034:trace:keyboard:X11DRV_KEYBOARD_DetectLayout matches=0, mismatches=0, seq=0, score=0
2045 wine_trace 0034:trace:keyboard:X11DRV_KEYBOARD_DetectLayout Attempting to match against "Czech keyboard layout cz_qwerty"
2046 wine_trace 0034:trace:keyboard:X11DRV_KEYBOARD_DetectLayout matches=0, mismatches=0, seq=0, score=0
2046 wine_trace 0034:trace:keyboard:X11DRV_KEYBOARD_DetectLayout Attempting to match against "Latin American keyboard layout"
2046 wine_trace 0034:trace:keyboard:X11DRV_KEYBOARD_DetectLayout matches=0, mismatches=0, seq=0, score=0
2046 wine_trace 0034:trace:keyboard:X11DRV_KEYBOARD_DetectLayout Attempting to match against "Lithuanian (Baltic) keyboard layout"
2046 wine_trace 0034:trace:keyboard:X11DRV_KEYBOARD_DetectLayout matches=0, mismatches=0, seq=0, score=0
2046 wine_trace 0034:trace:keyboard:X11DRV_KEYBOARD_DetectLayout Attempting to match against "Turkish keyboard layout"
2047 wine_trace 0034:trace:keyboard:X11DRV_KEYBOARD_DetectLayout matches=0, mismatches=0, seq=0, score=0
2047 wine_trace 0034:trace:keyboard:X11DRV_KEYBOARD_DetectLayout Attempting to match against "Turkish keyboard layout tr"
2047 wine_trace 0034:trace:keyboard:X11DRV_KEYBOARD_DetectLayout matches=0, mismatches=0, seq=0, score=0
2047 wine_trace 0034:trace:keyboard:X11DRV_KEYBOARD_DetectLayout Attempting to match against "Turkish keyboard layout trf"
2047 wine_trace 0034:trace:keyboard:X11DRV_KEYBOARD_DetectLayout matches=0, mismatches=0, seq=0, score=0
2047 wine_trace 0034:trace:keyboard:X11DRV_KEYBOARD_DetectLayout Attempting to match against "Israelian keyboard layout"
2047 wine_trace 0034:trace:keyboard:X11DRV_KEYBOARD_DetectLayout matches=0, mismatches=0, seq=0, score=0
2048 wine_trace 0034:trace:keyboard:X11DRV_KEYBOARD_DetectLayout Attempting to match against "Israelian phonetic keyboard layout"
2048 wine_trace 0034:trace:keyboard:X11DRV_KEYBOARD_DetectLayout matches=0, mismatches=0, seq=0, score=0
2048 wine_trace 0034:trace:keyboard:X11DRV_KEYBOARD_DetectLayout Attempting to match against "Israelian Saharon keyboard layout"
2048 wine_trace 0034:trace:keyboard:X11DRV_KEYBOARD_DetectLayout matches=0, mismatches=0, seq=0, score=0
2048 wine_trace 0034:trace:keyboard:X11DRV_KEYBOARD_DetectLayout Attempting to match against "VNC keyboard layout"
2048 wine_trace 0034:trace:keyboard:X11DRV_KEYBOARD_DetectLayout matches=0, mismatches=0, seq=0, score=0
2049 wine_trace 0034:trace:keyboard:X11DRV_KEYBOARD_DetectLayout Attempting to match against "Greek keyboard layout"
2049 wine_trace 0034:trace:keyboard:X11DRV_KEYBOARD_DetectLayout matches=0, mismatches=0, seq=0, score=0
2049 wine_trace 0034:trace:keyboard:X11DRV_KEYBOARD_DetectLayout Attempting to match against "Thai (Kedmanee)  keyboard layout"
2049 wine_trace 0034:trace:keyboard:X11DRV_KEYBOARD_DetectLayout matches=0, mismatches=0, seq=0, score=0
2049 wine_trace 0034:trace:keyboard:X11DRV_KEYBOARD_DetectLayout Attempting to match against "Dutch keyboard layout"
2049 wine_trace 0034:trace:keyboard:X11DRV_KEYBOARD_DetectLayout matches=0, mismatches=0, seq=0, score=0
2052 wine_trace 0034:trace:keyboard:X11DRV_KEYBOARD_DetectLayout detected layout is "United States keyboard layout"
2053 wine_trace 0034:trace:keyboard:X11DRV_InitKeyboard keycode 8 => vkey 0000
2053 wine_trace 0034:trace:keyboard:X11DRV_InitKeyboard keycode 9 => vkey 001B
2053 wine_trace 0034:trace:keyboard:X11DRV_InitKeyboard keycode 10 => vkey 0000
2054 wine_trace 0034:trace:keyboard:X11DRV_InitKeyboard keycode 11 => vkey 0000
2054 wine_trace 0034:trace:keyboard:X11DRV_InitKeyboard keycode 12 => vkey 0000
2054 wine_trace 0034:trace:keyboard:X11DRV_InitKeyboard keycode 13 => vkey 0000
2054 wine_trace 0034:trace:keyboard:X11DRV_InitKeyboard keycode 14 => vkey 0000
2054 wine_trace 0034:trace:keyboard:X11DRV_InitKeyboard keycode 15 => vkey 0000
2055 wine_trace 0034:trace:keyboard:X11DRV_InitKeyboard keycode 16 => vkey 0000
2055 wine_trace 0034:trace:keyboard:X11DRV_InitKeyboard keycode 17 => vkey 0000
2055 wine_trace 0034:trace:keyboard:X11DRV_InitKeyboard keycode 18 => vkey 0000
2055 wine_trace 0034:trace:keyboard:X11DRV_InitKeyboard keycode 19 => vkey 0000
2056 wine_trace 0034:trace:keyboard:X11DRV_InitKeyboard keycode 20 => vkey 0000
2056 wine_trace 0034:trace:keyboard:X11DRV_InitKeyboard keycode 21 => vkey 0000
2056 wine_trace 0034:trace:keyboard:X11DRV_InitKeyboard keycode 22 => vkey 0008
2056 wine_trace 0034:trace:keyboard:X11DRV_InitKeyboard keycode 23 => vkey 0009
2056 wine_trace 0034:trace:keyboard:X11DRV_InitKeyboard keycode 24 => vkey 0000
2056 wine_trace 0034:trace:keyboard:X11DRV_InitKeyboard keycode 25 => vkey 0000
2056 wine_trace 0034:trace:keyboard:X11DRV_InitKeyboard keycode 26 => vkey 0000
2057 wine_trace 0034:trace:keyboard:X11DRV_InitKeyboard keycode 27 => vkey 0000
2057 wine_trace 0034:trace:keyboard:X11DRV_InitKeyboard keycode 28 => vkey 0000
2057 wine_trace 0034:trace:keyboard:X11DRV_InitKeyboard keycode 29 => vkey 0000
2057 wine_trace 0034:trace:keyboard:X11DRV_InitKeyboard keycode 30 => vkey 0000
2057 wine_trace 0034:trace:keyboard:X11DRV_InitKeyboard keycode 31 => vkey 0000
2057 wine_trace 0034:trace:keyboard:X11DRV_InitKeyboard keycode 32 => vkey 0000
2057 wine_trace 0034:trace:keyboard:X11DRV_InitKeyboard keycode 33 => vkey 0000
2058 wine_trace 0034:trace:keyboard:X11DRV_InitKeyboard keycode 34 => vkey 0000
2058 wine_trace 0034:trace:keyboard:X11DRV_InitKeyboard keycode 35 => vkey 0000
2058 wine_trace 0034:trace:keyboard:X11DRV_InitKeyboard keycode 36 => vkey 000D
2058 wine_trace 0034:trace:keyboard:X11DRV_InitKeyboard keycode 37 => vkey 00A2
2058 wine_trace 0034:trace:keyboard:X11DRV_InitKeyboard keycode 38 => vkey 0000
2058 wine_trace 0034:trace:keyboard:X11DRV_InitKeyboard keycode 39 => vkey 0000
2058 wine_trace 0034:trace:keyboard:X11DRV_InitKeyboard keycode 40 => vkey 0000
2059 wine_trace 0034:trace:keyboard:X11DRV_InitKeyboard keycode 41 => vkey 0000
2059 wine_trace 0034:trace:keyboard:X11DRV_InitKeyboard keycode 42 => vkey 0000
2059 wine_trace 0034:trace:keyboard:X11DRV_InitKeyboard keycode 43 => vkey 0000
2059 wine_trace 0034:trace:keyboard:X11DRV_InitKeyboard keycode 44 => vkey 0000
2059 wine_trace 0034:trace:keyboard:X11DRV_InitKeyboard keycode 45 => vkey 0000
2059 wine_trace 0034:trace:keyboard:X11DRV_InitKeyboard keycode 46 => vkey 0000
2060 wine_trace 0034:trace:keyboard:X11DRV_InitKeyboard keycode 47 => vkey 0000
2060 wine_trace 0034:trace:keyboard:X11DRV_InitKeyboard keycode 48 => vkey 0000
2060 wine_trace 0034:trace:keyboard:X11DRV_InitKeyboard keycode 49 => vkey 0000
2060 wine_trace 0034:trace:keyboard:X11DRV_InitKeyboard keycode 50 => vkey 00A0
2060 wine_trace 0034:trace:keyboard:X11DRV_InitKeyboard keycode 51 => vkey 0000
2060 wine_trace 0034:trace:keyboard:X11DRV_InitKeyboard keycode 52 => vkey 0000
2060 wine_trace 0034:trace:keyboard:X11DRV_InitKeyboard keycode 53 => vkey 0000
2061 wine_trace 0034:trace:keyboard:X11DRV_InitKeyboard keycode 54 => vkey 0000
2061 wine_trace 0034:trace:keyboard:X11DRV_InitKeyboard keycode 55 => vkey 0000
2061 wine_trace 0034:trace:keyboard:X11DRV_InitKeyboard keycode 56 => vkey 0000
2061 wine_trace 0034:trace:keyboard:X11DRV_InitKeyboard keycode 57 => vkey 0000
2061 wine_trace 0034:trace:keyboard:X11DRV_InitKeyboard keycode 58 => vkey 0000
2061 wine_trace 0034:trace:keyboard:X11DRV_InitKeyboard keycode 59 => vkey 0000
2061 wine_trace 0034:trace:keyboard:X11DRV_InitKeyboard keycode 60 => vkey 0000
2062 wine_trace 0034:trace:keyboard:X11DRV_InitKeyboard keycode 61 => vkey 0000
2062 wine_trace 0034:trace:keyboard:X11DRV_InitKeyboard keycode 62 => vkey 01A1
2062 wine_trace 0034:trace:keyboard:X11DRV_InitKeyboard keycode 63 => vkey 006A
2062 wine_trace 0034:trace:keyboard:X11DRV_InitKeyboard keycode 64 => vkey 00A4
2062 wine_trace 0034:trace:keyboard:X11DRV_InitKeyboard keycode 65 => vkey 0020
2063 wine_trace 0034:trace:keyboard:X11DRV_InitKeyboard keycode 66 => vkey 0000
2063 wine_trace 0034:trace:keyboard:X11DRV_InitKeyboard keycode 67 => vkey 0070
2063 wine_trace 0034:trace:keyboard:X11DRV_InitKeyboard keycode 68 => vkey 0071
2063 wine_trace 0034:trace:keyboard:X11DRV_InitKeyboard keycode 69 => vkey 0072
2063 wine_trace 0034:trace:keyboard:X11DRV_InitKeyboard keycode 70 => vkey 0073
2063 wine_trace 0034:trace:keyboard:X11DRV_InitKeyboard keycode 71 => vkey 0074
2063 wine_trace 0034:trace:keyboard:X11DRV_InitKeyboard keycode 72 => vkey 0075
2064 wine_trace 0034:trace:keyboard:X11DRV_InitKeyboard keycode 73 => vkey 0076
2064 wine_trace 0034:trace:keyboard:X11DRV_InitKeyboard keycode 74 => vkey 0077
2064 wine_trace 0034:trace:keyboard:X11DRV_InitKeyboard keycode 75 => vkey 0078
2064 wine_trace 0034:trace:keyboard:X11DRV_InitKeyboard keycode 76 => vkey 0079
2064 wine_trace 0034:trace:keyboard:X11DRV_InitKeyboard keycode 77 => vkey 0000
2064 wine_trace 0034:trace:keyboard:X11DRV_InitKeyboard keycode 78 => vkey 0000
2064 wine_trace 0034:trace:keyboard:X11DRV_InitKeyboard keycode 79 => vkey 0067
2065 wine_trace 0034:trace:keyboard:X11DRV_InitKeyboard keycode 80 => vkey 0068
2065 wine_trace 0034:trace:keyboard:X11DRV_InitKeyboard keycode 81 => vkey 0069
2065 wine_trace 0034:trace:keyboard:X11DRV_InitKeyboard keycode 82 => vkey 006D
2065 wine_trace 0034:trace:keyboard:X11DRV_InitKeyboard keycode 83 => vkey 0064
2065 wine_trace 0034:trace:keyboard:X11DRV_InitKeyboard keycode 84 => vkey 0065
2065 wine_trace 0034:trace:keyboard:X11DRV_InitKeyboard keycode 85 => vkey 0066
2065 wine_trace 0034:trace:keyboard:X11DRV_InitKeyboard keycode 86 => vkey 006B
2066 wine_trace 0034:trace:keyboard:X11DRV_InitKeyboard keycode 87 => vkey 0061
2066 wine_trace 0034:trace:keyboard:X11DRV_InitKeyboard keycode 88 => vkey 0062
2066 wine_trace 0034:trace:keyboard:X11DRV_InitKeyboard keycode 89 => vkey 0063
2066 wine_trace 0034:trace:keyboard:X11DRV_InitKeyboard keycode 90 => vkey 0060
2066 wine_trace 0034:trace:keyboard:X11DRV_InitKeyboard keycode 91 => vkey 002E
2068 wine_trace 0034:trace:keyboard:X11DRV_InitKeyboard keycode 92 => vkey 0000
2068 wine_trace 0034:trace:keyboard:X11DRV_InitKeyboard keycode 93 => vkey 0000
2068 wine_trace 0034:trace:keyboard:X11DRV_InitKeyboard keycode 94 => vkey 0000
2068 wine_trace 0034:trace:keyboard:X11DRV_InitKeyboard keycode 95 => vkey 007A
2068 wine_trace 0034:trace:keyboard:X11DRV_InitKeyboard keycode 96 => vkey 007B
2068 wine_trace 0034:trace:keyboard:X11DRV_InitKeyboard keycode 97 => vkey 0000
2069 wine_trace 0034:trace:keyboard:X11DRV_InitKeyboard keycode 98 => vkey 0000
2069 wine_trace 0034:trace:keyboard:X11DRV_InitKeyboard keycode 99 => vkey 0000
2069 wine_trace 0034:trace:keyboard:X11DRV_InitKeyboard keycode 100 => vkey 0000
2069 wine_trace 0034:trace:keyboard:X11DRV_InitKeyboard keycode 101 => vkey 0000
2069 wine_trace 0034:trace:keyboard:X11DRV_InitKeyboard keycode 102 => vkey 0000
2069 wine_trace 0034:trace:keyboard:X11DRV_InitKeyboard keycode 103 => vkey 0000
2070 wine_trace 0034:trace:keyboard:X11DRV_InitKeyboard keycode 104 => vkey 0000
2070 wine_trace 0034:trace:keyboard:X11DRV_InitKeyboard keycode 105 => vkey 01A3
2070 wine_trace 0034:trace:keyboard:X11DRV_InitKeyboard keycode 106 => vkey 016F
2070 wine_trace 0034:trace:keyboard:X11DRV_InitKeyboard keycode 107 => vkey 0000
2070 wine_trace 0034:trace:keyboard:X11DRV_InitKeyboard keycode 108 => vkey 01A5
2071 wine_trace 0034:trace:keyboard:X11DRV_InitKeyboard keycode 109 => vkey 0000
2071 wine_trace 0034:trace:keyboard:X11DRV_InitKeyboard keycode 110 => vkey 0124
2071 wine_trace 0034:trace:keyboard:X11DRV_InitKeyboard keycode 111 => vkey 0126
2071 wine_trace 0034:trace:keyboard:X11DRV_InitKeyboard keycode 112 => vkey 0121
2071 wine_trace 0034:trace:keyboard:X11DRV_InitKeyboard keycode 113 => vkey 0125
2071 wine_trace 0034:trace:keyboard:X11DRV_InitKeyboard keycode 114 => vkey 0127
2072 wine_trace 0034:trace:keyboard:X11DRV_InitKeyboard keycode 115 => vkey 0123
2072 wine_trace 0034:trace:keyboard:X11DRV_InitKeyboard keycode 116 => vkey 0128
2072 wine_trace 0034:trace:keyboard:X11DRV_InitKeyboard keycode 117 => vkey 0122
2072 wine_trace 0034:trace:keyboard:X11DRV_InitKeyboard keycode 118 => vkey 012D
2072 wine_trace 0034:trace:keyboard:X11DRV_InitKeyboard keycode 119 => vkey 012E
2073 wine_trace 0034:warn:keyboard:X11DRV_InitKeyboard vkey 012E is being used by more than one keycode
2073 wine_trace 0034:trace:keyboard:X11DRV_InitKeyboard keycode 120 => vkey 0000
2073 wine_trace 0034:trace:keyboard:X11DRV_InitKeyboard keycode 121 => vkey 0000
2073 wine_trace 0034:trace:keyboard:X11DRV_InitKeyboard keycode 122 => vkey 0000
2073 wine_trace 0034:trace:keyboard:X11DRV_InitKeyboard keycode 123 => vkey 0000
2073 wine_trace 0034:trace:keyboard:X11DRV_InitKeyboard keycode 124 => vkey 0000
2073 wine_trace 0034:trace:keyboard:X11DRV_InitKeyboard keycode 125 => vkey 0000
2074 wine_trace 0034:trace:keyboard:X11DRV_InitKeyboard keycode 126 => vkey 0000
2074 wine_trace 0034:trace:keyboard:X11DRV_InitKeyboard keycode 127 => vkey 0000
2074 wine_trace 0034:trace:keyboard:X11DRV_InitKeyboard keycode 128 => vkey 0000
2074 wine_trace 0034:trace:keyboard:X11DRV_InitKeyboard keycode 129 => vkey 0000
2074 wine_trace 0034:trace:keyboard:X11DRV_InitKeyboard keycode 130 => vkey 0000
2074 wine_trace 0034:trace:keyboard:X11DRV_InitKeyboard keycode 131 => vkey 0000
2075 wine_trace 0034:trace:keyboard:X11DRV_InitKeyboard keycode 132 => vkey 0000
2075 wine_trace 0034:trace:keyboard:X11DRV_InitKeyboard keycode 133 => vkey 0000
2075 wine_trace 0034:trace:keyboard:X11DRV_InitKeyboard keycode 134 => vkey 0000
2075 wine_trace 0034:trace:keyboard:X11DRV_InitKeyboard keycode 135 => vkey 0000
2075 wine_trace 0034:trace:keyboard:X11DRV_InitKeyboard keycode 136 => vkey 0000
2075 wine_trace 0034:trace:keyboard:X11DRV_InitKeyboard keycode 137 => vkey 0000
2075 wine_trace 0034:trace:keyboard:X11DRV_InitKeyboard keycode 138 => vkey 0000
2076 wine_trace 0034:trace:keyboard:X11DRV_InitKeyboard keycode 139 => vkey 0000
2076 wine_trace 0034:trace:keyboard:X11DRV_InitKeyboard keycode 140 => vkey 0000
2076 wine_trace 0034:trace:keyboard:X11DRV_InitKeyboard keycode 141 => vkey 0000
2076 wine_trace 0034:trace:keyboard:X11DRV_InitKeyboard keycode 142 => vkey 0000
2076 wine_trace 0034:trace:keyboard:X11DRV_InitKeyboard keycode 143 => vkey 0000
2076 wine_trace 0034:trace:keyboard:X11DRV_InitKeyboard keycode 144 => vkey 0000
2076 wine_trace 0034:trace:keyboard:X11DRV_InitKeyboard keycode 145 => vkey 0000
2077 wine_trace 0034:trace:keyboard:X11DRV_InitKeyboard keycode 146 => vkey 0000
2077 wine_trace 0034:trace:keyboard:X11DRV_InitKeyboard keycode 147 => vkey 0000
2077 wine_trace 0034:trace:keyboard:X11DRV_InitKeyboard keycode 148 => vkey 0000
2077 wine_trace 0034:trace:keyboard:X11DRV_InitKeyboard keycode 149 => vkey 0000
2077 wine_trace 0034:trace:keyboard:X11DRV_InitKeyboard keycode 150 => vkey 0000
2077 wine_trace 0034:trace:keyboard:X11DRV_InitKeyboard keycode 151 => vkey 0000
2077 wine_trace 0034:trace:keyboard:X11DRV_InitKeyboard keycode 152 => vkey 0000
2078 wine_trace 0034:trace:keyboard:X11DRV_InitKeyboard keycode 153 => vkey 0000
2078 wine_trace 0034:trace:keyboard:X11DRV_InitKeyboard keycode 154 => vkey 0000
2078 wine_trace 0034:trace:keyboard:X11DRV_InitKeyboard keycode 155 => vkey 0000
2078 wine_trace 0034:trace:keyboard:X11DRV_InitKeyboard keycode 156 => vkey 0000
2078 wine_trace 0034:trace:keyboard:X11DRV_InitKeyboard keycode 157 => vkey 0000
2078 wine_trace 0034:trace:keyboard:X11DRV_InitKeyboard keycode 158 => vkey 0000
2078 wine_trace 0034:trace:keyboard:X11DRV_InitKeyboard keycode 159 => vkey 0000
2079 wine_trace 0034:trace:keyboard:X11DRV_InitKeyboard keycode 160 => vkey 0000
2079 wine_trace 0034:trace:keyboard:X11DRV_InitKeyboard keycode 161 => vkey 0000
2079 wine_trace 0034:trace:keyboard:X11DRV_InitKeyboard keycode 162 => vkey 0000
2079 wine_trace 0034:trace:keyboard:X11DRV_InitKeyboard keycode 163 => vkey 0000
2079 wine_trace 0034:trace:keyboard:X11DRV_InitKeyboard keycode 164 => vkey 0000
2079 wine_trace 0034:trace:keyboard:X11DRV_InitKeyboard keycode 165 => vkey 0000
2080 wine_trace 0034:trace:keyboard:X11DRV_InitKeyboard keycode 166 => vkey 0000
2080 wine_trace 0034:trace:keyboard:X11DRV_InitKeyboard keycode 167 => vkey 0000
2080 wine_trace 0034:trace:keyboard:X11DRV_InitKeyboard keycode 168 => vkey 0000
2080 wine_trace 0034:trace:keyboard:X11DRV_InitKeyboard keycode 169 => vkey 0000
2080 wine_trace 0034:trace:keyboard:X11DRV_InitKeyboard keycode 170 => vkey 0000
2080 wine_trace 0034:trace:keyboard:X11DRV_InitKeyboard keycode 171 => vkey 0000
2080 wine_trace 0034:trace:keyboard:X11DRV_InitKeyboard keycode 172 => vkey 0000
2081 wine_trace 0034:trace:keyboard:X11DRV_InitKeyboard keycode 173 => vkey 0000
2081 wine_trace 0034:trace:keyboard:X11DRV_InitKeyboard keycode 174 => vkey 0000
2081 wine_trace 0034:trace:keyboard:X11DRV_InitKeyboard keycode 175 => vkey 0000
2081 wine_trace 0034:trace:keyboard:X11DRV_InitKeyboard keycode 176 => vkey 0000
2081 wine_trace 0034:trace:keyboard:X11DRV_InitKeyboard keycode 177 => vkey 0000
2081 wine_trace 0034:trace:keyboard:X11DRV_InitKeyboard keycode 178 => vkey 0000
2081 wine_trace 0034:trace:keyboard:X11DRV_InitKeyboard keycode 179 => vkey 0000
2082 wine_trace 0034:trace:keyboard:X11DRV_InitKeyboard keycode 180 => vkey 0000
2082 wine_trace 0034:trace:keyboard:X11DRV_InitKeyboard keycode 181 => vkey 0000
2082 wine_trace 0034:trace:keyboard:X11DRV_InitKeyboard keycode 182 => vkey 0000
2082 wine_trace 0034:trace:keyboard:X11DRV_InitKeyboard keycode 183 => vkey 0000
2082 wine_trace 0034:trace:keyboard:X11DRV_InitKeyboard keycode 184 => vkey 0000
2082 wine_trace 0034:trace:keyboard:X11DRV_InitKeyboard keycode 185 => vkey 0000
2083 wine_trace 0034:trace:keyboard:X11DRV_InitKeyboard keycode 186 => vkey 0000
2084 wine_trace 0034:trace:keyboard:X11DRV_InitKeyboard keycode 187 => vkey 0000
2084 wine_trace 0034:trace:keyboard:X11DRV_InitKeyboard keycode 188 => vkey 0000
2084 wine_trace 0034:trace:keyboard:X11DRV_InitKeyboard keycode 189 => vkey 0000
2085 wine_trace 0034:trace:keyboard:X11DRV_InitKeyboard keycode 190 => vkey 0000
2085 wine_trace 0034:trace:keyboard:X11DRV_InitKeyboard keycode 191 => vkey 0000
2085 wine_trace 0034:trace:keyboard:X11DRV_InitKeyboard keycode 192 => vkey 0000
2085 wine_trace 0034:trace:keyboard:X11DRV_InitKeyboard keycode 193 => vkey 0000
2085 wine_trace 0034:trace:keyboard:X11DRV_InitKeyboard keycode 194 => vkey 0000
2085 wine_trace 0034:trace:keyboard:X11DRV_InitKeyboard keycode 195 => vkey 0000
2085 wine_trace 0034:trace:keyboard:X11DRV_InitKeyboard keycode 196 => vkey 0000
2086 wine_trace 0034:trace:keyboard:X11DRV_InitKeyboard keycode 197 => vkey 0000
2086 wine_trace 0034:trace:keyboard:X11DRV_InitKeyboard keycode 198 => vkey 0000
2086 wine_trace 0034:trace:keyboard:X11DRV_InitKeyboard keycode 199 => vkey 0000
2086 wine_trace 0034:trace:keyboard:X11DRV_InitKeyboard keycode 200 => vkey 0000
2086 wine_trace 0034:trace:keyboard:X11DRV_InitKeyboard keycode 201 => vkey 0000
2086 wine_trace 0034:trace:keyboard:X11DRV_InitKeyboard keycode 202 => vkey 0000
2087 wine_trace 0034:trace:keyboard:X11DRV_InitKeyboard keycode 203 => vkey 0000
2087 wine_trace 0034:trace:keyboard:X11DRV_InitKeyboard keycode 204 => vkey 0000
2087 wine_trace 0034:trace:keyboard:X11DRV_InitKeyboard keycode 205 => vkey 0000
2087 wine_trace 0034:trace:keyboard:X11DRV_InitKeyboard keycode 206 => vkey 0000
2087 wine_trace 0034:trace:keyboard:X11DRV_InitKeyboard keycode 207 => vkey 0000
2087 wine_trace 0034:trace:keyboard:X11DRV_InitKeyboard keycode 208 => vkey 0000
2087 wine_trace 0034:trace:keyboard:X11DRV_InitKeyboard keycode 209 => vkey 0000
2088 wine_trace 0034:trace:keyboard:X11DRV_InitKeyboard keycode 210 => vkey 0000
2088 wine_trace 0034:trace:keyboard:X11DRV_InitKeyboard keycode 211 => vkey 0000
2088 wine_trace 0034:trace:keyboard:X11DRV_InitKeyboard keycode 212 => vkey 0000
2088 wine_trace 0034:trace:keyboard:X11DRV_InitKeyboard keycode 213 => vkey 0000
2088 wine_trace 0034:trace:keyboard:X11DRV_InitKeyboard keycode 214 => vkey 0000
2088 wine_trace 0034:trace:keyboard:X11DRV_InitKeyboard keycode 215 => vkey 0000
2089 wine_trace 0034:trace:keyboard:X11DRV_InitKeyboard keycode 216 => vkey 0000
2089 wine_trace 0034:trace:keyboard:X11DRV_InitKeyboard keycode 217 => vkey 0000
2089 wine_trace 0034:trace:keyboard:X11DRV_InitKeyboard keycode 218 => vkey 0000
2089 wine_trace 0034:trace:keyboard:X11DRV_InitKeyboard keycode 219 => vkey 0000
2089 wine_trace 0034:trace:keyboard:X11DRV_InitKeyboard keycode 220 => vkey 0000
2089 wine_trace 0034:trace:keyboard:X11DRV_InitKeyboard keycode 221 => vkey 0000
2089 wine_trace 0034:trace:keyboard:X11DRV_InitKeyboard keycode 222 => vkey 0000
2090 wine_trace 0034:trace:keyboard:X11DRV_InitKeyboard keycode 223 => vkey 0000
2090 wine_trace 0034:trace:keyboard:X11DRV_InitKeyboard keycode 224 => vkey 0000
2090 wine_trace 0034:trace:keyboard:X11DRV_InitKeyboard keycode 225 => vkey 0000
2090 wine_trace 0034:trace:keyboard:X11DRV_InitKeyboard keycode 226 => vkey 0000
2090 wine_trace 0034:trace:keyboard:X11DRV_InitKeyboard keycode 227 => vkey 0000
2091 wine_trace 0034:trace:keyboard:X11DRV_InitKeyboard keycode 228 => vkey 0000
2091 wine_trace 0034:trace:keyboard:X11DRV_InitKeyboard keycode 229 => vkey 0000
2091 wine_trace 0034:trace:keyboard:X11DRV_InitKeyboard keycode 230 => vkey 0000
2091 wine_trace 0034:trace:keyboard:X11DRV_InitKeyboard keycode 231 => vkey 0000
2091 wine_trace 0034:trace:keyboard:X11DRV_InitKeyboard keycode 232 => vkey 0000
2091 wine_trace 0034:trace:keyboard:X11DRV_InitKeyboard keycode 233 => vkey 0000
2091 wine_trace 0034:trace:keyboard:X11DRV_InitKeyboard keycode 234 => vkey 0000
2092 wine_trace 0034:trace:keyboard:X11DRV_InitKeyboard keycode 235 => vkey 0000
2092 wine_trace 0034:trace:keyboard:X11DRV_InitKeyboard keycode 236 => vkey 0000
2092 wine_trace 0034:trace:keyboard:X11DRV_InitKeyboard keycode 237 => vkey 0000
2092 wine_trace 0034:trace:keyboard:X11DRV_InitKeyboard keycode 238 => vkey 0000
2092 wine_trace 0034:trace:keyboard:X11DRV_InitKeyboard keycode 239 => vkey 0000
2092 wine_trace 0034:trace:keyboard:X11DRV_InitKeyboard keycode 240 => vkey 0000
2092 wine_trace 0034:trace:keyboard:X11DRV_InitKeyboard keycode 241 => vkey 0000
2092 wine_trace 0034:trace:keyboard:X11DRV_InitKeyboard keycode 242 => vkey 0000
2093 wine_trace 0034:trace:keyboard:X11DRV_InitKeyboard keycode 243 => vkey 0000
2093 wine_trace 0034:trace:keyboard:X11DRV_InitKeyboard keycode 244 => vkey 0000
2093 wine_trace 0034:trace:keyboard:X11DRV_InitKeyboard keycode 245 => vkey 0000
2093 wine_trace 0034:trace:keyboard:X11DRV_InitKeyboard keycode 246 => vkey 0000
2093 wine_trace 0034:trace:keyboard:X11DRV_InitKeyboard keycode 247 => vkey 0000
2093 wine_trace 0034:trace:keyboard:X11DRV_InitKeyboard keycode 248 => vkey 0000
2093 wine_trace 0034:trace:keyboard:X11DRV_InitKeyboard keycode 249 => vkey 0000
2094 wine_trace 0034:trace:keyboard:X11DRV_InitKeyboard keycode 250 => vkey 0000
2094 wine_trace 0034:trace:keyboard:X11DRV_InitKeyboard keycode 251 => vkey 0000
2094 wine_trace 0034:trace:keyboard:X11DRV_InitKeyboard keycode 252 => vkey 0000
2094 wine_trace 0034:trace:keyboard:X11DRV_InitKeyboard keycode 253 => vkey 0000
2094 wine_trace 0034:trace:keyboard:X11DRV_InitKeyboard keycode 254 => vkey 0000
2094 wine_trace 0034:trace:keyboard:X11DRV_InitKeyboard keycode 255 => vkey 0000
2094 wine_trace 0034:trace:keyboard:X11DRV_InitKeyboard keycode 10 => vkey 0031
2095 wine_trace 0034:trace:keyboard:X11DRV_InitKeyboard keycode 11 => vkey 0032
2095 wine_trace 0034:trace:keyboard:X11DRV_InitKeyboard keycode 12 => vkey 0033
2095 wine_trace 0034:trace:keyboard:X11DRV_InitKeyboard keycode 13 => vkey 0034
2095 wine_trace 0034:trace:keyboard:X11DRV_InitKeyboard keycode 14 => vkey 0035
2095 wine_trace 0034:trace:keyboard:X11DRV_InitKeyboard keycode 15 => vkey 0036
2095 wine_trace 0034:trace:keyboard:X11DRV_InitKeyboard keycode 16 => vkey 0037
2096 wine_trace 0034:trace:keyboard:X11DRV_InitKeyboard keycode 17 => vkey 0038
2096 wine_trace 0034:trace:keyboard:X11DRV_InitKeyboard keycode 18 => vkey 0039
2096 wine_trace 0034:trace:keyboard:X11DRV_InitKeyboard keycode 19 => vkey 0030
2096 wine_trace 0034:trace:keyboard:X11DRV_InitKeyboard keycode 20 => vkey 00BD
2096 wine_trace 0034:trace:keyboard:X11DRV_InitKeyboard keycode 21 => vkey 00BB
2096 wine_trace 0034:trace:keyboard:X11DRV_InitKeyboard keycode 24 => vkey 0051
2096 wine_trace 0034:trace:keyboard:X11DRV_InitKeyboard keycode 25 => vkey 0057
2097 wine_trace 0034:trace:keyboard:X11DRV_InitKeyboard keycode 26 => vkey 0045
2097 wine_trace 0034:trace:keyboard:X11DRV_InitKeyboard keycode 27 => vkey 0052
2097 wine_trace 0034:trace:keyboard:X11DRV_InitKeyboard keycode 28 => vkey 0054
2097 wine_trace 0034:trace:keyboard:X11DRV_InitKeyboard keycode 29 => vkey 0059
2097 wine_trace 0034:trace:keyboard:X11DRV_InitKeyboard keycode 30 => vkey 0055
2097 wine_trace 0034:trace:keyboard:X11DRV_InitKeyboard keycode 31 => vkey 0049
2097 wine_trace 0034:trace:keyboard:X11DRV_InitKeyboard keycode 32 => vkey 004F
2098 wine_trace 0034:trace:keyboard:X11DRV_InitKeyboard keycode 33 => vkey 0050
2098 wine_trace 0034:trace:keyboard:X11DRV_InitKeyboard keycode 34 => vkey 00DB
2098 wine_trace 0034:trace:keyboard:X11DRV_InitKeyboard keycode 35 => vkey 00DD
2098 wine_trace 0034:trace:keyboard:X11DRV_InitKeyboard keycode 38 => vkey 0041
2098 wine_trace 0034:trace:keyboard:X11DRV_InitKeyboard keycode 39 => vkey 0053
2098 wine_trace 0034:trace:keyboard:X11DRV_InitKeyboard keycode 40 => vkey 0044
2098 wine_trace 0034:trace:keyboard:X11DRV_InitKeyboard keycode 41 => vkey 0046
2099 wine_trace 0034:trace:keyboard:X11DRV_InitKeyboard keycode 42 => vkey 0047
2099 wine_trace 0034:trace:keyboard:X11DRV_InitKeyboard keycode 43 => vkey 0048
2099 wine_trace 0034:trace:keyboard:X11DRV_InitKeyboard keycode 44 => vkey 004A
2099 wine_trace 0034:trace:keyboard:X11DRV_InitKeyboard keycode 45 => vkey 004B
2099 wine_trace 0034:trace:keyboard:X11DRV_InitKeyboard keycode 46 => vkey 004C
2099 wine_trace 0034:trace:keyboard:X11DRV_InitKeyboard keycode 47 => vkey 00BA
2099 wine_trace 0034:trace:keyboard:X11DRV_InitKeyboard keycode 48 => vkey 00DE
2100 wine_trace 0034:trace:keyboard:X11DRV_InitKeyboard keycode 49 => vkey 00C0
2100 wine_trace 0034:trace:keyboard:X11DRV_InitKeyboard keycode 51 => vkey 00DC
2100 wine_trace 0034:trace:keyboard:X11DRV_InitKeyboard keycode 52 => vkey 005A
2100 wine_trace 0034:trace:keyboard:X11DRV_InitKeyboard keycode 53 => vkey 0058
2100 wine_trace 0034:trace:keyboard:X11DRV_InitKeyboard keycode 54 => vkey 0043
2100 wine_trace 0034:trace:keyboard:X11DRV_InitKeyboard keycode 55 => vkey 0056
2100 wine_trace 0034:trace:keyboard:X11DRV_InitKeyboard keycode 56 => vkey 0042
2101 wine_trace 0034:trace:keyboard:X11DRV_InitKeyboard keycode 57 => vkey 004E
2101 wine_trace 0034:trace:keyboard:X11DRV_InitKeyboard keycode 58 => vkey 004D
2101 wine_trace 0034:trace:keyboard:X11DRV_InitKeyboard keycode 59 => vkey 00BC
2101 wine_trace 0034:trace:keyboard:X11DRV_InitKeyboard keycode 60 => vkey 00BE
2101 wine_trace 0034:trace:keyboard:X11DRV_InitKeyboard keycode 61 => vkey 00BF
2101 wine_trace 0034:trace:keyboard:X11DRV_InitKeyboard spare virtual key 00DF assigned to keycode 134:
2101 wine_trace 0034:trace:keyboard:X11DRV_InitKeyboard (40d56d4d (NoSymbol) 40d56d57 (NoSymbol) )
2102 wine_trace 0034:trace:keyboard:X11DRV_InitKeyboard keycode 134 => vkey 00DF
2102 wine_trace 0034:trace:keyboard:X11DRV_InitKeyboard spare virtual key 00E1 assigned to keycode 135:
2102 wine_trace 0034:trace:keyboard:X11DRV_InitKeyboard (40d56d64 (NoSymbol) 40d56d71 (NoSymbol) )
2102 wine_trace 0034:trace:keyboard:X11DRV_InitKeyboard keycode 135 => vkey 00E1
2102 wine_trace 0034:trace:keyboard:X11DRV_InitKeyboard spare virtual key 00E2 assigned to keycode 136:
2102 wine_trace 0034:trace:keyboard:X11DRV_InitKeyboard (40d56d7b (NoSymbol) 40d56d88 (NoSymbol) )
2103 wine_trace 0034:trace:keyboard:X11DRV_InitKeyboard keycode 136 => vkey 00E2
2103 wine_trace 0034:trace:keyboard:X11DRV_InitKeyboard spare virtual key 00E3 assigned to keycode 137:
2103 wine_trace 0034:trace:keyboard:X11DRV_InitKeyboard (40d56d92 (NoSymbol) 40d56d9f (NoSymbol) )
2103 wine_trace 0034:trace:keyboard:X11DRV_InitKeyboard keycode 137 => vkey 00E3
2103 wine_trace 0034:trace:keyboard:X11DRV_InitKeyboard spare virtual key 00E4 assigned to keycode 138:
2103 wine_trace 0034:trace:keyboard:X11DRV_InitKeyboard (40d56da9 (NoSymbol) 40d56db6 (NoSymbol) )
2104 wine_trace 0034:trace:keyboard:X11DRV_InitKeyboard keycode 138 => vkey 00E4
2104 wine_trace 0034:trace:keyboard:X11DRV_InitKeyboard spare virtual key 00E6 assigned to keycode 139:
2104 wine_trace 0034:trace:keyboard:X11DRV_InitKeyboard (40d56dc0 (NoSymbol) 40d56dcd (NoSymbol) )
2104 wine_trace 0034:trace:keyboard:X11DRV_InitKeyboard keycode 139 => vkey 00E6
2104 wine_trace 0034:trace:keyboard:X11DRV_InitKeyboard spare virtual key 00E9 assigned to keycode 140:
2105 wine_trace 0034:trace:keyboard:X11DRV_InitKeyboard (40d56dd7 (NoSymbol) 40d56de4 (NoSymbol) )
2105 wine_trace 0034:trace:keyboard:X11DRV_InitKeyboard keycode 140 => vkey 00E9
2105 wine_trace 0034:trace:keyboard:X11DRV_InitKeyboard spare virtual key 00EA assigned to keycode 141:
2105 wine_trace 0034:trace:keyboard:X11DRV_InitKeyboard (40d56dee (NoSymbol) 40d56dfb (NoSymbol) )
2105 wine_trace 0034:trace:keyboard:X11DRV_InitKeyboard keycode 141 => vkey 00EA
2105 wine_trace 0034:trace:keyboard:X11DRV_InitKeyboard spare virtual key 00EB assigned to keycode 142:
2105 wine_trace 0034:trace:keyboard:X11DRV_InitKeyboard (40d56e05 (NoSymbol) 40d56e12 (NoSymbol) )
2106 wine_trace 0034:trace:keyboard:X11DRV_InitKeyboard keycode 142 => vkey 00EB
2106 wine_trace 0034:trace:keyboard:X11DRV_InitKeyboard spare virtual key 00EC assigned to keycode 143:
2106 wine_trace 0034:trace:keyboard:X11DRV_InitKeyboard (40d56e1c (NoSymbol) 40d56e2a (NoSymbol) )
2106 wine_trace 0034:trace:keyboard:X11DRV_InitKeyboard keycode 143 => vkey 00EC
2106 wine_trace 0034:trace:keyboard:X11DRV_InitKeyboard spare virtual key 00ED assigned to keycode 144:
2106 wine_trace 0034:trace:keyboard:X11DRV_InitKeyboard (40d56e35 (NoSymbol) 40d56e43 (NoSymbol) )
2106 wine_trace 0034:trace:keyboard:X11DRV_InitKeyboard keycode 144 => vkey 00ED
2107 wine_trace 0034:trace:keyboard:X11DRV_InitKeyboard spare virtual key 00EE assigned to keycode 145:
2107 wine_trace 0034:trace:keyboard:X11DRV_InitKeyboard (40d56e4e (NoSymbol) 40d56e5c (NoSymbol) )
2107 wine_trace 0034:trace:keyboard:X11DRV_InitKeyboard keycode 145 => vkey 00EE
2107 wine_trace 0034:trace:keyboard:X11DRV_InitKeyboard spare virtual key 00EF assigned to keycode 146:
2107 wine_trace 0034:trace:keyboard:X11DRV_InitKeyboard (40d56e67 (NoSymbol) 40d56e75 (NoSymbol) )
2107 wine_trace 0034:trace:keyboard:X11DRV_InitKeyboard keycode 146 => vkey 00EF
2107 wine_trace 0034:trace:keyboard:X11DRV_InitKeyboard spare virtual key 00F0 assigned to keycode 147:
2108 wine_trace 0034:trace:keyboard:X11DRV_InitKeyboard (40d56e80 (NoSymbol) 40d56e8e (NoSymbol) )
2108 wine_trace 0034:trace:keyboard:X11DRV_InitKeyboard keycode 147 => vkey 00F0
2108 wine_trace 0034:trace:keyboard:X11DRV_InitKeyboard spare virtual key 00F1 assigned to keycode 148:
2108 wine_trace 0034:trace:keyboard:X11DRV_InitKeyboard (40d56e99 (NoSymbol) 40d56ea7 (NoSymbol) )
2108 wine_trace 0034:trace:keyboard:X11DRV_InitKeyboard keycode 148 => vkey 00F1
2108 wine_trace 0034:trace:keyboard:X11DRV_InitKeyboard spare virtual key 00F2 assigned to keycode 149:
2109 wine_trace 0034:trace:keyboard:X11DRV_InitKeyboard (40d56eb2 (NoSymbol) 40d56ec5 (NoSymbol) )
2109 wine_trace 0034:trace:keyboard:X11DRV_InitKeyboard keycode 149 => vkey 00F2
2109 wine_trace 0034:trace:keyboard:X11DRV_InitKeyboard spare virtual key 00F3 assigned to keycode 150:
2109 wine_trace 0034:trace:keyboard:X11DRV_InitKeyboard (40d56ed5 (NoSymbol) 40d56ee8 (NoSymbol) )
2109 wine_trace 0034:trace:keyboard:X11DRV_InitKeyboard keycode 150 => vkey 00F3
2109 wine_trace 0034:trace:keyboard:X11DRV_InitKeyboard spare virtual key 00F4 assigned to keycode 151:
2109 wine_trace 0034:trace:keyboard:X11DRV_InitKeyboard (40d56ef9 (NoSymbol) 40d56f07 (NoSymbol) )
2109 wine_trace 0034:trace:keyboard:X11DRV_InitKeyboard keycode 151 => vkey 00F4
2110 wine_trace 0034:trace:keyboard:X11DRV_InitKeyboard spare virtual key 00F5 assigned to keycode 152:
2110 wine_trace 0034:trace:keyboard:X11DRV_InitKeyboard (40d56f18 (NoSymbol) 40d56f2b (NoSymbol) )
2110 wine_trace 0034:trace:keyboard:X11DRV_InitKeyboard keycode 152 => vkey 00F5
2110 wine_trace 0034:trace:keyboard:X11DRV_InitKeyboard spare virtual key 0092 assigned to keycode 153:
2110 wine_trace 0034:trace:keyboard:X11DRV_InitKeyboard (40d56f3b (NoSymbol) 40d56f4e (NoSymbol) )
2110 wine_trace 0034:trace:keyboard:X11DRV_InitKeyboard keycode 153 => vkey 0092
2111 wine_trace 0034:trace:keyboard:X11DRV_InitKeyboard spare virtual key 007C assigned to keycode 154:
2111 wine_trace 0034:trace:keyboard:X11DRV_InitKeyboard (40d56f61 (NoSymbol) 40d56f71 (NoSymbol) )
2111 wine_trace 0034:trace:keyboard:X11DRV_InitKeyboard keycode 154 => vkey 007C
2111 wine_trace 0034:trace:keyboard:X11DRV_InitKeyboard spare virtual key 007D assigned to keycode 155:
2111 wine_trace 0034:trace:keyboard:X11DRV_InitKeyboard (40d56f84 (NoSymbol) 40d56f97 (NoSymbol) )
2111 wine_trace 0034:trace:keyboard:X11DRV_InitKeyboard keycode 155 => vkey 007D
2111 wine_trace 0034:trace:keyboard:X11DRV_InitKeyboard spare virtual key 007E assigned to keycode 156:
2112 wine_trace 0034:trace:keyboard:X11DRV_InitKeyboard (40d56fa7 (NoSymbol) 40d56fba (NoSymbol) )
2112 wine_trace 0034:trace:keyboard:X11DRV_InitKeyboard keycode 156 => vkey 007E
2112 wine_trace 0034:trace:keyboard:X11DRV_InitKeyboard spare virtual key 007F assigned to keycode 157:
2112 wine_trace 0034:trace:keyboard:X11DRV_InitKeyboard (40d56fcc (NoSymbol) 40d56fdb (NoSymbol) )
2112 wine_trace 0034:trace:keyboard:X11DRV_InitKeyboard keycode 157 => vkey 007F
2112 wine_trace 0034:trace:keyboard:X11DRV_InitKeyboard spare virtual key 0080 assigned to keycode 158:
2113 wine_trace 0034:trace:keyboard:X11DRV_InitKeyboard (40d56fed (NoSymbol) 40d57000 (NoSymbol) )
2113 wine_trace 0034:trace:keyboard:X11DRV_InitKeyboard keycode 158 => vkey 0080
2113 wine_trace 0034:trace:keyboard:X11DRV_InitKeyboard spare virtual key 0081 assigned to keycode 159:
2113 wine_trace 0034:trace:keyboard:X11DRV_InitKeyboard (40d57010 (NoSymbol) 40d57023 (NoSymbol) )
2113 wine_trace 0034:trace:keyboard:X11DRV_InitKeyboard keycode 159 => vkey 0081
2113 wine_trace 0034:trace:keyboard:X11DRV_InitKeyboard spare virtual key 0082 assigned to keycode 160:
2113 wine_trace 0034:trace:keyboard:X11DRV_InitKeyboard (40d57036 (NoSymbol) 40d57046 (NoSymbol) )
2114 wine_trace 0034:trace:keyboard:X11DRV_InitKeyboard keycode 160 => vkey 0082
2114 wine_trace 0034:trace:keyboard:X11DRV_InitKeyboard spare virtual key 0083 assigned to keycode 161:
2114 wine_trace 0034:trace:keyboard:X11DRV_InitKeyboard (40d57059 (NoSymbol) 40d5706c (NoSymbol) )
2114 wine_trace 0034:trace:keyboard:X11DRV_InitKeyboard keycode 161 => vkey 0083
2114 wine_trace 0034:trace:keyboard:X11DRV_InitKeyboard spare virtual key 0084 assigned to keycode 162:
2114 wine_trace 0034:trace:keyboard:X11DRV_InitKeyboard (40d5707c (NoSymbol) 40d5708f (NoSymbol) )
2115 wine_trace 0034:trace:keyboard:X11DRV_InitKeyboard keycode 162 => vkey 0084
2115 wine_trace 0034:trace:keyboard:X11DRV_InitKeyboard spare virtual key 0085 assigned to keycode 163:
2115 wine_trace 0034:trace:keyboard:X11DRV_InitKeyboard (40d570a2 (NoSymbol) 40d570b2 (NoSymbol) )
2115 wine_trace 0034:trace:keyboard:X11DRV_InitKeyboard keycode 163 => vkey 0085
2115 wine_trace 0034:trace:keyboard:X11DRV_InitKeyboard spare virtual key 0086 assigned to keycode 164:
2115 wine_trace 0034:trace:keyboard:X11DRV_InitKeyboard (40d570c5 (NoSymbol) 40d570d8 (NoSymbol) )
2116 wine_trace 0034:trace:keyboard:X11DRV_InitKeyboard keycode 164 => vkey 0086
2116 wine_trace 0034:trace:keyboard:X11DRV_InitKeyboard spare virtual key 0087 assigned to keycode 165:
2116 wine_trace 0034:trace:keyboard:X11DRV_InitKeyboard (40d570e8 (NoSymbol) 40d570fb (NoSymbol) )
2116 wine_trace 0034:trace:keyboard:X11DRV_InitKeyboard keycode 165 => vkey 0087
2116 wine_trace 0034:warn:keyboard:X11DRV_InitKeyboard No more vkeys available!
2116 wine_trace 0034:trace:key:X11DRV_InitKeyboard assigning scancode 60 to unidentified keycode 10 (NoSymbol)
2117 wine_trace 0034:trace:key:X11DRV_InitKeyboard assigning scancode 61 to unidentified keycode 11 (NoSymbol)
2117 wine_trace 0034:trace:key:X11DRV_InitKeyboard assigning scancode 62 to unidentified keycode 12 (NoSymbol)
2117 wine_trace 0034:trace:key:X11DRV_InitKeyboard assigning scancode 63 to unidentified keycode 13 (NoSymbol)
2118 wine_trace 0034:trace:key:X11DRV_InitKeyboard assigning scancode 64 to unidentified keycode 14 (NoSymbol)
2118 wine_trace 0034:trace:key:X11DRV_InitKeyboard assigning scancode 65 to unidentified keycode 15 (NoSymbol)
2119 wine_trace 0034:trace:key:X11DRV_InitKeyboard assigning scancode 66 to unidentified keycode 16 (NoSymbol)
2119 wine_trace 0034:trace:key:X11DRV_InitKeyboard assigning scancode 67 to unidentified keycode 17 (NoSymbol)
2120 wine_trace 0034:trace:key:X11DRV_InitKeyboard assigning scancode 68 to unidentified keycode 18 (NoSymbol)
2120 wine_trace 0034:trace:key:X11DRV_InitKeyboard assigning scancode 69 to unidentified keycode 19 (NoSymbol)
2120 wine_trace 0034:trace:key:X11DRV_InitKeyboard assigning scancode 6a to unidentified keycode 20 (NoSymbol)
2120 wine_trace 0034:trace:key:X11DRV_InitKeyboard assigning scancode 6b to unidentified keycode 21 (NoSymbol)
2120 wine_trace 0034:trace:key:X11DRV_InitKeyboard assigning scancode 6c to unidentified keycode 24 (NoSymbol)
2120 wine_trace 0034:trace:key:X11DRV_InitKeyboard assigning scancode 6d to unidentified keycode 25 (NoSymbol)
2121 wine_trace 0034:trace:key:X11DRV_InitKeyboard assigning scancode 6e to unidentified keycode 26 (NoSymbol)
2121 wine_trace 0034:trace:key:X11DRV_InitKeyboard assigning scancode 6f to unidentified keycode 27 (NoSymbol)
2121 wine_trace 0034:trace:key:X11DRV_InitKeyboard assigning scancode 70 to unidentified keycode 28 (NoSymbol)
2121 wine_trace 0034:trace:key:X11DRV_InitKeyboard assigning scancode 71 to unidentified keycode 29 (NoSymbol)
2121 wine_trace 0034:trace:key:X11DRV_InitKeyboard assigning scancode 72 to unidentified keycode 30 (NoSymbol)
2121 wine_trace 0034:trace:key:X11DRV_InitKeyboard assigning scancode 73 to unidentified keycode 31 (NoSymbol)
2121 wine_trace 0034:trace:key:X11DRV_InitKeyboard assigning scancode 74 to unidentified keycode 32 (NoSymbol)
2122 wine_trace 0034:trace:key:X11DRV_InitKeyboard assigning scancode 75 to unidentified keycode 33 (NoSymbol)
2122 wine_trace 0034:trace:key:X11DRV_InitKeyboard assigning scancode 76 to unidentified keycode 34 (NoSymbol)
2122 wine_trace 0034:trace:key:X11DRV_InitKeyboard assigning scancode 77 to unidentified keycode 35 (NoSymbol)
2122 wine_trace 0034:trace:key:X11DRV_InitKeyboard assigning scancode 78 to unidentified keycode 38 (NoSymbol)
2122 wine_trace 0034:trace:key:X11DRV_InitKeyboard assigning scancode 79 to unidentified keycode 39 (NoSymbol)
2122 wine_trace 0034:trace:key:X11DRV_InitKeyboard assigning scancode 7a to unidentified keycode 40 (NoSymbol)
2122 wine_trace 0034:trace:key:X11DRV_InitKeyboard assigning scancode 7b to unidentified keycode 41 (NoSymbol)
2123 wine_trace 0034:trace:key:X11DRV_InitKeyboard assigning scancode 7c to unidentified keycode 42 (NoSymbol)
2123 wine_trace 0034:trace:key:X11DRV_InitKeyboard assigning scancode 7d to unidentified keycode 43 (NoSymbol)
2123 wine_trace 0034:trace:key:X11DRV_InitKeyboard assigning scancode 7e to unidentified keycode 44 (NoSymbol)
2123 wine_trace 0034:trace:key:X11DRV_InitKeyboard assigning scancode 7f to unidentified keycode 45 (NoSymbol)
2123 wine_trace 0034:trace:key:X11DRV_InitKeyboard assigning scancode 80 to unidentified keycode 46 (NoSymbol)
2123 wine_trace 0034:trace:key:X11DRV_InitKeyboard assigning scancode 81 to unidentified keycode 47 (NoSymbol)
2123 wine_trace 0034:trace:key:X11DRV_InitKeyboard assigning scancode 82 to unidentified keycode 48 (NoSymbol)
2124 wine_trace 0034:trace:key:X11DRV_InitKeyboard assigning scancode 83 to unidentified keycode 49 (NoSymbol)
2124 wine_trace 0034:trace:key:X11DRV_InitKeyboard assigning scancode 84 to unidentified keycode 51 (NoSymbol)
2124 wine_trace 0034:trace:key:X11DRV_InitKeyboard assigning scancode 85 to unidentified keycode 52 (NoSymbol)
2124 wine_trace 0034:trace:key:X11DRV_InitKeyboard assigning scancode 86 to unidentified keycode 53 (NoSymbol)
2124 wine_trace 0034:trace:key:X11DRV_InitKeyboard assigning scancode 87 to unidentified keycode 54 (NoSymbol)
2124 wine_trace 0034:trace:key:X11DRV_InitKeyboard assigning scancode 88 to unidentified keycode 55 (NoSymbol)
2125 wine_trace 0034:trace:key:X11DRV_InitKeyboard assigning scancode 89 to unidentified keycode 56 (NoSymbol)
2125 wine_trace 0034:trace:key:X11DRV_InitKeyboard assigning scancode 8a to unidentified keycode 57 (NoSymbol)
2125 wine_trace 0034:trace:key:X11DRV_InitKeyboard assigning scancode 8b to unidentified keycode 58 (NoSymbol)
2125 wine_trace 0034:trace:key:X11DRV_InitKeyboard assigning scancode 8c to unidentified keycode 59 (NoSymbol)
2125 wine_trace 0034:trace:key:X11DRV_InitKeyboard assigning scancode 8d to unidentified keycode 60 (NoSymbol)
2125 wine_trace 0034:trace:key:X11DRV_InitKeyboard assigning scancode 8e to unidentified keycode 61 (NoSymbol)
2125 wine_trace 0034:trace:key:X11DRV_InitKeyboard assigning scancode 8f to unidentified keycode 134 (NoSymbol)
2126 wine_trace 0034:trace:key:X11DRV_InitKeyboard assigning scancode 90 to unidentified keycode 135 (NoSymbol)
2126 wine_trace 0034:trace:key:X11DRV_InitKeyboard assigning scancode 91 to unidentified keycode 136 (NoSymbol)
2126 wine_trace 0034:trace:key:X11DRV_InitKeyboard assigning scancode 92 to unidentified keycode 137 (NoSymbol)
2126 wine_trace 0034:trace:key:X11DRV_InitKeyboard assigning scancode 93 to unidentified keycode 138 (NoSymbol)
2126 wine_trace 0034:trace:key:X11DRV_InitKeyboard assigning scancode 94 to unidentified keycode 139 (NoSymbol)
2126 wine_trace 0034:trace:key:X11DRV_InitKeyboard assigning scancode 95 to unidentified keycode 140 (NoSymbol)
2126 wine_trace 0034:trace:key:X11DRV_InitKeyboard assigning scancode 96 to unidentified keycode 141 (NoSymbol)
2127 wine_trace 0034:trace:key:X11DRV_InitKeyboard assigning scancode 97 to unidentified keycode 142 (NoSymbol)
2127 wine_trace 0034:trace:key:X11DRV_InitKeyboard assigning scancode 98 to unidentified keycode 143 (NoSymbol)
2127 wine_trace 0034:trace:key:X11DRV_InitKeyboard assigning scancode 99 to unidentified keycode 144 (NoSymbol)
2127 wine_trace 0034:trace:key:X11DRV_InitKeyboard assigning scancode 9a to unidentified keycode 145 (NoSymbol)
2127 wine_trace 0034:trace:key:X11DRV_InitKeyboard assigning scancode 9b to unidentified keycode 146 (NoSymbol)
2127 wine_trace 0034:trace:key:X11DRV_InitKeyboard assigning scancode 9c to unidentified keycode 147 (NoSymbol)
2127 wine_trace 0034:trace:key:X11DRV_InitKeyboard assigning scancode 9d to unidentified keycode 148 (NoSymbol)
2128 wine_trace 0034:trace:key:X11DRV_InitKeyboard assigning scancode 9e to unidentified keycode 149 (NoSymbol)
2128 wine_trace 0034:trace:key:X11DRV_InitKeyboard assigning scancode 9f to unidentified keycode 150 (NoSymbol)
2128 wine_trace 0034:trace:key:X11DRV_InitKeyboard assigning scancode a0 to unidentified keycode 151 (NoSymbol)
2128 wine_trace 0034:trace:key:X11DRV_InitKeyboard assigning scancode a1 to unidentified keycode 152 (NoSymbol)
2128 wine_trace 0034:trace:key:X11DRV_InitKeyboard assigning scancode a2 to unidentified keycode 153 (NoSymbol)
2128 wine_trace 0034:trace:key:X11DRV_InitKeyboard assigning scancode a3 to unidentified keycode 154 (NoSymbol)
2129 wine_trace 0034:trace:key:X11DRV_InitKeyboard assigning scancode a4 to unidentified keycode 155 (NoSymbol)
2129 wine_trace 0034:trace:key:X11DRV_InitKeyboard assigning scancode a5 to unidentified keycode 156 (NoSymbol)
2129 wine_trace 0034:trace:key:X11DRV_InitKeyboard assigning scancode a6 to unidentified keycode 157 (NoSymbol)
2129 wine_trace 0034:trace:key:X11DRV_InitKeyboard assigning scancode a7 to unidentified keycode 158 (NoSymbol)
2129 wine_trace 0034:trace:key:X11DRV_InitKeyboard assigning scancode a8 to unidentified keycode 159 (NoSymbol)
2129 wine_trace 0034:trace:key:X11DRV_InitKeyboard assigning scancode a9 to unidentified keycode 160 (NoSymbol)
2129 wine_trace 0034:trace:key:X11DRV_InitKeyboard assigning scancode aa to unidentified keycode 161 (NoSymbol)
2130 wine_trace 0034:trace:key:X11DRV_InitKeyboard assigning scancode ab to unidentified keycode 162 (NoSymbol)
2130 wine_trace 0034:trace:key:X11DRV_InitKeyboard assigning scancode ac to unidentified keycode 163 (NoSymbol)
2130 wine_trace 0034:trace:key:X11DRV_InitKeyboard assigning scancode ad to unidentified keycode 164 (NoSymbol)
2130 wine_trace 0034:trace:key:X11DRV_InitKeyboard assigning scancode ae to unidentified keycode 165 (NoSymbol)
2145 wine_trace 002c:trace:keyboard:NtUserGetKeyboardLayoutName name 0x14012e860
2145 wine_trace 002c:trace:keyboard:NtUserGetKeyboardLayoutName ret L"00000409"
2554 wine_trace 0024:trace:keyboard:NtUserGetKeyboardLayoutName name 0x10010e860
2556 wine_trace 0024:trace:keyboard:NtUserGetKeyboardLayoutName ret L"00000409"
2758 wine_trace 00c4:trace:keyboard:NtUserGetKeyboardLayoutName name 0x14012e860
2758 wine_trace 00c4:trace:keyboard:NtUserGetKeyboardLayoutName ret L"00000409"
2784 wine_trace 00c4:trace:keyboard:X11DRV_KEYBOARD_DetectLayout Attempting to match against "United States keyboard layout"
2784 wine_trace 00c4:trace:keyboard:X11DRV_KEYBOARD_DetectLayout matches=0, mismatches=0, seq=0, score=0
2784 wine_trace 00c4:trace:keyboard:X11DRV_KEYBOARD_DetectLayout Attempting to match against "United States keyboard layout (phantom key version)"
2784 wine_trace 00c4:trace:keyboard:X11DRV_KEYBOARD_DetectLayout matches=0, mismatches=0, seq=0, score=0
2785 wine_trace 00c4:trace:keyboard:X11DRV_KEYBOARD_DetectLayout Attempting to match against "United States keyboard layout (dvorak)"
2785 wine_trace 00c4:trace:keyboard:X11DRV_KEYBOARD_DetectLayout matches=0, mismatches=0, seq=0, score=0
2785 wine_trace 00c4:trace:keyboard:X11DRV_KEYBOARD_DetectLayout Attempting to match against "United States keyboard layout (programmer dvorak)"
2785 wine_trace 00c4:trace:keyboard:X11DRV_KEYBOARD_DetectLayout matches=0, mismatches=0, seq=0, score=0
2785 wine_trace 00c4:trace:keyboard:X11DRV_KEYBOARD_DetectLayout Attempting to match against "United States keyboard layout (dvorak with phantom key)"
2785 wine_trace 00c4:trace:keyboard:X11DRV_KEYBOARD_DetectLayout matches=0, mismatches=0, seq=0, score=0
2786 wine_trace 00c4:trace:keyboard:X11DRV_KEYBOARD_DetectLayout Attempting to match against "United States International keyboard layout"
2786 wine_trace 00c4:trace:keyboard:X11DRV_KEYBOARD_DetectLayout matches=0, mismatches=0, seq=0, score=0
2786 wine_trace 00c4:trace:keyboard:X11DRV_KEYBOARD_DetectLayout Attempting to match against "British keyboard layout"
2786 wine_trace 00c4:trace:keyboard:X11DRV_KEYBOARD_DetectLayout matches=0, mismatches=0, seq=0, score=0
2786 wine_trace 00c4:trace:keyboard:X11DRV_KEYBOARD_DetectLayout Attempting to match against "German keyboard layout"
2786 wine_trace 00c4:trace:keyboard:X11DRV_KEYBOARD_DetectLayout matches=0, mismatches=0, seq=0, score=0
2787 wine_trace 00c4:trace:keyboard:X11DRV_KEYBOARD_DetectLayout Attempting to match against "Swiss German keyboard layout"
2787 wine_trace 00c4:trace:keyboard:X11DRV_KEYBOARD_DetectLayout matches=0, mismatches=0, seq=0, score=0
2787 wine_trace 00c4:trace:keyboard:X11DRV_KEYBOARD_DetectLayout Attempting to match against "Swiss French keyboard layout"
2787 wine_trace 00c4:trace:keyboard:X11DRV_KEYBOARD_DetectLayout matches=0, mismatches=0, seq=0, score=0
2787 wine_trace 00c4:trace:keyboard:X11DRV_KEYBOARD_DetectLayout Attempting to match against "Swedish keyboard layout"
2787 wine_trace 00c4:trace:keyboard:X11DRV_KEYBOARD_DetectLayout matches=0, mismatches=0, seq=0, score=0
2787 wine_trace 00c4:trace:keyboard:X11DRV_KEYBOARD_DetectLayout Attempting to match against "Estonian keyboard layout"
2788 wine_trace 00c4:trace:keyboard:X11DRV_KEYBOARD_DetectLayout matches=0, mismatches=0, seq=0, score=0
2788 wine_trace 00c4:trace:keyboard:X11DRV_KEYBOARD_DetectLayout Attempting to match against "Norwegian keyboard layout"
2788 wine_trace 00c4:trace:keyboard:X11DRV_KEYBOARD_DetectLayout matches=0, mismatches=0, seq=0, score=0
2788 wine_trace 00c4:trace:keyboard:X11DRV_KEYBOARD_DetectLayout Attempting to match against "Danish keyboard layout"
2788 wine_trace 00c4:trace:keyboard:X11DRV_KEYBOARD_DetectLayout matches=0, mismatches=0, seq=0, score=0
2788 wine_trace 00c4:trace:keyboard:X11DRV_KEYBOARD_DetectLayout Attempting to match against "French keyboard layout"
2789 wine_trace 00c4:trace:keyboard:X11DRV_KEYBOARD_DetectLayout matches=0, mismatches=0, seq=0, score=0
2789 wine_trace 00c4:trace:keyboard:X11DRV_KEYBOARD_DetectLayout Attempting to match against "Canadian French keyboard layout"
2789 wine_trace 00c4:trace:keyboard:X11DRV_KEYBOARD_DetectLayout matches=0, mismatches=0, seq=0, score=0
2789 wine_trace 00c4:trace:keyboard:X11DRV_KEYBOARD_DetectLayout Attempting to match against "Canadian French keyboard layout (CA_fr)"
2789 wine_trace 00c4:trace:keyboard:X11DRV_KEYBOARD_DetectLayout matches=0, mismatches=0, seq=0, score=0
2789 wine_trace 00c4:trace:keyboard:X11DRV_KEYBOARD_DetectLayout Attempting to match against "Canadian keyboard layout"
2790 wine_trace 00c4:trace:keyboard:X11DRV_KEYBOARD_DetectLayout matches=0, mismatches=0, seq=0, score=0
2790 wine_trace 00c4:trace:keyboard:X11DRV_KEYBOARD_DetectLayout Attempting to match against "Belgian keyboard layout"
2790 wine_trace 00c4:trace:keyboard:X11DRV_KEYBOARD_DetectLayout matches=0, mismatches=0, seq=0, score=0
2790 wine_trace 00c4:trace:keyboard:X11DRV_KEYBOARD_DetectLayout Attempting to match against "Portuguese keyboard layout"
2790 wine_trace 00c4:trace:keyboard:X11DRV_KEYBOARD_DetectLayout matches=0, mismatches=0, seq=0, score=0
2790 wine_trace 00c4:trace:keyboard:X11DRV_KEYBOARD_DetectLayout Attempting to match against "Brazilian ABNT-2 keyboard layout"
2791 wine_trace 00c4:trace:keyboard:X11DRV_KEYBOARD_DetectLayout matches=0, mismatches=0, seq=0, score=0
2791 wine_trace 00c4:trace:keyboard:X11DRV_KEYBOARD_DetectLayout Attempting to match against "Brazilian ABNT-2 keyboard layout ALT GR"
2791 wine_trace 00c4:trace:keyboard:X11DRV_KEYBOARD_DetectLayout matches=0, mismatches=0, seq=0, score=0
2791 wine_trace 00c4:trace:keyboard:X11DRV_KEYBOARD_DetectLayout Attempting to match against "Finnish keyboard layout"
2791 wine_trace 00c4:trace:keyboard:X11DRV_KEYBOARD_DetectLayout matches=0, mismatches=0, seq=0, score=0
2791 wine_trace 00c4:trace:keyboard:X11DRV_KEYBOARD_DetectLayout Attempting to match against "Bulgarian bds keyboard layout"
2791 wine_trace 00c4:trace:keyboard:X11DRV_KEYBOARD_DetectLayout matches=0, mismatches=0, seq=0, score=0
2792 wine_trace 00c4:trace:keyboard:X11DRV_KEYBOARD_DetectLayout Attempting to match against "Bulgarian phonetic keyboard layout"
2792 wine_trace 00c4:trace:keyboard:X11DRV_KEYBOARD_DetectLayout matches=0, mismatches=0, seq=0, score=0
2792 wine_trace 00c4:trace:keyboard:X11DRV_KEYBOARD_DetectLayout Attempting to match against "Belarusian keyboard layout"
2792 wine_trace 00c4:trace:keyboard:X11DRV_KEYBOARD_DetectLayout matches=0, mismatches=0, seq=0, score=0
2792 wine_trace 00c4:trace:keyboard:X11DRV_KEYBOARD_DetectLayout Attempting to match against "Russian keyboard layout"
2792 wine_trace 00c4:trace:keyboard:X11DRV_KEYBOARD_DetectLayout matches=0, mismatches=0, seq=0, score=0
2792 wine_trace 00c4:trace:keyboard:X11DRV_KEYBOARD_DetectLayout Attempting to match against "Russian keyboard layout (phantom key version)"
2793 wine_trace 00c4:trace:keyboard:X11DRV_KEYBOARD_DetectLayout matches=0, mismatches=0, seq=0, score=0
2793 wine_trace 00c4:trace:keyboard:X11DRV_KEYBOARD_DetectLayout Attempting to match against "Russian keyboard layout KOI8-R"
2793 wine_trace 00c4:trace:keyboard:X11DRV_KEYBOARD_DetectLayout matches=0, mismatches=0, seq=0, score=0
2793 wine_trace 00c4:trace:keyboard:X11DRV_KEYBOARD_DetectLayout Attempting to match against "Russian keyboard layout cp1251"
2793 wine_trace 00c4:trace:keyboard:X11DRV_KEYBOARD_DetectLayout matches=0, mismatches=0, seq=0, score=0
2793 wine_trace 00c4:trace:keyboard:X11DRV_KEYBOARD_DetectLayout Attempting to match against "Russian phonetic keyboard layout"
2793 wine_trace 00c4:trace:keyboard:X11DRV_KEYBOARD_DetectLayout matches=0, mismatches=0, seq=0, score=0
2794 wine_trace 00c4:trace:keyboard:X11DRV_KEYBOARD_DetectLayout Attempting to match against "Ukrainian keyboard layout KOI8-U"
2794 wine_trace 00c4:trace:keyboard:X11DRV_KEYBOARD_DetectLayout matches=0, mismatches=0, seq=0, score=0
2794 wine_trace 00c4:trace:keyboard:X11DRV_KEYBOARD_DetectLayout Attempting to match against "Ukrainian keyboard layout (standard)"
2794 wine_trace 00c4:trace:keyboard:X11DRV_KEYBOARD_DetectLayout matches=0, mismatches=0, seq=0, score=0
2794 wine_trace 00c4:trace:keyboard:X11DRV_KEYBOARD_DetectLayout Attempting to match against "Russian keyboard layout (standard)"
2794 wine_trace 00c4:trace:keyboard:X11DRV_KEYBOARD_DetectLayout matches=0, mismatches=0, seq=0, score=0
2794 wine_trace 00c4:trace:keyboard:X11DRV_KEYBOARD_DetectLayout Attempting to match against "Spanish keyboard layout"
2795 wine_trace 00c4:trace:keyboard:X11DRV_KEYBOARD_DetectLayout matches=0, mismatches=0, seq=0, score=0
2795 wine_trace 00c4:trace:keyboard:X11DRV_KEYBOARD_DetectLayout Attempting to match against "Italian keyboard layout"
2795 wine_trace 00c4:trace:keyboard:X11DRV_KEYBOARD_DetectLayout matches=0, mismatches=0, seq=0, score=0
2795 wine_trace 00c4:trace:keyboard:X11DRV_KEYBOARD_DetectLayout Attempting to match against "Icelandic keyboard layout"
2795 wine_trace 00c4:trace:keyboard:X11DRV_KEYBOARD_DetectLayout matches=0, mismatches=0, seq=0, score=0
2795 wine_trace 00c4:trace:keyboard:X11DRV_KEYBOARD_DetectLayout Attempting to match against "Hungarian keyboard layout"
2796 wine_trace 00c4:trace:keyboard:X11DRV_KEYBOARD_DetectLayout matches=0, mismatches=0, seq=0, score=0
2796 wine_trace 00c4:trace:keyboard:X11DRV_KEYBOARD_DetectLayout Attempting to match against "Polish (programmer's) keyboard layout"
2796 wine_trace 00c4:trace:keyboard:X11DRV_KEYBOARD_DetectLayout matches=0, mismatches=0, seq=0, score=0
2796 wine_trace 00c4:trace:keyboard:X11DRV_KEYBOARD_DetectLayout Attempting to match against "Slovenian keyboard layout"
2796 wine_trace 00c4:trace:keyboard:X11DRV_KEYBOARD_DetectLayout matches=0, mismatches=0, seq=0, score=0
2796 wine_trace 00c4:trace:keyboard:X11DRV_KEYBOARD_DetectLayout Attempting to match against "Serbian keyboard layout sr"
2796 wine_trace 00c4:trace:keyboard:X11DRV_KEYBOARD_DetectLayout matches=0, mismatches=0, seq=0, score=0
2797 wine_trace 00c4:trace:keyboard:X11DRV_KEYBOARD_DetectLayout Attempting to match against "Serbian keyboard layout us,sr"
2797 wine_trace 00c4:trace:keyboard:X11DRV_KEYBOARD_DetectLayout matches=0, mismatches=0, seq=0, score=0
2797 wine_trace 00c4:trace:keyboard:X11DRV_KEYBOARD_DetectLayout Attempting to match against "Croatian keyboard layout"
2797 wine_trace 00c4:trace:keyboard:X11DRV_KEYBOARD_DetectLayout matches=0, mismatches=0, seq=0, score=0
2797 wine_trace 00c4:trace:keyboard:X11DRV_KEYBOARD_DetectLayout Attempting to match against "Croatian keyboard layout (specific)"
2797 wine_trace 00c4:trace:keyboard:X11DRV_KEYBOARD_DetectLayout matches=0, mismatches=0, seq=0, score=0
2797 wine_trace 00c4:trace:keyboard:X11DRV_KEYBOARD_DetectLayout Attempting to match against "Japanese 106 keyboard layout"
2798 wine_trace 00c4:trace:keyboard:X11DRV_KEYBOARD_DetectLayout matches=0, mismatches=0, seq=0, score=0
2798 wine_trace 00c4:trace:keyboard:X11DRV_KEYBOARD_DetectLayout Attempting to match against "Japanese Mac keyboard layout"
2798 wine_trace 00c4:trace:keyboard:X11DRV_KEYBOARD_DetectLayout matches=0, mismatches=0, seq=0, score=0
2798 wine_trace 00c4:trace:keyboard:X11DRV_KEYBOARD_DetectLayout Attempting to match against "Japanese pc98x1 keyboard layout"
2798 wine_trace 00c4:trace:keyboard:X11DRV_KEYBOARD_DetectLayout matches=0, mismatches=0, seq=0, score=0
2798 wine_trace 00c4:trace:keyboard:X11DRV_KEYBOARD_DetectLayout Attempting to match against "Slovak keyboard layout"
2799 wine_trace 00c4:trace:keyboard:X11DRV_KEYBOARD_DetectLayout matches=0, mismatches=0, seq=0, score=0
2799 wine_trace 00c4:trace:keyboard:X11DRV_KEYBOARD_DetectLayout Attempting to match against "Slovak and Czech keyboard layout without dead keys"
2799 wine_trace 00c4:trace:keyboard:X11DRV_KEYBOARD_DetectLayout matches=0, mismatches=0, seq=0, score=0
2799 wine_trace 00c4:trace:keyboard:X11DRV_KEYBOARD_DetectLayout Attempting to match against "Czech keyboard layout"
2799 wine_trace 00c4:trace:keyboard:X11DRV_KEYBOARD_DetectLayout matches=0, mismatches=0, seq=0, score=0
2800 wine_trace 00c4:trace:keyboard:X11DRV_KEYBOARD_DetectLayout Attempting to match against "Czech keyboard layout cz"
2800 wine_trace 00c4:trace:keyboard:X11DRV_KEYBOARD_DetectLayout matches=0, mismatches=0, seq=0, score=0
2800 wine_trace 00c4:trace:keyboard:X11DRV_KEYBOARD_DetectLayout Attempting to match against "Czech keyboard layout cz_qwerty"
2800 wine_trace 00c4:trace:keyboard:X11DRV_KEYBOARD_DetectLayout matches=0, mismatches=0, seq=0, score=0
2800 wine_trace 00c4:trace:keyboard:X11DRV_KEYBOARD_DetectLayout Attempting to match against "Latin American keyboard layout"
2800 wine_trace 00c4:trace:keyboard:X11DRV_KEYBOARD_DetectLayout matches=0, mismatches=0, seq=0, score=0
2800 wine_trace 00c4:trace:keyboard:X11DRV_KEYBOARD_DetectLayout Attempting to match against "Lithuanian (Baltic) keyboard layout"
2801 wine_trace 00c4:trace:keyboard:X11DRV_KEYBOARD_DetectLayout matches=0, mismatches=0, seq=0, score=0
2801 wine_trace 00c4:trace:keyboard:X11DRV_KEYBOARD_DetectLayout Attempting to match against "Turkish keyboard layout"
2801 wine_trace 00c4:trace:keyboard:X11DRV_KEYBOARD_DetectLayout matches=0, mismatches=0, seq=0, score=0
2801 wine_trace 00c4:trace:keyboard:X11DRV_KEYBOARD_DetectLayout Attempting to match against "Turkish keyboard layout tr"
2801 wine_trace 00c4:trace:keyboard:X11DRV_KEYBOARD_DetectLayout matches=0, mismatches=0, seq=0, score=0
2801 wine_trace 00c4:trace:keyboard:X11DRV_KEYBOARD_DetectLayout Attempting to match against "Turkish keyboard layout trf"
2802 wine_trace 00c4:trace:keyboard:X11DRV_KEYBOARD_DetectLayout matches=0, mismatches=0, seq=0, score=0
2802 wine_trace 00c4:trace:keyboard:X11DRV_KEYBOARD_DetectLayout Attempting to match against "Israelian keyboard layout"
2803 wine_trace 00c4:trace:keyboard:X11DRV_KEYBOARD_DetectLayout matches=0, mismatches=0, seq=0, score=0
2803 wine_trace 00c4:trace:keyboard:X11DRV_KEYBOARD_DetectLayout Attempting to match against "Israelian phonetic keyboard layout"
2803 wine_trace 00c4:trace:keyboard:X11DRV_KEYBOARD_DetectLayout matches=0, mismatches=0, seq=0, score=0
2803 wine_trace 00c4:trace:keyboard:X11DRV_KEYBOARD_DetectLayout Attempting to match against "Israelian Saharon keyboard layout"
2803 wine_trace 00c4:trace:keyboard:X11DRV_KEYBOARD_DetectLayout matches=0, mismatches=0, seq=0, score=0
2803 wine_trace 00c4:trace:keyboard:X11DRV_KEYBOARD_DetectLayout Attempting to match against "VNC keyboard layout"
2804 wine_trace 00c4:trace:keyboard:X11DRV_KEYBOARD_DetectLayout matches=0, mismatches=0, seq=0, score=0
2804 wine_trace 00c4:trace:keyboard:X11DRV_KEYBOARD_DetectLayout Attempting to match against "Greek keyboard layout"
2804 wine_trace 00c4:trace:keyboard:X11DRV_KEYBOARD_DetectLayout matches=0, mismatches=0, seq=0, score=0
2804 wine_trace 00c4:trace:keyboard:X11DRV_KEYBOARD_DetectLayout Attempting to match against "Thai (Kedmanee)  keyboard layout"
2804 wine_trace 00c4:trace:keyboard:X11DRV_KEYBOARD_DetectLayout matches=0, mismatches=0, seq=0, score=0
2804 wine_trace 00c4:trace:keyboard:X11DRV_KEYBOARD_DetectLayout Attempting to match against "Dutch keyboard layout"
2805 wine_trace 00c4:trace:keyboard:X11DRV_KEYBOARD_DetectLayout matches=0, mismatches=0, seq=0, score=0
2805 wine_trace 00c4:trace:keyboard:X11DRV_KEYBOARD_DetectLayout detected layout is "United States keyboard layout"
2805 wine_trace 00c4:trace:keyboard:X11DRV_InitKeyboard keycode 8 => vkey 0000
2805 wine_trace 00c4:trace:keyboard:X11DRV_InitKeyboard keycode 9 => vkey 001B
2805 wine_trace 00c4:trace:keyboard:X11DRV_InitKeyboard keycode 10 => vkey 0000
2805 wine_trace 00c4:trace:keyboard:X11DRV_InitKeyboard keycode 11 => vkey 0000
2805 wine_trace 00c4:trace:keyboard:X11DRV_InitKeyboard keycode 12 => vkey 0000
2806 wine_trace 00c4:trace:keyboard:X11DRV_InitKeyboard keycode 13 => vkey 0000
2806 wine_trace 00c4:trace:keyboard:X11DRV_InitKeyboard keycode 14 => vkey 0000
2806 wine_trace 00c4:trace:keyboard:X11DRV_InitKeyboard keycode 15 => vkey 0000
2806 wine_trace 00c4:trace:keyboard:X11DRV_InitKeyboard keycode 16 => vkey 0000
2806 wine_trace 00c4:trace:keyboard:X11DRV_InitKeyboard keycode 17 => vkey 0000
2806 wine_trace 00c4:trace:keyboard:X11DRV_InitKeyboard keycode 18 => vkey 0000
2806 wine_trace 00c4:trace:keyboard:X11DRV_InitKeyboard keycode 19 => vkey 0000
2806 wine_trace 00c4:trace:keyboard:X11DRV_InitKeyboard keycode 20 => vkey 0000
2807 wine_trace 00c4:trace:keyboard:X11DRV_InitKeyboard keycode 21 => vkey 0000
2807 wine_trace 00c4:trace:keyboard:X11DRV_InitKeyboard keycode 22 => vkey 0008
2807 wine_trace 00c4:trace:keyboard:X11DRV_InitKeyboard keycode 23 => vkey 0009
2807 wine_trace 00c4:trace:keyboard:X11DRV_InitKeyboard keycode 24 => vkey 0000
2807 wine_trace 00c4:trace:keyboard:X11DRV_InitKeyboard keycode 25 => vkey 0000
2807 wine_trace 00c4:trace:keyboard:X11DRV_InitKeyboard keycode 26 => vkey 0000
2807 wine_trace 00c4:trace:keyboard:X11DRV_InitKeyboard keycode 27 => vkey 0000
2808 wine_trace 00c4:trace:keyboard:X11DRV_InitKeyboard keycode 28 => vkey 0000
2808 wine_trace 00c4:trace:keyboard:X11DRV_InitKeyboard keycode 29 => vkey 0000
2808 wine_trace 00c4:trace:keyboard:X11DRV_InitKeyboard keycode 30 => vkey 0000
2808 wine_trace 00c4:trace:keyboard:X11DRV_InitKeyboard keycode 31 => vkey 0000
2808 wine_trace 00c4:trace:keyboard:X11DRV_InitKeyboard keycode 32 => vkey 0000
2808 wine_trace 00c4:trace:keyboard:X11DRV_InitKeyboard keycode 33 => vkey 0000
2808 wine_trace 00c4:trace:keyboard:X11DRV_InitKeyboard keycode 34 => vkey 0000
2809 wine_trace 00c4:trace:keyboard:X11DRV_InitKeyboard keycode 35 => vkey 0000
2809 wine_trace 00c4:trace:keyboard:X11DRV_InitKeyboard keycode 36 => vkey 000D
2809 wine_trace 00c4:trace:keyboard:X11DRV_InitKeyboard keycode 37 => vkey 00A2
2809 wine_trace 00c4:trace:keyboard:X11DRV_InitKeyboard keycode 38 => vkey 0000
2809 wine_trace 00c4:trace:keyboard:X11DRV_InitKeyboard keycode 39 => vkey 0000
2809 wine_trace 00c4:trace:keyboard:X11DRV_InitKeyboard keycode 40 => vkey 0000
2809 wine_trace 00c4:trace:keyboard:X11DRV_InitKeyboard keycode 41 => vkey 0000
2810 wine_trace 00c4:trace:keyboard:X11DRV_InitKeyboard keycode 42 => vkey 0000
2810 wine_trace 00c4:trace:keyboard:X11DRV_InitKeyboard keycode 43 => vkey 0000
2810 wine_trace 00c4:trace:keyboard:X11DRV_InitKeyboard keycode 44 => vkey 0000
2810 wine_trace 00c4:trace:keyboard:X11DRV_InitKeyboard keycode 45 => vkey 0000
2810 wine_trace 00c4:trace:keyboard:X11DRV_InitKeyboard keycode 46 => vkey 0000
2810 wine_trace 00c4:trace:keyboard:X11DRV_InitKeyboard keycode 47 => vkey 0000
2810 wine_trace 00c4:trace:keyboard:X11DRV_InitKeyboard keycode 48 => vkey 0000
2810 wine_trace 00c4:trace:keyboard:X11DRV_InitKeyboard keycode 49 => vkey 0000
2811 wine_trace 00c4:trace:keyboard:X11DRV_InitKeyboard keycode 50 => vkey 00A0
2811 wine_trace 00c4:trace:keyboard:X11DRV_InitKeyboard keycode 51 => vkey 0000
2811 wine_trace 00c4:trace:keyboard:X11DRV_InitKeyboard keycode 52 => vkey 0000
2811 wine_trace 00c4:trace:keyboard:X11DRV_InitKeyboard keycode 53 => vkey 0000
2811 wine_trace 00c4:trace:keyboard:X11DRV_InitKeyboard keycode 54 => vkey 0000
2811 wine_trace 00c4:trace:keyboard:X11DRV_InitKeyboard keycode 55 => vkey 0000
2811 wine_trace 00c4:trace:keyboard:X11DRV_InitKeyboard keycode 56 => vkey 0000
2812 wine_trace 00c4:trace:keyboard:X11DRV_InitKeyboard keycode 57 => vkey 0000
2812 wine_trace 00c4:trace:keyboard:X11DRV_InitKeyboard keycode 58 => vkey 0000
2812 wine_trace 00c4:trace:keyboard:X11DRV_InitKeyboard keycode 59 => vkey 0000
2812 wine_trace 00c4:trace:keyboard:X11DRV_InitKeyboard keycode 60 => vkey 0000
2812 wine_trace 00c4:trace:keyboard:X11DRV_InitKeyboard keycode 61 => vkey 0000
2812 wine_trace 00c4:trace:keyboard:X11DRV_InitKeyboard keycode 62 => vkey 01A1
2812 wine_trace 00c4:trace:keyboard:X11DRV_InitKeyboard keycode 63 => vkey 006A
2813 wine_trace 00c4:trace:keyboard:X11DRV_InitKeyboard keycode 64 => vkey 00A4
2813 wine_trace 00c4:trace:keyboard:X11DRV_InitKeyboard keycode 65 => vkey 0020
2813 wine_trace 00c4:trace:keyboard:X11DRV_InitKeyboard keycode 66 => vkey 0000
2813 wine_trace 00c4:trace:keyboard:X11DRV_InitKeyboard keycode 67 => vkey 0070
2813 wine_trace 00c4:trace:keyboard:X11DRV_InitKeyboard keycode 68 => vkey 0071
2813 wine_trace 00c4:trace:keyboard:X11DRV_InitKeyboard keycode 69 => vkey 0072
2813 wine_trace 00c4:trace:keyboard:X11DRV_InitKeyboard keycode 70 => vkey 0073
2813 wine_trace 00c4:trace:keyboard:X11DRV_InitKeyboard keycode 71 => vkey 0074
2814 wine_trace 00c4:trace:keyboard:X11DRV_InitKeyboard keycode 72 => vkey 0075
2814 wine_trace 00c4:trace:keyboard:X11DRV_InitKeyboard keycode 73 => vkey 0076
2814 wine_trace 00c4:trace:keyboard:X11DRV_InitKeyboard keycode 74 => vkey 0077
2814 wine_trace 00c4:trace:keyboard:X11DRV_InitKeyboard keycode 75 => vkey 0078
2814 wine_trace 00c4:trace:keyboard:X11DRV_InitKeyboard keycode 76 => vkey 0079
2814 wine_trace 00c4:trace:keyboard:X11DRV_InitKeyboard keycode 77 => vkey 0000
2814 wine_trace 00c4:trace:keyboard:X11DRV_InitKeyboard keycode 78 => vkey 0000
2814 wine_trace 00c4:trace:keyboard:X11DRV_InitKeyboard keycode 79 => vkey 0067
2814 wine_trace 00c4:trace:keyboard:X11DRV_InitKeyboard keycode 80 => vkey 0068
2814 wine_trace 00c4:trace:keyboard:X11DRV_InitKeyboard keycode 81 => vkey 0069
2814 wine_trace 00c4:trace:keyboard:X11DRV_InitKeyboard keycode 82 => vkey 006D
2814 wine_trace 00c4:trace:keyboard:X11DRV_InitKeyboard keycode 83 => vkey 0064
2814 wine_trace 00c4:trace:keyboard:X11DRV_InitKeyboard keycode 84 => vkey 0065
2815 wine_trace 00c4:trace:keyboard:X11DRV_InitKeyboard keycode 85 => vkey 0066
2815 wine_trace 00c4:trace:keyboard:X11DRV_InitKeyboard keycode 86 => vkey 006B
2815 wine_trace 00c4:trace:keyboard:X11DRV_InitKeyboard keycode 87 => vkey 0061
2815 wine_trace 00c4:trace:keyboard:X11DRV_InitKeyboard keycode 88 => vkey 0062
2815 wine_trace 00c4:trace:keyboard:X11DRV_InitKeyboard keycode 89 => vkey 0063
2815 wine_trace 00c4:trace:keyboard:X11DRV_InitKeyboard keycode 90 => vkey 0060
2815 wine_trace 00c4:trace:keyboard:X11DRV_InitKeyboard keycode 91 => vkey 002E
2815 wine_trace 00c4:trace:keyboard:X11DRV_InitKeyboard keycode 92 => vkey 0000
2815 wine_trace 00c4:trace:keyboard:X11DRV_InitKeyboard keycode 93 => vkey 0000
2815 wine_trace 00c4:trace:keyboard:X11DRV_InitKeyboard keycode 94 => vkey 0000
2815 wine_trace 00c4:trace:keyboard:X11DRV_InitKeyboard keycode 95 => vkey 007A
2815 wine_trace 00c4:trace:keyboard:X11DRV_InitKeyboard keycode 96 => vkey 007B
2816 wine_trace 00c4:trace:keyboard:X11DRV_InitKeyboard keycode 97 => vkey 0000
2816 wine_trace 00c4:trace:keyboard:X11DRV_InitKeyboard keycode 98 => vkey 0000
2816 wine_trace 00c4:trace:keyboard:X11DRV_InitKeyboard keycode 99 => vkey 0000
2816 wine_trace 00c4:trace:keyboard:X11DRV_InitKeyboard keycode 100 => vkey 0000
2816 wine_trace 00c4:trace:keyboard:X11DRV_InitKeyboard keycode 101 => vkey 0000
2816 wine_trace 00c4:trace:keyboard:X11DRV_InitKeyboard keycode 102 => vkey 0000
2816 wine_trace 00c4:trace:keyboard:X11DRV_InitKeyboard keycode 103 => vkey 0000
2816 wine_trace 00c4:trace:keyboard:X11DRV_InitKeyboard keycode 104 => vkey 0000
2816 wine_trace 00c4:trace:keyboard:X11DRV_InitKeyboard keycode 105 => vkey 01A3
2816 wine_trace 00c4:trace:keyboard:X11DRV_InitKeyboard keycode 106 => vkey 016F
2816 wine_trace 00c4:trace:keyboard:X11DRV_InitKeyboard keycode 107 => vkey 0000
2816 wine_trace 00c4:trace:keyboard:X11DRV_InitKeyboard keycode 108 => vkey 01A5
2817 wine_trace 00c4:trace:keyboard:X11DRV_InitKeyboard keycode 109 => vkey 0000
2817 wine_trace 00c4:trace:keyboard:X11DRV_InitKeyboard keycode 110 => vkey 0124
2817 wine_trace 00c4:trace:keyboard:X11DRV_InitKeyboard keycode 111 => vkey 0126
2817 wine_trace 00c4:trace:keyboard:X11DRV_InitKeyboard keycode 112 => vkey 0121
2817 wine_trace 00c4:trace:keyboard:X11DRV_InitKeyboard keycode 113 => vkey 0125
2817 wine_trace 00c4:trace:keyboard:X11DRV_InitKeyboard keycode 114 => vkey 0127
2817 wine_trace 00c4:trace:keyboard:X11DRV_InitKeyboard keycode 115 => vkey 0123
2817 wine_trace 00c4:trace:keyboard:X11DRV_InitKeyboard keycode 116 => vkey 0128
2817 wine_trace 00c4:trace:keyboard:X11DRV_InitKeyboard keycode 117 => vkey 0122
2817 wine_trace 00c4:trace:keyboard:X11DRV_InitKeyboard keycode 118 => vkey 012D
2817 wine_trace 00c4:trace:keyboard:X11DRV_InitKeyboard keycode 119 => vkey 012E
2817 wine_trace 00c4:warn:keyboard:X11DRV_InitKeyboard vkey 012E is being used by more than one keycode
2817 wine_trace 00c4:trace:keyboard:X11DRV_InitKeyboard keycode 120 => vkey 0000
2817 wine_trace 00c4:trace:keyboard:X11DRV_InitKeyboard keycode 121 => vkey 0000
2818 wine_trace 00c4:trace:keyboard:X11DRV_InitKeyboard keycode 122 => vkey 0000
2818 wine_trace 00c4:trace:keyboard:X11DRV_InitKeyboard keycode 123 => vkey 0000
2818 wine_trace 00c4:trace:keyboard:X11DRV_InitKeyboard keycode 124 => vkey 0000
2818 wine_trace 00c4:trace:keyboard:X11DRV_InitKeyboard keycode 125 => vkey 0000
2818 wine_trace 00c4:trace:keyboard:X11DRV_InitKeyboard keycode 126 => vkey 0000
2818 wine_trace 00c4:trace:keyboard:X11DRV_InitKeyboard keycode 127 => vkey 0000
2818 wine_trace 00c4:trace:keyboard:X11DRV_InitKeyboard keycode 128 => vkey 0000
2818 wine_trace 00c4:trace:keyboard:X11DRV_InitKeyboard keycode 129 => vkey 0000
2818 wine_trace 00c4:trace:keyboard:X11DRV_InitKeyboard keycode 130 => vkey 0000
2818 wine_trace 00c4:trace:keyboard:X11DRV_InitKeyboard keycode 131 => vkey 0000
2818 wine_trace 00c4:trace:keyboard:X11DRV_InitKeyboard keycode 132 => vkey 0000
2818 wine_trace 00c4:trace:keyboard:X11DRV_InitKeyboard keycode 133 => vkey 0000
2818 wine_trace 00c4:trace:keyboard:X11DRV_InitKeyboard keycode 134 => vkey 0000
2819 wine_trace 00c4:trace:keyboard:X11DRV_InitKeyboard keycode 135 => vkey 0000
2819 wine_trace 00c4:trace:keyboard:X11DRV_InitKeyboard keycode 136 => vkey 0000
2819 wine_trace 00c4:trace:keyboard:X11DRV_InitKeyboard keycode 137 => vkey 0000
2819 wine_trace 00c4:trace:keyboard:X11DRV_InitKeyboard keycode 138 => vkey 0000
2819 wine_trace 00c4:trace:keyboard:X11DRV_InitKeyboard keycode 139 => vkey 0000
2819 wine_trace 00c4:trace:keyboard:X11DRV_InitKeyboard keycode 140 => vkey 0000
2819 wine_trace 00c4:trace:keyboard:X11DRV_InitKeyboard keycode 141 => vkey 0000
2819 wine_trace 00c4:trace:keyboard:X11DRV_InitKeyboard keycode 142 => vkey 0000
2819 wine_trace 00c4:trace:keyboard:X11DRV_InitKeyboard keycode 143 => vkey 0000
2819 wine_trace 00c4:trace:keyboard:X11DRV_InitKeyboard keycode 144 => vkey 0000
2819 wine_trace 00c4:trace:keyboard:X11DRV_InitKeyboard keycode 145 => vkey 0000
2819 wine_trace 00c4:trace:keyboard:X11DRV_InitKeyboard keycode 146 => vkey 0000
2819 wine_trace 00c4:trace:keyboard:X11DRV_InitKeyboard keycode 147 => vkey 0000
2820 wine_trace 00c4:trace:keyboard:X11DRV_InitKeyboard keycode 148 => vkey 0000
2820 wine_trace 00c4:trace:keyboard:X11DRV_InitKeyboard keycode 149 => vkey 0000
2820 wine_trace 00c4:trace:keyboard:X11DRV_InitKeyboard keycode 150 => vkey 0000
2820 wine_trace 00c4:trace:keyboard:X11DRV_InitKeyboard keycode 151 => vkey 0000
2820 wine_trace 00c4:trace:keyboard:X11DRV_InitKeyboard keycode 152 => vkey 0000
2820 wine_trace 00c4:trace:keyboard:X11DRV_InitKeyboard keycode 153 => vkey 0000
2820 wine_trace 00c4:trace:keyboard:X11DRV_InitKeyboard keycode 154 => vkey 0000
2820 wine_trace 00c4:trace:keyboard:X11DRV_InitKeyboard keycode 155 => vkey 0000
2820 wine_trace 00c4:trace:keyboard:X11DRV_InitKeyboard keycode 156 => vkey 0000
2820 wine_trace 00c4:trace:keyboard:X11DRV_InitKeyboard keycode 157 => vkey 0000
2820 wine_trace 00c4:trace:keyboard:X11DRV_InitKeyboard keycode 158 => vkey 0000
2820 wine_trace 00c4:trace:keyboard:X11DRV_InitKeyboard keycode 159 => vkey 0000
2820 wine_trace 00c4:trace:keyboard:X11DRV_InitKeyboard keycode 160 => vkey 0000
2821 wine_trace 00c4:trace:keyboard:X11DRV_InitKeyboard keycode 161 => vkey 0000
2821 wine_trace 00c4:trace:keyboard:X11DRV_InitKeyboard keycode 162 => vkey 0000
2821 wine_trace 00c4:trace:keyboard:X11DRV_InitKeyboard keycode 163 => vkey 0000
2821 wine_trace 00c4:trace:keyboard:X11DRV_InitKeyboard keycode 164 => vkey 0000
2821 wine_trace 00c4:trace:keyboard:X11DRV_InitKeyboard keycode 165 => vkey 0000
2821 wine_trace 00c4:trace:keyboard:X11DRV_InitKeyboard keycode 166 => vkey 0000
2821 wine_trace 00c4:trace:keyboard:X11DRV_InitKeyboard keycode 167 => vkey 0000
2821 wine_trace 00c4:trace:keyboard:X11DRV_InitKeyboard keycode 168 => vkey 0000
2821 wine_trace 00c4:trace:keyboard:X11DRV_InitKeyboard keycode 169 => vkey 0000
2821 wine_trace 00c4:trace:keyboard:X11DRV_InitKeyboard keycode 170 => vkey 0000
2821 wine_trace 00c4:trace:keyboard:X11DRV_InitKeyboard keycode 171 => vkey 0000
2821 wine_trace 00c4:trace:keyboard:X11DRV_InitKeyboard keycode 172 => vkey 0000
2821 wine_trace 00c4:trace:keyboard:X11DRV_InitKeyboard keycode 173 => vkey 0000
2822 wine_trace 00c4:trace:keyboard:X11DRV_InitKeyboard keycode 174 => vkey 0000
2822 wine_trace 00c4:trace:keyboard:X11DRV_InitKeyboard keycode 175 => vkey 0000
2822 wine_trace 00c4:trace:keyboard:X11DRV_InitKeyboard keycode 176 => vkey 0000
2822 wine_trace 00c4:trace:keyboard:X11DRV_InitKeyboard keycode 177 => vkey 0000
2822 wine_trace 00c4:trace:keyboard:X11DRV_InitKeyboard keycode 178 => vkey 0000
2822 wine_trace 00c4:trace:keyboard:X11DRV_InitKeyboard keycode 179 => vkey 0000
2822 wine_trace 00c4:trace:keyboard:X11DRV_InitKeyboard keycode 180 => vkey 0000
2822 wine_trace 00c4:trace:keyboard:X11DRV_InitKeyboard keycode 181 => vkey 0000
2822 wine_trace 00c4:trace:keyboard:X11DRV_InitKeyboard keycode 182 => vkey 0000
2822 wine_trace 00c4:trace:keyboard:X11DRV_InitKeyboard keycode 183 => vkey 0000
2823 wine_trace 00c4:trace:keyboard:X11DRV_InitKeyboard keycode 184 => vkey 0000
2823 wine_trace 00c4:trace:keyboard:X11DRV_InitKeyboard keycode 185 => vkey 0000
2823 wine_trace 00c4:trace:keyboard:X11DRV_InitKeyboard keycode 186 => vkey 0000
2823 wine_trace 00c4:trace:keyboard:X11DRV_InitKeyboard keycode 187 => vkey 0000
2823 wine_trace 00c4:trace:keyboard:X11DRV_InitKeyboard keycode 188 => vkey 0000
2823 wine_trace 00c4:trace:keyboard:X11DRV_InitKeyboard keycode 189 => vkey 0000
2823 wine_trace 00c4:trace:keyboard:X11DRV_InitKeyboard keycode 190 => vkey 0000
2823 wine_trace 00c4:trace:keyboard:X11DRV_InitKeyboard keycode 191 => vkey 0000
2823 wine_trace 00c4:trace:keyboard:X11DRV_InitKeyboard keycode 192 => vkey 0000
2823 wine_trace 00c4:trace:keyboard:X11DRV_InitKeyboard keycode 193 => vkey 0000
2824 wine_trace 00c4:trace:keyboard:X11DRV_InitKeyboard keycode 194 => vkey 0000
2824 wine_trace 00c4:trace:keyboard:X11DRV_InitKeyboard keycode 195 => vkey 0000
2824 wine_trace 00c4:trace:keyboard:X11DRV_InitKeyboard keycode 196 => vkey 0000
2824 wine_trace 00c4:trace:keyboard:X11DRV_InitKeyboard keycode 197 => vkey 0000
2824 wine_trace 00c4:trace:keyboard:X11DRV_InitKeyboard keycode 198 => vkey 0000
2824 wine_trace 00c4:trace:keyboard:X11DRV_InitKeyboard keycode 199 => vkey 0000
2824 wine_trace 00c4:trace:keyboard:X11DRV_InitKeyboard keycode 200 => vkey 0000
2824 wine_trace 00c4:trace:keyboard:X11DRV_InitKeyboard keycode 201 => vkey 0000
2824 wine_trace 00c4:trace:keyboard:X11DRV_InitKeyboard keycode 202 => vkey 0000
2824 wine_trace 00c4:trace:keyboard:X11DRV_InitKeyboard keycode 203 => vkey 0000
2824 wine_trace 00c4:trace:keyboard:X11DRV_InitKeyboard keycode 204 => vkey 0000
2824 wine_trace 00c4:trace:keyboard:X11DRV_InitKeyboard keycode 205 => vkey 0000
2824 wine_trace 00c4:trace:keyboard:X11DRV_InitKeyboard keycode 206 => vkey 0000
2824 wine_trace 00c4:trace:keyboard:X11DRV_InitKeyboard keycode 207 => vkey 0000
2825 wine_trace 00c4:trace:keyboard:X11DRV_InitKeyboard keycode 208 => vkey 0000
2825 wine_trace 00c4:trace:keyboard:X11DRV_InitKeyboard keycode 209 => vkey 0000
2825 wine_trace 00c4:trace:keyboard:X11DRV_InitKeyboard keycode 210 => vkey 0000
2825 wine_trace 00c4:trace:keyboard:X11DRV_InitKeyboard keycode 211 => vkey 0000
2825 wine_trace 00c4:trace:keyboard:X11DRV_InitKeyboard keycode 212 => vkey 0000
2825 wine_trace 00c4:trace:keyboard:X11DRV_InitKeyboard keycode 213 => vkey 0000
2825 wine_trace 00c4:trace:keyboard:X11DRV_InitKeyboard keycode 214 => vkey 0000
2825 wine_trace 00c4:trace:keyboard:X11DRV_InitKeyboard keycode 215 => vkey 0000
2825 wine_trace 00c4:trace:keyboard:X11DRV_InitKeyboard keycode 216 => vkey 0000
2825 wine_trace 00c4:trace:keyboard:X11DRV_InitKeyboard keycode 217 => vkey 0000
2825 wine_trace 00c4:trace:keyboard:X11DRV_InitKeyboard keycode 218 => vkey 0000
2825 wine_trace 00c4:trace:keyboard:X11DRV_InitKeyboard keycode 219 => vkey 0000
2825 wine_trace 00c4:trace:keyboard:X11DRV_InitKeyboard keycode 220 => vkey 0000
2826 wine_trace 00c4:trace:keyboard:X11DRV_InitKeyboard keycode 221 => vkey 0000
2826 wine_trace 00c4:trace:keyboard:X11DRV_InitKeyboard keycode 222 => vkey 0000
2826 wine_trace 00c4:trace:keyboard:X11DRV_InitKeyboard keycode 223 => vkey 0000
2826 wine_trace 00c4:trace:keyboard:X11DRV_InitKeyboard keycode 224 => vkey 0000
2826 wine_trace 00c4:trace:keyboard:X11DRV_InitKeyboard keycode 225 => vkey 0000
2826 wine_trace 00c4:trace:keyboard:X11DRV_InitKeyboard keycode 226 => vkey 0000
2826 wine_trace 00c4:trace:keyboard:X11DRV_InitKeyboard keycode 227 => vkey 0000
2826 wine_trace 00c4:trace:keyboard:X11DRV_InitKeyboard keycode 228 => vkey 0000
2826 wine_trace 00c4:trace:keyboard:X11DRV_InitKeyboard keycode 229 => vkey 0000
2826 wine_trace 00c4:trace:keyboard:X11DRV_InitKeyboard keycode 230 => vkey 0000
2826 wine_trace 00c4:trace:keyboard:X11DRV_InitKeyboard keycode 231 => vkey 0000
2826 wine_trace 00c4:trace:keyboard:X11DRV_InitKeyboard keycode 232 => vkey 0000
2826 wine_trace 00c4:trace:keyboard:X11DRV_InitKeyboard keycode 233 => vkey 0000
2827 wine_trace 00c4:trace:keyboard:X11DRV_InitKeyboard keycode 234 => vkey 0000
2827 wine_trace 00c4:trace:keyboard:X11DRV_InitKeyboard keycode 235 => vkey 0000
2827 wine_trace 00c4:trace:keyboard:X11DRV_InitKeyboard keycode 236 => vkey 0000
2827 wine_trace 00c4:trace:keyboard:X11DRV_InitKeyboard keycode 237 => vkey 0000
2827 wine_trace 00c4:trace:keyboard:X11DRV_InitKeyboard keycode 238 => vkey 0000
2827 wine_trace 00c4:trace:keyboard:X11DRV_InitKeyboard keycode 239 => vkey 0000
2827 wine_trace 00c4:trace:keyboard:X11DRV_InitKeyboard keycode 240 => vkey 0000
2827 wine_trace 00c4:trace:keyboard:X11DRV_InitKeyboard keycode 241 => vkey 0000
2827 wine_trace 00c4:trace:keyboard:X11DRV_InitKeyboard keycode 242 => vkey 0000
2827 wine_trace 00c4:trace:keyboard:X11DRV_InitKeyboard keycode 243 => vkey 0000
2827 wine_trace 00c4:trace:keyboard:X11DRV_InitKeyboard keycode 244 => vkey 0000
2827 wine_trace 00c4:trace:keyboard:X11DRV_InitKeyboard keycode 245 => vkey 0000
2827 wine_trace 00c4:trace:keyboard:X11DRV_InitKeyboard keycode 246 => vkey 0000
2828 wine_trace 00c4:trace:keyboard:X11DRV_InitKeyboard keycode 247 => vkey 0000
2828 wine_trace 00c4:trace:keyboard:X11DRV_InitKeyboard keycode 248 => vkey 0000
2828 wine_trace 00c4:trace:keyboard:X11DRV_InitKeyboard keycode 249 => vkey 0000
2828 wine_trace 00c4:trace:keyboard:X11DRV_InitKeyboard keycode 250 => vkey 0000
2828 wine_trace 00c4:trace:keyboard:X11DRV_InitKeyboard keycode 251 => vkey 0000
2828 wine_trace 00c4:trace:keyboard:X11DRV_InitKeyboard keycode 252 => vkey 0000
2828 wine_trace 00c4:trace:keyboard:X11DRV_InitKeyboard keycode 253 => vkey 0000
2828 wine_trace 00c4:trace:keyboard:X11DRV_InitKeyboard keycode 254 => vkey 0000
2828 wine_trace 00c4:trace:keyboard:X11DRV_InitKeyboard keycode 255 => vkey 0000
2828 wine_trace 00c4:trace:keyboard:X11DRV_InitKeyboard keycode 10 => vkey 0031
2828 wine_trace 00c4:trace:keyboard:X11DRV_InitKeyboard keycode 11 => vkey 0032
2828 wine_trace 00c4:trace:keyboard:X11DRV_InitKeyboard keycode 12 => vkey 0033
2828 wine_trace 00c4:trace:keyboard:X11DRV_InitKeyboard keycode 13 => vkey 0034
2829 wine_trace 00c4:trace:keyboard:X11DRV_InitKeyboard keycode 14 => vkey 0035
2829 wine_trace 00c4:trace:keyboard:X11DRV_InitKeyboard keycode 15 => vkey 0036
2829 wine_trace 00c4:trace:keyboard:X11DRV_InitKeyboard keycode 16 => vkey 0037
2829 wine_trace 00c4:trace:keyboard:X11DRV_InitKeyboard keycode 17 => vkey 0038
2829 wine_trace 00c4:trace:keyboard:X11DRV_InitKeyboard keycode 18 => vkey 0039
2829 wine_trace 00c4:trace:keyboard:X11DRV_InitKeyboard keycode 19 => vkey 0030
2829 wine_trace 00c4:trace:keyboard:X11DRV_InitKeyboard keycode 20 => vkey 00BD
2829 wine_trace 00c4:trace:keyboard:X11DRV_InitKeyboard keycode 21 => vkey 00BB
2829 wine_trace 00c4:trace:keyboard:X11DRV_InitKeyboard keycode 24 => vkey 0051
2829 wine_trace 00c4:trace:keyboard:X11DRV_InitKeyboard keycode 25 => vkey 0057
2829 wine_trace 00c4:trace:keyboard:X11DRV_InitKeyboard keycode 26 => vkey 0045
2829 wine_trace 00c4:trace:keyboard:X11DRV_InitKeyboard keycode 27 => vkey 0052
2830 wine_trace 00c4:trace:keyboard:X11DRV_InitKeyboard keycode 28 => vkey 0054
2830 wine_trace 00c4:trace:keyboard:X11DRV_InitKeyboard keycode 29 => vkey 0059
2830 wine_trace 00c4:trace:keyboard:X11DRV_InitKeyboard keycode 30 => vkey 0055
2830 wine_trace 00c4:trace:keyboard:X11DRV_InitKeyboard keycode 31 => vkey 0049
2830 wine_trace 00c4:trace:keyboard:X11DRV_InitKeyboard keycode 32 => vkey 004F
2830 wine_trace 00c4:trace:keyboard:X11DRV_InitKeyboard keycode 33 => vkey 0050
2830 wine_trace 00c4:trace:keyboard:X11DRV_InitKeyboard keycode 34 => vkey 00DB
2830 wine_trace 00c4:trace:keyboard:X11DRV_InitKeyboard keycode 35 => vkey 00DD
2830 wine_trace 00c4:trace:keyboard:X11DRV_InitKeyboard keycode 38 => vkey 0041
2830 wine_trace 00c4:trace:keyboard:X11DRV_InitKeyboard keycode 39 => vkey 0053
2830 wine_trace 00c4:trace:keyboard:X11DRV_InitKeyboard keycode 40 => vkey 0044
2830 wine_trace 00c4:trace:keyboard:X11DRV_InitKeyboard keycode 41 => vkey 0046
2830 wine_trace 00c4:trace:keyboard:X11DRV_InitKeyboard keycode 42 => vkey 0047
2831 wine_trace 00c4:trace:keyboard:X11DRV_InitKeyboard keycode 43 => vkey 0048
2831 wine_trace 00c4:trace:keyboard:X11DRV_InitKeyboard keycode 44 => vkey 004A
2831 wine_trace 00c4:trace:keyboard:X11DRV_InitKeyboard keycode 45 => vkey 004B
2831 wine_trace 00c4:trace:keyboard:X11DRV_InitKeyboard keycode 46 => vkey 004C
2831 wine_trace 00c4:trace:keyboard:X11DRV_InitKeyboard keycode 47 => vkey 00BA
2831 wine_trace 00c4:trace:keyboard:X11DRV_InitKeyboard keycode 48 => vkey 00DE
2831 wine_trace 00c4:trace:keyboard:X11DRV_InitKeyboard keycode 49 => vkey 00C0
2831 wine_trace 00c4:trace:keyboard:X11DRV_InitKeyboard keycode 51 => vkey 00DC
2831 wine_trace 00c4:trace:keyboard:X11DRV_InitKeyboard keycode 52 => vkey 005A
2831 wine_trace 00c4:trace:keyboard:X11DRV_InitKeyboard keycode 53 => vkey 0058
2831 wine_trace 00c4:trace:keyboard:X11DRV_InitKeyboard keycode 54 => vkey 0043
2831 wine_trace 00c4:trace:keyboard:X11DRV_InitKeyboard keycode 55 => vkey 0056
2832 wine_trace 00c4:trace:keyboard:X11DRV_InitKeyboard keycode 56 => vkey 0042
2832 wine_trace 00c4:trace:keyboard:X11DRV_InitKeyboard keycode 57 => vkey 004E
2832 wine_trace 00c4:trace:keyboard:X11DRV_InitKeyboard keycode 58 => vkey 004D
2832 wine_trace 00c4:trace:keyboard:X11DRV_InitKeyboard keycode 59 => vkey 00BC
2832 wine_trace 00c4:trace:keyboard:X11DRV_InitKeyboard keycode 60 => vkey 00BE
2832 wine_trace 00c4:trace:keyboard:X11DRV_InitKeyboard keycode 61 => vkey 00BF
2832 wine_trace 00c4:trace:keyboard:X11DRV_InitKeyboard spare virtual key 00DF assigned to keycode 134:
2832 wine_trace 00c4:trace:keyboard:X11DRV_InitKeyboard (3f66414d (NoSymbol) 3f664157 (NoSymbol) )
2832 wine_trace 00c4:trace:keyboard:X11DRV_InitKeyboard keycode 134 => vkey 00DF
2832 wine_trace 00c4:trace:keyboard:X11DRV_InitKeyboard spare virtual key 00E1 assigned to keycode 135:
2832 wine_trace 00c4:trace:keyboard:X11DRV_InitKeyboard (3f664164 (NoSymbol) 3f664171 (NoSymbol) )
2833 wine_trace 00c4:trace:keyboard:X11DRV_InitKeyboard keycode 135 => vkey 00E1
2833 wine_trace 00c4:trace:keyboard:X11DRV_InitKeyboard spare virtual key 00E2 assigned to keycode 136:
2833 wine_trace 00c4:trace:keyboard:X11DRV_InitKeyboard (3f66417b (NoSymbol) 3f664188 (NoSymbol) )
2833 wine_trace 00c4:trace:keyboard:X11DRV_InitKeyboard keycode 136 => vkey 00E2
2833 wine_trace 00c4:trace:keyboard:X11DRV_InitKeyboard spare virtual key 00E3 assigned to keycode 137:
2833 wine_trace 00c4:trace:keyboard:X11DRV_InitKeyboard (3f664192 (NoSymbol) 3f66419f (NoSymbol) )
2833 wine_trace 00c4:trace:keyboard:X11DRV_InitKeyboard keycode 137 => vkey 00E3
2833 wine_trace 00c4:trace:keyboard:X11DRV_InitKeyboard spare virtual key 00E4 assigned to keycode 138:
2833 wine_trace 00c4:trace:keyboard:X11DRV_InitKeyboard (3f6641a9 (NoSymbol) 3f6641b6 (NoSymbol) )
2833 wine_trace 00c4:trace:keyboard:X11DRV_InitKeyboard keycode 138 => vkey 00E4
2833 wine_trace 00c4:trace:keyboard:X11DRV_InitKeyboard spare virtual key 00E6 assigned to keycode 139:
2833 wine_trace 00c4:trace:keyboard:X11DRV_InitKeyboard (3f6641c0 (NoSymbol) 3f6641cd (NoSymbol) )
2834 wine_trace 00c4:trace:keyboard:X11DRV_InitKeyboard keycode 139 => vkey 00E6
2834 wine_trace 00c4:trace:keyboard:X11DRV_InitKeyboard spare virtual key 00E9 assigned to keycode 140:
2834 wine_trace 00c4:trace:keyboard:X11DRV_InitKeyboard (3f6641d7 (NoSymbol) 3f6641e4 (NoSymbol) )
2834 wine_trace 00c4:trace:keyboard:X11DRV_InitKeyboard keycode 140 => vkey 00E9
2834 wine_trace 00c4:trace:keyboard:X11DRV_InitKeyboard spare virtual key 00EA assigned to keycode 141:
2834 wine_trace 00c4:trace:keyboard:X11DRV_InitKeyboard (3f6641ee (NoSymbol) 3f6641fb (NoSymbol) )
2834 wine_trace 00c4:trace:keyboard:X11DRV_InitKeyboard keycode 141 => vkey 00EA
2834 wine_trace 00c4:trace:keyboard:X11DRV_InitKeyboard spare virtual key 00EB assigned to keycode 142:
2834 wine_trace 00c4:trace:keyboard:X11DRV_InitKeyboard (3f664205 (NoSymbol) 3f664212 (NoSymbol) )
2834 wine_trace 00c4:trace:keyboard:X11DRV_InitKeyboard keycode 142 => vkey 00EB
2834 wine_trace 00c4:trace:keyboard:X11DRV_InitKeyboard spare virtual key 00EC assigned to keycode 143:
2834 wine_trace 00c4:trace:keyboard:X11DRV_InitKeyboard (3f66421c (NoSymbol) 3f66422a (NoSymbol) )
2835 wine_trace 00c4:trace:keyboard:X11DRV_InitKeyboard keycode 143 => vkey 00EC
2835 wine_trace 00c4:trace:keyboard:X11DRV_InitKeyboard spare virtual key 00ED assigned to keycode 144:
2835 wine_trace 00c4:trace:keyboard:X11DRV_InitKeyboard (3f664235 (NoSymbol) 3f664243 (NoSymbol) )
2835 wine_trace 00c4:trace:keyboard:X11DRV_InitKeyboard keycode 144 => vkey 00ED
2835 wine_trace 00c4:trace:keyboard:X11DRV_InitKeyboard spare virtual key 00EE assigned to keycode 145:
2835 wine_trace 00c4:trace:keyboard:X11DRV_InitKeyboard (3f66424e (NoSymbol) 3f66425c (NoSymbol) )
2835 wine_trace 00c4:trace:keyboard:X11DRV_InitKeyboard keycode 145 => vkey 00EE
2835 wine_trace 00c4:trace:keyboard:X11DRV_InitKeyboard spare virtual key 00EF assigned to keycode 146:
2835 wine_trace 00c4:trace:keyboard:X11DRV_InitKeyboard (3f664267 (NoSymbol) 3f664275 (NoSymbol) )
2835 wine_trace 00c4:trace:keyboard:X11DRV_InitKeyboard keycode 146 => vkey 00EF
2835 wine_trace 00c4:trace:keyboard:X11DRV_InitKeyboard spare virtual key 00F0 assigned to keycode 147:
2835 wine_trace 00c4:trace:keyboard:X11DRV_InitKeyboard (3f664280 (NoSymbol) 3f66428e (NoSymbol) )
2835 wine_trace 00c4:trace:keyboard:X11DRV_InitKeyboard keycode 147 => vkey 00F0
2836 wine_trace 00c4:trace:keyboard:X11DRV_InitKeyboard spare virtual key 00F1 assigned to keycode 148:
2836 wine_trace 00c4:trace:keyboard:X11DRV_InitKeyboard (3f664299 (NoSymbol) 3f6642a7 (NoSymbol) )
2836 wine_trace 00c4:trace:keyboard:X11DRV_InitKeyboard keycode 148 => vkey 00F1
2836 wine_trace 00c4:trace:keyboard:X11DRV_InitKeyboard spare virtual key 00F2 assigned to keycode 149:
2836 wine_trace 00c4:trace:keyboard:X11DRV_InitKeyboard (3f6642b2 (NoSymbol) 3f6642c5 (NoSymbol) )
2836 wine_trace 00c4:trace:keyboard:X11DRV_InitKeyboard keycode 149 => vkey 00F2
2836 wine_trace 00c4:trace:keyboard:X11DRV_InitKeyboard spare virtual key 00F3 assigned to keycode 150:
2836 wine_trace 00c4:trace:keyboard:X11DRV_InitKeyboard (3f6642d5 (NoSymbol) 3f6642e8 (NoSymbol) )
2836 wine_trace 00c4:trace:keyboard:X11DRV_InitKeyboard keycode 150 => vkey 00F3
2836 wine_trace 00c4:trace:keyboard:X11DRV_InitKeyboard spare virtual key 00F4 assigned to keycode 151:
2836 wine_trace 00c4:trace:keyboard:X11DRV_InitKeyboard (3f6642f9 (NoSymbol) 3f664307 (NoSymbol) )
2836 wine_trace 00c4:trace:keyboard:X11DRV_InitKeyboard keycode 151 => vkey 00F4
2836 wine_trace 00c4:trace:keyboard:X11DRV_InitKeyboard spare virtual key 00F5 assigned to keycode 152:
2837 wine_trace 00c4:trace:keyboard:X11DRV_InitKeyboard (3f664318 (NoSymbol) 3f66432b (NoSymbol) )
2837 wine_trace 00c4:trace:keyboard:X11DRV_InitKeyboard keycode 152 => vkey 00F5
2837 wine_trace 00c4:trace:keyboard:X11DRV_InitKeyboard spare virtual key 0092 assigned to keycode 153:
2837 wine_trace 00c4:trace:keyboard:X11DRV_InitKeyboard (3f66433b (NoSymbol) 3f66434e (NoSymbol) )
2837 wine_trace 00c4:trace:keyboard:X11DRV_InitKeyboard keycode 153 => vkey 0092
2837 wine_trace 00c4:trace:keyboard:X11DRV_InitKeyboard spare virtual key 007C assigned to keycode 154:
2837 wine_trace 00c4:trace:keyboard:X11DRV_InitKeyboard (3f664361 (NoSymbol) 3f664371 (NoSymbol) )
2837 wine_trace 00c4:trace:keyboard:X11DRV_InitKeyboard keycode 154 => vkey 007C
2837 wine_trace 00c4:trace:keyboard:X11DRV_InitKeyboard spare virtual key 007D assigned to keycode 155:
2837 wine_trace 00c4:trace:keyboard:X11DRV_InitKeyboard (3f664384 (NoSymbol) 3f664397 (NoSymbol) )
2837 wine_trace 00c4:trace:keyboard:X11DRV_InitKeyboard keycode 155 => vkey 007D
2837 wine_trace 00c4:trace:keyboard:X11DRV_InitKeyboard spare virtual key 007E assigned to keycode 156:
2838 wine_trace 00c4:trace:keyboard:X11DRV_InitKeyboard (3f6643a7 (NoSymbol) 3f6643ba (NoSymbol) )
2838 wine_trace 00c4:trace:keyboard:X11DRV_InitKeyboard keycode 156 => vkey 007E
2838 wine_trace 00c4:trace:keyboard:X11DRV_InitKeyboard spare virtual key 007F assigned to keycode 157:
2838 wine_trace 00c4:trace:keyboard:X11DRV_InitKeyboard (3f6643cc (NoSymbol) 3f6643db (NoSymbol) )
2838 wine_trace 00c4:trace:keyboard:X11DRV_InitKeyboard keycode 157 => vkey 007F
2838 wine_trace 00c4:trace:keyboard:X11DRV_InitKeyboard spare virtual key 0080 assigned to keycode 158:
2838 wine_trace 00c4:trace:keyboard:X11DRV_InitKeyboard (3f6643ed (NoSymbol) 3f664400 (NoSymbol) )
2838 wine_trace 00c4:trace:keyboard:X11DRV_InitKeyboard keycode 158 => vkey 0080
2838 wine_trace 00c4:trace:keyboard:X11DRV_InitKeyboard spare virtual key 0081 assigned to keycode 159:
2838 wine_trace 00c4:trace:keyboard:X11DRV_InitKeyboard (3f664410 (NoSymbol) 3f664423 (NoSymbol) )
2838 wine_trace 00c4:trace:keyboard:X11DRV_InitKeyboard keycode 159 => vkey 0081
2838 wine_trace 00c4:trace:keyboard:X11DRV_InitKeyboard spare virtual key 0082 assigned to keycode 160:
2839 wine_trace 00c4:trace:keyboard:X11DRV_InitKeyboard (3f664436 (NoSymbol) 3f664446 (NoSymbol) )
2839 wine_trace 00c4:trace:keyboard:X11DRV_InitKeyboard keycode 160 => vkey 0082
2839 wine_trace 00c4:trace:keyboard:X11DRV_InitKeyboard spare virtual key 0083 assigned to keycode 161:
2839 wine_trace 00c4:trace:keyboard:X11DRV_InitKeyboard (3f664459 (NoSymbol) 3f66446c (NoSymbol) )
2839 wine_trace 00c4:trace:keyboard:X11DRV_InitKeyboard keycode 161 => vkey 0083
2839 wine_trace 00c4:trace:keyboard:X11DRV_InitKeyboard spare virtual key 0084 assigned to keycode 162:
2839 wine_trace 00c4:trace:keyboard:X11DRV_InitKeyboard (3f66447c (NoSymbol) 3f66448f (NoSymbol) )
2839 wine_trace 00c4:trace:keyboard:X11DRV_InitKeyboard keycode 162 => vkey 0084
2839 wine_trace 00c4:trace:keyboard:X11DRV_InitKeyboard spare virtual key 0085 assigned to keycode 163:
2839 wine_trace 00c4:trace:keyboard:X11DRV_InitKeyboard (3f6644a2 (NoSymbol) 3f6644b2 (NoSymbol) )
2839 wine_trace 00c4:trace:keyboard:X11DRV_InitKeyboard keycode 163 => vkey 0085
2839 wine_trace 00c4:trace:keyboard:X11DRV_InitKeyboard spare virtual key 0086 assigned to keycode 164:
2840 wine_trace 00c4:trace:keyboard:X11DRV_InitKeyboard (3f6644c5 (NoSymbol) 3f6644d8 (NoSymbol) )
2840 wine_trace 00c4:trace:keyboard:X11DRV_InitKeyboard keycode 164 => vkey 0086
2840 wine_trace 00c4:trace:keyboard:X11DRV_InitKeyboard spare virtual key 0087 assigned to keycode 165:
2840 wine_trace 00c4:trace:keyboard:X11DRV_InitKeyboard (3f6644e8 (NoSymbol) 3f6644fb (NoSymbol) )
2840 wine_trace 00c4:trace:keyboard:X11DRV_InitKeyboard keycode 165 => vkey 0087
2840 wine_trace 00c4:warn:keyboard:X11DRV_InitKeyboard No more vkeys available!
2840 wine_trace 00c4:trace:key:X11DRV_InitKeyboard assigning scancode 60 to unidentified keycode 10 (NoSymbol)
2840 wine_trace 00c4:trace:key:X11DRV_InitKeyboard assigning scancode 61 to unidentified keycode 11 (NoSymbol)
2840 wine_trace 00c4:trace:key:X11DRV_InitKeyboard assigning scancode 62 to unidentified keycode 12 (NoSymbol)
2840 wine_trace 00c4:trace:key:X11DRV_InitKeyboard assigning scancode 63 to unidentified keycode 13 (NoSymbol)
2840 wine_trace 00c4:trace:key:X11DRV_InitKeyboard assigning scancode 64 to unidentified keycode 14 (NoSymbol)
2840 wine_trace 00c4:trace:key:X11DRV_InitKeyboard assigning scancode 65 to unidentified keycode 15 (NoSymbol)
2840 wine_trace 00c4:trace:key:X11DRV_InitKeyboard assigning scancode 66 to unidentified keycode 16 (NoSymbol)
2841 wine_trace 00c4:trace:key:X11DRV_InitKeyboard assigning scancode 67 to unidentified keycode 17 (NoSymbol)
2841 wine_trace 00c4:trace:key:X11DRV_InitKeyboard assigning scancode 68 to unidentified keycode 18 (NoSymbol)
2841 wine_trace 00c4:trace:key:X11DRV_InitKeyboard assigning scancode 69 to unidentified keycode 19 (NoSymbol)
2841 wine_trace 00c4:trace:key:X11DRV_InitKeyboard assigning scancode 6a to unidentified keycode 20 (NoSymbol)
2841 wine_trace 00c4:trace:key:X11DRV_InitKeyboard assigning scancode 6b to unidentified keycode 21 (NoSymbol)
2841 wine_trace 00c4:trace:key:X11DRV_InitKeyboard assigning scancode 6c to unidentified keycode 24 (NoSymbol)
2841 wine_trace 00c4:trace:key:X11DRV_InitKeyboard assigning scancode 6d to unidentified keycode 25 (NoSymbol)
2841 wine_trace 00c4:trace:key:X11DRV_InitKeyboard assigning scancode 6e to unidentified keycode 26 (NoSymbol)
2841 wine_trace 00c4:trace:key:X11DRV_InitKeyboard assigning scancode 6f to unidentified keycode 27 (NoSymbol)
2841 wine_trace 00c4:trace:key:X11DRV_InitKeyboard assigning scancode 70 to unidentified keycode 28 (NoSymbol)
2841 wine_trace 00c4:trace:key:X11DRV_InitKeyboard assigning scancode 71 to unidentified keycode 29 (NoSymbol)
2841 wine_trace 00c4:trace:key:X11DRV_InitKeyboard assigning scancode 72 to unidentified keycode 30 (NoSymbol)
2842 wine_trace 00c4:trace:key:X11DRV_InitKeyboard assigning scancode 73 to unidentified keycode 31 (NoSymbol)
2842 wine_trace 00c4:trace:key:X11DRV_InitKeyboard assigning scancode 74 to unidentified keycode 32 (NoSymbol)
2842 wine_trace 00c4:trace:key:X11DRV_InitKeyboard assigning scancode 75 to unidentified keycode 33 (NoSymbol)
2842 wine_trace 00c4:trace:key:X11DRV_InitKeyboard assigning scancode 76 to unidentified keycode 34 (NoSymbol)
2842 wine_trace 00c4:trace:key:X11DRV_InitKeyboard assigning scancode 77 to unidentified keycode 35 (NoSymbol)
2842 wine_trace 00c4:trace:key:X11DRV_InitKeyboard assigning scancode 78 to unidentified keycode 38 (NoSymbol)
2842 wine_trace 00c4:trace:key:X11DRV_InitKeyboard assigning scancode 79 to unidentified keycode 39 (NoSymbol)
2842 wine_trace 00c4:trace:key:X11DRV_InitKeyboard assigning scancode 7a to unidentified keycode 40 (NoSymbol)
2842 wine_trace 00c4:trace:key:X11DRV_InitKeyboard assigning scancode 7b to unidentified keycode 41 (NoSymbol)
2842 wine_trace 00c4:trace:key:X11DRV_InitKeyboard assigning scancode 7c to unidentified keycode 42 (NoSymbol)
2842 wine_trace 00c4:trace:key:X11DRV_InitKeyboard assigning scancode 7d to unidentified keycode 43 (NoSymbol)
2842 wine_trace 00c4:trace:key:X11DRV_InitKeyboard assigning scancode 7e to unidentified keycode 44 (NoSymbol)
2842 wine_trace 00c4:trace:key:X11DRV_InitKeyboard assigning scancode 7f to unidentified keycode 45 (NoSymbol)
2843 wine_trace 00c4:trace:key:X11DRV_InitKeyboard assigning scancode 80 to unidentified keycode 46 (NoSymbol)
2843 wine_trace 00c4:trace:key:X11DRV_InitKeyboard assigning scancode 81 to unidentified keycode 47 (NoSymbol)
2843 wine_trace 00c4:trace:key:X11DRV_InitKeyboard assigning scancode 82 to unidentified keycode 48 (NoSymbol)
2843 wine_trace 00c4:trace:key:X11DRV_InitKeyboard assigning scancode 83 to unidentified keycode 49 (NoSymbol)
2843 wine_trace 00c4:trace:key:X11DRV_InitKeyboard assigning scancode 84 to unidentified keycode 51 (NoSymbol)
2843 wine_trace 00c4:trace:key:X11DRV_InitKeyboard assigning scancode 85 to unidentified keycode 52 (NoSymbol)
2843 wine_trace 00c4:trace:key:X11DRV_InitKeyboard assigning scancode 86 to unidentified keycode 53 (NoSymbol)
2843 wine_trace 00c4:trace:key:X11DRV_InitKeyboard assigning scancode 87 to unidentified keycode 54 (NoSymbol)
2843 wine_trace 00c4:trace:key:X11DRV_InitKeyboard assigning scancode 88 to unidentified keycode 55 (NoSymbol)
2843 wine_trace 00c4:trace:key:X11DRV_InitKeyboard assigning scancode 89 to unidentified keycode 56 (NoSymbol)
2843 wine_trace 00c4:trace:key:X11DRV_InitKeyboard assigning scancode 8a to unidentified keycode 57 (NoSymbol)
2843 wine_trace 00c4:trace:key:X11DRV_InitKeyboard assigning scancode 8b to unidentified keycode 58 (NoSymbol)
2844 wine_trace 00c4:trace:key:X11DRV_InitKeyboard assigning scancode 8c to unidentified keycode 59 (NoSymbol)
2844 wine_trace 00c4:trace:key:X11DRV_InitKeyboard assigning scancode 8d to unidentified keycode 60 (NoSymbol)
2844 wine_trace 00c4:trace:key:X11DRV_InitKeyboard assigning scancode 8e to unidentified keycode 61 (NoSymbol)
2844 wine_trace 00c4:trace:key:X11DRV_InitKeyboard assigning scancode 8f to unidentified keycode 134 (NoSymbol)
2844 wine_trace 00c4:trace:key:X11DRV_InitKeyboard assigning scancode 90 to unidentified keycode 135 (NoSymbol)
2844 wine_trace 00c4:trace:key:X11DRV_InitKeyboard assigning scancode 91 to unidentified keycode 136 (NoSymbol)
2844 wine_trace 00c4:trace:key:X11DRV_InitKeyboard assigning scancode 92 to unidentified keycode 137 (NoSymbol)
2844 wine_trace 00c4:trace:key:X11DRV_InitKeyboard assigning scancode 93 to unidentified keycode 138 (NoSymbol)
2844 wine_trace 00c4:trace:key:X11DRV_InitKeyboard assigning scancode 94 to unidentified keycode 139 (NoSymbol)
2844 wine_trace 00c4:trace:key:X11DRV_InitKeyboard assigning scancode 95 to unidentified keycode 140 (NoSymbol)
2844 wine_trace 00c4:trace:key:X11DRV_InitKeyboard assigning scancode 96 to unidentified keycode 141 (NoSymbol)
2844 wine_trace 00c4:trace:key:X11DRV_InitKeyboard assigning scancode 97 to unidentified keycode 142 (NoSymbol)
2845 wine_trace 00c4:trace:key:X11DRV_InitKeyboard assigning scancode 98 to unidentified keycode 143 (NoSymbol)
2845 wine_trace 00c4:trace:key:X11DRV_InitKeyboard assigning scancode 99 to unidentified keycode 144 (NoSymbol)
2845 wine_trace 00c4:trace:key:X11DRV_InitKeyboard assigning scancode 9a to unidentified keycode 145 (NoSymbol)
2845 wine_trace 00c4:trace:key:X11DRV_InitKeyboard assigning scancode 9b to unidentified keycode 146 (NoSymbol)
2845 wine_trace 00c4:trace:key:X11DRV_InitKeyboard assigning scancode 9c to unidentified keycode 147 (NoSymbol)
2845 wine_trace 00c4:trace:key:X11DRV_InitKeyboard assigning scancode 9d to unidentified keycode 148 (NoSymbol)
2845 wine_trace 00c4:trace:key:X11DRV_InitKeyboard assigning scancode 9e to unidentified keycode 149 (NoSymbol)
2845 wine_trace 00c4:trace:key:X11DRV_InitKeyboard assigning scancode 9f to unidentified keycode 150 (NoSymbol)
2845 wine_trace 00c4:trace:key:X11DRV_InitKeyboard assigning scancode a0 to unidentified keycode 151 (NoSymbol)
2845 wine_trace 00c4:trace:key:X11DRV_InitKeyboard assigning scancode a1 to unidentified keycode 152 (NoSymbol)
2845 wine_trace 00c4:trace:key:X11DRV_InitKeyboard assigning scancode a2 to unidentified keycode 153 (NoSymbol)
2845 wine_trace 00c4:trace:key:X11DRV_InitKeyboard assigning scancode a3 to unidentified keycode 154 (NoSymbol)
2846 wine_trace 00c4:trace:key:X11DRV_InitKeyboard assigning scancode a4 to unidentified keycode 155 (NoSymbol)
2846 wine_trace 00c4:trace:key:X11DRV_InitKeyboard assigning scancode a5 to unidentified keycode 156 (NoSymbol)
2846 wine_trace 00c4:trace:key:X11DRV_InitKeyboard assigning scancode a6 to unidentified keycode 157 (NoSymbol)
2846 wine_trace 00c4:trace:key:X11DRV_InitKeyboard assigning scancode a7 to unidentified keycode 158 (NoSymbol)
2846 wine_trace 00c4:trace:key:X11DRV_InitKeyboard assigning scancode a8 to unidentified keycode 159 (NoSymbol)
2846 wine_trace 00c4:trace:key:X11DRV_InitKeyboard assigning scancode a9 to unidentified keycode 160 (NoSymbol)
2846 wine_trace 00c4:trace:key:X11DRV_InitKeyboard assigning scancode aa to unidentified keycode 161 (NoSymbol)
2846 wine_trace 00c4:trace:key:X11DRV_InitKeyboard assigning scancode ab to unidentified keycode 162 (NoSymbol)
2846 wine_trace 00c4:trace:key:X11DRV_InitKeyboard assigning scancode ac to unidentified keycode 163 (NoSymbol)
2846 wine_trace 00c4:trace:key:X11DRV_InitKeyboard assigning scancode ad to unidentified keycode 164 (NoSymbol)
2846 wine_trace 00c4:trace:key:X11DRV_InitKeyboard assigning scancode ae to unidentified keycode 165 (NoSymbol)
2955 window_map id=25165831,parent=3,name=nogui - Wine Desktop,class=explorer.exe,mapped=true,viewable=false,enabled=false,renderable=true,surface=false,application=true,keyPress=true,keyRelease=true,focusChange=true,focus_before={null}
2956 focus_notify previous={null},focused={id=25165831,parent=3,name=nogui - Wine Desktop,class=explorer.exe,mapped=true,viewable=false,enabled=false,renderable=true,surface=false,application=true,keyPress=true,keyRelease=true,focusChange=true},outDetail=NONE,inDetail=NONE,outSelected=false,inSelected=true
2956 window_map_result id=25165831,focus_after={id=25165831,parent=3,name=nogui - Wine Desktop,class=explorer.exe,mapped=true,viewable=false,enabled=false,renderable=true,surface=false,application=true,keyPress=true,keyRelease=true,focusChange=true}
3370 wine_trace 00d8:trace:keyboard:NtUserGetKeyboardLayoutName name 0x14011e860
3370 wine_trace 00d8:trace:keyboard:NtUserGetKeyboardLayoutName ret L"00000409"
3479 winhandler_init_received port=7946
3631 wine_trace 00e8:trace:keyboard:NtUserGetKeyboardLayoutName name 0x14012e860
3632 wine_trace 00e8:trace:keyboard:NtUserGetKeyboardLayoutName ret L"00000409"
4661 wine_trace 00e8:trace:keyboard:X11DRV_KEYBOARD_DetectLayout Attempting to match against "United States keyboard layout"
4661 wine_trace 00e8:trace:keyboard:X11DRV_KEYBOARD_DetectLayout matches=0, mismatches=0, seq=0, score=0
4661 wine_trace 00e8:trace:keyboard:X11DRV_KEYBOARD_DetectLayout Attempting to match against "United States keyboard layout (phantom key version)"
4662 wine_trace 00e8:trace:keyboard:X11DRV_KEYBOARD_DetectLayout matches=0, mismatches=0, seq=0, score=0
4662 wine_trace 00e8:trace:keyboard:X11DRV_KEYBOARD_DetectLayout Attempting to match against "United States keyboard layout (dvorak)"
4662 wine_trace 00e8:trace:keyboard:X11DRV_KEYBOARD_DetectLayout matches=0, mismatches=0, seq=0, score=0
4662 wine_trace 00e8:trace:keyboard:X11DRV_KEYBOARD_DetectLayout Attempting to match against "United States keyboard layout (programmer dvorak)"
4662 wine_trace 00e8:trace:keyboard:X11DRV_KEYBOARD_DetectLayout matches=0, mismatches=0, seq=0, score=0
4663 wine_trace 00e8:trace:keyboard:X11DRV_KEYBOARD_DetectLayout Attempting to match against "United States keyboard layout (dvorak with phantom key)"
4663 wine_trace 00e8:trace:keyboard:X11DRV_KEYBOARD_DetectLayout matches=0, mismatches=0, seq=0, score=0
4663 wine_trace 00e8:trace:keyboard:X11DRV_KEYBOARD_DetectLayout Attempting to match against "United States International keyboard layout"
4663 wine_trace 00e8:trace:keyboard:X11DRV_KEYBOARD_DetectLayout matches=0, mismatches=0, seq=0, score=0
4664 wine_trace 00e8:trace:keyboard:X11DRV_KEYBOARD_DetectLayout Attempting to match against "British keyboard layout"
4664 wine_trace 00e8:trace:keyboard:X11DRV_KEYBOARD_DetectLayout matches=0, mismatches=0, seq=0, score=0
4664 wine_trace 00e8:trace:keyboard:X11DRV_KEYBOARD_DetectLayout Attempting to match against "German keyboard layout"
4664 wine_trace 00e8:trace:keyboard:X11DRV_KEYBOARD_DetectLayout matches=0, mismatches=0, seq=0, score=0
4665 wine_trace 00e8:trace:keyboard:X11DRV_KEYBOARD_DetectLayout Attempting to match against "Swiss German keyboard layout"
4665 wine_trace 00e8:trace:keyboard:X11DRV_KEYBOARD_DetectLayout matches=0, mismatches=0, seq=0, score=0
4665 wine_trace 00e8:trace:keyboard:X11DRV_KEYBOARD_DetectLayout Attempting to match against "Swiss French keyboard layout"
4665 wine_trace 00e8:trace:keyboard:X11DRV_KEYBOARD_DetectLayout matches=0, mismatches=0, seq=0, score=0
4665 wine_trace 00e8:trace:keyboard:X11DRV_KEYBOARD_DetectLayout Attempting to match against "Swedish keyboard layout"
4666 wine_trace 00e8:trace:keyboard:X11DRV_KEYBOARD_DetectLayout matches=0, mismatches=0, seq=0, score=0
4666 wine_trace 00e8:trace:keyboard:X11DRV_KEYBOARD_DetectLayout Attempting to match against "Estonian keyboard layout"
4666 wine_trace 00e8:trace:keyboard:X11DRV_KEYBOARD_DetectLayout matches=0, mismatches=0, seq=0, score=0
4666 wine_trace 00e8:trace:keyboard:X11DRV_KEYBOARD_DetectLayout Attempting to match against "Norwegian keyboard layout"
4666 wine_trace 00e8:trace:keyboard:X11DRV_KEYBOARD_DetectLayout matches=0, mismatches=0, seq=0, score=0
4667 wine_trace 00e8:trace:keyboard:X11DRV_KEYBOARD_DetectLayout Attempting to match against "Danish keyboard layout"
4667 wine_trace 00e8:trace:keyboard:X11DRV_KEYBOARD_DetectLayout matches=0, mismatches=0, seq=0, score=0
4667 wine_trace 00e8:trace:keyboard:X11DRV_KEYBOARD_DetectLayout Attempting to match against "French keyboard layout"
4667 wine_trace 00e8:trace:keyboard:X11DRV_KEYBOARD_DetectLayout matches=0, mismatches=0, seq=0, score=0
4668 wine_trace 00e8:trace:keyboard:X11DRV_KEYBOARD_DetectLayout Attempting to match against "Canadian French keyboard layout"
4668 wine_trace 00e8:trace:keyboard:X11DRV_KEYBOARD_DetectLayout matches=0, mismatches=0, seq=0, score=0
4668 wine_trace 00e8:trace:keyboard:X11DRV_KEYBOARD_DetectLayout Attempting to match against "Canadian French keyboard layout (CA_fr)"
4668 wine_trace 00e8:trace:keyboard:X11DRV_KEYBOARD_DetectLayout matches=0, mismatches=0, seq=0, score=0
4668 wine_trace 00e8:trace:keyboard:X11DRV_KEYBOARD_DetectLayout Attempting to match against "Canadian keyboard layout"
4669 wine_trace 00e8:trace:keyboard:X11DRV_KEYBOARD_DetectLayout matches=0, mismatches=0, seq=0, score=0
4669 wine_trace 00e8:trace:keyboard:X11DRV_KEYBOARD_DetectLayout Attempting to match against "Belgian keyboard layout"
4669 wine_trace 00e8:trace:keyboard:X11DRV_KEYBOARD_DetectLayout matches=0, mismatches=0, seq=0, score=0
4669 wine_trace 00e8:trace:keyboard:X11DRV_KEYBOARD_DetectLayout Attempting to match against "Portuguese keyboard layout"
4669 wine_trace 00e8:trace:keyboard:X11DRV_KEYBOARD_DetectLayout matches=0, mismatches=0, seq=0, score=0
4670 wine_trace 00e8:trace:keyboard:X11DRV_KEYBOARD_DetectLayout Attempting to match against "Brazilian ABNT-2 keyboard layout"
4670 wine_trace 00e8:trace:keyboard:X11DRV_KEYBOARD_DetectLayout matches=0, mismatches=0, seq=0, score=0
4670 wine_trace 00e8:trace:keyboard:X11DRV_KEYBOARD_DetectLayout Attempting to match against "Brazilian ABNT-2 keyboard layout ALT GR"
4670 wine_trace 00e8:trace:keyboard:X11DRV_KEYBOARD_DetectLayout matches=0, mismatches=0, seq=0, score=0
4670 wine_trace 00e8:trace:keyboard:X11DRV_KEYBOARD_DetectLayout Attempting to match against "Finnish keyboard layout"
4671 wine_trace 00e8:trace:keyboard:X11DRV_KEYBOARD_DetectLayout matches=0, mismatches=0, seq=0, score=0
4671 wine_trace 00e8:trace:keyboard:X11DRV_KEYBOARD_DetectLayout Attempting to match against "Bulgarian bds keyboard layout"
4671 wine_trace 00e8:trace:keyboard:X11DRV_KEYBOARD_DetectLayout matches=0, mismatches=0, seq=0, score=0
4671 wine_trace 00e8:trace:keyboard:X11DRV_KEYBOARD_DetectLayout Attempting to match against "Bulgarian phonetic keyboard layout"
4672 wine_trace 00e8:trace:keyboard:X11DRV_KEYBOARD_DetectLayout matches=0, mismatches=0, seq=0, score=0
4672 wine_trace 00e8:trace:keyboard:X11DRV_KEYBOARD_DetectLayout Attempting to match against "Belarusian keyboard layout"
4672 wine_trace 00e8:trace:keyboard:X11DRV_KEYBOARD_DetectLayout matches=0, mismatches=0, seq=0, score=0
4672 wine_trace 00e8:trace:keyboard:X11DRV_KEYBOARD_DetectLayout Attempting to match against "Russian keyboard layout"
4672 wine_trace 00e8:trace:keyboard:X11DRV_KEYBOARD_DetectLayout matches=0, mismatches=0, seq=0, score=0
4673 wine_trace 00e8:trace:keyboard:X11DRV_KEYBOARD_DetectLayout Attempting to match against "Russian keyboard layout (phantom key version)"
4673 wine_trace 00e8:trace:keyboard:X11DRV_KEYBOARD_DetectLayout matches=0, mismatches=0, seq=0, score=0
4673 wine_trace 00e8:trace:keyboard:X11DRV_KEYBOARD_DetectLayout Attempting to match against "Russian keyboard layout KOI8-R"
4673 wine_trace 00e8:trace:keyboard:X11DRV_KEYBOARD_DetectLayout matches=0, mismatches=0, seq=0, score=0
4673 wine_trace 00e8:trace:keyboard:X11DRV_KEYBOARD_DetectLayout Attempting to match against "Russian keyboard layout cp1251"
4674 wine_trace 00e8:trace:keyboard:X11DRV_KEYBOARD_DetectLayout matches=0, mismatches=0, seq=0, score=0
4674 wine_trace 00e8:trace:keyboard:X11DRV_KEYBOARD_DetectLayout Attempting to match against "Russian phonetic keyboard layout"
4674 wine_trace 00e8:trace:keyboard:X11DRV_KEYBOARD_DetectLayout matches=0, mismatches=0, seq=0, score=0
4674 wine_trace 00e8:trace:keyboard:X11DRV_KEYBOARD_DetectLayout Attempting to match against "Ukrainian keyboard layout KOI8-U"
4674 wine_trace 00e8:trace:keyboard:X11DRV_KEYBOARD_DetectLayout matches=0, mismatches=0, seq=0, score=0
4675 wine_trace 00e8:trace:keyboard:X11DRV_KEYBOARD_DetectLayout Attempting to match against "Ukrainian keyboard layout (standard)"
4675 wine_trace 00e8:trace:keyboard:X11DRV_KEYBOARD_DetectLayout matches=0, mismatches=0, seq=0, score=0
4675 wine_trace 00e8:trace:keyboard:X11DRV_KEYBOARD_DetectLayout Attempting to match against "Russian keyboard layout (standard)"
4675 wine_trace 00e8:trace:keyboard:X11DRV_KEYBOARD_DetectLayout matches=0, mismatches=0, seq=0, score=0
4676 wine_trace 00e8:trace:keyboard:X11DRV_KEYBOARD_DetectLayout Attempting to match against "Spanish keyboard layout"
4676 wine_trace 00e8:trace:keyboard:X11DRV_KEYBOARD_DetectLayout matches=0, mismatches=0, seq=0, score=0
4676 wine_trace 00e8:trace:keyboard:X11DRV_KEYBOARD_DetectLayout Attempting to match against "Italian keyboard layout"
4676 wine_trace 00e8:trace:keyboard:X11DRV_KEYBOARD_DetectLayout matches=0, mismatches=0, seq=0, score=0
4676 wine_trace 00e8:trace:keyboard:X11DRV_KEYBOARD_DetectLayout Attempting to match against "Icelandic keyboard layout"
4677 wine_trace 00e8:trace:keyboard:X11DRV_KEYBOARD_DetectLayout matches=0, mismatches=0, seq=0, score=0
4677 wine_trace 00e8:trace:keyboard:X11DRV_KEYBOARD_DetectLayout Attempting to match against "Hungarian keyboard layout"
4677 wine_trace 00e8:trace:keyboard:X11DRV_KEYBOARD_DetectLayout matches=0, mismatches=0, seq=0, score=0
4677 wine_trace 00e8:trace:keyboard:X11DRV_KEYBOARD_DetectLayout Attempting to match against "Polish (programmer's) keyboard layout"
4678 wine_trace 00e8:trace:keyboard:X11DRV_KEYBOARD_DetectLayout matches=0, mismatches=0, seq=0, score=0
4678 wine_trace 00e8:trace:keyboard:X11DRV_KEYBOARD_DetectLayout Attempting to match against "Slovenian keyboard layout"
4678 wine_trace 00e8:trace:keyboard:X11DRV_KEYBOARD_DetectLayout matches=0, mismatches=0, seq=0, score=0
4678 wine_trace 00e8:trace:keyboard:X11DRV_KEYBOARD_DetectLayout Attempting to match against "Serbian keyboard layout sr"
4678 wine_trace 00e8:trace:keyboard:X11DRV_KEYBOARD_DetectLayout matches=0, mismatches=0, seq=0, score=0
4679 wine_trace 00e8:trace:keyboard:X11DRV_KEYBOARD_DetectLayout Attempting to match against "Serbian keyboard layout us,sr"
4679 wine_trace 00e8:trace:keyboard:X11DRV_KEYBOARD_DetectLayout matches=0, mismatches=0, seq=0, score=0
4679 wine_trace 00e8:trace:keyboard:X11DRV_KEYBOARD_DetectLayout Attempting to match against "Croatian keyboard layout"
4679 wine_trace 00e8:trace:keyboard:X11DRV_KEYBOARD_DetectLayout matches=0, mismatches=0, seq=0, score=0
4680 wine_trace 00e8:trace:keyboard:X11DRV_KEYBOARD_DetectLayout Attempting to match against "Croatian keyboard layout (specific)"
4680 wine_trace 00e8:trace:keyboard:X11DRV_KEYBOARD_DetectLayout matches=0, mismatches=0, seq=0, score=0
4680 wine_trace 00e8:trace:keyboard:X11DRV_KEYBOARD_DetectLayout Attempting to match against "Japanese 106 keyboard layout"
4680 wine_trace 00e8:trace:keyboard:X11DRV_KEYBOARD_DetectLayout matches=0, mismatches=0, seq=0, score=0
4680 wine_trace 00e8:trace:keyboard:X11DRV_KEYBOARD_DetectLayout Attempting to match against "Japanese Mac keyboard layout"
4681 wine_trace 00e8:trace:keyboard:X11DRV_KEYBOARD_DetectLayout matches=0, mismatches=0, seq=0, score=0
4681 wine_trace 00e8:trace:keyboard:X11DRV_KEYBOARD_DetectLayout Attempting to match against "Japanese pc98x1 keyboard layout"
4681 wine_trace 00e8:trace:keyboard:X11DRV_KEYBOARD_DetectLayout matches=0, mismatches=0, seq=0, score=0
4681 wine_trace 00e8:trace:keyboard:X11DRV_KEYBOARD_DetectLayout Attempting to match against "Slovak keyboard layout"
4682 wine_trace 00e8:trace:keyboard:X11DRV_KEYBOARD_DetectLayout matches=0, mismatches=0, seq=0, score=0
4682 wine_trace 00e8:trace:keyboard:X11DRV_KEYBOARD_DetectLayout Attempting to match against "Slovak and Czech keyboard layout without dead keys"
4682 wine_trace 00e8:trace:keyboard:X11DRV_KEYBOARD_DetectLayout matches=0, mismatches=0, seq=0, score=0
4682 wine_trace 00e8:trace:keyboard:X11DRV_KEYBOARD_DetectLayout Attempting to match against "Czech keyboard layout"
4682 wine_trace 00e8:trace:keyboard:X11DRV_KEYBOARD_DetectLayout matches=0, mismatches=0, seq=0, score=0
4683 wine_trace 00e8:trace:keyboard:X11DRV_KEYBOARD_DetectLayout Attempting to match against "Czech keyboard layout cz"
4683 wine_trace 00e8:trace:keyboard:X11DRV_KEYBOARD_DetectLayout matches=0, mismatches=0, seq=0, score=0
4683 wine_trace 00e8:trace:keyboard:X11DRV_KEYBOARD_DetectLayout Attempting to match against "Czech keyboard layout cz_qwerty"
4683 wine_trace 00e8:trace:keyboard:X11DRV_KEYBOARD_DetectLayout matches=0, mismatches=0, seq=0, score=0
4684 wine_trace 00e8:trace:keyboard:X11DRV_KEYBOARD_DetectLayout Attempting to match against "Latin American keyboard layout"
4684 wine_trace 00e8:trace:keyboard:X11DRV_KEYBOARD_DetectLayout matches=0, mismatches=0, seq=0, score=0
4684 wine_trace 00e8:trace:keyboard:X11DRV_KEYBOARD_DetectLayout Attempting to match against "Lithuanian (Baltic) keyboard layout"
4684 wine_trace 00e8:trace:keyboard:X11DRV_KEYBOARD_DetectLayout matches=0, mismatches=0, seq=0, score=0
4684 wine_trace 00e8:trace:keyboard:X11DRV_KEYBOARD_DetectLayout Attempting to match against "Turkish keyboard layout"
4685 wine_trace 00e8:trace:keyboard:X11DRV_KEYBOARD_DetectLayout matches=0, mismatches=0, seq=0, score=0
4685 wine_trace 00e8:trace:keyboard:X11DRV_KEYBOARD_DetectLayout Attempting to match against "Turkish keyboard layout tr"
4685 wine_trace 00e8:trace:keyboard:X11DRV_KEYBOARD_DetectLayout matches=0, mismatches=0, seq=0, score=0
4685 wine_trace 00e8:trace:keyboard:X11DRV_KEYBOARD_DetectLayout Attempting to match against "Turkish keyboard layout trf"
4685 wine_trace 00e8:trace:keyboard:X11DRV_KEYBOARD_DetectLayout matches=0, mismatches=0, seq=0, score=0
4686 wine_trace 00e8:trace:keyboard:X11DRV_KEYBOARD_DetectLayout Attempting to match against "Israelian keyboard layout"
4686 wine_trace 00e8:trace:keyboard:X11DRV_KEYBOARD_DetectLayout matches=0, mismatches=0, seq=0, score=0
4686 wine_trace 00e8:trace:keyboard:X11DRV_KEYBOARD_DetectLayout Attempting to match against "Israelian phonetic keyboard layout"
4686 wine_trace 00e8:trace:keyboard:X11DRV_KEYBOARD_DetectLayout matches=0, mismatches=0, seq=0, score=0
4686 wine_trace 00e8:trace:keyboard:X11DRV_KEYBOARD_DetectLayout Attempting to match against "Israelian Saharon keyboard layout"
4686 wine_trace 00e8:trace:keyboard:X11DRV_KEYBOARD_DetectLayout matches=0, mismatches=0, seq=0, score=0
4686 wine_trace 00e8:trace:keyboard:X11DRV_KEYBOARD_DetectLayout Attempting to match against "VNC keyboard layout"
4686 wine_trace 00e8:trace:keyboard:X11DRV_KEYBOARD_DetectLayout matches=0, mismatches=0, seq=0, score=0
4687 wine_trace 00e8:trace:keyboard:X11DRV_KEYBOARD_DetectLayout Attempting to match against "Greek keyboard layout"
4687 wine_trace 00e8:trace:keyboard:X11DRV_KEYBOARD_DetectLayout matches=0, mismatches=0, seq=0, score=0
4687 wine_trace 00e8:trace:keyboard:X11DRV_KEYBOARD_DetectLayout Attempting to match against "Thai (Kedmanee)  keyboard layout"
4687 wine_trace 00e8:trace:keyboard:X11DRV_KEYBOARD_DetectLayout matches=0, mismatches=0, seq=0, score=0
4687 wine_trace 00e8:trace:keyboard:X11DRV_KEYBOARD_DetectLayout Attempting to match against "Dutch keyboard layout"
4687 wine_trace 00e8:trace:keyboard:X11DRV_KEYBOARD_DetectLayout matches=0, mismatches=0, seq=0, score=0
4687 wine_trace 00e8:trace:keyboard:X11DRV_KEYBOARD_DetectLayout detected layout is "United States keyboard layout"
4687 wine_trace 00e8:trace:keyboard:X11DRV_InitKeyboard keycode 8 => vkey 0000
4687 wine_trace 00e8:trace:keyboard:X11DRV_InitKeyboard keycode 9 => vkey 001B
4688 wine_trace 00e8:trace:keyboard:X11DRV_InitKeyboard keycode 10 => vkey 0000
4688 wine_trace 00e8:trace:keyboard:X11DRV_InitKeyboard keycode 11 => vkey 0000
4688 wine_trace 00e8:trace:keyboard:X11DRV_InitKeyboard keycode 12 => vkey 0000
4688 wine_trace 00e8:trace:keyboard:X11DRV_InitKeyboard keycode 13 => vkey 0000
4688 wine_trace 00e8:trace:keyboard:X11DRV_InitKeyboard keycode 14 => vkey 0000
4688 wine_trace 00e8:trace:keyboard:X11DRV_InitKeyboard keycode 15 => vkey 0000
4688 wine_trace 00e8:trace:keyboard:X11DRV_InitKeyboard keycode 16 => vkey 0000
4689 wine_trace 00e8:trace:keyboard:X11DRV_InitKeyboard keycode 17 => vkey 0000
4689 wine_trace 00e8:trace:keyboard:X11DRV_InitKeyboard keycode 18 => vkey 0000
4689 wine_trace 00e8:trace:keyboard:X11DRV_InitKeyboard keycode 19 => vkey 0000
4689 wine_trace 00e8:trace:keyboard:X11DRV_InitKeyboard keycode 20 => vkey 0000
4689 wine_trace 00e8:trace:keyboard:X11DRV_InitKeyboard keycode 21 => vkey 0000
4689 wine_trace 00e8:trace:keyboard:X11DRV_InitKeyboard keycode 22 => vkey 0008
4689 wine_trace 00e8:trace:keyboard:X11DRV_InitKeyboard keycode 23 => vkey 0009
4689 wine_trace 00e8:trace:keyboard:X11DRV_InitKeyboard keycode 24 => vkey 0000
4689 wine_trace 00e8:trace:keyboard:X11DRV_InitKeyboard keycode 25 => vkey 0000
4690 wine_trace 00e8:trace:keyboard:X11DRV_InitKeyboard keycode 26 => vkey 0000
4690 wine_trace 00e8:trace:keyboard:X11DRV_InitKeyboard keycode 27 => vkey 0000
4690 wine_trace 00e8:trace:keyboard:X11DRV_InitKeyboard keycode 28 => vkey 0000
4690 wine_trace 00e8:trace:keyboard:X11DRV_InitKeyboard keycode 29 => vkey 0000
4690 wine_trace 00e8:trace:keyboard:X11DRV_InitKeyboard keycode 30 => vkey 0000
4690 wine_trace 00e8:trace:keyboard:X11DRV_InitKeyboard keycode 31 => vkey 0000
4690 wine_trace 00e8:trace:keyboard:X11DRV_InitKeyboard keycode 32 => vkey 0000
4690 wine_trace 00e8:trace:keyboard:X11DRV_InitKeyboard keycode 33 => vkey 0000
4690 wine_trace 00e8:trace:keyboard:X11DRV_InitKeyboard keycode 34 => vkey 0000
4691 wine_trace 00e8:trace:keyboard:X11DRV_InitKeyboard keycode 35 => vkey 0000
4691 wine_trace 00e8:trace:keyboard:X11DRV_InitKeyboard keycode 36 => vkey 000D
4691 wine_trace 00e8:trace:keyboard:X11DRV_InitKeyboard keycode 37 => vkey 00A2
4691 wine_trace 00e8:trace:keyboard:X11DRV_InitKeyboard keycode 38 => vkey 0000
4691 wine_trace 00e8:trace:keyboard:X11DRV_InitKeyboard keycode 39 => vkey 0000
4691 wine_trace 00e8:trace:keyboard:X11DRV_InitKeyboard keycode 40 => vkey 0000
4691 wine_trace 00e8:trace:keyboard:X11DRV_InitKeyboard keycode 41 => vkey 0000
4691 wine_trace 00e8:trace:keyboard:X11DRV_InitKeyboard keycode 42 => vkey 0000
4691 wine_trace 00e8:trace:keyboard:X11DRV_InitKeyboard keycode 43 => vkey 0000
4691 wine_trace 00e8:trace:keyboard:X11DRV_InitKeyboard keycode 44 => vkey 0000
4692 wine_trace 00e8:trace:keyboard:X11DRV_InitKeyboard keycode 45 => vkey 0000
4692 wine_trace 00e8:trace:keyboard:X11DRV_InitKeyboard keycode 46 => vkey 0000
4692 wine_trace 00e8:trace:keyboard:X11DRV_InitKeyboard keycode 47 => vkey 0000
4692 wine_trace 00e8:trace:keyboard:X11DRV_InitKeyboard keycode 48 => vkey 0000
4692 wine_trace 00e8:trace:keyboard:X11DRV_InitKeyboard keycode 49 => vkey 0000
4692 wine_trace 00e8:trace:keyboard:X11DRV_InitKeyboard keycode 50 => vkey 00A0
4692 wine_trace 00e8:trace:keyboard:X11DRV_InitKeyboard keycode 51 => vkey 0000
4692 wine_trace 00e8:trace:keyboard:X11DRV_InitKeyboard keycode 52 => vkey 0000
4692 wine_trace 00e8:trace:keyboard:X11DRV_InitKeyboard keycode 53 => vkey 0000
4693 wine_trace 00e8:trace:keyboard:X11DRV_InitKeyboard keycode 54 => vkey 0000
4693 wine_trace 00e8:trace:keyboard:X11DRV_InitKeyboard keycode 55 => vkey 0000
4693 wine_trace 00e8:trace:keyboard:X11DRV_InitKeyboard keycode 56 => vkey 0000
4693 wine_trace 00e8:trace:keyboard:X11DRV_InitKeyboard keycode 57 => vkey 0000
4693 wine_trace 00e8:trace:keyboard:X11DRV_InitKeyboard keycode 58 => vkey 0000
4693 wine_trace 00e8:trace:keyboard:X11DRV_InitKeyboard keycode 59 => vkey 0000
4693 wine_trace 00e8:trace:keyboard:X11DRV_InitKeyboard keycode 60 => vkey 0000
4693 wine_trace 00e8:trace:keyboard:X11DRV_InitKeyboard keycode 61 => vkey 0000
4693 wine_trace 00e8:trace:keyboard:X11DRV_InitKeyboard keycode 62 => vkey 01A1
4694 wine_trace 00e8:trace:keyboard:X11DRV_InitKeyboard keycode 63 => vkey 006A
4694 wine_trace 00e8:trace:keyboard:X11DRV_InitKeyboard keycode 64 => vkey 00A4
4694 wine_trace 00e8:trace:keyboard:X11DRV_InitKeyboard keycode 65 => vkey 0020
4694 wine_trace 00e8:trace:keyboard:X11DRV_InitKeyboard keycode 66 => vkey 0000
4694 wine_trace 00e8:trace:keyboard:X11DRV_InitKeyboard keycode 67 => vkey 0070
4694 wine_trace 00e8:trace:keyboard:X11DRV_InitKeyboard keycode 68 => vkey 0071
4694 wine_trace 00e8:trace:keyboard:X11DRV_InitKeyboard keycode 69 => vkey 0072
4694 wine_trace 00e8:trace:keyboard:X11DRV_InitKeyboard keycode 70 => vkey 0073
4694 wine_trace 00e8:trace:keyboard:X11DRV_InitKeyboard keycode 71 => vkey 0074
4695 wine_trace 00e8:trace:keyboard:X11DRV_InitKeyboard keycode 72 => vkey 0075
4695 wine_trace 00e8:trace:keyboard:X11DRV_InitKeyboard keycode 73 => vkey 0076
4695 wine_trace 00e8:trace:keyboard:X11DRV_InitKeyboard keycode 74 => vkey 0077
4695 wine_trace 00e8:trace:keyboard:X11DRV_InitKeyboard keycode 75 => vkey 0078
4695 wine_trace 00e8:trace:keyboard:X11DRV_InitKeyboard keycode 76 => vkey 0079
4695 wine_trace 00e8:trace:keyboard:X11DRV_InitKeyboard keycode 77 => vkey 0000
4695 wine_trace 00e8:trace:keyboard:X11DRV_InitKeyboard keycode 78 => vkey 0000
4695 wine_trace 00e8:trace:keyboard:X11DRV_InitKeyboard keycode 79 => vkey 0067
4696 wine_trace 00e8:trace:keyboard:X11DRV_InitKeyboard keycode 80 => vkey 0068
4696 wine_trace 00e8:trace:keyboard:X11DRV_InitKeyboard keycode 81 => vkey 0069
4696 wine_trace 00e8:trace:keyboard:X11DRV_InitKeyboard keycode 82 => vkey 006D
4696 wine_trace 00e8:trace:keyboard:X11DRV_InitKeyboard keycode 83 => vkey 0064
4696 wine_trace 00e8:trace:keyboard:X11DRV_InitKeyboard keycode 84 => vkey 0065
4696 wine_trace 00e8:trace:keyboard:X11DRV_InitKeyboard keycode 85 => vkey 0066
4696 wine_trace 00e8:trace:keyboard:X11DRV_InitKeyboard keycode 86 => vkey 006B
4696 wine_trace 00e8:trace:keyboard:X11DRV_InitKeyboard keycode 87 => vkey 0061
4696 wine_trace 00e8:trace:keyboard:X11DRV_InitKeyboard keycode 88 => vkey 0062
4696 wine_trace 00e8:trace:keyboard:X11DRV_InitKeyboard keycode 89 => vkey 0063
4697 wine_trace 00e8:trace:keyboard:X11DRV_InitKeyboard keycode 90 => vkey 0060
4697 wine_trace 00e8:trace:keyboard:X11DRV_InitKeyboard keycode 91 => vkey 002E
4697 wine_trace 00e8:trace:keyboard:X11DRV_InitKeyboard keycode 92 => vkey 0000
4697 wine_trace 00e8:trace:keyboard:X11DRV_InitKeyboard keycode 93 => vkey 0000
4697 wine_trace 00e8:trace:keyboard:X11DRV_InitKeyboard keycode 94 => vkey 0000
4697 wine_trace 00e8:trace:keyboard:X11DRV_InitKeyboard keycode 95 => vkey 007A
4697 wine_trace 00e8:trace:keyboard:X11DRV_InitKeyboard keycode 96 => vkey 007B
4698 wine_trace 00e8:trace:keyboard:X11DRV_InitKeyboard keycode 97 => vkey 0000
4698 wine_trace 00e8:trace:keyboard:X11DRV_InitKeyboard keycode 98 => vkey 0000
4698 wine_trace 00e8:trace:keyboard:X11DRV_InitKeyboard keycode 99 => vkey 0000
4698 wine_trace 00e8:trace:keyboard:X11DRV_InitKeyboard keycode 100 => vkey 0000
4698 wine_trace 00e8:trace:keyboard:X11DRV_InitKeyboard keycode 101 => vkey 0000
4698 wine_trace 00e8:trace:keyboard:X11DRV_InitKeyboard keycode 102 => vkey 0000
4698 wine_trace 00e8:trace:keyboard:X11DRV_InitKeyboard keycode 103 => vkey 0000
4698 wine_trace 00e8:trace:keyboard:X11DRV_InitKeyboard keycode 104 => vkey 0000
4698 wine_trace 00e8:trace:keyboard:X11DRV_InitKeyboard keycode 105 => vkey 01A3
4698 wine_trace 00e8:trace:keyboard:X11DRV_InitKeyboard keycode 106 => vkey 016F
4699 wine_trace 00e8:trace:keyboard:X11DRV_InitKeyboard keycode 107 => vkey 0000
4699 wine_trace 00e8:trace:keyboard:X11DRV_InitKeyboard keycode 108 => vkey 01A5
4699 wine_trace 00e8:trace:keyboard:X11DRV_InitKeyboard keycode 109 => vkey 0000
4699 wine_trace 00e8:trace:keyboard:X11DRV_InitKeyboard keycode 110 => vkey 0124
4699 wine_trace 00e8:trace:keyboard:X11DRV_InitKeyboard keycode 111 => vkey 0126
4699 wine_trace 00e8:trace:keyboard:X11DRV_InitKeyboard keycode 112 => vkey 0121
4699 wine_trace 00e8:trace:keyboard:X11DRV_InitKeyboard keycode 113 => vkey 0125
4699 wine_trace 00e8:trace:keyboard:X11DRV_InitKeyboard keycode 114 => vkey 0127
4700 wine_trace 00e8:trace:keyboard:X11DRV_InitKeyboard keycode 115 => vkey 0123
4700 wine_trace 00e8:trace:keyboard:X11DRV_InitKeyboard keycode 116 => vkey 0128
4700 wine_trace 00e8:trace:keyboard:X11DRV_InitKeyboard keycode 117 => vkey 0122
4700 wine_trace 00e8:trace:keyboard:X11DRV_InitKeyboard keycode 118 => vkey 012D
4700 wine_trace 00e8:trace:keyboard:X11DRV_InitKeyboard keycode 119 => vkey 012E
4700 wine_trace 00e8:warn:keyboard:X11DRV_InitKeyboard vkey 012E is being used by more than one keycode
4700 wine_trace 00e8:trace:keyboard:X11DRV_InitKeyboard keycode 120 => vkey 0000
4700 wine_trace 00e8:trace:keyboard:X11DRV_InitKeyboard keycode 121 => vkey 0000
4700 wine_trace 00e8:trace:keyboard:X11DRV_InitKeyboard keycode 122 => vkey 0000
4700 wine_trace 00e8:trace:keyboard:X11DRV_InitKeyboard keycode 123 => vkey 0000
4701 wine_trace 00e8:trace:keyboard:X11DRV_InitKeyboard keycode 124 => vkey 0000
4701 wine_trace 00e8:trace:keyboard:X11DRV_InitKeyboard keycode 125 => vkey 0000
4701 wine_trace 00e8:trace:keyboard:X11DRV_InitKeyboard keycode 126 => vkey 0000
4701 wine_trace 00e8:trace:keyboard:X11DRV_InitKeyboard keycode 127 => vkey 0000
4701 wine_trace 00e8:trace:keyboard:X11DRV_InitKeyboard keycode 128 => vkey 0000
4701 wine_trace 00e8:trace:keyboard:X11DRV_InitKeyboard keycode 129 => vkey 0000
4701 wine_trace 00e8:trace:keyboard:X11DRV_InitKeyboard keycode 130 => vkey 0000
4701 wine_trace 00e8:trace:keyboard:X11DRV_InitKeyboard keycode 131 => vkey 0000
4701 wine_trace 00e8:trace:keyboard:X11DRV_InitKeyboard keycode 132 => vkey 0000
4701 wine_trace 00e8:trace:keyboard:X11DRV_InitKeyboard keycode 133 => vkey 0000
4702 wine_trace 00e8:trace:keyboard:X11DRV_InitKeyboard keycode 134 => vkey 0000
4702 wine_trace 00e8:trace:keyboard:X11DRV_InitKeyboard keycode 135 => vkey 0000
4702 wine_trace 00e8:trace:keyboard:X11DRV_InitKeyboard keycode 136 => vkey 0000
4702 wine_trace 00e8:trace:keyboard:X11DRV_InitKeyboard keycode 137 => vkey 0000
4702 wine_trace 00e8:trace:keyboard:X11DRV_InitKeyboard keycode 138 => vkey 0000
4702 wine_trace 00e8:trace:keyboard:X11DRV_InitKeyboard keycode 139 => vkey 0000
4702 wine_trace 00e8:trace:keyboard:X11DRV_InitKeyboard keycode 140 => vkey 0000
4702 wine_trace 00e8:trace:keyboard:X11DRV_InitKeyboard keycode 141 => vkey 0000
4702 wine_trace 00e8:trace:keyboard:X11DRV_InitKeyboard keycode 142 => vkey 0000
4702 wine_trace 00e8:trace:keyboard:X11DRV_InitKeyboard keycode 143 => vkey 0000
4703 wine_trace 00e8:trace:keyboard:X11DRV_InitKeyboard keycode 144 => vkey 0000
4703 wine_trace 00e8:trace:keyboard:X11DRV_InitKeyboard keycode 145 => vkey 0000
4703 wine_trace 00e8:trace:keyboard:X11DRV_InitKeyboard keycode 146 => vkey 0000
4703 wine_trace 00e8:trace:keyboard:X11DRV_InitKeyboard keycode 147 => vkey 0000
4703 wine_trace 00e8:trace:keyboard:X11DRV_InitKeyboard keycode 148 => vkey 0000
4703 wine_trace 00e8:trace:keyboard:X11DRV_InitKeyboard keycode 149 => vkey 0000
4703 wine_trace 00e8:trace:keyboard:X11DRV_InitKeyboard keycode 150 => vkey 0000
4703 wine_trace 00e8:trace:keyboard:X11DRV_InitKeyboard keycode 151 => vkey 0000
4704 wine_trace 00e8:trace:keyboard:X11DRV_InitKeyboard keycode 152 => vkey 0000
4704 wine_trace 00e8:trace:keyboard:X11DRV_InitKeyboard keycode 153 => vkey 0000
4704 wine_trace 00e8:trace:keyboard:X11DRV_InitKeyboard keycode 154 => vkey 0000
4704 wine_trace 00e8:trace:keyboard:X11DRV_InitKeyboard keycode 155 => vkey 0000
4704 wine_trace 00e8:trace:keyboard:X11DRV_InitKeyboard keycode 156 => vkey 0000
4704 wine_trace 00e8:trace:keyboard:X11DRV_InitKeyboard keycode 157 => vkey 0000
4704 wine_trace 00e8:trace:keyboard:X11DRV_InitKeyboard keycode 158 => vkey 0000
4704 wine_trace 00e8:trace:keyboard:X11DRV_InitKeyboard keycode 159 => vkey 0000
4704 wine_trace 00e8:trace:keyboard:X11DRV_InitKeyboard keycode 160 => vkey 0000
4705 wine_trace 00e8:trace:keyboard:X11DRV_InitKeyboard keycode 161 => vkey 0000
4705 wine_trace 00e8:trace:keyboard:X11DRV_InitKeyboard keycode 162 => vkey 0000
4705 wine_trace 00e8:trace:keyboard:X11DRV_InitKeyboard keycode 163 => vkey 0000
4705 wine_trace 00e8:trace:keyboard:X11DRV_InitKeyboard keycode 164 => vkey 0000
4705 wine_trace 00e8:trace:keyboard:X11DRV_InitKeyboard keycode 165 => vkey 0000
4705 wine_trace 00e8:trace:keyboard:X11DRV_InitKeyboard keycode 166 => vkey 0000
4705 wine_trace 00e8:trace:keyboard:X11DRV_InitKeyboard keycode 167 => vkey 0000
4705 wine_trace 00e8:trace:keyboard:X11DRV_InitKeyboard keycode 168 => vkey 0000
4705 wine_trace 00e8:trace:keyboard:X11DRV_InitKeyboard keycode 169 => vkey 0000
4705 wine_trace 00e8:trace:keyboard:X11DRV_InitKeyboard keycode 170 => vkey 0000
4706 wine_trace 00e8:trace:keyboard:X11DRV_InitKeyboard keycode 171 => vkey 0000
4706 wine_trace 00e8:trace:keyboard:X11DRV_InitKeyboard keycode 172 => vkey 0000
4706 wine_trace 00e8:trace:keyboard:X11DRV_InitKeyboard keycode 173 => vkey 0000
4706 wine_trace 00e8:trace:keyboard:X11DRV_InitKeyboard keycode 174 => vkey 0000
4706 wine_trace 00e8:trace:keyboard:X11DRV_InitKeyboard keycode 175 => vkey 0000
4706 wine_trace 00e8:trace:keyboard:X11DRV_InitKeyboard keycode 176 => vkey 0000
4706 wine_trace 00e8:trace:keyboard:X11DRV_InitKeyboard keycode 177 => vkey 0000
4706 wine_trace 00e8:trace:keyboard:X11DRV_InitKeyboard keycode 178 => vkey 0000
4706 wine_trace 00e8:trace:keyboard:X11DRV_InitKeyboard keycode 179 => vkey 0000
4707 wine_trace 00e8:trace:keyboard:X11DRV_InitKeyboard keycode 180 => vkey 0000
4707 wine_trace 00e8:trace:keyboard:X11DRV_InitKeyboard keycode 181 => vkey 0000
4707 wine_trace 00e8:trace:keyboard:X11DRV_InitKeyboard keycode 182 => vkey 0000
4707 wine_trace 00e8:trace:keyboard:X11DRV_InitKeyboard keycode 183 => vkey 0000
4707 wine_trace 00e8:trace:keyboard:X11DRV_InitKeyboard keycode 184 => vkey 0000
4707 wine_trace 00e8:trace:keyboard:X11DRV_InitKeyboard keycode 185 => vkey 0000
4707 wine_trace 00e8:trace:keyboard:X11DRV_InitKeyboard keycode 186 => vkey 0000
4707 wine_trace 00e8:trace:keyboard:X11DRV_InitKeyboard keycode 187 => vkey 0000
4707 wine_trace 00e8:trace:keyboard:X11DRV_InitKeyboard keycode 188 => vkey 0000
4708 wine_trace 00e8:trace:keyboard:X11DRV_InitKeyboard keycode 189 => vkey 0000
4708 wine_trace 00e8:trace:keyboard:X11DRV_InitKeyboard keycode 190 => vkey 0000
4708 wine_trace 00e8:trace:keyboard:X11DRV_InitKeyboard keycode 191 => vkey 0000
4708 wine_trace 00e8:trace:keyboard:X11DRV_InitKeyboard keycode 192 => vkey 0000
4708 wine_trace 00e8:trace:keyboard:X11DRV_InitKeyboard keycode 193 => vkey 0000
4708 wine_trace 00e8:trace:keyboard:X11DRV_InitKeyboard keycode 194 => vkey 0000
4708 wine_trace 00e8:trace:keyboard:X11DRV_InitKeyboard keycode 195 => vkey 0000
4708 wine_trace 00e8:trace:keyboard:X11DRV_InitKeyboard keycode 196 => vkey 0000
4709 wine_trace 00e8:trace:keyboard:X11DRV_InitKeyboard keycode 197 => vkey 0000
4709 wine_trace 00e8:trace:keyboard:X11DRV_InitKeyboard keycode 198 => vkey 0000
4709 wine_trace 00e8:trace:keyboard:X11DRV_InitKeyboard keycode 199 => vkey 0000
4709 wine_trace 00e8:trace:keyboard:X11DRV_InitKeyboard keycode 200 => vkey 0000
4709 wine_trace 00e8:trace:keyboard:X11DRV_InitKeyboard keycode 201 => vkey 0000
4709 wine_trace 00e8:trace:keyboard:X11DRV_InitKeyboard keycode 202 => vkey 0000
4709 wine_trace 00e8:trace:keyboard:X11DRV_InitKeyboard keycode 203 => vkey 0000
4709 wine_trace 00e8:trace:keyboard:X11DRV_InitKeyboard keycode 204 => vkey 0000
4709 wine_trace 00e8:trace:keyboard:X11DRV_InitKeyboard keycode 205 => vkey 0000
4709 wine_trace 00e8:trace:keyboard:X11DRV_InitKeyboard keycode 206 => vkey 0000
4710 wine_trace 00e8:trace:keyboard:X11DRV_InitKeyboard keycode 207 => vkey 0000
4710 wine_trace 00e8:trace:keyboard:X11DRV_InitKeyboard keycode 208 => vkey 0000
4710 wine_trace 00e8:trace:keyboard:X11DRV_InitKeyboard keycode 209 => vkey 0000
4710 wine_trace 00e8:trace:keyboard:X11DRV_InitKeyboard keycode 210 => vkey 0000
4710 wine_trace 00e8:trace:keyboard:X11DRV_InitKeyboard keycode 211 => vkey 0000
4710 wine_trace 00e8:trace:keyboard:X11DRV_InitKeyboard keycode 212 => vkey 0000
4710 wine_trace 00e8:trace:keyboard:X11DRV_InitKeyboard keycode 213 => vkey 0000
4710 wine_trace 00e8:trace:keyboard:X11DRV_InitKeyboard keycode 214 => vkey 0000
4710 wine_trace 00e8:trace:keyboard:X11DRV_InitKeyboard keycode 215 => vkey 0000
4710 wine_trace 00e8:trace:keyboard:X11DRV_InitKeyboard keycode 216 => vkey 0000
4711 wine_trace 00e8:trace:keyboard:X11DRV_InitKeyboard keycode 217 => vkey 0000
4711 wine_trace 00e8:trace:keyboard:X11DRV_InitKeyboard keycode 218 => vkey 0000
4711 wine_trace 00e8:trace:keyboard:X11DRV_InitKeyboard keycode 219 => vkey 0000
4711 wine_trace 00e8:trace:keyboard:X11DRV_InitKeyboard keycode 220 => vkey 0000
4711 wine_trace 00e8:trace:keyboard:X11DRV_InitKeyboard keycode 221 => vkey 0000
4711 wine_trace 00e8:trace:keyboard:X11DRV_InitKeyboard keycode 222 => vkey 0000
4711 wine_trace 00e8:trace:keyboard:X11DRV_InitKeyboard keycode 223 => vkey 0000
4711 wine_trace 00e8:trace:keyboard:X11DRV_InitKeyboard keycode 224 => vkey 0000
4712 wine_trace 00e8:trace:keyboard:X11DRV_InitKeyboard keycode 225 => vkey 0000
4712 wine_trace 00e8:trace:keyboard:X11DRV_InitKeyboard keycode 226 => vkey 0000
4712 wine_trace 00e8:trace:keyboard:X11DRV_InitKeyboard keycode 227 => vkey 0000
4712 wine_trace 00e8:trace:keyboard:X11DRV_InitKeyboard keycode 228 => vkey 0000
4712 wine_trace 00e8:trace:keyboard:X11DRV_InitKeyboard keycode 229 => vkey 0000
4712 wine_trace 00e8:trace:keyboard:X11DRV_InitKeyboard keycode 230 => vkey 0000
4712 wine_trace 00e8:trace:keyboard:X11DRV_InitKeyboard keycode 231 => vkey 0000
4712 wine_trace 00e8:trace:keyboard:X11DRV_InitKeyboard keycode 232 => vkey 0000
4712 wine_trace 00e8:trace:keyboard:X11DRV_InitKeyboard keycode 233 => vkey 0000
4713 wine_trace 00e8:trace:keyboard:X11DRV_InitKeyboard keycode 234 => vkey 0000
4713 wine_trace 00e8:trace:keyboard:X11DRV_InitKeyboard keycode 235 => vkey 0000
4713 wine_trace 00e8:trace:keyboard:X11DRV_InitKeyboard keycode 236 => vkey 0000
4713 wine_trace 00e8:trace:keyboard:X11DRV_InitKeyboard keycode 237 => vkey 0000
4713 wine_trace 00e8:trace:keyboard:X11DRV_InitKeyboard keycode 238 => vkey 0000
4713 wine_trace 00e8:trace:keyboard:X11DRV_InitKeyboard keycode 239 => vkey 0000
4713 wine_trace 00e8:trace:keyboard:X11DRV_InitKeyboard keycode 240 => vkey 0000
4713 wine_trace 00e8:trace:keyboard:X11DRV_InitKeyboard keycode 241 => vkey 0000
4713 wine_trace 00e8:trace:keyboard:X11DRV_InitKeyboard keycode 242 => vkey 0000
4713 wine_trace 00e8:trace:keyboard:X11DRV_InitKeyboard keycode 243 => vkey 0000
4714 wine_trace 00e8:trace:keyboard:X11DRV_InitKeyboard keycode 244 => vkey 0000
4714 wine_trace 00e8:trace:keyboard:X11DRV_InitKeyboard keycode 245 => vkey 0000
4714 wine_trace 00e8:trace:keyboard:X11DRV_InitKeyboard keycode 246 => vkey 0000
4714 wine_trace 00e8:trace:keyboard:X11DRV_InitKeyboard keycode 247 => vkey 0000
4714 wine_trace 00e8:trace:keyboard:X11DRV_InitKeyboard keycode 248 => vkey 0000
4714 wine_trace 00e8:trace:keyboard:X11DRV_InitKeyboard keycode 249 => vkey 0000
4714 wine_trace 00e8:trace:keyboard:X11DRV_InitKeyboard keycode 250 => vkey 0000
4714 wine_trace 00e8:trace:keyboard:X11DRV_InitKeyboard keycode 251 => vkey 0000
4714 wine_trace 00e8:trace:keyboard:X11DRV_InitKeyboard keycode 252 => vkey 0000
4714 wine_trace 00e8:trace:keyboard:X11DRV_InitKeyboard keycode 253 => vkey 0000
4715 wine_trace 00e8:trace:keyboard:X11DRV_InitKeyboard keycode 254 => vkey 0000
4715 wine_trace 00e8:trace:keyboard:X11DRV_InitKeyboard keycode 255 => vkey 0000
4715 wine_trace 00e8:trace:keyboard:X11DRV_InitKeyboard keycode 10 => vkey 0031
4715 wine_trace 00e8:trace:keyboard:X11DRV_InitKeyboard keycode 11 => vkey 0032
4715 wine_trace 00e8:trace:keyboard:X11DRV_InitKeyboard keycode 12 => vkey 0033
4715 wine_trace 00e8:trace:keyboard:X11DRV_InitKeyboard keycode 13 => vkey 0034
4715 wine_trace 00e8:trace:keyboard:X11DRV_InitKeyboard keycode 14 => vkey 0035
4715 wine_trace 00e8:trace:keyboard:X11DRV_InitKeyboard keycode 15 => vkey 0036
4715 wine_trace 00e8:trace:keyboard:X11DRV_InitKeyboard keycode 16 => vkey 0037
4716 wine_trace 00e8:trace:keyboard:X11DRV_InitKeyboard keycode 17 => vkey 0038
4716 wine_trace 00e8:trace:keyboard:X11DRV_InitKeyboard keycode 18 => vkey 0039
4716 wine_trace 00e8:trace:keyboard:X11DRV_InitKeyboard keycode 19 => vkey 0030
4716 wine_trace 00e8:trace:keyboard:X11DRV_InitKeyboard keycode 20 => vkey 00BD
4716 wine_trace 00e8:trace:keyboard:X11DRV_InitKeyboard keycode 21 => vkey 00BB
4716 wine_trace 00e8:trace:keyboard:X11DRV_InitKeyboard keycode 24 => vkey 0051
4716 wine_trace 00e8:trace:keyboard:X11DRV_InitKeyboard keycode 25 => vkey 0057
4716 wine_trace 00e8:trace:keyboard:X11DRV_InitKeyboard keycode 26 => vkey 0045
4716 wine_trace 00e8:trace:keyboard:X11DRV_InitKeyboard keycode 27 => vkey 0052
4716 wine_trace 00e8:trace:keyboard:X11DRV_InitKeyboard keycode 28 => vkey 0054
4717 wine_trace 00e8:trace:keyboard:X11DRV_InitKeyboard keycode 29 => vkey 0059
4717 wine_trace 00e8:trace:keyboard:X11DRV_InitKeyboard keycode 30 => vkey 0055
4717 wine_trace 00e8:trace:keyboard:X11DRV_InitKeyboard keycode 31 => vkey 0049
4717 wine_trace 00e8:trace:keyboard:X11DRV_InitKeyboard keycode 32 => vkey 004F
4717 wine_trace 00e8:trace:keyboard:X11DRV_InitKeyboard keycode 33 => vkey 0050
4717 wine_trace 00e8:trace:keyboard:X11DRV_InitKeyboard keycode 34 => vkey 00DB
4717 wine_trace 00e8:trace:keyboard:X11DRV_InitKeyboard keycode 35 => vkey 00DD
4717 wine_trace 00e8:trace:keyboard:X11DRV_InitKeyboard keycode 38 => vkey 0041
4717 wine_trace 00e8:trace:keyboard:X11DRV_InitKeyboard keycode 39 => vkey 0053
4717 wine_trace 00e8:trace:keyboard:X11DRV_InitKeyboard keycode 40 => vkey 0044
4718 wine_trace 00e8:trace:keyboard:X11DRV_InitKeyboard keycode 41 => vkey 0046
4718 wine_trace 00e8:trace:keyboard:X11DRV_InitKeyboard keycode 42 => vkey 0047
4718 wine_trace 00e8:trace:keyboard:X11DRV_InitKeyboard keycode 43 => vkey 0048
4718 wine_trace 00e8:trace:keyboard:X11DRV_InitKeyboard keycode 44 => vkey 004A
4718 wine_trace 00e8:trace:keyboard:X11DRV_InitKeyboard keycode 45 => vkey 004B
4718 wine_trace 00e8:trace:keyboard:X11DRV_InitKeyboard keycode 46 => vkey 004C
4718 wine_trace 00e8:trace:keyboard:X11DRV_InitKeyboard keycode 47 => vkey 00BA
4718 wine_trace 00e8:trace:keyboard:X11DRV_InitKeyboard keycode 48 => vkey 00DE
4718 wine_trace 00e8:trace:keyboard:X11DRV_InitKeyboard keycode 49 => vkey 00C0
4718 wine_trace 00e8:trace:keyboard:X11DRV_InitKeyboard keycode 51 => vkey 00DC
4719 wine_trace 00e8:trace:keyboard:X11DRV_InitKeyboard keycode 52 => vkey 005A
4719 wine_trace 00e8:trace:keyboard:X11DRV_InitKeyboard keycode 53 => vkey 0058
4719 wine_trace 00e8:trace:keyboard:X11DRV_InitKeyboard keycode 54 => vkey 0043
4719 wine_trace 00e8:trace:keyboard:X11DRV_InitKeyboard keycode 55 => vkey 0056
4719 wine_trace 00e8:trace:keyboard:X11DRV_InitKeyboard keycode 56 => vkey 0042
4719 wine_trace 00e8:trace:keyboard:X11DRV_InitKeyboard keycode 57 => vkey 004E
4719 wine_trace 00e8:trace:keyboard:X11DRV_InitKeyboard keycode 58 => vkey 004D
4719 wine_trace 00e8:trace:keyboard:X11DRV_InitKeyboard keycode 59 => vkey 00BC
4719 wine_trace 00e8:trace:keyboard:X11DRV_InitKeyboard keycode 60 => vkey 00BE
4720 wine_trace 00e8:trace:keyboard:X11DRV_InitKeyboard keycode 61 => vkey 00BF
4720 wine_trace 00e8:trace:keyboard:X11DRV_InitKeyboard spare virtual key 00DF assigned to keycode 134:
4720 wine_trace 00e8:trace:keyboard:X11DRV_InitKeyboard (6067a52d (NoSymbol) 6067a537 (NoSymbol) )
4720 wine_trace 00e8:trace:keyboard:X11DRV_InitKeyboard keycode 134 => vkey 00DF
4720 wine_trace 00e8:trace:keyboard:X11DRV_InitKeyboard spare virtual key 00E1 assigned to keycode 135:
4720 wine_trace 00e8:trace:keyboard:X11DRV_InitKeyboard (6067a544 (NoSymbol) 6067a551 (NoSymbol) )
4720 wine_trace 00e8:trace:keyboard:X11DRV_InitKeyboard keycode 135 => vkey 00E1
4720 wine_trace 00e8:trace:keyboard:X11DRV_InitKeyboard spare virtual key 00E2 assigned to keycode 136:
4720 wine_trace 00e8:trace:keyboard:X11DRV_InitKeyboard (6067a55b (NoSymbol) 6067a568 (NoSymbol) )
4721 wine_trace 00e8:trace:keyboard:X11DRV_InitKeyboard keycode 136 => vkey 00E2
4721 wine_trace 00e8:trace:keyboard:X11DRV_InitKeyboard spare virtual key 00E3 assigned to keycode 137:
4721 wine_trace 00e8:trace:keyboard:X11DRV_InitKeyboard (6067a572 (NoSymbol) 6067a57f (NoSymbol) )
4721 wine_trace 00e8:trace:keyboard:X11DRV_InitKeyboard keycode 137 => vkey 00E3
4721 wine_trace 00e8:trace:keyboard:X11DRV_InitKeyboard spare virtual key 00E4 assigned to keycode 138:
4721 wine_trace 00e8:trace:keyboard:X11DRV_InitKeyboard (6067a589 (NoSymbol) 6067a596 (NoSymbol) )
4721 wine_trace 00e8:trace:keyboard:X11DRV_InitKeyboard keycode 138 => vkey 00E4
4721 wine_trace 00e8:trace:keyboard:X11DRV_InitKeyboard spare virtual key 00E6 assigned to keycode 139:
4721 wine_trace 00e8:trace:keyboard:X11DRV_InitKeyboard (6067a5a0 (NoSymbol) 6067a5ad (NoSymbol) )
4722 wine_trace 00e8:trace:keyboard:X11DRV_InitKeyboard keycode 139 => vkey 00E6
4722 wine_trace 00e8:trace:keyboard:X11DRV_InitKeyboard spare virtual key 00E9 assigned to keycode 140:
4722 wine_trace 00e8:trace:keyboard:X11DRV_InitKeyboard (6067a5b7 (NoSymbol) 6067a5c4 (NoSymbol) )
4722 wine_trace 00e8:trace:keyboard:X11DRV_InitKeyboard keycode 140 => vkey 00E9
4722 wine_trace 00e8:trace:keyboard:X11DRV_InitKeyboard spare virtual key 00EA assigned to keycode 141:
4722 wine_trace 00e8:trace:keyboard:X11DRV_InitKeyboard (6067a5ce (NoSymbol) 6067a5db (NoSymbol) )
4722 wine_trace 00e8:trace:keyboard:X11DRV_InitKeyboard keycode 141 => vkey 00EA
4722 wine_trace 00e8:trace:keyboard:X11DRV_InitKeyboard spare virtual key 00EB assigned to keycode 142:
4722 wine_trace 00e8:trace:keyboard:X11DRV_InitKeyboard (6067a5e5 (NoSymbol) 6067a5f2 (NoSymbol) )
4722 wine_trace 00e8:trace:keyboard:X11DRV_InitKeyboard keycode 142 => vkey 00EB
4723 wine_trace 00e8:trace:keyboard:X11DRV_InitKeyboard spare virtual key 00EC assigned to keycode 143:
4723 wine_trace 00e8:trace:keyboard:X11DRV_InitKeyboard (6067a5fc (NoSymbol) 6067a60a (NoSymbol) )
4723 wine_trace 00e8:trace:keyboard:X11DRV_InitKeyboard keycode 143 => vkey 00EC
4723 wine_trace 00e8:trace:keyboard:X11DRV_InitKeyboard spare virtual key 00ED assigned to keycode 144:
4723 wine_trace 00e8:trace:keyboard:X11DRV_InitKeyboard (6067a615 (NoSymbol) 6067a623 (NoSymbol) )
4723 wine_trace 00e8:trace:keyboard:X11DRV_InitKeyboard keycode 144 => vkey 00ED
4723 wine_trace 00e8:trace:keyboard:X11DRV_InitKeyboard spare virtual key 00EE assigned to keycode 145:
4723 wine_trace 00e8:trace:keyboard:X11DRV_InitKeyboard (6067a62e (NoSymbol) 6067a63c (NoSymbol) )
4723 wine_trace 00e8:trace:keyboard:X11DRV_InitKeyboard keycode 145 => vkey 00EE
4723 wine_trace 00e8:trace:keyboard:X11DRV_InitKeyboard spare virtual key 00EF assigned to keycode 146:
4724 wine_trace 00e8:trace:keyboard:X11DRV_InitKeyboard (6067a647 (NoSymbol) 6067a655 (NoSymbol) )
4724 wine_trace 00e8:trace:keyboard:X11DRV_InitKeyboard keycode 146 => vkey 00EF
4724 wine_trace 00e8:trace:keyboard:X11DRV_InitKeyboard spare virtual key 00F0 assigned to keycode 147:
4724 wine_trace 00e8:trace:keyboard:X11DRV_InitKeyboard (6067a660 (NoSymbol) 6067a66e (NoSymbol) )
4724 wine_trace 00e8:trace:keyboard:X11DRV_InitKeyboard keycode 147 => vkey 00F0
4724 wine_trace 00e8:trace:keyboard:X11DRV_InitKeyboard spare virtual key 00F1 assigned to keycode 148:
4724 wine_trace 00e8:trace:keyboard:X11DRV_InitKeyboard (6067a679 (NoSymbol) 6067a687 (NoSymbol) )
4724 wine_trace 00e8:trace:keyboard:X11DRV_InitKeyboard keycode 148 => vkey 00F1
4724 wine_trace 00e8:trace:keyboard:X11DRV_InitKeyboard spare virtual key 00F2 assigned to keycode 149:
4724 wine_trace 00e8:trace:keyboard:X11DRV_InitKeyboard (6067a692 (NoSymbol) 6067a6a5 (NoSymbol) )
4725 wine_trace 00e8:trace:keyboard:X11DRV_InitKeyboard keycode 149 => vkey 00F2
4725 wine_trace 00e8:trace:keyboard:X11DRV_InitKeyboard spare virtual key 00F3 assigned to keycode 150:
4725 wine_trace 00e8:trace:keyboard:X11DRV_InitKeyboard (6067a6b5 (NoSymbol) 6067a6c8 (NoSymbol) )
4725 wine_trace 00e8:trace:keyboard:X11DRV_InitKeyboard keycode 150 => vkey 00F3
4725 wine_trace 00e8:trace:keyboard:X11DRV_InitKeyboard spare virtual key 00F4 assigned to keycode 151:
4725 wine_trace 00e8:trace:keyboard:X11DRV_InitKeyboard (6067a6d9 (NoSymbol) 6067a6e7 (NoSymbol) )
4725 wine_trace 00e8:trace:keyboard:X11DRV_InitKeyboard keycode 151 => vkey 00F4
4725 wine_trace 00e8:trace:keyboard:X11DRV_InitKeyboard spare virtual key 00F5 assigned to keycode 152:
4725 wine_trace 00e8:trace:keyboard:X11DRV_InitKeyboard (6067a6f8 (NoSymbol) 6067a70b (NoSymbol) )
4726 wine_trace 00e8:trace:keyboard:X11DRV_InitKeyboard keycode 152 => vkey 00F5
4726 wine_trace 00e8:trace:keyboard:X11DRV_InitKeyboard spare virtual key 0092 assigned to keycode 153:
4726 wine_trace 00e8:trace:keyboard:X11DRV_InitKeyboard (6067a71b (NoSymbol) 6067a72e (NoSymbol) )
4726 wine_trace 00e8:trace:keyboard:X11DRV_InitKeyboard keycode 153 => vkey 0092
4726 wine_trace 00e8:trace:keyboard:X11DRV_InitKeyboard spare virtual key 007C assigned to keycode 154:
4726 wine_trace 00e8:trace:keyboard:X11DRV_InitKeyboard (6067a741 (NoSymbol) 6067a751 (NoSymbol) )
4726 wine_trace 00e8:trace:keyboard:X11DRV_InitKeyboard keycode 154 => vkey 007C
4726 wine_trace 00e8:trace:keyboard:X11DRV_InitKeyboard spare virtual key 007D assigned to keycode 155:
4726 wine_trace 00e8:trace:keyboard:X11DRV_InitKeyboard (6067a764 (NoSymbol) 6067a777 (NoSymbol) )
4726 wine_trace 00e8:trace:keyboard:X11DRV_InitKeyboard keycode 155 => vkey 007D
4727 wine_trace 00e8:trace:keyboard:X11DRV_InitKeyboard spare virtual key 007E assigned to keycode 156:
4727 wine_trace 00e8:trace:keyboard:X11DRV_InitKeyboard (6067a787 (NoSymbol) 6067a79a (NoSymbol) )
4727 wine_trace 00e8:trace:keyboard:X11DRV_InitKeyboard keycode 156 => vkey 007E
4727 wine_trace 00e8:trace:keyboard:X11DRV_InitKeyboard spare virtual key 007F assigned to keycode 157:
4727 wine_trace 00e8:trace:keyboard:X11DRV_InitKeyboard (6067a7ac (NoSymbol) 6067a7bb (NoSymbol) )
4727 wine_trace 00e8:trace:keyboard:X11DRV_InitKeyboard keycode 157 => vkey 007F
4727 wine_trace 00e8:trace:keyboard:X11DRV_InitKeyboard spare virtual key 0080 assigned to keycode 158:
4727 wine_trace 00e8:trace:keyboard:X11DRV_InitKeyboard (6067a7cd (NoSymbol) 6067a7e0 (NoSymbol) )
4727 wine_trace 00e8:trace:keyboard:X11DRV_InitKeyboard keycode 158 => vkey 0080
4728 wine_trace 00e8:trace:keyboard:X11DRV_InitKeyboard spare virtual key 0081 assigned to keycode 159:
4728 wine_trace 00e8:trace:keyboard:X11DRV_InitKeyboard (6067a7f0 (NoSymbol) 6067a803 (NoSymbol) )
4728 wine_trace 00e8:trace:keyboard:X11DRV_InitKeyboard keycode 159 => vkey 0081
4728 wine_trace 00e8:trace:keyboard:X11DRV_InitKeyboard spare virtual key 0082 assigned to keycode 160:
4728 wine_trace 00e8:trace:keyboard:X11DRV_InitKeyboard (6067a816 (NoSymbol) 6067a826 (NoSymbol) )
4728 wine_trace 00e8:trace:keyboard:X11DRV_InitKeyboard keycode 160 => vkey 0082
4728 wine_trace 00e8:trace:keyboard:X11DRV_InitKeyboard spare virtual key 0083 assigned to keycode 161:
4728 wine_trace 00e8:trace:keyboard:X11DRV_InitKeyboard (6067a839 (NoSymbol) 6067a84c (NoSymbol) )
4728 wine_trace 00e8:trace:keyboard:X11DRV_InitKeyboard keycode 161 => vkey 0083
4729 wine_trace 00e8:trace:keyboard:X11DRV_InitKeyboard spare virtual key 0084 assigned to keycode 162:
4729 wine_trace 00e8:trace:keyboard:X11DRV_InitKeyboard (6067a85c (NoSymbol) 6067a86f (NoSymbol) )
4729 wine_trace 00e8:trace:keyboard:X11DRV_InitKeyboard keycode 162 => vkey 0084
4729 wine_trace 00e8:trace:keyboard:X11DRV_InitKeyboard spare virtual key 0085 assigned to keycode 163:
4729 wine_trace 00e8:trace:keyboard:X11DRV_InitKeyboard (6067a882 (NoSymbol) 6067a892 (NoSymbol) )
4729 wine_trace 00e8:trace:keyboard:X11DRV_InitKeyboard keycode 163 => vkey 0085
4729 wine_trace 00e8:trace:keyboard:X11DRV_InitKeyboard spare virtual key 0086 assigned to keycode 164:
4729 wine_trace 00e8:trace:keyboard:X11DRV_InitKeyboard (6067a8a5 (NoSymbol) 6067a8b8 (NoSymbol) )
4729 wine_trace 00e8:trace:keyboard:X11DRV_InitKeyboard keycode 164 => vkey 0086
4730 wine_trace 00e8:trace:keyboard:X11DRV_InitKeyboard spare virtual key 0087 assigned to keycode 165:
4730 wine_trace 00e8:trace:keyboard:X11DRV_InitKeyboard (6067a8c8 (NoSymbol) 6067a8db (NoSymbol) )
4730 wine_trace 00e8:trace:keyboard:X11DRV_InitKeyboard keycode 165 => vkey 0087
4730 wine_trace 00e8:warn:keyboard:X11DRV_InitKeyboard No more vkeys available!
4730 wine_trace 00e8:trace:key:X11DRV_InitKeyboard assigning scancode 60 to unidentified keycode 10 (NoSymbol)
4730 wine_trace 00e8:trace:key:X11DRV_InitKeyboard assigning scancode 61 to unidentified keycode 11 (NoSymbol)
4730 wine_trace 00e8:trace:key:X11DRV_InitKeyboard assigning scancode 62 to unidentified keycode 12 (NoSymbol)
4730 wine_trace 00e8:trace:key:X11DRV_InitKeyboard assigning scancode 63 to unidentified keycode 13 (NoSymbol)
4730 wine_trace 00e8:trace:key:X11DRV_InitKeyboard assigning scancode 64 to unidentified keycode 14 (NoSymbol)
4730 wine_trace 00e8:trace:key:X11DRV_InitKeyboard assigning scancode 65 to unidentified keycode 15 (NoSymbol)
4731 wine_trace 00e8:trace:key:X11DRV_InitKeyboard assigning scancode 66 to unidentified keycode 16 (NoSymbol)
4731 wine_trace 00e8:trace:key:X11DRV_InitKeyboard assigning scancode 67 to unidentified keycode 17 (NoSymbol)
4731 wine_trace 00e8:trace:key:X11DRV_InitKeyboard assigning scancode 68 to unidentified keycode 18 (NoSymbol)
4731 wine_trace 00e8:trace:key:X11DRV_InitKeyboard assigning scancode 69 to unidentified keycode 19 (NoSymbol)
4731 wine_trace 00e8:trace:key:X11DRV_InitKeyboard assigning scancode 6a to unidentified keycode 20 (NoSymbol)
4731 wine_trace 00e8:trace:key:X11DRV_InitKeyboard assigning scancode 6b to unidentified keycode 21 (NoSymbol)
4731 wine_trace 00e8:trace:key:X11DRV_InitKeyboard assigning scancode 6c to unidentified keycode 24 (NoSymbol)
4731 wine_trace 00e8:trace:key:X11DRV_InitKeyboard assigning scancode 6d to unidentified keycode 25 (NoSymbol)
4731 wine_trace 00e8:trace:key:X11DRV_InitKeyboard assigning scancode 6e to unidentified keycode 26 (NoSymbol)
4732 wine_trace 00e8:trace:key:X11DRV_InitKeyboard assigning scancode 6f to unidentified keycode 27 (NoSymbol)
4732 wine_trace 00e8:trace:key:X11DRV_InitKeyboard assigning scancode 70 to unidentified keycode 28 (NoSymbol)
4732 wine_trace 00e8:trace:key:X11DRV_InitKeyboard assigning scancode 71 to unidentified keycode 29 (NoSymbol)
4732 wine_trace 00e8:trace:key:X11DRV_InitKeyboard assigning scancode 72 to unidentified keycode 30 (NoSymbol)
4732 wine_trace 00e8:trace:key:X11DRV_InitKeyboard assigning scancode 73 to unidentified keycode 31 (NoSymbol)
4732 wine_trace 00e8:trace:key:X11DRV_InitKeyboard assigning scancode 74 to unidentified keycode 32 (NoSymbol)
4732 wine_trace 00e8:trace:key:X11DRV_InitKeyboard assigning scancode 75 to unidentified keycode 33 (NoSymbol)
4732 wine_trace 00e8:trace:key:X11DRV_InitKeyboard assigning scancode 76 to unidentified keycode 34 (NoSymbol)
4732 wine_trace 00e8:trace:key:X11DRV_InitKeyboard assigning scancode 77 to unidentified keycode 35 (NoSymbol)
4733 wine_trace 00e8:trace:key:X11DRV_InitKeyboard assigning scancode 78 to unidentified keycode 38 (NoSymbol)
4733 wine_trace 00e8:trace:key:X11DRV_InitKeyboard assigning scancode 79 to unidentified keycode 39 (NoSymbol)
4733 wine_trace 00e8:trace:key:X11DRV_InitKeyboard assigning scancode 7a to unidentified keycode 40 (NoSymbol)
4733 wine_trace 00e8:trace:key:X11DRV_InitKeyboard assigning scancode 7b to unidentified keycode 41 (NoSymbol)
4733 wine_trace 00e8:trace:key:X11DRV_InitKeyboard assigning scancode 7c to unidentified keycode 42 (NoSymbol)
4733 wine_trace 00e8:trace:key:X11DRV_InitKeyboard assigning scancode 7d to unidentified keycode 43 (NoSymbol)
4733 wine_trace 00e8:trace:key:X11DRV_InitKeyboard assigning scancode 7e to unidentified keycode 44 (NoSymbol)
4733 wine_trace 00e8:trace:key:X11DRV_InitKeyboard assigning scancode 7f to unidentified keycode 45 (NoSymbol)
4734 wine_trace 00e8:trace:key:X11DRV_InitKeyboard assigning scancode 80 to unidentified keycode 46 (NoSymbol)
4734 wine_trace 00e8:trace:key:X11DRV_InitKeyboard assigning scancode 81 to unidentified keycode 47 (NoSymbol)
4734 wine_trace 00e8:trace:key:X11DRV_InitKeyboard assigning scancode 82 to unidentified keycode 48 (NoSymbol)
4734 wine_trace 00e8:trace:key:X11DRV_InitKeyboard assigning scancode 83 to unidentified keycode 49 (NoSymbol)
4734 wine_trace 00e8:trace:key:X11DRV_InitKeyboard assigning scancode 84 to unidentified keycode 51 (NoSymbol)
4734 wine_trace 00e8:trace:key:X11DRV_InitKeyboard assigning scancode 85 to unidentified keycode 52 (NoSymbol)
4734 wine_trace 00e8:trace:key:X11DRV_InitKeyboard assigning scancode 86 to unidentified keycode 53 (NoSymbol)
4734 wine_trace 00e8:trace:key:X11DRV_InitKeyboard assigning scancode 87 to unidentified keycode 54 (NoSymbol)
4734 wine_trace 00e8:trace:key:X11DRV_InitKeyboard assigning scancode 88 to unidentified keycode 55 (NoSymbol)
4734 wine_trace 00e8:trace:key:X11DRV_InitKeyboard assigning scancode 89 to unidentified keycode 56 (NoSymbol)
4735 wine_trace 00e8:trace:key:X11DRV_InitKeyboard assigning scancode 8a to unidentified keycode 57 (NoSymbol)
4735 wine_trace 00e8:trace:key:X11DRV_InitKeyboard assigning scancode 8b to unidentified keycode 58 (NoSymbol)
4735 wine_trace 00e8:trace:key:X11DRV_InitKeyboard assigning scancode 8c to unidentified keycode 59 (NoSymbol)
4735 wine_trace 00e8:trace:key:X11DRV_InitKeyboard assigning scancode 8d to unidentified keycode 60 (NoSymbol)
4735 wine_trace 00e8:trace:key:X11DRV_InitKeyboard assigning scancode 8e to unidentified keycode 61 (NoSymbol)
4735 wine_trace 00e8:trace:key:X11DRV_InitKeyboard assigning scancode 8f to unidentified keycode 134 (NoSymbol)
4735 wine_trace 00e8:trace:key:X11DRV_InitKeyboard assigning scancode 90 to unidentified keycode 135 (NoSymbol)
4735 wine_trace 00e8:trace:key:X11DRV_InitKeyboard assigning scancode 91 to unidentified keycode 136 (NoSymbol)
4735 wine_trace 00e8:trace:key:X11DRV_InitKeyboard assigning scancode 92 to unidentified keycode 137 (NoSymbol)
4736 wine_trace 00e8:trace:key:X11DRV_InitKeyboard assigning scancode 93 to unidentified keycode 138 (NoSymbol)
4736 wine_trace 00e8:trace:key:X11DRV_InitKeyboard assigning scancode 94 to unidentified keycode 139 (NoSymbol)
4736 wine_trace 00e8:trace:key:X11DRV_InitKeyboard assigning scancode 95 to unidentified keycode 140 (NoSymbol)
4736 wine_trace 00e8:trace:key:X11DRV_InitKeyboard assigning scancode 96 to unidentified keycode 141 (NoSymbol)
4736 wine_trace 00e8:trace:key:X11DRV_InitKeyboard assigning scancode 97 to unidentified keycode 142 (NoSymbol)
4736 wine_trace 00e8:trace:key:X11DRV_InitKeyboard assigning scancode 98 to unidentified keycode 143 (NoSymbol)
4736 wine_trace 00e8:trace:key:X11DRV_InitKeyboard assigning scancode 99 to unidentified keycode 144 (NoSymbol)
4736 wine_trace 00e8:trace:key:X11DRV_InitKeyboard assigning scancode 9a to unidentified keycode 145 (NoSymbol)
4736 wine_trace 00e8:trace:key:X11DRV_InitKeyboard assigning scancode 9b to unidentified keycode 146 (NoSymbol)
4736 wine_trace 00e8:trace:key:X11DRV_InitKeyboard assigning scancode 9c to unidentified keycode 147 (NoSymbol)
4737 wine_trace 00e8:trace:key:X11DRV_InitKeyboard assigning scancode 9d to unidentified keycode 148 (NoSymbol)
4737 wine_trace 00e8:trace:key:X11DRV_InitKeyboard assigning scancode 9e to unidentified keycode 149 (NoSymbol)
4737 wine_trace 00e8:trace:key:X11DRV_InitKeyboard assigning scancode 9f to unidentified keycode 150 (NoSymbol)
4737 wine_trace 00e8:trace:key:X11DRV_InitKeyboard assigning scancode a0 to unidentified keycode 151 (NoSymbol)
4737 wine_trace 00e8:trace:key:X11DRV_InitKeyboard assigning scancode a1 to unidentified keycode 152 (NoSymbol)
4737 wine_trace 00e8:trace:key:X11DRV_InitKeyboard assigning scancode a2 to unidentified keycode 153 (NoSymbol)
4737 wine_trace 00e8:trace:key:X11DRV_InitKeyboard assigning scancode a3 to unidentified keycode 154 (NoSymbol)
4737 wine_trace 00e8:trace:key:X11DRV_InitKeyboard assigning scancode a4 to unidentified keycode 155 (NoSymbol)
4737 wine_trace 00e8:trace:key:X11DRV_InitKeyboard assigning scancode a5 to unidentified keycode 156 (NoSymbol)
4738 wine_trace 00e8:trace:key:X11DRV_InitKeyboard assigning scancode a6 to unidentified keycode 157 (NoSymbol)
4738 wine_trace 00e8:trace:key:X11DRV_InitKeyboard assigning scancode a7 to unidentified keycode 158 (NoSymbol)
4738 wine_trace 00e8:trace:key:X11DRV_InitKeyboard assigning scancode a8 to unidentified keycode 159 (NoSymbol)
4738 wine_trace 00e8:trace:key:X11DRV_InitKeyboard assigning scancode a9 to unidentified keycode 160 (NoSymbol)
4738 wine_trace 00e8:trace:key:X11DRV_InitKeyboard assigning scancode aa to unidentified keycode 161 (NoSymbol)
4738 wine_trace 00e8:trace:key:X11DRV_InitKeyboard assigning scancode ab to unidentified keycode 162 (NoSymbol)
4738 wine_trace 00e8:trace:key:X11DRV_InitKeyboard assigning scancode ac to unidentified keycode 163 (NoSymbol)
4738 wine_trace 00e8:trace:key:X11DRV_InitKeyboard assigning scancode ad to unidentified keycode 164 (NoSymbol)
4738 wine_trace 00e8:trace:key:X11DRV_InitKeyboard assigning scancode ae to unidentified keycode 165 (NoSymbol)
4777 wine_trace 00e8:trace:keyboard:NtUserMapVirtualKeyEx code 1, type 1, layout 0x4090409.
4802 wine_trace 00e8:trace:keyboard:X11DRV_MapVirtualKeyEx wCode=0x1, wMapType=1, hkl 0x4090409
4803 wine_trace 00e8:trace:keyboard:X11DRV_MapVirtualKeyEx returning 0x1b.
4803 wine_trace 00e8:trace:keyboard:NtUserMapVirtualKeyEx code 27, type 2, layout 0x4090409.
4803 wine_trace 00e8:trace:keyboard:X11DRV_MapVirtualKeyEx wCode=0x1b, wMapType=2, hkl 0x4090409
4803 wine_trace 00e8:trace:key:EVENT_event_to_vkey e->keycode = 9
4804 wine_trace 00e8:trace:keyboard:X11DRV_MapVirtualKeyEx Found keycode 9
4804 wine_trace 00e8:trace:keyboard:X11DRV_MapVirtualKeyEx returning 0x1b.
4804 wine_trace 00e8:trace:keyboard:NtUserMapVirtualKeyEx code 12, type 1, layout 0x4090409.
4804 wine_trace 00e8:trace:keyboard:X11DRV_MapVirtualKeyEx wCode=0xc, wMapType=1, hkl 0x4090409
4804 wine_trace 00e8:trace:keyboard:X11DRV_MapVirtualKeyEx returning 0x0.
4804 wine_trace 00e8:trace:keyboard:NtUserMapVirtualKeyEx code 13, type 1, layout 0x4090409.
4805 wine_trace 00e8:trace:keyboard:X11DRV_MapVirtualKeyEx wCode=0xd, wMapType=1, hkl 0x4090409
4805 wine_trace 00e8:trace:keyboard:X11DRV_MapVirtualKeyEx returning 0x0.
4805 wine_trace 00e8:trace:keyboard:NtUserMapVirtualKeyEx code 14, type 1, layout 0x4090409.
4805 wine_trace 00e8:trace:keyboard:X11DRV_MapVirtualKeyEx wCode=0xe, wMapType=1, hkl 0x4090409
4805 wine_trace 00e8:trace:keyboard:X11DRV_MapVirtualKeyEx returning 0x8.
4806 wine_trace 00e8:trace:keyboard:NtUserMapVirtualKeyEx code 8, type 2, layout 0x4090409.
4806 wine_trace 00e8:trace:keyboard:X11DRV_MapVirtualKeyEx wCode=0x8, wMapType=2, hkl 0x4090409
4806 wine_trace 00e8:trace:key:EVENT_event_to_vkey e->keycode = 22
4806 wine_trace 00e8:trace:keyboard:X11DRV_MapVirtualKeyEx Found keycode 22
4806 wine_trace 00e8:trace:keyboard:X11DRV_MapVirtualKeyEx returning 0x8.
4806 wine_trace 00e8:trace:keyboard:NtUserMapVirtualKeyEx code 15, type 1, layout 0x4090409.
4807 wine_trace 00e8:trace:keyboard:X11DRV_MapVirtualKeyEx wCode=0xf, wMapType=1, hkl 0x4090409
4807 wine_trace 00e8:trace:keyboard:X11DRV_MapVirtualKeyEx returning 0x9.
4807 wine_trace 00e8:trace:keyboard:NtUserMapVirtualKeyEx code 9, type 2, layout 0x4090409.
4807 wine_trace 00e8:trace:keyboard:X11DRV_MapVirtualKeyEx wCode=0x9, wMapType=2, hkl 0x4090409
4807 wine_trace 00e8:trace:key:EVENT_event_to_vkey e->keycode = 23
4808 wine_trace 00e8:trace:keyboard:X11DRV_MapVirtualKeyEx Found keycode 23
4808 wine_trace 00e8:trace:keyboard:X11DRV_MapVirtualKeyEx returning 0x9.
4808 wine_trace 00e8:trace:keyboard:NtUserMapVirtualKeyEx code 16, type 1, layout 0x4090409.
4808 wine_trace 00e8:trace:keyboard:X11DRV_MapVirtualKeyEx wCode=0x10, wMapType=1, hkl 0x4090409
4808 wine_trace 00e8:trace:keyboard:X11DRV_MapVirtualKeyEx returning 0x0.
4809 wine_trace 00e8:trace:keyboard:NtUserMapVirtualKeyEx code 17, type 1, layout 0x4090409.
4809 wine_trace 00e8:trace:keyboard:X11DRV_MapVirtualKeyEx wCode=0x11, wMapType=1, hkl 0x4090409
4809 wine_trace 00e8:trace:keyboard:X11DRV_MapVirtualKeyEx returning 0x0.
4809 wine_trace 00e8:trace:keyboard:NtUserMapVirtualKeyEx code 18, type 1, layout 0x4090409.
4809 wine_trace 00e8:trace:keyboard:X11DRV_MapVirtualKeyEx wCode=0x12, wMapType=1, hkl 0x4090409
4810 wine_trace 00e8:trace:keyboard:X11DRV_MapVirtualKeyEx returning 0x0.
4810 wine_trace 00e8:trace:keyboard:NtUserMapVirtualKeyEx code 19, type 1, layout 0x4090409.
4810 wine_trace 00e8:trace:keyboard:X11DRV_MapVirtualKeyEx wCode=0x13, wMapType=1, hkl 0x4090409
4810 wine_trace 00e8:trace:keyboard:X11DRV_MapVirtualKeyEx returning 0x0.
4810 wine_trace 00e8:trace:keyboard:NtUserMapVirtualKeyEx code 20, type 1, layout 0x4090409.
4811 wine_trace 00e8:trace:keyboard:X11DRV_MapVirtualKeyEx wCode=0x14, wMapType=1, hkl 0x4090409
4811 wine_trace 00e8:trace:keyboard:X11DRV_MapVirtualKeyEx returning 0x0.
4811 wine_trace 00e8:trace:keyboard:NtUserMapVirtualKeyEx code 21, type 1, layout 0x4090409.
4811 wine_trace 00e8:trace:keyboard:X11DRV_MapVirtualKeyEx wCode=0x15, wMapType=1, hkl 0x4090409
4811 wine_trace 00e8:trace:keyboard:X11DRV_MapVirtualKeyEx returning 0x0.
4812 wine_trace 00e8:trace:keyboard:NtUserMapVirtualKeyEx code 22, type 1, layout 0x4090409.
4812 wine_trace 00e8:trace:keyboard:X11DRV_MapVirtualKeyEx wCode=0x16, wMapType=1, hkl 0x4090409
4812 wine_trace 00e8:trace:keyboard:X11DRV_MapVirtualKeyEx returning 0x0.
4812 wine_trace 00e8:trace:keyboard:NtUserMapVirtualKeyEx code 23, type 1, layout 0x4090409.
4812 wine_trace 00e8:trace:keyboard:X11DRV_MapVirtualKeyEx wCode=0x17, wMapType=1, hkl 0x4090409
4812 wine_trace 00e8:trace:keyboard:X11DRV_MapVirtualKeyEx returning 0x0.
4813 wine_trace 00e8:trace:keyboard:NtUserMapVirtualKeyEx code 24, type 1, layout 0x4090409.
4813 wine_trace 00e8:trace:keyboard:X11DRV_MapVirtualKeyEx wCode=0x18, wMapType=1, hkl 0x4090409
4813 wine_trace 00e8:trace:keyboard:X11DRV_MapVirtualKeyEx returning 0x0.
4813 wine_trace 00e8:trace:keyboard:NtUserMapVirtualKeyEx code 25, type 1, layout 0x4090409.
4813 wine_trace 00e8:trace:keyboard:X11DRV_MapVirtualKeyEx wCode=0x19, wMapType=1, hkl 0x4090409
4814 wine_trace 00e8:trace:keyboard:X11DRV_MapVirtualKeyEx returning 0x0.
4814 wine_trace 00e8:trace:keyboard:NtUserMapVirtualKeyEx code 26, type 1, layout 0x4090409.
4814 wine_trace 00e8:trace:keyboard:X11DRV_MapVirtualKeyEx wCode=0x1a, wMapType=1, hkl 0x4090409
4814 wine_trace 00e8:trace:keyboard:X11DRV_MapVirtualKeyEx returning 0x0.
4814 wine_trace 00e8:trace:keyboard:NtUserMapVirtualKeyEx code 27, type 1, layout 0x4090409.
4815 wine_trace 00e8:trace:keyboard:X11DRV_MapVirtualKeyEx wCode=0x1b, wMapType=1, hkl 0x4090409
4815 wine_trace 00e8:trace:keyboard:X11DRV_MapVirtualKeyEx returning 0x0.
4815 wine_trace 00e8:trace:keyboard:NtUserMapVirtualKeyEx code 28, type 1, layout 0x4090409.
4815 wine_trace 00e8:trace:keyboard:X11DRV_MapVirtualKeyEx wCode=0x1c, wMapType=1, hkl 0x4090409
4815 wine_trace 00e8:trace:keyboard:X11DRV_MapVirtualKeyEx returning 0xd.
4816 wine_trace 00e8:trace:keyboard:NtUserMapVirtualKeyEx code 13, type 2, layout 0x4090409.
4816 wine_trace 00e8:trace:keyboard:X11DRV_MapVirtualKeyEx wCode=0xd, wMapType=2, hkl 0x4090409
4816 wine_trace 00e8:trace:key:EVENT_event_to_vkey e->keycode = 36
4816 wine_trace 00e8:trace:keyboard:X11DRV_MapVirtualKeyEx Found keycode 36
4816 wine_trace 00e8:trace:keyboard:X11DRV_MapVirtualKeyEx returning 0xd.
4817 wine_trace 00e8:trace:keyboard:NtUserMapVirtualKeyEx code 30, type 1, layout 0x4090409.
4817 wine_trace 00e8:trace:keyboard:X11DRV_MapVirtualKeyEx wCode=0x1e, wMapType=1, hkl 0x4090409
4817 wine_trace 00e8:trace:keyboard:X11DRV_MapVirtualKeyEx returning 0x0.
4817 wine_trace 00e8:trace:keyboard:NtUserMapVirtualKeyEx code 31, type 1, layout 0x4090409.
4817 wine_trace 00e8:trace:keyboard:X11DRV_MapVirtualKeyEx wCode=0x1f, wMapType=1, hkl 0x4090409
4818 wine_trace 00e8:trace:keyboard:X11DRV_MapVirtualKeyEx returning 0x0.
4818 wine_trace 00e8:trace:keyboard:NtUserMapVirtualKeyEx code 32, type 1, layout 0x4090409.
4818 wine_trace 00e8:trace:keyboard:X11DRV_MapVirtualKeyEx wCode=0x20, wMapType=1, hkl 0x4090409
4818 wine_trace 00e8:trace:keyboard:X11DRV_MapVirtualKeyEx returning 0x0.
4818 wine_trace 00e8:trace:keyboard:NtUserMapVirtualKeyEx code 33, type 1, layout 0x4090409.
4819 wine_trace 00e8:trace:keyboard:X11DRV_MapVirtualKeyEx wCode=0x21, wMapType=1, hkl 0x4090409
4819 wine_trace 00e8:trace:keyboard:X11DRV_MapVirtualKeyEx returning 0x0.
4819 wine_trace 00e8:trace:keyboard:NtUserMapVirtualKeyEx code 34, type 1, layout 0x4090409.
4819 wine_trace 00e8:trace:keyboard:X11DRV_MapVirtualKeyEx wCode=0x22, wMapType=1, hkl 0x4090409
4819 wine_trace 00e8:trace:keyboard:X11DRV_MapVirtualKeyEx returning 0x0.
4820 wine_trace 00e8:trace:keyboard:NtUserMapVirtualKeyEx code 35, type 1, layout 0x4090409.
4820 wine_trace 00e8:trace:keyboard:X11DRV_MapVirtualKeyEx wCode=0x23, wMapType=1, hkl 0x4090409
4820 wine_trace 00e8:trace:keyboard:X11DRV_MapVirtualKeyEx returning 0x0.
4820 wine_trace 00e8:trace:keyboard:NtUserMapVirtualKeyEx code 36, type 1, layout 0x4090409.
4820 wine_trace 00e8:trace:keyboard:X11DRV_MapVirtualKeyEx wCode=0x24, wMapType=1, hkl 0x4090409
4821 wine_trace 00e8:trace:keyboard:X11DRV_MapVirtualKeyEx returning 0x0.
4821 wine_trace 00e8:trace:keyboard:NtUserMapVirtualKeyEx code 37, type 1, layout 0x4090409.
4821 wine_trace 00e8:trace:keyboard:X11DRV_MapVirtualKeyEx wCode=0x25, wMapType=1, hkl 0x4090409
4821 wine_trace 00e8:trace:keyboard:X11DRV_MapVirtualKeyEx returning 0x0.
4821 wine_trace 00e8:trace:keyboard:NtUserMapVirtualKeyEx code 38, type 1, layout 0x4090409.
4822 wine_trace 00e8:trace:keyboard:X11DRV_MapVirtualKeyEx wCode=0x26, wMapType=1, hkl 0x4090409
4822 wine_trace 00e8:trace:keyboard:X11DRV_MapVirtualKeyEx returning 0x0.
4822 wine_trace 00e8:trace:keyboard:NtUserMapVirtualKeyEx code 39, type 1, layout 0x4090409.
4822 wine_trace 00e8:trace:keyboard:X11DRV_MapVirtualKeyEx wCode=0x27, wMapType=1, hkl 0x4090409
4822 wine_trace 00e8:trace:keyboard:X11DRV_MapVirtualKeyEx returning 0x0.
4823 wine_trace 00e8:trace:keyboard:NtUserMapVirtualKeyEx code 40, type 1, layout 0x4090409.
4823 wine_trace 00e8:trace:keyboard:X11DRV_MapVirtualKeyEx wCode=0x28, wMapType=1, hkl 0x4090409
4823 wine_trace 00e8:trace:keyboard:X11DRV_MapVirtualKeyEx returning 0x0.
4823 wine_trace 00e8:trace:keyboard:NtUserMapVirtualKeyEx code 41, type 1, layout 0x4090409.
4824 wine_trace 00e8:trace:keyboard:X11DRV_MapVirtualKeyEx wCode=0x29, wMapType=1, hkl 0x4090409
4824 wine_trace 00e8:trace:keyboard:X11DRV_MapVirtualKeyEx returning 0x0.
4824 wine_trace 00e8:trace:keyboard:NtUserMapVirtualKeyEx code 43, type 1, layout 0x4090409.
4824 wine_trace 00e8:trace:keyboard:X11DRV_MapVirtualKeyEx wCode=0x2b, wMapType=1, hkl 0x4090409
4824 wine_trace 00e8:trace:keyboard:X11DRV_MapVirtualKeyEx returning 0x0.
4824 wine_trace 00e8:trace:keyboard:NtUserMapVirtualKeyEx code 44, type 1, layout 0x4090409.
4824 wine_trace 00e8:trace:keyboard:X11DRV_MapVirtualKeyEx wCode=0x2c, wMapType=1, hkl 0x4090409
4824 wine_trace 00e8:trace:keyboard:X11DRV_MapVirtualKeyEx returning 0x0.
4825 wine_trace 00e8:trace:keyboard:NtUserMapVirtualKeyEx code 45, type 1, layout 0x4090409.
4825 wine_trace 00e8:trace:keyboard:X11DRV_MapVirtualKeyEx wCode=0x2d, wMapType=1, hkl 0x4090409
4825 wine_trace 00e8:trace:keyboard:X11DRV_MapVirtualKeyEx returning 0x0.
4825 wine_trace 00e8:trace:keyboard:NtUserMapVirtualKeyEx code 46, type 1, layout 0x4090409.
4825 wine_trace 00e8:trace:keyboard:X11DRV_MapVirtualKeyEx wCode=0x2e, wMapType=1, hkl 0x4090409
4825 wine_trace 00e8:trace:keyboard:X11DRV_MapVirtualKeyEx returning 0x0.
4825 wine_trace 00e8:trace:keyboard:NtUserMapVirtualKeyEx code 47, type 1, layout 0x4090409.
4825 wine_trace 00e8:trace:keyboard:X11DRV_MapVirtualKeyEx wCode=0x2f, wMapType=1, hkl 0x4090409
4825 wine_trace 00e8:trace:keyboard:X11DRV_MapVirtualKeyEx returning 0x0.
4826 wine_trace 00e8:trace:keyboard:NtUserMapVirtualKeyEx code 48, type 1, layout 0x4090409.
4826 wine_trace 00e8:trace:keyboard:X11DRV_MapVirtualKeyEx wCode=0x30, wMapType=1, hkl 0x4090409
4826 wine_trace 00e8:trace:keyboard:X11DRV_MapVirtualKeyEx returning 0x0.
4826 wine_trace 00e8:trace:keyboard:NtUserMapVirtualKeyEx code 49, type 1, layout 0x4090409.
4826 wine_trace 00e8:trace:keyboard:X11DRV_MapVirtualKeyEx wCode=0x31, wMapType=1, hkl 0x4090409
4826 wine_trace 00e8:trace:keyboard:X11DRV_MapVirtualKeyEx returning 0x0.
4826 wine_trace 00e8:trace:keyboard:NtUserMapVirtualKeyEx code 50, type 1, layout 0x4090409.
4826 wine_trace 00e8:trace:keyboard:X11DRV_MapVirtualKeyEx wCode=0x32, wMapType=1, hkl 0x4090409
4826 wine_trace 00e8:trace:keyboard:X11DRV_MapVirtualKeyEx returning 0x0.
4827 wine_trace 00e8:trace:keyboard:NtUserMapVirtualKeyEx code 51, type 1, layout 0x4090409.
4827 wine_trace 00e8:trace:keyboard:X11DRV_MapVirtualKeyEx wCode=0x33, wMapType=1, hkl 0x4090409
4827 wine_trace 00e8:trace:keyboard:X11DRV_MapVirtualKeyEx returning 0x0.
4827 wine_trace 00e8:trace:keyboard:NtUserMapVirtualKeyEx code 52, type 1, layout 0x4090409.
4827 wine_trace 00e8:trace:keyboard:X11DRV_MapVirtualKeyEx wCode=0x34, wMapType=1, hkl 0x4090409
4827 wine_trace 00e8:trace:keyboard:X11DRV_MapVirtualKeyEx returning 0x0.
4827 wine_trace 00e8:trace:keyboard:NtUserMapVirtualKeyEx code 53, type 1, layout 0x4090409.
4827 wine_trace 00e8:trace:keyboard:X11DRV_MapVirtualKeyEx wCode=0x35, wMapType=1, hkl 0x4090409
4827 wine_trace 00e8:trace:keyboard:X11DRV_MapVirtualKeyEx returning 0x6f.
4827 wine_trace 00e8:trace:keyboard:NtUserMapVirtualKeyEx code 111, type 2, layout 0x4090409.
4828 wine_trace 00e8:trace:keyboard:X11DRV_MapVirtualKeyEx wCode=0x6f, wMapType=2, hkl 0x4090409
4828 wine_trace 00e8:trace:key:EVENT_event_to_vkey e->keycode = 106
4828 wine_trace 00e8:trace:keyboard:X11DRV_MapVirtualKeyEx Found keycode 106
4828 wine_trace 00e8:trace:keyboard:X11DRV_MapVirtualKeyEx returning 0x2f.
4828 wine_trace 00e8:trace:keyboard:NtUserMapVirtualKeyEx code 57, type 1, layout 0x4090409.
4828 wine_trace 00e8:trace:keyboard:X11DRV_MapVirtualKeyEx wCode=0x39, wMapType=1, hkl 0x4090409
4828 wine_trace 00e8:trace:keyboard:X11DRV_MapVirtualKeyEx returning 0x20.
4828 wine_trace 00e8:trace:keyboard:NtUserMapVirtualKeyEx code 32, type 2, layout 0x4090409.
4829 wine_trace 00e8:trace:keyboard:X11DRV_MapVirtualKeyEx wCode=0x20, wMapType=2, hkl 0x4090409
4829 wine_trace 00e8:trace:key:EVENT_event_to_vkey e->keycode = 65
4829 wine_trace 00e8:trace:keyboard:X11DRV_MapVirtualKeyEx Found keycode 65
4829 wine_trace 00e8:trace:keyboard:X11DRV_MapVirtualKeyEx returning 0x20.
4829 wine_trace 00e8:trace:keyboard:NtUserMapVirtualKeyEx code 83, type 1, layout 0x4090409.
4829 wine_trace 00e8:trace:keyboard:X11DRV_MapVirtualKeyEx wCode=0x53, wMapType=1, hkl 0x4090409
4829 wine_trace 00e8:trace:keyboard:X11DRV_MapVirtualKeyEx returning 0x2e.
4829 wine_trace 00e8:trace:keyboard:NtUserMapVirtualKeyEx code 46, type 2, layout 0x4090409.
4829 wine_trace 00e8:trace:keyboard:X11DRV_MapVirtualKeyEx wCode=0x2e, wMapType=2, hkl 0x4090409
4829 wine_trace 00e8:trace:key:EVENT_event_to_vkey e->keycode = 91
4830 wine_trace 00e8:trace:keyboard:X11DRV_MapVirtualKeyEx Found keycode 91
4830 wine_trace 00e8:trace:keyboard:X11DRV_MapVirtualKeyEx returning 0x0.
4830 wine_trace 00e8:trace:keyboard:NtUserMapVirtualKeyEx code 86, type 1, layout 0x4090409.
4830 wine_trace 00e8:trace:keyboard:X11DRV_MapVirtualKeyEx wCode=0x56, wMapType=1, hkl 0x4090409
4830 wine_trace 00e8:trace:keyboard:X11DRV_MapVirtualKeyEx returning 0x0.
4830 wine_trace 00e8:trace:keyboard:NtUserMapVirtualKeyEx code 112, type 1, layout 0x4090409.
4830 wine_trace 00e8:trace:keyboard:X11DRV_MapVirtualKeyEx wCode=0x70, wMapType=1, hkl 0x4090409
4830 wine_trace 00e8:trace:keyboard:X11DRV_MapVirtualKeyEx returning 0x54.
4830 wine_trace 00e8:trace:keyboard:NtUserMapVirtualKeyEx code 84, type 2, layout 0x4090409.
4831 wine_trace 00e8:trace:keyboard:X11DRV_MapVirtualKeyEx wCode=0x54, wMapType=2, hkl 0x4090409
4831 wine_trace 00e8:trace:key:EVENT_event_to_vkey e->keycode = 28
4831 wine_trace 00e8:trace:keyboard:X11DRV_MapVirtualKeyEx Found keycode 28
4831 wine_trace 00e8:trace:keyboard:X11DRV_MapVirtualKeyEx returning 0x54.
4831 wine_trace 00e8:trace:keyboard:NtUserMapVirtualKeyEx code 115, type 1, layout 0x4090409.
4831 wine_trace 00e8:trace:keyboard:X11DRV_MapVirtualKeyEx wCode=0x73, wMapType=1, hkl 0x4090409
4831 wine_trace 00e8:trace:keyboard:X11DRV_MapVirtualKeyEx returning 0x49.
4831 wine_trace 00e8:trace:keyboard:NtUserMapVirtualKeyEx code 73, type 2, layout 0x4090409.
4831 wine_trace 00e8:trace:keyboard:X11DRV_MapVirtualKeyEx wCode=0x49, wMapType=2, hkl 0x4090409
4831 wine_trace 00e8:trace:key:EVENT_event_to_vkey e->keycode = 31
4832 wine_trace 00e8:trace:keyboard:X11DRV_MapVirtualKeyEx Found keycode 31
4832 wine_trace 00e8:trace:keyboard:X11DRV_MapVirtualKeyEx returning 0x49.
4832 wine_trace 00e8:trace:keyboard:NtUserMapVirtualKeyEx code 121, type 1, layout 0x4090409.
4832 wine_trace 00e8:trace:keyboard:X11DRV_MapVirtualKeyEx wCode=0x79, wMapType=1, hkl 0x4090409
4832 wine_trace 00e8:trace:keyboard:X11DRV_MapVirtualKeyEx returning 0x53.
4832 wine_trace 00e8:trace:keyboard:NtUserMapVirtualKeyEx code 83, type 2, layout 0x4090409.
4832 wine_trace 00e8:trace:keyboard:X11DRV_MapVirtualKeyEx wCode=0x53, wMapType=2, hkl 0x4090409
4832 wine_trace 00e8:trace:key:EVENT_event_to_vkey e->keycode = 39
4832 wine_trace 00e8:trace:keyboard:X11DRV_MapVirtualKeyEx Found keycode 39
4832 wine_trace 00e8:trace:keyboard:X11DRV_MapVirtualKeyEx returning 0x53.
4833 wine_trace 00e8:trace:keyboard:NtUserMapVirtualKeyEx code 123, type 1, layout 0x4090409.
4833 wine_trace 00e8:trace:keyboard:X11DRV_MapVirtualKeyEx wCode=0x7b, wMapType=1, hkl 0x4090409
4833 wine_trace 00e8:trace:keyboard:X11DRV_MapVirtualKeyEx returning 0x46.
4833 wine_trace 00e8:trace:keyboard:NtUserMapVirtualKeyEx code 70, type 2, layout 0x4090409.
4833 wine_trace 00e8:trace:keyboard:X11DRV_MapVirtualKeyEx wCode=0x46, wMapType=2, hkl 0x4090409
4833 wine_trace 00e8:trace:key:EVENT_event_to_vkey e->keycode = 41
4833 wine_trace 00e8:trace:keyboard:X11DRV_MapVirtualKeyEx Found keycode 41
4833 wine_trace 00e8:trace:keyboard:X11DRV_MapVirtualKeyEx returning 0x46.
4833 wine_trace 00e8:trace:keyboard:NtUserMapVirtualKeyEx code 125, type 1, layout 0x4090409.
4833 wine_trace 00e8:trace:keyboard:X11DRV_MapVirtualKeyEx wCode=0x7d, wMapType=1, hkl 0x4090409
4834 wine_trace 00e8:trace:keyboard:X11DRV_MapVirtualKeyEx returning 0x48.
4834 wine_trace 00e8:trace:keyboard:NtUserMapVirtualKeyEx code 72, type 2, layout 0x4090409.
4834 wine_trace 00e8:trace:keyboard:X11DRV_MapVirtualKeyEx wCode=0x48, wMapType=2, hkl 0x4090409
4834 wine_trace 00e8:trace:key:EVENT_event_to_vkey e->keycode = 43
4834 wine_trace 00e8:trace:keyboard:X11DRV_MapVirtualKeyEx Found keycode 43
4834 wine_trace 00e8:trace:keyboard:X11DRV_MapVirtualKeyEx returning 0x48.
4834 wine_trace 00e8:trace:keyboard:NtUserMapVirtualKeyEx code 32, type 0, layout 0x4090409.
4834 wine_trace 00e8:trace:keyboard:X11DRV_MapVirtualKeyEx wCode=0x20, wMapType=0, hkl 0x4090409
4834 wine_trace 00e8:trace:keyboard:X11DRV_MapVirtualKeyEx returning 0x39.
4834 wine_trace 00e8:trace:keyboard:NtUserToUnicodeEx virt 0x20, scan 0x39, state 0x8016e730, str 0x8016e710, size 16, flags 0, layout 0x4090409.
4835 wine_trace 00e8:trace:key:X11DRV_ToUnicodeEx AltGrMask = 0000
4835 wine_trace 00e8:trace:key:X11DRV_ToUnicodeEx (0020, 0039) : faked state = 0x0000
4835 wine_trace 00e8:trace:key:EVENT_event_to_vkey e->keycode = 65
4835 wine_trace 00e8:trace:key:X11DRV_ToUnicodeEx Found keycode 65
4835 wine_trace 00e8:trace:key:X11DRV_ToUnicodeEx type 2, window 0, state 0x0000, keycode 65
4835 wine_trace 00e8:trace:key:X11DRV_ToUnicodeEx nbyte = 1, status 0x0
4835 wine_trace 00e8:trace:key:X11DRV_ToUnicodeEx KeyPress : keysym=20 (space), # of chars=1 / " "
4835 wine_trace 00e8:trace:key:X11DRV_ToUnicodeEx Translating char 0x20 to unicode
4835 wine_trace 00e8:trace:key:X11DRV_ToUnicodeEx returning 1 with L" "
4876 wine_trace 00e8:trace:keyboard:GetKeyboardType (0)
4877 wine_trace 00e8:trace:keyboard:GetKeyboardType (1)
28169 window_map id=16777236,parent=3,name=,class=,mapped=true,viewable=true,enabled=true,renderable=false,surface=false,application=false,keyPress=false,keyRelease=false,focusChange=false,focus_before={id=25165831,parent=3,name=nogui - Wine Desktop,class=explorer.exe,mapped=true,viewable=false,enabled=false,renderable=true,surface=false,application=true,keyPress=true,keyRelease=true,focusChange=true}
28170 window_map_result id=16777236,focus_after={id=25165831,parent=3,name=nogui - Wine Desktop,class=explorer.exe,mapped=true,viewable=false,enabled=false,renderable=true,surface=false,application=true,keyPress=true,keyRelease=true,focusChange=true}
28304 window_map id=16777238,parent=29360131,name=,class=,mapped=true,viewable=true,enabled=true,renderable=true,surface=false,application=false,keyPress=false,keyRelease=false,focusChange=false,focus_before={id=25165831,parent=3,name=nogui - Wine Desktop,class=explorer.exe,mapped=true,viewable=false,enabled=false,renderable=true,surface=false,application=true,keyPress=true,keyRelease=true,focusChange=true}
28304 window_map_result id=16777238,focus_after={id=25165831,parent=3,name=nogui - Wine Desktop,class=explorer.exe,mapped=true,viewable=false,enabled=false,renderable=true,surface=false,application=true,keyPress=true,keyRelease=true,focusChange=true}
28322 window_map id=16777240,parent=25165831,name=,class=,mapped=true,viewable=true,enabled=true,renderable=false,surface=false,application=false,keyPress=false,keyRelease=false,focusChange=false,focus_before={id=25165831,parent=3,name=nogui - Wine Desktop,class=explorer.exe,mapped=true,viewable=false,enabled=false,renderable=true,surface=false,application=true,keyPress=true,keyRelease=true,focusChange=true}
28322 window_map_result id=16777240,focus_after={id=25165831,parent=3,name=nogui - Wine Desktop,class=explorer.exe,mapped=true,viewable=false,enabled=false,renderable=true,surface=false,application=true,keyPress=true,keyRelease=true,focusChange=true}
28343 window_map id=16777244,parent=29360135,name=,class=,mapped=true,viewable=true,enabled=true,renderable=true,surface=false,application=false,keyPress=false,keyRelease=false,focusChange=false,focus_before={id=25165831,parent=3,name=nogui - Wine Desktop,class=explorer.exe,mapped=true,viewable=false,enabled=false,renderable=true,surface=false,application=true,keyPress=true,keyRelease=true,focusChange=true}
28343 window_map_result id=16777244,focus_after={id=25165831,parent=3,name=nogui - Wine Desktop,class=explorer.exe,mapped=true,viewable=false,enabled=false,renderable=true,surface=false,application=true,keyPress=true,keyRelease=true,focusChange=true}
28358 window_map id=16777246,parent=29360133,name=,class=,mapped=true,viewable=true,enabled=true,renderable=true,surface=false,application=false,keyPress=false,keyRelease=false,focusChange=false,focus_before={id=25165831,parent=3,name=nogui - Wine Desktop,class=explorer.exe,mapped=true,viewable=false,enabled=false,renderable=true,surface=false,application=true,keyPress=true,keyRelease=true,focusChange=true}
28358 window_map_result id=16777246,focus_after={id=25165831,parent=3,name=nogui - Wine Desktop,class=explorer.exe,mapped=true,viewable=false,enabled=false,renderable=true,surface=false,application=true,keyPress=true,keyRelease=true,focusChange=true}
31017 pointer_focus point={id=25165831,parent=3,name=nogui - Wine Desktop,class=explorer.exe,mapped=true,viewable=false,enabled=false,renderable=true,surface=false,application=true,keyPress=true,keyRelease=true,focusChange=true},focus_before={id=25165831,parent=3,name=nogui - Wine Desktop,class=explorer.exe,mapped=true,viewable=false,enabled=false,renderable=true,surface=false,application=true,keyPress=true,keyRelease=true,focusChange=true}
31017 pointer_focus_result focus_after={id=25165831,parent=3,name=nogui - Wine Desktop,class=explorer.exe,mapped=true,viewable=false,enabled=false,renderable=true,surface=false,application=true,keyPress=true,keyRelease=true,focusChange=true}
39932 focus_notify previous={id=25165831,parent=3,name=nogui - Wine Desktop,class=explorer.exe,mapped=false,viewable=false,enabled=false,renderable=false,surface=false,application=false,keyPress=true,keyRelease=true,focusChange=true},focused={id=3,parent=0,name=,class=,mapped=true,viewable=true,enabled=true,renderable=true,surface=false,application=false,keyPress=false,keyRelease=false,focusChange=false},outDetail=ANCESTOR,inDetail=INFERIOR,outSelected=true,inSelected=false
