11 session_start
2516 window_map id=25165831,parent=3,name=nogui - Wine Desktop,class=explorer.exe,mapped=true,viewable=false,enabled=false,renderable=true,surface=false,application=true,keyPress=true,keyRelease=true,focus_before={null}
2516 window_map_result id=25165831,focus_after={id=25165831,parent=3,name=nogui - Wine Desktop,class=explorer.exe,mapped=true,viewable=false,enabled=false,renderable=true,surface=false,application=true,keyPress=true,keyRelease=true}
2864 winhandler_init_received port=7946
27676 window_map id=16777236,parent=3,name=,class=,mapped=true,viewable=true,enabled=true,renderable=false,surface=false,application=false,keyPress=false,keyRelease=false,focus_before={id=25165831,parent=3,name=nogui - Wine Desktop,class=explorer.exe,mapped=true,viewable=false,enabled=false,renderable=true,surface=false,application=true,keyPress=true,keyRelease=true}
27676 window_map_result id=16777236,focus_after={id=25165831,parent=3,name=nogui - Wine Desktop,class=explorer.exe,mapped=true,viewable=false,enabled=false,renderable=true,surface=false,application=true,keyPress=true,keyRelease=true}
27809 window_map id=16777238,parent=29360131,name=,class=,mapped=true,viewable=true,enabled=true,renderable=true,surface=false,application=false,keyPress=false,keyRelease=false,focus_before={id=25165831,parent=3,name=nogui - Wine Desktop,class=explorer.exe,mapped=true,viewable=false,enabled=false,renderable=true,surface=false,application=true,keyPress=true,keyRelease=true}
27809 window_map_result id=16777238,focus_after={id=25165831,parent=3,name=nogui - Wine Desktop,class=explorer.exe,mapped=true,viewable=false,enabled=false,renderable=true,surface=false,application=true,keyPress=true,keyRelease=true}
27825 window_map id=16777240,parent=25165831,name=,class=,mapped=true,viewable=true,enabled=true,renderable=false,surface=false,application=false,keyPress=false,keyRelease=false,focus_before={id=25165831,parent=3,name=nogui - Wine Desktop,class=explorer.exe,mapped=true,viewable=false,enabled=false,renderable=true,surface=false,application=true,keyPress=true,keyRelease=true}
27825 window_map_result id=16777240,focus_after={id=25165831,parent=3,name=nogui - Wine Desktop,class=explorer.exe,mapped=true,viewable=false,enabled=false,renderable=true,surface=false,application=true,keyPress=true,keyRelease=true}
27850 window_map id=16777244,parent=29360135,name=,class=,mapped=true,viewable=true,enabled=true,renderable=true,surface=false,application=false,keyPress=false,keyRelease=false,focus_before={id=25165831,parent=3,name=nogui - Wine Desktop,class=explorer.exe,mapped=true,viewable=false,enabled=false,renderable=true,surface=false,application=true,keyPress=true,keyRelease=true}
27850 window_map_result id=16777244,focus_after={id=25165831,parent=3,name=nogui - Wine Desktop,class=explorer.exe,mapped=true,viewable=false,enabled=false,renderable=true,surface=false,application=true,keyPress=true,keyRelease=true}
27857 window_map id=16777246,parent=29360133,name=,class=,mapped=true,viewable=true,enabled=true,renderable=true,surface=false,application=false,keyPress=false,keyRelease=false,focus_before={id=25165831,parent=3,name=nogui - Wine Desktop,class=explorer.exe,mapped=true,viewable=false,enabled=false,renderable=true,surface=false,application=true,keyPress=true,keyRelease=true}
27857 window_map_result id=16777246,focus_after={id=25165831,parent=3,name=nogui - Wine Desktop,class=explorer.exe,mapped=true,viewable=false,enabled=false,renderable=true,surface=false,application=true,keyPress=true,keyRelease=true}
35865 window_map id=29360133,parent=25165831,name=Stardew Valley,class=stardew valley.exe,mapped=true,viewable=true,enabled=true,renderable=true,surface=false,application=true,keyPress=true,keyRelease=true,focus_before={id=25165831,parent=3,name=nogui - Wine Desktop,class=explorer.exe,mapped=true,viewable=false,enabled=false,renderable=true,surface=false,application=true,keyPress=true,keyRelease=true}
35865 window_map_result id=29360133,focus_after={id=29360133,parent=25165831,name=Stardew Valley,class=stardew valley.exe,mapped=true,viewable=true,enabled=true,renderable=true,surface=false,application=true,keyPress=true,keyRelease=true}
97651 pointer_focus point={id=16777246,parent=29360133,name=,class=,mapped=true,viewable=true,enabled=true,renderable=true,surface=false,application=false,keyPress=false,keyRelease=false},focus_before={id=29360133,parent=25165831,name=Stardew Valley,class=stardew valley.exe,mapped=true,viewable=true,enabled=true,renderable=true,surface=false,application=true,keyPress=true,keyRelease=true}
97651 pointer_focus_result focus_after={id=29360133,parent=25165831,name=Stardew Valley,class=stardew valley.exe,mapped=true,viewable=true,enabled=true,renderable=true,surface=false,application=true,keyPress=true,keyRelease=true}
108352 pointer_focus point={id=16777246,parent=29360133,name=,class=,mapped=true,viewable=true,enabled=true,renderable=true,surface=false,application=false,keyPress=false,keyRelease=false},focus_before={id=29360133,parent=25165831,name=Stardew Valley,class=stardew valley.exe,mapped=true,viewable=true,enabled=true,renderable=true,surface=false,application=true,keyPress=true,keyRelease=true}
108352 pointer_focus_result focus_after={id=29360133,parent=25165831,name=Stardew Valley,class=stardew valley.exe,mapped=true,viewable=true,enabled=true,renderable=true,surface=false,application=true,keyPress=true,keyRelease=true}
149727 binding_press binding=KEY_W,keycode=25
149727 inject_press keycode=25,keysym=0
149728 key_press_received keycode=25,keysym=0,focus={id=29360133,parent=25165831,name=Stardew Valley,class=stardew valley.exe,mapped=true,viewable=true,enabled=true,renderable=true,surface=false,application=true,keyPress=true,keyRelease=true},point={id=16777246,parent=29360133,name=,class=,mapped=true,viewable=true,enabled=true,renderable=true,surface=false,application=false,keyPress=false,keyRelease=false}
149728 key_press_ancestor_target target={id=29360133,parent=25165831,name=Stardew Valley,class=stardew valley.exe,mapped=true,viewable=true,enabled=true,renderable=true,surface=false,application=true,keyPress=true,keyRelease=true}
149728 key_press_sent keycode=25,target={id=29360133,parent=25165831,name=Stardew Valley,class=stardew valley.exe,mapped=true,viewable=true,enabled=true,renderable=true,surface=false,application=true,keyPress=true,keyRelease=true}
149728 winhandler_keyboard_queued vkey=87,flags=0
149728 binding_release binding=KEY_D,keycode=40
149728 inject_release keycode=40
149728 keyboard_release_suppressed reason=not_pressed_or_sticky,keycode=40
149729 binding_release binding=KEY_S,keycode=39
149729 inject_release keycode=39
149729 keyboard_release_suppressed reason=not_pressed_or_sticky,keycode=39
149729 binding_release binding=KEY_A,keycode=38
149729 inject_release keycode=38
149729 keyboard_release_suppressed reason=not_pressed_or_sticky,keycode=38
149729 winhandler_keyboard_packet vkey=87,flags=0,sent=true
149763 binding_press binding=KEY_W,keycode=25
149763 inject_press keycode=25,keysym=0
149763 keyboard_press_suppressed reason=already_pressed,keycode=25
149763 binding_release binding=KEY_D,keycode=40
149763 inject_release keycode=40
149763 keyboard_release_suppressed reason=not_pressed_or_sticky,keycode=40
149763 binding_release binding=KEY_S,keycode=39
149763 inject_release keycode=39
149763 keyboard_release_suppressed reason=not_pressed_or_sticky,keycode=39
149763 binding_release binding=KEY_A,keycode=38
149763 inject_release keycode=38
149763 keyboard_release_suppressed reason=not_pressed_or_sticky,keycode=38
149779 binding_press binding=KEY_W,keycode=25
149779 inject_press keycode=25,keysym=0
149779 keyboard_press_suppressed reason=already_pressed,keycode=25
149779 binding_release binding=KEY_D,keycode=40
149779 inject_release keycode=40
149779 keyboard_release_suppressed reason=not_pressed_or_sticky,keycode=40
149779 binding_release binding=KEY_S,keycode=39
149779 inject_release keycode=39
149779 keyboard_release_suppressed reason=not_pressed_or_sticky,keycode=39
149779 binding_release binding=KEY_A,keycode=38
149779 inject_release keycode=38
149779 keyboard_release_suppressed reason=not_pressed_or_sticky,keycode=38
149812 binding_press binding=KEY_W,keycode=25
149812 inject_press keycode=25,keysym=0
149812 keyboard_press_suppressed reason=already_pressed,keycode=25
149812 binding_release binding=KEY_D,keycode=40
149812 inject_release keycode=40
149812 keyboard_release_suppressed reason=not_pressed_or_sticky,keycode=40
149812 binding_release binding=KEY_S,keycode=39
149812 inject_release keycode=39
149812 keyboard_release_suppressed reason=not_pressed_or_sticky,keycode=39
149812 binding_release binding=KEY_A,keycode=38
149813 inject_release keycode=38
149813 keyboard_release_suppressed reason=not_pressed_or_sticky,keycode=38
149829 binding_press binding=KEY_W,keycode=25
149829 inject_press keycode=25,keysym=0
149829 keyboard_press_suppressed reason=already_pressed,keycode=25
149829 binding_release binding=KEY_D,keycode=40
149829 inject_release keycode=40
149829 keyboard_release_suppressed reason=not_pressed_or_sticky,keycode=40
149829 binding_release binding=KEY_S,keycode=39
149829 inject_release keycode=39
149829 keyboard_release_suppressed reason=not_pressed_or_sticky,keycode=39
149829 binding_release binding=KEY_A,keycode=38
149829 inject_release keycode=38
149829 keyboard_release_suppressed reason=not_pressed_or_sticky,keycode=38
149862 binding_press binding=KEY_W,keycode=25
149862 inject_press keycode=25,keysym=0
149862 keyboard_press_suppressed reason=already_pressed,keycode=25
149862 binding_release binding=KEY_D,keycode=40
149862 inject_release keycode=40
149862 keyboard_release_suppressed reason=not_pressed_or_sticky,keycode=40
149862 binding_release binding=KEY_S,keycode=39
149862 inject_release keycode=39
149862 keyboard_release_suppressed reason=not_pressed_or_sticky,keycode=39
149862 binding_release binding=KEY_A,keycode=38
149862 inject_release keycode=38
149862 keyboard_release_suppressed reason=not_pressed_or_sticky,keycode=38
149880 binding_press binding=KEY_W,keycode=25
149880 inject_press keycode=25,keysym=0
149880 keyboard_press_suppressed reason=already_pressed,keycode=25
149881 binding_release binding=KEY_D,keycode=40
149881 inject_release keycode=40
149881 keyboard_release_suppressed reason=not_pressed_or_sticky,keycode=40
149881 binding_release binding=KEY_S,keycode=39
149881 inject_release keycode=39
149881 keyboard_release_suppressed reason=not_pressed_or_sticky,keycode=39
149882 binding_release binding=KEY_A,keycode=38
149882 inject_release keycode=38
149882 keyboard_release_suppressed reason=not_pressed_or_sticky,keycode=38
149895 binding_press binding=KEY_W,keycode=25
149896 inject_press keycode=25,keysym=0
149896 keyboard_press_suppressed reason=already_pressed,keycode=25
149896 binding_release binding=KEY_D,keycode=40
149896 inject_release keycode=40
149896 keyboard_release_suppressed reason=not_pressed_or_sticky,keycode=40
149896 binding_release binding=KEY_S,keycode=39
149896 inject_release keycode=39
149896 keyboard_release_suppressed reason=not_pressed_or_sticky,keycode=39
149896 binding_release binding=KEY_A,keycode=38
149896 inject_release keycode=38
149896 keyboard_release_suppressed reason=not_pressed_or_sticky,keycode=38
149912 binding_press binding=KEY_W,keycode=25
149912 inject_press keycode=25,keysym=0
149912 keyboard_press_suppressed reason=already_pressed,keycode=25
149912 binding_release binding=KEY_D,keycode=40
149912 inject_release keycode=40
149912 keyboard_release_suppressed reason=not_pressed_or_sticky,keycode=40
149912 binding_release binding=KEY_S,keycode=39
149913 inject_release keycode=39
149913 keyboard_release_suppressed reason=not_pressed_or_sticky,keycode=39
149913 binding_release binding=KEY_A,keycode=38
149913 inject_release keycode=38
149913 keyboard_release_suppressed reason=not_pressed_or_sticky,keycode=38
149928 binding_press binding=KEY_W,keycode=25
149929 inject_press keycode=25,keysym=0
149929 keyboard_press_suppressed reason=already_pressed,keycode=25
149929 binding_release binding=KEY_D,keycode=40
149929 inject_release keycode=40
149929 keyboard_release_suppressed reason=not_pressed_or_sticky,keycode=40
149929 binding_release binding=KEY_S,keycode=39
149929 inject_release keycode=39
149929 keyboard_release_suppressed reason=not_pressed_or_sticky,keycode=39
149930 binding_release binding=KEY_A,keycode=38
149930 inject_release keycode=38
149930 keyboard_release_suppressed reason=not_pressed_or_sticky,keycode=38
149945 binding_press binding=KEY_W,keycode=25
149945 inject_press keycode=25,keysym=0
149945 keyboard_press_suppressed reason=already_pressed,keycode=25
149945 binding_release binding=KEY_D,keycode=40
149945 inject_release keycode=40
149946 keyboard_release_suppressed reason=not_pressed_or_sticky,keycode=40
149946 binding_release binding=KEY_S,keycode=39
149946 inject_release keycode=39
149946 keyboard_release_suppressed reason=not_pressed_or_sticky,keycode=39
149946 binding_release binding=KEY_A,keycode=38
149946 inject_release keycode=38
149946 keyboard_release_suppressed reason=not_pressed_or_sticky,keycode=38
149962 binding_press binding=KEY_W,keycode=25
149962 inject_press keycode=25,keysym=0
149962 keyboard_press_suppressed reason=already_pressed,keycode=25
149962 binding_release binding=KEY_D,keycode=40
149962 inject_release keycode=40
149962 keyboard_release_suppressed reason=not_pressed_or_sticky,keycode=40
149962 binding_release binding=KEY_S,keycode=39
149962 inject_release keycode=39
149963 keyboard_release_suppressed reason=not_pressed_or_sticky,keycode=39
149963 binding_release binding=KEY_A,keycode=38
149963 inject_release keycode=38
149963 keyboard_release_suppressed reason=not_pressed_or_sticky,keycode=38
149980 binding_press binding=KEY_W,keycode=25
149980 inject_press keycode=25,keysym=0
149980 keyboard_press_suppressed reason=already_pressed,keycode=25
149980 binding_release binding=KEY_D,keycode=40
149980 inject_release keycode=40
149980 keyboard_release_suppressed reason=not_pressed_or_sticky,keycode=40
149980 binding_release binding=KEY_S,keycode=39
149980 inject_release keycode=39
149980 keyboard_release_suppressed reason=not_pressed_or_sticky,keycode=39
149980 binding_release binding=KEY_A,keycode=38
149980 inject_release keycode=38
149980 keyboard_release_suppressed reason=not_pressed_or_sticky,keycode=38
149995 binding_press binding=KEY_W,keycode=25
149995 inject_press keycode=25,keysym=0
149995 keyboard_press_suppressed reason=already_pressed,keycode=25
149995 binding_release binding=KEY_D,keycode=40
149995 inject_release keycode=40
149995 keyboard_release_suppressed reason=not_pressed_or_sticky,keycode=40
149995 binding_release binding=KEY_S,keycode=39
149995 inject_release keycode=39
149995 keyboard_release_suppressed reason=not_pressed_or_sticky,keycode=39
149995 binding_release binding=KEY_A,keycode=38
149995 inject_release keycode=38
149995 keyboard_release_suppressed reason=not_pressed_or_sticky,keycode=38
150011 binding_press binding=KEY_W,keycode=25
150011 inject_press keycode=25,keysym=0
150011 keyboard_press_suppressed reason=already_pressed,keycode=25
150011 binding_release binding=KEY_D,keycode=40
150012 inject_release keycode=40
150012 keyboard_release_suppressed reason=not_pressed_or_sticky,keycode=40
150012 binding_release binding=KEY_S,keycode=39
150012 inject_release keycode=39
150012 keyboard_release_suppressed reason=not_pressed_or_sticky,keycode=39
150012 binding_release binding=KEY_A,keycode=38
150012 inject_release keycode=38
150012 keyboard_release_suppressed reason=not_pressed_or_sticky,keycode=38
150028 binding_press binding=KEY_W,keycode=25
150028 inject_press keycode=25,keysym=0
150028 keyboard_press_suppressed reason=already_pressed,keycode=25
150028 binding_release binding=KEY_D,keycode=40
150028 inject_release keycode=40
150028 keyboard_release_suppressed reason=not_pressed_or_sticky,keycode=40
150028 binding_release binding=KEY_S,keycode=39
150028 inject_release keycode=39
150029 keyboard_release_suppressed reason=not_pressed_or_sticky,keycode=39
150029 binding_release binding=KEY_A,keycode=38
150029 inject_release keycode=38
150029 keyboard_release_suppressed reason=not_pressed_or_sticky,keycode=38
150045 binding_press binding=KEY_W,keycode=25
150045 inject_press keycode=25,keysym=0
150045 keyboard_press_suppressed reason=already_pressed,keycode=25
150045 binding_release binding=KEY_D,keycode=40
150045 inject_release keycode=40
150045 keyboard_release_suppressed reason=not_pressed_or_sticky,keycode=40
150045 binding_release binding=KEY_S,keycode=39
150045 inject_release keycode=39
150045 keyboard_release_suppressed reason=not_pressed_or_sticky,keycode=39
150045 binding_release binding=KEY_A,keycode=38
150045 inject_release keycode=38
150045 keyboard_release_suppressed reason=not_pressed_or_sticky,keycode=38
150061 binding_press binding=KEY_W,keycode=25
150061 inject_press keycode=25,keysym=0
150061 keyboard_press_suppressed reason=already_pressed,keycode=25
150061 binding_release binding=KEY_D,keycode=40
150061 inject_release keycode=40
150061 keyboard_release_suppressed reason=not_pressed_or_sticky,keycode=40
150061 binding_release binding=KEY_S,keycode=39
150061 inject_release keycode=39
150061 keyboard_release_suppressed reason=not_pressed_or_sticky,keycode=39
150061 binding_release binding=KEY_A,keycode=38
150061 inject_release keycode=38
150061 keyboard_release_suppressed reason=not_pressed_or_sticky,keycode=38
150094 binding_press binding=KEY_W,keycode=25
150095 inject_press keycode=25,keysym=0
150095 keyboard_press_suppressed reason=already_pressed,keycode=25
150095 binding_release binding=KEY_D,keycode=40
150095 inject_release keycode=40
150095 keyboard_release_suppressed reason=not_pressed_or_sticky,keycode=40
150095 binding_release binding=KEY_S,keycode=39
150095 inject_release keycode=39
150095 keyboard_release_suppressed reason=not_pressed_or_sticky,keycode=39
150095 binding_release binding=KEY_A,keycode=38
150095 inject_release keycode=38
150095 keyboard_release_suppressed reason=not_pressed_or_sticky,keycode=38
150111 binding_press binding=KEY_W,keycode=25
150111 inject_press keycode=25,keysym=0
150111 keyboard_press_suppressed reason=already_pressed,keycode=25
150111 binding_release binding=KEY_D,keycode=40
150111 inject_release keycode=40
150111 keyboard_release_suppressed reason=not_pressed_or_sticky,keycode=40
150111 binding_release binding=KEY_S,keycode=39
150111 inject_release keycode=39
150111 keyboard_release_suppressed reason=not_pressed_or_sticky,keycode=39
150111 binding_release binding=KEY_A,keycode=38
150111 inject_release keycode=38
150112 keyboard_release_suppressed reason=not_pressed_or_sticky,keycode=38
150161 binding_press binding=KEY_W,keycode=25
150161 inject_press keycode=25,keysym=0
150161 keyboard_press_suppressed reason=already_pressed,keycode=25
150161 binding_release binding=KEY_D,keycode=40
150161 inject_release keycode=40
150161 keyboard_release_suppressed reason=not_pressed_or_sticky,keycode=40
150162 binding_release binding=KEY_S,keycode=39
150162 inject_release keycode=39
150162 keyboard_release_suppressed reason=not_pressed_or_sticky,keycode=39
150162 binding_release binding=KEY_A,keycode=38
150162 inject_release keycode=38
150162 keyboard_release_suppressed reason=not_pressed_or_sticky,keycode=38
150194 binding_press binding=KEY_W,keycode=25
150194 inject_press keycode=25,keysym=0
150194 keyboard_press_suppressed reason=already_pressed,keycode=25
150194 binding_release binding=KEY_D,keycode=40
150195 inject_release keycode=40
150195 keyboard_release_suppressed reason=not_pressed_or_sticky,keycode=40
150195 binding_release binding=KEY_S,keycode=39
150195 inject_release keycode=39
150195 keyboard_release_suppressed reason=not_pressed_or_sticky,keycode=39
150195 binding_release binding=KEY_A,keycode=38
150195 inject_release keycode=38
150195 keyboard_release_suppressed reason=not_pressed_or_sticky,keycode=38
150211 binding_press binding=KEY_W,keycode=25
150211 inject_press keycode=25,keysym=0
150211 keyboard_press_suppressed reason=already_pressed,keycode=25
150211 binding_release binding=KEY_D,keycode=40
150211 inject_release keycode=40
150211 keyboard_release_suppressed reason=not_pressed_or_sticky,keycode=40
150211 binding_release binding=KEY_S,keycode=39
150211 inject_release keycode=39
150211 keyboard_release_suppressed reason=not_pressed_or_sticky,keycode=39
150211 binding_release binding=KEY_A,keycode=38
150211 inject_release keycode=38
150211 keyboard_release_suppressed reason=not_pressed_or_sticky,keycode=38
150227 binding_press binding=KEY_W,keycode=25
150227 inject_press keycode=25,keysym=0
150227 keyboard_press_suppressed reason=already_pressed,keycode=25
150227 binding_release binding=KEY_D,keycode=40
150227 inject_release keycode=40
150227 keyboard_release_suppressed reason=not_pressed_or_sticky,keycode=40
150227 binding_release binding=KEY_S,keycode=39
150228 inject_release keycode=39
150228 keyboard_release_suppressed reason=not_pressed_or_sticky,keycode=39
150228 binding_release binding=KEY_A,keycode=38
150228 inject_release keycode=38
150228 keyboard_release_suppressed reason=not_pressed_or_sticky,keycode=38
150261 binding_press binding=KEY_W,keycode=25
150261 inject_press keycode=25,keysym=0
150261 keyboard_press_suppressed reason=already_pressed,keycode=25
150261 binding_release binding=KEY_D,keycode=40
150261 inject_release keycode=40
150261 keyboard_release_suppressed reason=not_pressed_or_sticky,keycode=40
150261 binding_release binding=KEY_S,keycode=39
150261 inject_release keycode=39
150261 keyboard_release_suppressed reason=not_pressed_or_sticky,keycode=39
150261 binding_release binding=KEY_A,keycode=38
150261 inject_release keycode=38
150261 keyboard_release_suppressed reason=not_pressed_or_sticky,keycode=38
150278 binding_press binding=KEY_W,keycode=25
150278 inject_press keycode=25,keysym=0
150278 keyboard_press_suppressed reason=already_pressed,keycode=25
150278 binding_release binding=KEY_D,keycode=40
150278 inject_release keycode=40
150278 keyboard_release_suppressed reason=not_pressed_or_sticky,keycode=40
150278 binding_release binding=KEY_S,keycode=39
150278 inject_release keycode=39
150278 keyboard_release_suppressed reason=not_pressed_or_sticky,keycode=39
150278 binding_release binding=KEY_A,keycode=38
150278 inject_release keycode=38
150278 keyboard_release_suppressed reason=not_pressed_or_sticky,keycode=38
150311 binding_press binding=KEY_W,keycode=25
150311 inject_press keycode=25,keysym=0
150311 keyboard_press_suppressed reason=already_pressed,keycode=25
150311 binding_release binding=KEY_D,keycode=40
150311 inject_release keycode=40
150311 keyboard_release_suppressed reason=not_pressed_or_sticky,keycode=40
150311 binding_release binding=KEY_S,keycode=39
150311 inject_release keycode=39
150311 keyboard_release_suppressed reason=not_pressed_or_sticky,keycode=39
150311 binding_release binding=KEY_A,keycode=38
150311 inject_release keycode=38
150312 keyboard_release_suppressed reason=not_pressed_or_sticky,keycode=38
150327 binding_press binding=KEY_W,keycode=25
150327 inject_press keycode=25,keysym=0
150327 keyboard_press_suppressed reason=already_pressed,keycode=25
150327 binding_release binding=KEY_D,keycode=40
150327 inject_release keycode=40
150327 keyboard_release_suppressed reason=not_pressed_or_sticky,keycode=40
150327 binding_release binding=KEY_S,keycode=39
150328 inject_release keycode=39
150328 keyboard_release_suppressed reason=not_pressed_or_sticky,keycode=39
150328 binding_release binding=KEY_A,keycode=38
150328 inject_release keycode=38
150328 keyboard_release_suppressed reason=not_pressed_or_sticky,keycode=38
150343 binding_press binding=KEY_W,keycode=25
150344 inject_press keycode=25,keysym=0
150344 keyboard_press_suppressed reason=already_pressed,keycode=25
150344 binding_release binding=KEY_D,keycode=40
150344 inject_release keycode=40
150344 keyboard_release_suppressed reason=not_pressed_or_sticky,keycode=40
150344 binding_release binding=KEY_S,keycode=39
150344 inject_release keycode=39
150344 keyboard_release_suppressed reason=not_pressed_or_sticky,keycode=39
150344 binding_release binding=KEY_A,keycode=38
150344 inject_release keycode=38
150345 keyboard_release_suppressed reason=not_pressed_or_sticky,keycode=38
150360 binding_press binding=KEY_W,keycode=25
150360 inject_press keycode=25,keysym=0
150360 keyboard_press_suppressed reason=already_pressed,keycode=25
150361 binding_release binding=KEY_D,keycode=40
150361 inject_release keycode=40
150361 keyboard_release_suppressed reason=not_pressed_or_sticky,keycode=40
150361 binding_release binding=KEY_S,keycode=39
150361 inject_release keycode=39
150361 keyboard_release_suppressed reason=not_pressed_or_sticky,keycode=39
150361 binding_release binding=KEY_A,keycode=38
150361 inject_release keycode=38
150361 keyboard_release_suppressed reason=not_pressed_or_sticky,keycode=38
150394 binding_press binding=KEY_W,keycode=25
150394 inject_press keycode=25,keysym=0
150394 keyboard_press_suppressed reason=already_pressed,keycode=25
150394 binding_release binding=KEY_D,keycode=40
150394 inject_release keycode=40
150394 keyboard_release_suppressed reason=not_pressed_or_sticky,keycode=40
150394 binding_release binding=KEY_S,keycode=39
150394 inject_release keycode=39
150394 keyboard_release_suppressed reason=not_pressed_or_sticky,keycode=39
150394 binding_release binding=KEY_A,keycode=38
150394 inject_release keycode=38
150394 keyboard_release_suppressed reason=not_pressed_or_sticky,keycode=38
150410 binding_press binding=KEY_W,keycode=25
150410 inject_press keycode=25,keysym=0
150410 keyboard_press_suppressed reason=already_pressed,keycode=25
150410 binding_release binding=KEY_D,keycode=40
150410 inject_release keycode=40
150410 keyboard_release_suppressed reason=not_pressed_or_sticky,keycode=40
150410 binding_release binding=KEY_S,keycode=39
150410 inject_release keycode=39
150410 keyboard_release_suppressed reason=not_pressed_or_sticky,keycode=39
150410 binding_release binding=KEY_A,keycode=38
150410 inject_release keycode=38
150410 keyboard_release_suppressed reason=not_pressed_or_sticky,keycode=38
150427 binding_press binding=KEY_W,keycode=25
150427 inject_press keycode=25,keysym=0
150427 keyboard_press_suppressed reason=already_pressed,keycode=25
150427 binding_release binding=KEY_D,keycode=40
150427 inject_release keycode=40
150427 keyboard_release_suppressed reason=not_pressed_or_sticky,keycode=40
150427 binding_release binding=KEY_S,keycode=39
150427 inject_release keycode=39
150427 keyboard_release_suppressed reason=not_pressed_or_sticky,keycode=39
150427 binding_release binding=KEY_A,keycode=38
150427 inject_release keycode=38
150427 keyboard_release_suppressed reason=not_pressed_or_sticky,keycode=38
150493 binding_press binding=KEY_W,keycode=25
150493 inject_press keycode=25,keysym=0
150494 keyboard_press_suppressed reason=already_pressed,keycode=25
150494 binding_release binding=KEY_D,keycode=40
150494 inject_release keycode=40
150494 keyboard_release_suppressed reason=not_pressed_or_sticky,keycode=40
150494 binding_release binding=KEY_S,keycode=39
150494 inject_release keycode=39
150494 keyboard_release_suppressed reason=not_pressed_or_sticky,keycode=39
150494 binding_release binding=KEY_A,keycode=38
150494 inject_release keycode=38
150494 keyboard_release_suppressed reason=not_pressed_or_sticky,keycode=38
150510 binding_press binding=KEY_W,keycode=25
150510 inject_press keycode=25,keysym=0
150510 keyboard_press_suppressed reason=already_pressed,keycode=25
150510 binding_release binding=KEY_D,keycode=40
150510 inject_release keycode=40
150510 keyboard_release_suppressed reason=not_pressed_or_sticky,keycode=40
150510 binding_release binding=KEY_S,keycode=39
150510 inject_release keycode=39
150510 keyboard_release_suppressed reason=not_pressed_or_sticky,keycode=39
150510 binding_release binding=KEY_A,keycode=38
150510 inject_release keycode=38
150511 keyboard_release_suppressed reason=not_pressed_or_sticky,keycode=38
150543 binding_press binding=KEY_W,keycode=25
150543 inject_press keycode=25,keysym=0
150543 keyboard_press_suppressed reason=already_pressed,keycode=25
150543 binding_release binding=KEY_D,keycode=40
150543 inject_release keycode=40
150543 keyboard_release_suppressed reason=not_pressed_or_sticky,keycode=40
150543 binding_release binding=KEY_S,keycode=39
150543 inject_release keycode=39
150543 keyboard_release_suppressed reason=not_pressed_or_sticky,keycode=39
150543 binding_release binding=KEY_A,keycode=38
150543 inject_release keycode=38
150543 keyboard_release_suppressed reason=not_pressed_or_sticky,keycode=38
150576 binding_press binding=KEY_W,keycode=25
150576 inject_press keycode=25,keysym=0
150576 keyboard_press_suppressed reason=already_pressed,keycode=25
150577 binding_release binding=KEY_D,keycode=40
150577 inject_release keycode=40
150577 keyboard_release_suppressed reason=not_pressed_or_sticky,keycode=40
150577 binding_release binding=KEY_S,keycode=39
150577 inject_release keycode=39
150577 keyboard_release_suppressed reason=not_pressed_or_sticky,keycode=39
150577 binding_release binding=KEY_A,keycode=38
150577 inject_release keycode=38
150577 keyboard_release_suppressed reason=not_pressed_or_sticky,keycode=38
150593 binding_press binding=KEY_W,keycode=25
150593 inject_press keycode=25,keysym=0
150593 keyboard_press_suppressed reason=already_pressed,keycode=25
150593 binding_release binding=KEY_D,keycode=40
150593 inject_release keycode=40
150593 keyboard_release_suppressed reason=not_pressed_or_sticky,keycode=40
150593 binding_release binding=KEY_S,keycode=39
150593 inject_release keycode=39
150593 keyboard_release_suppressed reason=not_pressed_or_sticky,keycode=39
150593 binding_release binding=KEY_A,keycode=38
150594 inject_release keycode=38
150594 keyboard_release_suppressed reason=not_pressed_or_sticky,keycode=38
150609 binding_press binding=KEY_W,keycode=25
150609 inject_press keycode=25,keysym=0
150609 keyboard_press_suppressed reason=already_pressed,keycode=25
150609 binding_release binding=KEY_D,keycode=40
150609 inject_release keycode=40
150609 keyboard_release_suppressed reason=not_pressed_or_sticky,keycode=40
150610 binding_release binding=KEY_S,keycode=39
150610 inject_release keycode=39
150610 keyboard_release_suppressed reason=not_pressed_or_sticky,keycode=39
150610 binding_release binding=KEY_A,keycode=38
150610 inject_release keycode=38
150610 keyboard_release_suppressed reason=not_pressed_or_sticky,keycode=38
150709 binding_press binding=KEY_W,keycode=25
150710 inject_press keycode=25,keysym=0
150710 keyboard_press_suppressed reason=already_pressed,keycode=25
150710 binding_release binding=KEY_D,keycode=40
150710 inject_release keycode=40
150710 keyboard_release_suppressed reason=not_pressed_or_sticky,keycode=40
150710 binding_release binding=KEY_S,keycode=39
150710 inject_release keycode=39
150710 keyboard_release_suppressed reason=not_pressed_or_sticky,keycode=39
150710 binding_release binding=KEY_A,keycode=38
150710 inject_release keycode=38
150710 keyboard_release_suppressed reason=not_pressed_or_sticky,keycode=38
150726 binding_press binding=KEY_W,keycode=25
150726 inject_press keycode=25,keysym=0
150726 keyboard_press_suppressed reason=already_pressed,keycode=25
150726 binding_release binding=KEY_D,keycode=40
150726 inject_release keycode=40
150726 keyboard_release_suppressed reason=not_pressed_or_sticky,keycode=40
150726 binding_release binding=KEY_S,keycode=39
150726 inject_release keycode=39
150726 keyboard_release_suppressed reason=not_pressed_or_sticky,keycode=39
150726 binding_release binding=KEY_A,keycode=38
150726 inject_release keycode=38
150726 keyboard_release_suppressed reason=not_pressed_or_sticky,keycode=38
150809 binding_press binding=KEY_W,keycode=25
150809 inject_press keycode=25,keysym=0
150809 keyboard_press_suppressed reason=already_pressed,keycode=25
150809 binding_release binding=KEY_D,keycode=40
150809 inject_release keycode=40
150810 keyboard_release_suppressed reason=not_pressed_or_sticky,keycode=40
150810 binding_release binding=KEY_S,keycode=39
150810 inject_release keycode=39
150810 keyboard_release_suppressed reason=not_pressed_or_sticky,keycode=39
150810 binding_release binding=KEY_A,keycode=38
150810 inject_release keycode=38
150810 keyboard_release_suppressed reason=not_pressed_or_sticky,keycode=38
150825 binding_press binding=KEY_W,keycode=25
150825 inject_press keycode=25,keysym=0
150825 keyboard_press_suppressed reason=already_pressed,keycode=25
150825 binding_release binding=KEY_D,keycode=40
150826 inject_release keycode=40
150826 keyboard_release_suppressed reason=not_pressed_or_sticky,keycode=40
150826 binding_release binding=KEY_S,keycode=39
150826 inject_release keycode=39
150826 keyboard_release_suppressed reason=not_pressed_or_sticky,keycode=39
150826 binding_release binding=KEY_A,keycode=38
150826 inject_release keycode=38
150826 keyboard_release_suppressed reason=not_pressed_or_sticky,keycode=38
150841 binding_press binding=KEY_W,keycode=25
150842 inject_press keycode=25,keysym=0
150842 keyboard_press_suppressed reason=already_pressed,keycode=25
150842 binding_release binding=KEY_D,keycode=40
150842 inject_release keycode=40
150842 keyboard_release_suppressed reason=not_pressed_or_sticky,keycode=40
150842 binding_release binding=KEY_S,keycode=39
150842 inject_release keycode=39
150842 keyboard_release_suppressed reason=not_pressed_or_sticky,keycode=39
150842 binding_release binding=KEY_A,keycode=38
150842 inject_release keycode=38
150842 keyboard_release_suppressed reason=not_pressed_or_sticky,keycode=38
150858 binding_press binding=KEY_W,keycode=25
150858 inject_press keycode=25,keysym=0
150858 keyboard_press_suppressed reason=already_pressed,keycode=25
150858 binding_release binding=KEY_D,keycode=40
150858 inject_release keycode=40
150858 keyboard_release_suppressed reason=not_pressed_or_sticky,keycode=40
150858 binding_release binding=KEY_S,keycode=39
150858 inject_release keycode=39
150858 keyboard_release_suppressed reason=not_pressed_or_sticky,keycode=39
150858 binding_release binding=KEY_A,keycode=38
150858 inject_release keycode=38
150858 keyboard_release_suppressed reason=not_pressed_or_sticky,keycode=38
150875 binding_press binding=KEY_W,keycode=25
150875 inject_press keycode=25,keysym=0
150875 keyboard_press_suppressed reason=already_pressed,keycode=25
150875 binding_release binding=KEY_D,keycode=40
150875 inject_release keycode=40
150875 keyboard_release_suppressed reason=not_pressed_or_sticky,keycode=40
150875 binding_release binding=KEY_S,keycode=39
150875 inject_release keycode=39
150875 keyboard_release_suppressed reason=not_pressed_or_sticky,keycode=39
150875 binding_release binding=KEY_A,keycode=38
150875 inject_release keycode=38
150875 keyboard_release_suppressed reason=not_pressed_or_sticky,keycode=38
150975 binding_press binding=KEY_W,keycode=25
150975 inject_press keycode=25,keysym=0
150975 keyboard_press_suppressed reason=already_pressed,keycode=25
150975 binding_release binding=KEY_D,keycode=40
150975 inject_release keycode=40
150975 keyboard_release_suppressed reason=not_pressed_or_sticky,keycode=40
150975 binding_release binding=KEY_S,keycode=39
150975 inject_release keycode=39
150976 keyboard_release_suppressed reason=not_pressed_or_sticky,keycode=39
150976 binding_release binding=KEY_A,keycode=38
150976 inject_release keycode=38
150976 keyboard_release_suppressed reason=not_pressed_or_sticky,keycode=38
151053 binding_press binding=KEY_W,keycode=25
151053 inject_press keycode=25,keysym=0
151053 keyboard_press_suppressed reason=already_pressed,keycode=25
151054 binding_release binding=KEY_D,keycode=40
151054 inject_release keycode=40
151054 keyboard_release_suppressed reason=not_pressed_or_sticky,keycode=40
151054 binding_release binding=KEY_S,keycode=39
151054 inject_release keycode=39
151054 keyboard_release_suppressed reason=not_pressed_or_sticky,keycode=39
151054 binding_release binding=KEY_A,keycode=38
151054 inject_release keycode=38
151054 keyboard_release_suppressed reason=not_pressed_or_sticky,keycode=38
151055 binding_release binding=KEY_W,keycode=25
151055 inject_release keycode=25
151055 key_release_received keycode=25,focus={id=29360133,parent=25165831,name=Stardew Valley,class=stardew valley.exe,mapped=true,viewable=true,enabled=true,renderable=true,surface=false,application=true,keyPress=true,keyRelease=true},point={id=16777246,parent=29360133,name=,class=,mapped=true,viewable=true,enabled=true,renderable=true,surface=false,application=false,keyPress=false,keyRelease=false}
151056 key_release_ancestor_target target={id=29360133,parent=25165831,name=Stardew Valley,class=stardew valley.exe,mapped=true,viewable=true,enabled=true,renderable=true,surface=false,application=true,keyPress=true,keyRelease=true}
151056 key_release_sent keycode=25,target={id=29360133,parent=25165831,name=Stardew Valley,class=stardew valley.exe,mapped=true,viewable=true,enabled=true,renderable=true,surface=false,application=true,keyPress=true,keyRelease=true}
151056 winhandler_keyboard_queued vkey=87,flags=2
151056 winhandler_keyboard_packet vkey=87,flags=2,sent=true
152070 binding_press binding=KEY_W,keycode=25
152070 inject_press keycode=25,keysym=0
152071 key_press_received keycode=25,keysym=0,focus={id=29360133,parent=25165831,name=Stardew Valley,class=stardew valley.exe,mapped=true,viewable=true,enabled=true,renderable=true,surface=false,application=true,keyPress=true,keyRelease=true},point={id=16777246,parent=29360133,name=,class=,mapped=true,viewable=true,enabled=true,renderable=true,surface=false,application=false,keyPress=false,keyRelease=false}
152071 key_press_ancestor_target target={id=29360133,parent=25165831,name=Stardew Valley,class=stardew valley.exe,mapped=true,viewable=true,enabled=true,renderable=true,surface=false,application=true,keyPress=true,keyRelease=true}
152071 key_press_sent keycode=25,target={id=29360133,parent=25165831,name=Stardew Valley,class=stardew valley.exe,mapped=true,viewable=true,enabled=true,renderable=true,surface=false,application=true,keyPress=true,keyRelease=true}
152071 winhandler_keyboard_queued vkey=87,flags=0
152071 binding_release binding=KEY_D,keycode=40
152071 inject_release keycode=40
152071 keyboard_release_suppressed reason=not_pressed_or_sticky,keycode=40
152071 binding_release binding=KEY_S,keycode=39
152071 inject_release keycode=39
152071 keyboard_release_suppressed reason=not_pressed_or_sticky,keycode=39
152071 binding_release binding=KEY_A,keycode=38
152072 inject_release keycode=38
152072 keyboard_release_suppressed reason=not_pressed_or_sticky,keycode=38
152072 winhandler_keyboard_packet vkey=87,flags=0,sent=true
152088 binding_press binding=KEY_W,keycode=25
152088 inject_press keycode=25,keysym=0
152088 keyboard_press_suppressed reason=already_pressed,keycode=25
152088 binding_release binding=KEY_D,keycode=40
152088 inject_release keycode=40
152088 keyboard_release_suppressed reason=not_pressed_or_sticky,keycode=40
152088 binding_release binding=KEY_S,keycode=39
152088 inject_release keycode=39
152088 keyboard_release_suppressed reason=not_pressed_or_sticky,keycode=39
152088 binding_release binding=KEY_A,keycode=38
152089 inject_release keycode=38
152089 keyboard_release_suppressed reason=not_pressed_or_sticky,keycode=38
152139 binding_press binding=KEY_W,keycode=25
152139 inject_press keycode=25,keysym=0
152139 keyboard_press_suppressed reason=already_pressed,keycode=25
152139 binding_release binding=KEY_D,keycode=40
152139 inject_release keycode=40
152139 keyboard_release_suppressed reason=not_pressed_or_sticky,keycode=40
152139 binding_release binding=KEY_S,keycode=39
152140 inject_release keycode=39
152140 keyboard_release_suppressed reason=not_pressed_or_sticky,keycode=39
152140 binding_release binding=KEY_A,keycode=38
152140 inject_release keycode=38
152140 keyboard_release_suppressed reason=not_pressed_or_sticky,keycode=38
152154 binding_press binding=KEY_W,keycode=25
152154 inject_press keycode=25,keysym=0
152154 keyboard_press_suppressed reason=already_pressed,keycode=25
152154 binding_release binding=KEY_D,keycode=40
152154 inject_release keycode=40
152154 keyboard_release_suppressed reason=not_pressed_or_sticky,keycode=40
152154 binding_release binding=KEY_S,keycode=39
152154 inject_release keycode=39
152154 keyboard_release_suppressed reason=not_pressed_or_sticky,keycode=39
152154 binding_release binding=KEY_A,keycode=38
152154 inject_release keycode=38
152154 keyboard_release_suppressed reason=not_pressed_or_sticky,keycode=38
152171 binding_press binding=KEY_W,keycode=25
152171 inject_press keycode=25,keysym=0
152171 keyboard_press_suppressed reason=already_pressed,keycode=25
152171 binding_release binding=KEY_D,keycode=40
152171 inject_release keycode=40
152171 keyboard_release_suppressed reason=not_pressed_or_sticky,keycode=40
152171 binding_release binding=KEY_S,keycode=39
152171 inject_release keycode=39
152171 keyboard_release_suppressed reason=not_pressed_or_sticky,keycode=39
152171 binding_release binding=KEY_A,keycode=38
152171 inject_release keycode=38
152171 keyboard_release_suppressed reason=not_pressed_or_sticky,keycode=38
152187 binding_press binding=KEY_W,keycode=25
152187 inject_press keycode=25,keysym=0
152187 keyboard_press_suppressed reason=already_pressed,keycode=25
152187 binding_release binding=KEY_D,keycode=40
152187 inject_release keycode=40
152187 keyboard_release_suppressed reason=not_pressed_or_sticky,keycode=40
152187 binding_release binding=KEY_S,keycode=39
152187 inject_release keycode=39
152188 keyboard_release_suppressed reason=not_pressed_or_sticky,keycode=39
152188 binding_release binding=KEY_A,keycode=38
152188 inject_release keycode=38
152188 keyboard_release_suppressed reason=not_pressed_or_sticky,keycode=38
152220 binding_press binding=KEY_W,keycode=25
152220 inject_press keycode=25,keysym=0
152220 keyboard_press_suppressed reason=already_pressed,keycode=25
152220 binding_release binding=KEY_D,keycode=40
152220 inject_release keycode=40
152220 keyboard_release_suppressed reason=not_pressed_or_sticky,keycode=40
152220 binding_release binding=KEY_S,keycode=39
152220 inject_release keycode=39
152220 keyboard_release_suppressed reason=not_pressed_or_sticky,keycode=39
152220 binding_release binding=KEY_A,keycode=38
152220 inject_release keycode=38
152220 keyboard_release_suppressed reason=not_pressed_or_sticky,keycode=38
152237 binding_press binding=KEY_W,keycode=25
152237 inject_press keycode=25,keysym=0
152237 keyboard_press_suppressed reason=already_pressed,keycode=25
152237 binding_release binding=KEY_D,keycode=40
152237 inject_release keycode=40
152237 keyboard_release_suppressed reason=not_pressed_or_sticky,keycode=40
152237 binding_release binding=KEY_S,keycode=39
152237 inject_release keycode=39
152237 keyboard_release_suppressed reason=not_pressed_or_sticky,keycode=39
152237 binding_release binding=KEY_A,keycode=38
152237 inject_release keycode=38
152237 keyboard_release_suppressed reason=not_pressed_or_sticky,keycode=38
152287 binding_press binding=KEY_W,keycode=25
152287 inject_press keycode=25,keysym=0
152287 keyboard_press_suppressed reason=already_pressed,keycode=25
152287 binding_release binding=KEY_D,keycode=40
152287 inject_release keycode=40
152287 keyboard_release_suppressed reason=not_pressed_or_sticky,keycode=40
152287 binding_release binding=KEY_S,keycode=39
152287 inject_release keycode=39
152287 keyboard_release_suppressed reason=not_pressed_or_sticky,keycode=39
152287 binding_release binding=KEY_A,keycode=38
152287 inject_release keycode=38
152287 keyboard_release_suppressed reason=not_pressed_or_sticky,keycode=38
152313 binding_press binding=KEY_W,keycode=25
152313 inject_press keycode=25,keysym=0
152313 keyboard_press_suppressed reason=already_pressed,keycode=25
152313 binding_release binding=KEY_D,keycode=40
152314 inject_release keycode=40
152314 keyboard_release_suppressed reason=not_pressed_or_sticky,keycode=40
152314 binding_release binding=KEY_S,keycode=39
152314 inject_release keycode=39
152314 keyboard_release_suppressed reason=not_pressed_or_sticky,keycode=39
152314 binding_release binding=KEY_A,keycode=38
152314 inject_release keycode=38
152314 keyboard_release_suppressed reason=not_pressed_or_sticky,keycode=38
152314 binding_release binding=KEY_W,keycode=25
152314 inject_release keycode=25
152315 key_release_received keycode=25,focus={id=29360133,parent=25165831,name=Stardew Valley,class=stardew valley.exe,mapped=true,viewable=true,enabled=true,renderable=true,surface=false,application=true,keyPress=true,keyRelease=true},point={id=16777246,parent=29360133,name=,class=,mapped=true,viewable=true,enabled=true,renderable=true,surface=false,application=false,keyPress=false,keyRelease=false}
152315 key_release_ancestor_target target={id=29360133,parent=25165831,name=Stardew Valley,class=stardew valley.exe,mapped=true,viewable=true,enabled=true,renderable=true,surface=false,application=true,keyPress=true,keyRelease=true}
152315 key_release_sent keycode=25,target={id=29360133,parent=25165831,name=Stardew Valley,class=stardew valley.exe,mapped=true,viewable=true,enabled=true,renderable=true,surface=false,application=true,keyPress=true,keyRelease=true}
152315 winhandler_keyboard_queued vkey=87,flags=2
152316 winhandler_keyboard_packet vkey=87,flags=2,sent=true
152426 binding_press binding=KEY_W,keycode=25
152426 inject_press keycode=25,keysym=0
152427 key_press_received keycode=25,keysym=0,focus={id=29360133,parent=25165831,name=Stardew Valley,class=stardew valley.exe,mapped=true,viewable=true,enabled=true,renderable=true,surface=false,application=true,keyPress=true,keyRelease=true},point={id=16777246,parent=29360133,name=,class=,mapped=true,viewable=true,enabled=true,renderable=true,surface=false,application=false,keyPress=false,keyRelease=false}
152427 key_press_ancestor_target target={id=29360133,parent=25165831,name=Stardew Valley,class=stardew valley.exe,mapped=true,viewable=true,enabled=true,renderable=true,surface=false,application=true,keyPress=true,keyRelease=true}
152427 key_press_sent keycode=25,target={id=29360133,parent=25165831,name=Stardew Valley,class=stardew valley.exe,mapped=true,viewable=true,enabled=true,renderable=true,surface=false,application=true,keyPress=true,keyRelease=true}
152427 winhandler_keyboard_queued vkey=87,flags=0
152427 binding_release binding=KEY_D,keycode=40
152427 inject_release keycode=40
152427 keyboard_release_suppressed reason=not_pressed_or_sticky,keycode=40
152427 binding_release binding=KEY_S,keycode=39
152427 inject_release keycode=39
152427 keyboard_release_suppressed reason=not_pressed_or_sticky,keycode=39
152427 binding_release binding=KEY_A,keycode=38
152427 inject_release keycode=38
152427 keyboard_release_suppressed reason=not_pressed_or_sticky,keycode=38
152428 winhandler_keyboard_packet vkey=87,flags=0,sent=true
152519 binding_press binding=KEY_W,keycode=25
152519 inject_press keycode=25,keysym=0
152519 keyboard_press_suppressed reason=already_pressed,keycode=25
152520 binding_release binding=KEY_D,keycode=40
152520 inject_release keycode=40
152520 keyboard_release_suppressed reason=not_pressed_or_sticky,keycode=40
152520 binding_release binding=KEY_S,keycode=39
152520 inject_release keycode=39
152520 keyboard_release_suppressed reason=not_pressed_or_sticky,keycode=39
152520 binding_release binding=KEY_A,keycode=38
152520 inject_release keycode=38
152520 keyboard_release_suppressed reason=not_pressed_or_sticky,keycode=38
152522 binding_release binding=KEY_W,keycode=25
152522 inject_release keycode=25
152523 key_release_received keycode=25,focus={id=29360133,parent=25165831,name=Stardew Valley,class=stardew valley.exe,mapped=true,viewable=true,enabled=true,renderable=true,surface=false,application=true,keyPress=true,keyRelease=true},point={id=16777246,parent=29360133,name=,class=,mapped=true,viewable=true,enabled=true,renderable=true,surface=false,application=false,keyPress=false,keyRelease=false}
152523 key_release_ancestor_target target={id=29360133,parent=25165831,name=Stardew Valley,class=stardew valley.exe,mapped=true,viewable=true,enabled=true,renderable=true,surface=false,application=true,keyPress=true,keyRelease=true}
152523 key_release_sent keycode=25,target={id=29360133,parent=25165831,name=Stardew Valley,class=stardew valley.exe,mapped=true,viewable=true,enabled=true,renderable=true,surface=false,application=true,keyPress=true,keyRelease=true}
152523 winhandler_keyboard_queued vkey=87,flags=2
152523 winhandler_keyboard_packet vkey=87,flags=2,sent=true
152576 binding_press binding=KEY_W,keycode=25
152576 inject_press keycode=25,keysym=0
152576 key_press_received keycode=25,keysym=0,focus={id=29360133,parent=25165831,name=Stardew Valley,class=stardew valley.exe,mapped=true,viewable=true,enabled=true,renderable=true,surface=false,application=true,keyPress=true,keyRelease=true},point={id=16777246,parent=29360133,name=,class=,mapped=true,viewable=true,enabled=true,renderable=true,surface=false,application=false,keyPress=false,keyRelease=false}
152577 key_press_ancestor_target target={id=29360133,parent=25165831,name=Stardew Valley,class=stardew valley.exe,mapped=true,viewable=true,enabled=true,renderable=true,surface=false,application=true,keyPress=true,keyRelease=true}
152577 key_press_sent keycode=25,target={id=29360133,parent=25165831,name=Stardew Valley,class=stardew valley.exe,mapped=true,viewable=true,enabled=true,renderable=true,surface=false,application=true,keyPress=true,keyRelease=true}
152577 winhandler_keyboard_queued vkey=87,flags=0
152577 binding_release binding=KEY_D,keycode=40
152577 inject_release keycode=40
152577 keyboard_release_suppressed reason=not_pressed_or_sticky,keycode=40
152577 binding_release binding=KEY_S,keycode=39
152577 inject_release keycode=39
152577 keyboard_release_suppressed reason=not_pressed_or_sticky,keycode=39
152577 binding_release binding=KEY_A,keycode=38
152577 inject_release keycode=38
152577 keyboard_release_suppressed reason=not_pressed_or_sticky,keycode=38
152578 winhandler_keyboard_packet vkey=87,flags=0,sent=true
152685 binding_press binding=KEY_W,keycode=25
152685 inject_press keycode=25,keysym=0
152685 keyboard_press_suppressed reason=already_pressed,keycode=25
152686 binding_release binding=KEY_D,keycode=40
152686 inject_release keycode=40
152686 keyboard_release_suppressed reason=not_pressed_or_sticky,keycode=40
152686 binding_release binding=KEY_S,keycode=39
152686 inject_release keycode=39
152686 keyboard_release_suppressed reason=not_pressed_or_sticky,keycode=39
152686 binding_release binding=KEY_A,keycode=38
152686 inject_release keycode=38
152686 keyboard_release_suppressed reason=not_pressed_or_sticky,keycode=38
152688 binding_release binding=KEY_W,keycode=25
152688 inject_release keycode=25
152688 key_release_received keycode=25,focus={id=29360133,parent=25165831,name=Stardew Valley,class=stardew valley.exe,mapped=true,viewable=true,enabled=true,renderable=true,surface=false,application=true,keyPress=true,keyRelease=true},point={id=16777246,parent=29360133,name=,class=,mapped=true,viewable=true,enabled=true,renderable=true,surface=false,application=false,keyPress=false,keyRelease=false}
152688 key_release_ancestor_target target={id=29360133,parent=25165831,name=Stardew Valley,class=stardew valley.exe,mapped=true,viewable=true,enabled=true,renderable=true,surface=false,application=true,keyPress=true,keyRelease=true}
152689 key_release_sent keycode=25,target={id=29360133,parent=25165831,name=Stardew Valley,class=stardew valley.exe,mapped=true,viewable=true,enabled=true,renderable=true,surface=false,application=true,keyPress=true,keyRelease=true}
152689 winhandler_keyboard_queued vkey=87,flags=2
152689 winhandler_keyboard_packet vkey=87,flags=2,sent=true
152718 binding_press binding=KEY_W,keycode=25
152718 inject_press keycode=25,keysym=0
152718 key_press_received keycode=25,keysym=0,focus={id=29360133,parent=25165831,name=Stardew Valley,class=stardew valley.exe,mapped=true,viewable=true,enabled=true,renderable=true,surface=false,application=true,keyPress=true,keyRelease=true},point={id=16777246,parent=29360133,name=,class=,mapped=true,viewable=true,enabled=true,renderable=true,surface=false,application=false,keyPress=false,keyRelease=false}
152719 key_press_ancestor_target target={id=29360133,parent=25165831,name=Stardew Valley,class=stardew valley.exe,mapped=true,viewable=true,enabled=true,renderable=true,surface=false,application=true,keyPress=true,keyRelease=true}
152719 key_press_sent keycode=25,target={id=29360133,parent=25165831,name=Stardew Valley,class=stardew valley.exe,mapped=true,viewable=true,enabled=true,renderable=true,surface=false,application=true,keyPress=true,keyRelease=true}
152719 winhandler_keyboard_queued vkey=87,flags=0
152719 binding_release binding=KEY_D,keycode=40
152719 inject_release keycode=40
152719 keyboard_release_suppressed reason=not_pressed_or_sticky,keycode=40
152719 binding_release binding=KEY_S,keycode=39
152719 inject_release keycode=39
152719 keyboard_release_suppressed reason=not_pressed_or_sticky,keycode=39
152719 binding_release binding=KEY_A,keycode=38
152719 inject_release keycode=38
152719 keyboard_release_suppressed reason=not_pressed_or_sticky,keycode=38
152722 winhandler_keyboard_packet vkey=87,flags=0,sent=true
152735 binding_press binding=KEY_W,keycode=25
152735 inject_press keycode=25,keysym=0
152735 keyboard_press_suppressed reason=already_pressed,keycode=25
152735 binding_release binding=KEY_D,keycode=40
152735 inject_release keycode=40
152735 keyboard_release_suppressed reason=not_pressed_or_sticky,keycode=40
152735 binding_release binding=KEY_S,keycode=39
152735 inject_release keycode=39
152735 keyboard_release_suppressed reason=not_pressed_or_sticky,keycode=39
152736 binding_release binding=KEY_A,keycode=38
152736 inject_release keycode=38
152736 keyboard_release_suppressed reason=not_pressed_or_sticky,keycode=38
152785 binding_press binding=KEY_W,keycode=25
152785 inject_press keycode=25,keysym=0
152785 keyboard_press_suppressed reason=already_pressed,keycode=25
152785 binding_release binding=KEY_D,keycode=40
152785 inject_release keycode=40
152785 keyboard_release_suppressed reason=not_pressed_or_sticky,keycode=40
152785 binding_release binding=KEY_S,keycode=39
152785 inject_release keycode=39
152785 keyboard_release_suppressed reason=not_pressed_or_sticky,keycode=39
152785 binding_release binding=KEY_A,keycode=38
152785 inject_release keycode=38
152785 keyboard_release_suppressed reason=not_pressed_or_sticky,keycode=38
152816 binding_press binding=KEY_W,keycode=25
152817 inject_press keycode=25,keysym=0
152817 keyboard_press_suppressed reason=already_pressed,keycode=25
152817 binding_release binding=KEY_D,keycode=40
152817 inject_release keycode=40
152817 keyboard_release_suppressed reason=not_pressed_or_sticky,keycode=40
152817 binding_release binding=KEY_S,keycode=39
152817 inject_release keycode=39
152817 keyboard_release_suppressed reason=not_pressed_or_sticky,keycode=39
152817 binding_release binding=KEY_A,keycode=38
152817 inject_release keycode=38
152817 keyboard_release_suppressed reason=not_pressed_or_sticky,keycode=38
152817 binding_release binding=KEY_W,keycode=25
152817 inject_release keycode=25
152818 key_release_received keycode=25,focus={id=29360133,parent=25165831,name=Stardew Valley,class=stardew valley.exe,mapped=true,viewable=true,enabled=true,renderable=true,surface=false,application=true,keyPress=true,keyRelease=true},point={id=16777246,parent=29360133,name=,class=,mapped=true,viewable=true,enabled=true,renderable=true,surface=false,application=false,keyPress=false,keyRelease=false}
152818 key_release_ancestor_target target={id=29360133,parent=25165831,name=Stardew Valley,class=stardew valley.exe,mapped=true,viewable=true,enabled=true,renderable=true,surface=false,application=true,keyPress=true,keyRelease=true}
152818 key_release_sent keycode=25,target={id=29360133,parent=25165831,name=Stardew Valley,class=stardew valley.exe,mapped=true,viewable=true,enabled=true,renderable=true,surface=false,application=true,keyPress=true,keyRelease=true}
152818 winhandler_keyboard_queued vkey=87,flags=2
152818 winhandler_keyboard_packet vkey=87,flags=2,sent=true
152863 binding_press binding=KEY_W,keycode=25
152863 inject_press keycode=25,keysym=0
152863 key_press_received keycode=25,keysym=0,focus={id=29360133,parent=25165831,name=Stardew Valley,class=stardew valley.exe,mapped=true,viewable=true,enabled=true,renderable=true,surface=false,application=true,keyPress=true,keyRelease=true},point={id=16777246,parent=29360133,name=,class=,mapped=true,viewable=true,enabled=true,renderable=true,surface=false,application=false,keyPress=false,keyRelease=false}
152863 key_press_ancestor_target target={id=29360133,parent=25165831,name=Stardew Valley,class=stardew valley.exe,mapped=true,viewable=true,enabled=true,renderable=true,surface=false,application=true,keyPress=true,keyRelease=true}
152863 key_press_sent keycode=25,target={id=29360133,parent=25165831,name=Stardew Valley,class=stardew valley.exe,mapped=true,viewable=true,enabled=true,renderable=true,surface=false,application=true,keyPress=true,keyRelease=true}
152863 winhandler_keyboard_queued vkey=87,flags=0
152863 binding_release binding=KEY_D,keycode=40
152863 inject_release keycode=40
152863 keyboard_release_suppressed reason=not_pressed_or_sticky,keycode=40
152863 binding_release binding=KEY_S,keycode=39
152863 inject_release keycode=39
152864 keyboard_release_suppressed reason=not_pressed_or_sticky,keycode=39
152864 binding_release binding=KEY_A,keycode=38
152864 inject_release keycode=38
152864 keyboard_release_suppressed reason=not_pressed_or_sticky,keycode=38
152864 winhandler_keyboard_packet vkey=87,flags=0,sent=true
152868 binding_press binding=KEY_W,keycode=25
152868 inject_press keycode=25,keysym=0
152868 keyboard_press_suppressed reason=already_pressed,keycode=25
152868 binding_release binding=KEY_D,keycode=40
152868 inject_release keycode=40
152868 keyboard_release_suppressed reason=not_pressed_or_sticky,keycode=40
152868 binding_release binding=KEY_S,keycode=39
152868 inject_release keycode=39
152868 keyboard_release_suppressed reason=not_pressed_or_sticky,keycode=39
152868 binding_release binding=KEY_A,keycode=38
152868 inject_release keycode=38
152868 keyboard_release_suppressed reason=not_pressed_or_sticky,keycode=38
152885 binding_press binding=KEY_W,keycode=25
152885 inject_press keycode=25,keysym=0
152885 keyboard_press_suppressed reason=already_pressed,keycode=25
152885 binding_release binding=KEY_D,keycode=40
152885 inject_release keycode=40
152885 keyboard_release_suppressed reason=not_pressed_or_sticky,keycode=40
152885 binding_release binding=KEY_S,keycode=39
152885 inject_release keycode=39
152885 keyboard_release_suppressed reason=not_pressed_or_sticky,keycode=39
152885 binding_release binding=KEY_A,keycode=38
152885 inject_release keycode=38
152885 keyboard_release_suppressed reason=not_pressed_or_sticky,keycode=38
152918 binding_press binding=KEY_W,keycode=25
152918 inject_press keycode=25,keysym=0
152918 keyboard_press_suppressed reason=already_pressed,keycode=25
152918 binding_release binding=KEY_D,keycode=40
152918 inject_release keycode=40
152918 keyboard_release_suppressed reason=not_pressed_or_sticky,keycode=40
152918 binding_release binding=KEY_S,keycode=39
152918 inject_release keycode=39
152918 keyboard_release_suppressed reason=not_pressed_or_sticky,keycode=39
152918 binding_release binding=KEY_A,keycode=38
152918 inject_release keycode=38
152919 keyboard_release_suppressed reason=not_pressed_or_sticky,keycode=38
152939 binding_press binding=KEY_W,keycode=25
152939 inject_press keycode=25,keysym=0
152939 keyboard_press_suppressed reason=already_pressed,keycode=25
152939 binding_release binding=KEY_D,keycode=40
152939 inject_release keycode=40
152939 keyboard_release_suppressed reason=not_pressed_or_sticky,keycode=40
152939 binding_release binding=KEY_S,keycode=39
152939 inject_release keycode=39
152939 keyboard_release_suppressed reason=not_pressed_or_sticky,keycode=39
152939 binding_release binding=KEY_A,keycode=38
152939 inject_release keycode=38
152939 keyboard_release_suppressed reason=not_pressed_or_sticky,keycode=38
152940 binding_release binding=KEY_W,keycode=25
152940 inject_release keycode=25
152940 key_release_received keycode=25,focus={id=29360133,parent=25165831,name=Stardew Valley,class=stardew valley.exe,mapped=true,viewable=true,enabled=true,renderable=true,surface=false,application=true,keyPress=true,keyRelease=true},point={id=16777246,parent=29360133,name=,class=,mapped=true,viewable=true,enabled=true,renderable=true,surface=false,application=false,keyPress=false,keyRelease=false}
152940 key_release_ancestor_target target={id=29360133,parent=25165831,name=Stardew Valley,class=stardew valley.exe,mapped=true,viewable=true,enabled=true,renderable=true,surface=false,application=true,keyPress=true,keyRelease=true}
152940 key_release_sent keycode=25,target={id=29360133,parent=25165831,name=Stardew Valley,class=stardew valley.exe,mapped=true,viewable=true,enabled=true,renderable=true,surface=false,application=true,keyPress=true,keyRelease=true}
152940 winhandler_keyboard_queued vkey=87,flags=2
152941 winhandler_keyboard_packet vkey=87,flags=2,sent=true
153017 binding_press binding=KEY_W,keycode=25
153017 inject_press keycode=25,keysym=0
153017 key_press_received keycode=25,keysym=0,focus={id=29360133,parent=25165831,name=Stardew Valley,class=stardew valley.exe,mapped=true,viewable=true,enabled=true,renderable=true,surface=false,application=true,keyPress=true,keyRelease=true},point={id=16777246,parent=29360133,name=,class=,mapped=true,viewable=true,enabled=true,renderable=true,surface=false,application=false,keyPress=false,keyRelease=false}
153017 key_press_ancestor_target target={id=29360133,parent=25165831,name=Stardew Valley,class=stardew valley.exe,mapped=true,viewable=true,enabled=true,renderable=true,surface=false,application=true,keyPress=true,keyRelease=true}
153017 key_press_sent keycode=25,target={id=29360133,parent=25165831,name=Stardew Valley,class=stardew valley.exe,mapped=true,viewable=true,enabled=true,renderable=true,surface=false,application=true,keyPress=true,keyRelease=true}
153018 winhandler_keyboard_queued vkey=87,flags=0
153018 binding_release binding=KEY_D,keycode=40
153018 inject_release keycode=40
153018 keyboard_release_suppressed reason=not_pressed_or_sticky,keycode=40
153018 binding_release binding=KEY_S,keycode=39
153018 inject_release keycode=39
153018 keyboard_release_suppressed reason=not_pressed_or_sticky,keycode=39
153018 binding_release binding=KEY_A,keycode=38
153018 inject_release keycode=38
153018 keyboard_release_suppressed reason=not_pressed_or_sticky,keycode=38
153018 winhandler_keyboard_packet vkey=87,flags=0,sent=true
153067 binding_press binding=KEY_W,keycode=25
153068 inject_press keycode=25,keysym=0
153068 keyboard_press_suppressed reason=already_pressed,keycode=25
153068 binding_release binding=KEY_D,keycode=40
153068 inject_release keycode=40
153068 keyboard_release_suppressed reason=not_pressed_or_sticky,keycode=40
153068 binding_release binding=KEY_S,keycode=39
153068 inject_release keycode=39
153068 keyboard_release_suppressed reason=not_pressed_or_sticky,keycode=39
153068 binding_release binding=KEY_A,keycode=38
153068 inject_release keycode=38
153068 keyboard_release_suppressed reason=not_pressed_or_sticky,keycode=38
153080 binding_press binding=KEY_W,keycode=25
153081 inject_press keycode=25,keysym=0
153081 keyboard_press_suppressed reason=already_pressed,keycode=25
153081 binding_release binding=KEY_D,keycode=40
153081 inject_release keycode=40
153081 keyboard_release_suppressed reason=not_pressed_or_sticky,keycode=40
153081 binding_release binding=KEY_S,keycode=39
153081 inject_release keycode=39
153081 keyboard_release_suppressed reason=not_pressed_or_sticky,keycode=39
153081 binding_release binding=KEY_A,keycode=38
153081 inject_release keycode=38
153081 keyboard_release_suppressed reason=not_pressed_or_sticky,keycode=38
153081 binding_release binding=KEY_W,keycode=25
153081 inject_release keycode=25
153082 key_release_received keycode=25,focus={id=29360133,parent=25165831,name=Stardew Valley,class=stardew valley.exe,mapped=true,viewable=true,enabled=true,renderable=true,surface=false,application=true,keyPress=true,keyRelease=true},point={id=16777246,parent=29360133,name=,class=,mapped=true,viewable=true,enabled=true,renderable=true,surface=false,application=false,keyPress=false,keyRelease=false}
153082 key_release_ancestor_target target={id=29360133,parent=25165831,name=Stardew Valley,class=stardew valley.exe,mapped=true,viewable=true,enabled=true,renderable=true,surface=false,application=true,keyPress=true,keyRelease=true}
153082 key_release_sent keycode=25,target={id=29360133,parent=25165831,name=Stardew Valley,class=stardew valley.exe,mapped=true,viewable=true,enabled=true,renderable=true,surface=false,application=true,keyPress=true,keyRelease=true}
153082 winhandler_keyboard_queued vkey=87,flags=2
153083 winhandler_keyboard_packet vkey=87,flags=2,sent=true
153205 binding_press binding=KEY_W,keycode=25
153205 inject_press keycode=25,keysym=0
153205 key_press_received keycode=25,keysym=0,focus={id=29360133,parent=25165831,name=Stardew Valley,class=stardew valley.exe,mapped=true,viewable=true,enabled=true,renderable=true,surface=false,application=true,keyPress=true,keyRelease=true},point={id=16777246,parent=29360133,name=,class=,mapped=true,viewable=true,enabled=true,renderable=true,surface=false,application=false,keyPress=false,keyRelease=false}
153205 key_press_ancestor_target target={id=29360133,parent=25165831,name=Stardew Valley,class=stardew valley.exe,mapped=true,viewable=true,enabled=true,renderable=true,surface=false,application=true,keyPress=true,keyRelease=true}
153206 key_press_sent keycode=25,target={id=29360133,parent=25165831,name=Stardew Valley,class=stardew valley.exe,mapped=true,viewable=true,enabled=true,renderable=true,surface=false,application=true,keyPress=true,keyRelease=true}
153206 winhandler_keyboard_queued vkey=87,flags=0
153206 binding_release binding=KEY_D,keycode=40
153206 inject_release keycode=40
153206 keyboard_release_suppressed reason=not_pressed_or_sticky,keycode=40
153206 binding_release binding=KEY_S,keycode=39
153206 inject_release keycode=39
153206 keyboard_release_suppressed reason=not_pressed_or_sticky,keycode=39
153206 binding_release binding=KEY_A,keycode=38
153206 inject_release keycode=38
153206 keyboard_release_suppressed reason=not_pressed_or_sticky,keycode=38
153207 winhandler_keyboard_packet vkey=87,flags=0,sent=true
153217 binding_press binding=KEY_W,keycode=25
153217 inject_press keycode=25,keysym=0
153217 keyboard_press_suppressed reason=already_pressed,keycode=25
153217 binding_release binding=KEY_D,keycode=40
153217 inject_release keycode=40
153217 keyboard_release_suppressed reason=not_pressed_or_sticky,keycode=40
153217 binding_release binding=KEY_S,keycode=39
153217 inject_release keycode=39
153217 keyboard_release_suppressed reason=not_pressed_or_sticky,keycode=39
153217 binding_release binding=KEY_A,keycode=38
153217 inject_release keycode=38
153218 keyboard_release_suppressed reason=not_pressed_or_sticky,keycode=38
153250 binding_press binding=KEY_W,keycode=25
153250 inject_press keycode=25,keysym=0
153250 keyboard_press_suppressed reason=already_pressed,keycode=25
153250 binding_release binding=KEY_D,keycode=40
153250 inject_release keycode=40
153250 keyboard_release_suppressed reason=not_pressed_or_sticky,keycode=40
153250 binding_release binding=KEY_S,keycode=39
153250 inject_release keycode=39
153250 keyboard_release_suppressed reason=not_pressed_or_sticky,keycode=39
153250 binding_release binding=KEY_A,keycode=38
153250 inject_release keycode=38
153250 keyboard_release_suppressed reason=not_pressed_or_sticky,keycode=38
153251 binding_release binding=KEY_W,keycode=25
153251 inject_release keycode=25
153251 key_release_received keycode=25,focus={id=29360133,parent=25165831,name=Stardew Valley,class=stardew valley.exe,mapped=true,viewable=true,enabled=true,renderable=true,surface=false,application=true,keyPress=true,keyRelease=true},point={id=16777246,parent=29360133,name=,class=,mapped=true,viewable=true,enabled=true,renderable=true,surface=false,application=false,keyPress=false,keyRelease=false}
153251 key_release_ancestor_target target={id=29360133,parent=25165831,name=Stardew Valley,class=stardew valley.exe,mapped=true,viewable=true,enabled=true,renderable=true,surface=false,application=true,keyPress=true,keyRelease=true}
153251 key_release_sent keycode=25,target={id=29360133,parent=25165831,name=Stardew Valley,class=stardew valley.exe,mapped=true,viewable=true,enabled=true,renderable=true,surface=false,application=true,keyPress=true,keyRelease=true}
153251 winhandler_keyboard_queued vkey=87,flags=2
153252 winhandler_keyboard_packet vkey=87,flags=2,sent=true
153346 binding_press binding=KEY_W,keycode=25
153346 inject_press keycode=25,keysym=0
153346 key_press_received keycode=25,keysym=0,focus={id=29360133,parent=25165831,name=Stardew Valley,class=stardew valley.exe,mapped=true,viewable=true,enabled=true,renderable=true,surface=false,application=true,keyPress=true,keyRelease=true},point={id=16777246,parent=29360133,name=,class=,mapped=true,viewable=true,enabled=true,renderable=true,surface=false,application=false,keyPress=false,keyRelease=false}
153347 key_press_ancestor_target target={id=29360133,parent=25165831,name=Stardew Valley,class=stardew valley.exe,mapped=true,viewable=true,enabled=true,renderable=true,surface=false,application=true,keyPress=true,keyRelease=true}
153347 key_press_sent keycode=25,target={id=29360133,parent=25165831,name=Stardew Valley,class=stardew valley.exe,mapped=true,viewable=true,enabled=true,renderable=true,surface=false,application=true,keyPress=true,keyRelease=true}
153347 winhandler_keyboard_queued vkey=87,flags=0
153347 binding_release binding=KEY_D,keycode=40
153347 inject_release keycode=40
153347 keyboard_release_suppressed reason=not_pressed_or_sticky,keycode=40
153347 binding_release binding=KEY_S,keycode=39
153347 inject_release keycode=39
153347 keyboard_release_suppressed reason=not_pressed_or_sticky,keycode=39
153347 binding_release binding=KEY_A,keycode=38
153347 inject_release keycode=38
153347 keyboard_release_suppressed reason=not_pressed_or_sticky,keycode=38
153347 winhandler_keyboard_packet vkey=87,flags=0,sent=true
153367 binding_press binding=KEY_W,keycode=25
153367 inject_press keycode=25,keysym=0
153367 keyboard_press_suppressed reason=already_pressed,keycode=25
153367 binding_release binding=KEY_D,keycode=40
153367 inject_release keycode=40
153367 keyboard_release_suppressed reason=not_pressed_or_sticky,keycode=40
153367 binding_release binding=KEY_S,keycode=39
153367 inject_release keycode=39
153367 keyboard_release_suppressed reason=not_pressed_or_sticky,keycode=39
153367 binding_release binding=KEY_A,keycode=38
153367 inject_release keycode=38
153368 keyboard_release_suppressed reason=not_pressed_or_sticky,keycode=38
153383 binding_press binding=KEY_W,keycode=25
153384 inject_press keycode=25,keysym=0
153384 keyboard_press_suppressed reason=already_pressed,keycode=25
153384 binding_release binding=KEY_D,keycode=40
153384 inject_release keycode=40
153384 keyboard_release_suppressed reason=not_pressed_or_sticky,keycode=40
153384 binding_release binding=KEY_S,keycode=39
153384 inject_release keycode=39
153384 keyboard_release_suppressed reason=not_pressed_or_sticky,keycode=39
153384 binding_release binding=KEY_A,keycode=38
153384 inject_release keycode=38
153384 keyboard_release_suppressed reason=not_pressed_or_sticky,keycode=38
153416 binding_press binding=KEY_W,keycode=25
153416 inject_press keycode=25,keysym=0
153416 keyboard_press_suppressed reason=already_pressed,keycode=25
153417 binding_release binding=KEY_D,keycode=40
153417 inject_release keycode=40
153417 keyboard_release_suppressed reason=not_pressed_or_sticky,keycode=40
153417 binding_release binding=KEY_S,keycode=39
153417 inject_release keycode=39
153417 keyboard_release_suppressed reason=not_pressed_or_sticky,keycode=39
153417 binding_release binding=KEY_A,keycode=38
153417 inject_release keycode=38
153417 keyboard_release_suppressed reason=not_pressed_or_sticky,keycode=38
153433 binding_press binding=KEY_W,keycode=25
153433 inject_press keycode=25,keysym=0
153433 keyboard_press_suppressed reason=already_pressed,keycode=25
153433 binding_release binding=KEY_D,keycode=40
153433 inject_release keycode=40
153433 keyboard_release_suppressed reason=not_pressed_or_sticky,keycode=40
153433 binding_release binding=KEY_S,keycode=39
153433 inject_release keycode=39
153433 keyboard_release_suppressed reason=not_pressed_or_sticky,keycode=39
153433 binding_release binding=KEY_A,keycode=38
153433 inject_release keycode=38
153433 keyboard_release_suppressed reason=not_pressed_or_sticky,keycode=38
153499 binding_press binding=KEY_W,keycode=25
153499 inject_press keycode=25,keysym=0
153499 keyboard_press_suppressed reason=already_pressed,keycode=25
153500 binding_release binding=KEY_D,keycode=40
153500 inject_release keycode=40
153500 keyboard_release_suppressed reason=not_pressed_or_sticky,keycode=40
153500 binding_release binding=KEY_S,keycode=39
153500 inject_release keycode=39
153500 keyboard_release_suppressed reason=not_pressed_or_sticky,keycode=39
153500 binding_release binding=KEY_A,keycode=38
153500 inject_release keycode=38
153500 keyboard_release_suppressed reason=not_pressed_or_sticky,keycode=38
153516 binding_press binding=KEY_W,keycode=25
153516 inject_press keycode=25,keysym=0
153516 keyboard_press_suppressed reason=already_pressed,keycode=25
153516 binding_release binding=KEY_D,keycode=40
153516 inject_release keycode=40
153516 keyboard_release_suppressed reason=not_pressed_or_sticky,keycode=40
153516 binding_release binding=KEY_S,keycode=39
153516 inject_release keycode=39
153516 keyboard_release_suppressed reason=not_pressed_or_sticky,keycode=39
153516 binding_release binding=KEY_A,keycode=38
153516 inject_release keycode=38
153516 keyboard_release_suppressed reason=not_pressed_or_sticky,keycode=38
153532 binding_press binding=KEY_W,keycode=25
153533 inject_press keycode=25,keysym=0
153533 keyboard_press_suppressed reason=already_pressed,keycode=25
153533 binding_release binding=KEY_D,keycode=40
153533 inject_release keycode=40
153533 keyboard_release_suppressed reason=not_pressed_or_sticky,keycode=40
153533 binding_release binding=KEY_S,keycode=39
153533 inject_release keycode=39
153533 keyboard_release_suppressed reason=not_pressed_or_sticky,keycode=39
153533 binding_release binding=KEY_A,keycode=38
153533 inject_release keycode=38
153533 keyboard_release_suppressed reason=not_pressed_or_sticky,keycode=38
153632 binding_press binding=KEY_W,keycode=25
153632 inject_press keycode=25,keysym=0
153632 keyboard_press_suppressed reason=already_pressed,keycode=25
153632 binding_release binding=KEY_D,keycode=40
153632 inject_release keycode=40
153632 keyboard_release_suppressed reason=not_pressed_or_sticky,keycode=40
153632 binding_release binding=KEY_S,keycode=39
153633 inject_release keycode=39
153633 keyboard_release_suppressed reason=not_pressed_or_sticky,keycode=39
153633 binding_release binding=KEY_A,keycode=38
153633 inject_release keycode=38
153633 keyboard_release_suppressed reason=not_pressed_or_sticky,keycode=38
153732 binding_press binding=KEY_W,keycode=25
153732 inject_press keycode=25,keysym=0
153732 keyboard_press_suppressed reason=already_pressed,keycode=25
153732 binding_release binding=KEY_D,keycode=40
153732 inject_release keycode=40
153732 keyboard_release_suppressed reason=not_pressed_or_sticky,keycode=40
153733 binding_release binding=KEY_S,keycode=39
153733 inject_release keycode=39
153733 keyboard_release_suppressed reason=not_pressed_or_sticky,keycode=39
153733 binding_release binding=KEY_A,keycode=38
153733 inject_release keycode=38
153733 keyboard_release_suppressed reason=not_pressed_or_sticky,keycode=38
153832 binding_press binding=KEY_W,keycode=25
153832 inject_press keycode=25,keysym=0
153832 keyboard_press_suppressed reason=already_pressed,keycode=25
153832 binding_release binding=KEY_D,keycode=40
153832 inject_release keycode=40
153832 keyboard_release_suppressed reason=not_pressed_or_sticky,keycode=40
153832 binding_release binding=KEY_S,keycode=39
153832 inject_release keycode=39
153832 keyboard_release_suppressed reason=not_pressed_or_sticky,keycode=39
153832 binding_release binding=KEY_A,keycode=38
153832 inject_release keycode=38
153832 keyboard_release_suppressed reason=not_pressed_or_sticky,keycode=38
153931 binding_press binding=KEY_W,keycode=25
153932 inject_press keycode=25,keysym=0
153932 keyboard_press_suppressed reason=already_pressed,keycode=25
153932 binding_release binding=KEY_D,keycode=40
153932 inject_release keycode=40
153932 keyboard_release_suppressed reason=not_pressed_or_sticky,keycode=40
153933 binding_release binding=KEY_S,keycode=39
153933 inject_release keycode=39
153933 keyboard_release_suppressed reason=not_pressed_or_sticky,keycode=39
153933 binding_release binding=KEY_A,keycode=38
153933 inject_release keycode=38
153933 keyboard_release_suppressed reason=not_pressed_or_sticky,keycode=38
154031 binding_press binding=KEY_W,keycode=25
154031 inject_press keycode=25,keysym=0
154031 keyboard_press_suppressed reason=already_pressed,keycode=25
154031 binding_release binding=KEY_D,keycode=40
154031 inject_release keycode=40
154031 keyboard_release_suppressed reason=not_pressed_or_sticky,keycode=40
154031 binding_release binding=KEY_S,keycode=39
154031 inject_release keycode=39
154031 keyboard_release_suppressed reason=not_pressed_or_sticky,keycode=39
154031 binding_release binding=KEY_A,keycode=38
154031 inject_release keycode=38
154031 keyboard_release_suppressed reason=not_pressed_or_sticky,keycode=38
154130 binding_press binding=KEY_W,keycode=25
154130 inject_press keycode=25,keysym=0
154131 keyboard_press_suppressed reason=already_pressed,keycode=25
154131 binding_release binding=KEY_D,keycode=40
154131 inject_release keycode=40
154131 keyboard_release_suppressed reason=not_pressed_or_sticky,keycode=40
154131 binding_release binding=KEY_S,keycode=39
154131 inject_release keycode=39
154131 keyboard_release_suppressed reason=not_pressed_or_sticky,keycode=39
154131 binding_release binding=KEY_A,keycode=38
154131 inject_release keycode=38
154131 keyboard_release_suppressed reason=not_pressed_or_sticky,keycode=38
154147 binding_press binding=KEY_W,keycode=25
154147 inject_press keycode=25,keysym=0
154147 keyboard_press_suppressed reason=already_pressed,keycode=25
154147 binding_release binding=KEY_D,keycode=40
154147 inject_release keycode=40
154148 keyboard_release_suppressed reason=not_pressed_or_sticky,keycode=40
154148 binding_release binding=KEY_S,keycode=39
154148 inject_release keycode=39
154148 keyboard_release_suppressed reason=not_pressed_or_sticky,keycode=39
154148 binding_release binding=KEY_A,keycode=38
154148 inject_release keycode=38
154148 keyboard_release_suppressed reason=not_pressed_or_sticky,keycode=38
154230 binding_press binding=KEY_W,keycode=25
154230 inject_press keycode=25,keysym=0
154230 keyboard_press_suppressed reason=already_pressed,keycode=25
154230 binding_release binding=KEY_D,keycode=40
154231 inject_release keycode=40
154231 keyboard_release_suppressed reason=not_pressed_or_sticky,keycode=40
154231 binding_release binding=KEY_S,keycode=39
154231 inject_release keycode=39
154231 keyboard_release_suppressed reason=not_pressed_or_sticky,keycode=39
154231 binding_release binding=KEY_A,keycode=38
154231 inject_release keycode=38
154231 keyboard_release_suppressed reason=not_pressed_or_sticky,keycode=38
154247 binding_press binding=KEY_W,keycode=25
154247 inject_press keycode=25,keysym=0
154247 keyboard_press_suppressed reason=already_pressed,keycode=25
154247 binding_release binding=KEY_D,keycode=40
154247 inject_release keycode=40
154247 keyboard_release_suppressed reason=not_pressed_or_sticky,keycode=40
154247 binding_release binding=KEY_S,keycode=39
154247 inject_release keycode=39
154247 keyboard_release_suppressed reason=not_pressed_or_sticky,keycode=39
154247 binding_release binding=KEY_A,keycode=38
154247 inject_release keycode=38
154247 keyboard_release_suppressed reason=not_pressed_or_sticky,keycode=38
154263 binding_press binding=KEY_W,keycode=25
154264 inject_press keycode=25,keysym=0
154264 keyboard_press_suppressed reason=already_pressed,keycode=25
154264 binding_release binding=KEY_D,keycode=40
154264 inject_release keycode=40
154264 keyboard_release_suppressed reason=not_pressed_or_sticky,keycode=40
154264 binding_release binding=KEY_S,keycode=39
154264 inject_release keycode=39
154264 keyboard_release_suppressed reason=not_pressed_or_sticky,keycode=39
154264 binding_release binding=KEY_A,keycode=38
154264 inject_release keycode=38
154264 keyboard_release_suppressed reason=not_pressed_or_sticky,keycode=38
154363 binding_press binding=KEY_W,keycode=25
154363 inject_press keycode=25,keysym=0
154363 keyboard_press_suppressed reason=already_pressed,keycode=25
154363 binding_release binding=KEY_D,keycode=40
154363 inject_release keycode=40
154363 keyboard_release_suppressed reason=not_pressed_or_sticky,keycode=40
154363 binding_release binding=KEY_S,keycode=39
154363 inject_release keycode=39
154363 keyboard_release_suppressed reason=not_pressed_or_sticky,keycode=39
154363 binding_release binding=KEY_A,keycode=38
154363 inject_release keycode=38
154363 keyboard_release_suppressed reason=not_pressed_or_sticky,keycode=38
154396 binding_press binding=KEY_W,keycode=25
154396 inject_press keycode=25,keysym=0
154396 keyboard_press_suppressed reason=already_pressed,keycode=25
154396 binding_release binding=KEY_D,keycode=40
154396 inject_release keycode=40
154397 keyboard_release_suppressed reason=not_pressed_or_sticky,keycode=40
154397 binding_release binding=KEY_S,keycode=39
154397 inject_release keycode=39
154397 keyboard_release_suppressed reason=not_pressed_or_sticky,keycode=39
154397 binding_release binding=KEY_A,keycode=38
154397 inject_release keycode=38
154397 keyboard_release_suppressed reason=not_pressed_or_sticky,keycode=38
154413 binding_press binding=KEY_W,keycode=25
154413 inject_press keycode=25,keysym=0
154413 keyboard_press_suppressed reason=already_pressed,keycode=25
154413 binding_release binding=KEY_D,keycode=40
154413 inject_release keycode=40
154413 keyboard_release_suppressed reason=not_pressed_or_sticky,keycode=40
154413 binding_release binding=KEY_S,keycode=39
154413 inject_release keycode=39
154413 keyboard_release_suppressed reason=not_pressed_or_sticky,keycode=39
154413 binding_release binding=KEY_A,keycode=38
154413 inject_release keycode=38
154413 keyboard_release_suppressed reason=not_pressed_or_sticky,keycode=38
154446 binding_press binding=KEY_W,keycode=25
154446 inject_press keycode=25,keysym=0
154446 keyboard_press_suppressed reason=already_pressed,keycode=25
154446 binding_release binding=KEY_D,keycode=40
154446 inject_release keycode=40
154446 keyboard_release_suppressed reason=not_pressed_or_sticky,keycode=40
154446 binding_release binding=KEY_S,keycode=39
154446 inject_release keycode=39
154446 keyboard_release_suppressed reason=not_pressed_or_sticky,keycode=39
154446 binding_release binding=KEY_A,keycode=38
154446 inject_release keycode=38
154446 keyboard_release_suppressed reason=not_pressed_or_sticky,keycode=38
154479 binding_press binding=KEY_W,keycode=25
154480 inject_press keycode=25,keysym=0
154481 keyboard_press_suppressed reason=already_pressed,keycode=25
154481 binding_release binding=KEY_D,keycode=40
154481 inject_release keycode=40
154481 keyboard_release_suppressed reason=not_pressed_or_sticky,keycode=40
154481 binding_release binding=KEY_S,keycode=39
154481 inject_release keycode=39
154481 keyboard_release_suppressed reason=not_pressed_or_sticky,keycode=39
154481 binding_release binding=KEY_A,keycode=38
154481 inject_release keycode=38
154481 keyboard_release_suppressed reason=not_pressed_or_sticky,keycode=38
154529 binding_press binding=KEY_W,keycode=25
154529 inject_press keycode=25,keysym=0
154529 keyboard_press_suppressed reason=already_pressed,keycode=25
154530 binding_release binding=KEY_D,keycode=40
154530 inject_release keycode=40
154530 keyboard_release_suppressed reason=not_pressed_or_sticky,keycode=40
154530 binding_release binding=KEY_S,keycode=39
154530 inject_release keycode=39
154530 keyboard_release_suppressed reason=not_pressed_or_sticky,keycode=39
154530 binding_release binding=KEY_A,keycode=38
154530 inject_release keycode=38
154530 keyboard_release_suppressed reason=not_pressed_or_sticky,keycode=38
154562 binding_press binding=KEY_W,keycode=25
154562 inject_press keycode=25,keysym=0
154562 keyboard_press_suppressed reason=already_pressed,keycode=25
154562 binding_release binding=KEY_D,keycode=40
154562 inject_release keycode=40
154563 keyboard_release_suppressed reason=not_pressed_or_sticky,keycode=40
154563 binding_release binding=KEY_S,keycode=39
154563 inject_release keycode=39
154563 keyboard_release_suppressed reason=not_pressed_or_sticky,keycode=39
154563 binding_release binding=KEY_A,keycode=38
154563 inject_release keycode=38
154563 keyboard_release_suppressed reason=not_pressed_or_sticky,keycode=38
154646 binding_press binding=KEY_W,keycode=25
154646 inject_press keycode=25,keysym=0
154646 keyboard_press_suppressed reason=already_pressed,keycode=25
154646 binding_release binding=KEY_D,keycode=40
154646 inject_release keycode=40
154646 keyboard_release_suppressed reason=not_pressed_or_sticky,keycode=40
154646 binding_release binding=KEY_S,keycode=39
154646 inject_release keycode=39
154646 keyboard_release_suppressed reason=not_pressed_or_sticky,keycode=39
154646 binding_release binding=KEY_A,keycode=38
154646 inject_release keycode=38
154646 keyboard_release_suppressed reason=not_pressed_or_sticky,keycode=38
154745 binding_press binding=KEY_W,keycode=25
154745 inject_press keycode=25,keysym=0
154746 keyboard_press_suppressed reason=already_pressed,keycode=25
154746 binding_release binding=KEY_D,keycode=40
154746 inject_release keycode=40
154746 keyboard_release_suppressed reason=not_pressed_or_sticky,keycode=40
154746 binding_release binding=KEY_S,keycode=39
154746 inject_release keycode=39
154746 keyboard_release_suppressed reason=not_pressed_or_sticky,keycode=39
154746 binding_release binding=KEY_A,keycode=38
154746 inject_release keycode=38
154746 keyboard_release_suppressed reason=not_pressed_or_sticky,keycode=38
154812 binding_press binding=KEY_W,keycode=25
154812 inject_press keycode=25,keysym=0
154812 keyboard_press_suppressed reason=already_pressed,keycode=25
154812 binding_release binding=KEY_D,keycode=40
154812 inject_release keycode=40
154812 keyboard_release_suppressed reason=not_pressed_or_sticky,keycode=40
154812 binding_release binding=KEY_S,keycode=39
154812 inject_release keycode=39
154812 keyboard_release_suppressed reason=not_pressed_or_sticky,keycode=39
154812 binding_release binding=KEY_A,keycode=38
154812 inject_release keycode=38
154812 keyboard_release_suppressed reason=not_pressed_or_sticky,keycode=38
154911 binding_press binding=KEY_W,keycode=25
154911 inject_press keycode=25,keysym=0
154911 keyboard_press_suppressed reason=already_pressed,keycode=25
154911 binding_release binding=KEY_D,keycode=40
154911 inject_release keycode=40
154911 keyboard_release_suppressed reason=not_pressed_or_sticky,keycode=40
154911 binding_release binding=KEY_S,keycode=39
154911 inject_release keycode=39
154911 keyboard_release_suppressed reason=not_pressed_or_sticky,keycode=39
154911 binding_release binding=KEY_A,keycode=38
154911 inject_release keycode=38
154911 keyboard_release_suppressed reason=not_pressed_or_sticky,keycode=38
154928 binding_press binding=KEY_W,keycode=25
154928 inject_press keycode=25,keysym=0
154928 keyboard_press_suppressed reason=already_pressed,keycode=25
154928 binding_release binding=KEY_D,keycode=40
154928 inject_release keycode=40
154928 keyboard_release_suppressed reason=not_pressed_or_sticky,keycode=40
154928 binding_release binding=KEY_S,keycode=39
154928 inject_release keycode=39
154928 keyboard_release_suppressed reason=not_pressed_or_sticky,keycode=39
154928 binding_release binding=KEY_A,keycode=38
154928 inject_release keycode=38
154928 keyboard_release_suppressed reason=not_pressed_or_sticky,keycode=38
154961 binding_press binding=KEY_W,keycode=25
154961 inject_press keycode=25,keysym=0
154961 keyboard_press_suppressed reason=already_pressed,keycode=25
154961 binding_release binding=KEY_D,keycode=40
154961 inject_release keycode=40
154961 keyboard_release_suppressed reason=not_pressed_or_sticky,keycode=40
154961 binding_release binding=KEY_S,keycode=39
154961 inject_release keycode=39
154961 keyboard_release_suppressed reason=not_pressed_or_sticky,keycode=39
154961 binding_release binding=KEY_A,keycode=38
154961 inject_release keycode=38
154961 keyboard_release_suppressed reason=not_pressed_or_sticky,keycode=38
154977 binding_press binding=KEY_W,keycode=25
154978 inject_press keycode=25,keysym=0
154978 keyboard_press_suppressed reason=already_pressed,keycode=25
154978 binding_release binding=KEY_D,keycode=40
154978 inject_release keycode=40
154978 keyboard_release_suppressed reason=not_pressed_or_sticky,keycode=40
154978 binding_release binding=KEY_S,keycode=39
154978 inject_release keycode=39
154978 keyboard_release_suppressed reason=not_pressed_or_sticky,keycode=39
154978 binding_release binding=KEY_A,keycode=38
154978 inject_release keycode=38
154978 keyboard_release_suppressed reason=not_pressed_or_sticky,keycode=38
155011 binding_press binding=KEY_W,keycode=25
155011 inject_press keycode=25,keysym=0
155011 keyboard_press_suppressed reason=already_pressed,keycode=25
155011 binding_release binding=KEY_D,keycode=40
155011 inject_release keycode=40
155011 keyboard_release_suppressed reason=not_pressed_or_sticky,keycode=40
155011 binding_release binding=KEY_S,keycode=39
155011 inject_release keycode=39
155011 keyboard_release_suppressed reason=not_pressed_or_sticky,keycode=39
155011 binding_release binding=KEY_A,keycode=38
155011 inject_release keycode=38
155011 keyboard_release_suppressed reason=not_pressed_or_sticky,keycode=38
155027 binding_press binding=KEY_W,keycode=25
155027 inject_press keycode=25,keysym=0
155027 keyboard_press_suppressed reason=already_pressed,keycode=25
155027 binding_release binding=KEY_D,keycode=40
155028 inject_release keycode=40
155028 keyboard_release_suppressed reason=not_pressed_or_sticky,keycode=40
155028 binding_release binding=KEY_S,keycode=39
155028 inject_release keycode=39
155028 keyboard_release_suppressed reason=not_pressed_or_sticky,keycode=39
155028 binding_release binding=KEY_A,keycode=38
155028 inject_release keycode=38
155028 keyboard_release_suppressed reason=not_pressed_or_sticky,keycode=38
155044 binding_press binding=KEY_W,keycode=25
155044 inject_press keycode=25,keysym=0
155044 keyboard_press_suppressed reason=already_pressed,keycode=25
155044 binding_release binding=KEY_D,keycode=40
155044 inject_release keycode=40
155044 keyboard_release_suppressed reason=not_pressed_or_sticky,keycode=40
155044 binding_release binding=KEY_S,keycode=39
155044 inject_release keycode=39
155044 keyboard_release_suppressed reason=not_pressed_or_sticky,keycode=39
155044 binding_release binding=KEY_A,keycode=38
155044 inject_release keycode=38
155045 keyboard_release_suppressed reason=not_pressed_or_sticky,keycode=38
155077 binding_press binding=KEY_W,keycode=25
155077 inject_press keycode=25,keysym=0
155078 keyboard_press_suppressed reason=already_pressed,keycode=25
155078 binding_release binding=KEY_D,keycode=40
155078 inject_release keycode=40
155078 keyboard_release_suppressed reason=not_pressed_or_sticky,keycode=40
155078 binding_release binding=KEY_S,keycode=39
155078 inject_release keycode=39
155078 keyboard_release_suppressed reason=not_pressed_or_sticky,keycode=39
155078 binding_release binding=KEY_A,keycode=38
155078 inject_release keycode=38
155078 keyboard_release_suppressed reason=not_pressed_or_sticky,keycode=38
155127 binding_press binding=KEY_W,keycode=25
155127 inject_press keycode=25,keysym=0
155127 keyboard_press_suppressed reason=already_pressed,keycode=25
155127 binding_release binding=KEY_D,keycode=40
155127 inject_release keycode=40
155127 keyboard_release_suppressed reason=not_pressed_or_sticky,keycode=40
155127 binding_release binding=KEY_S,keycode=39
155127 inject_release keycode=39
155127 keyboard_release_suppressed reason=not_pressed_or_sticky,keycode=39
155127 binding_release binding=KEY_A,keycode=38
155127 inject_release keycode=38
155127 keyboard_release_suppressed reason=not_pressed_or_sticky,keycode=38
155160 binding_press binding=KEY_W,keycode=25
155160 inject_press keycode=25,keysym=0
155160 keyboard_press_suppressed reason=already_pressed,keycode=25
155160 binding_release binding=KEY_D,keycode=40
155160 inject_release keycode=40
155160 keyboard_release_suppressed reason=not_pressed_or_sticky,keycode=40
155160 binding_release binding=KEY_S,keycode=39
155160 inject_release keycode=39
155160 keyboard_release_suppressed reason=not_pressed_or_sticky,keycode=39
155160 binding_release binding=KEY_A,keycode=38
155160 inject_release keycode=38
155160 keyboard_release_suppressed reason=not_pressed_or_sticky,keycode=38
155167 binding_press binding=KEY_W,keycode=25
155167 inject_press keycode=25,keysym=0
155167 keyboard_press_suppressed reason=already_pressed,keycode=25
155167 binding_release binding=KEY_D,keycode=40
155168 inject_release keycode=40
155168 keyboard_release_suppressed reason=not_pressed_or_sticky,keycode=40
155168 binding_release binding=KEY_S,keycode=39
155168 inject_release keycode=39
155168 keyboard_release_suppressed reason=not_pressed_or_sticky,keycode=39
155168 binding_release binding=KEY_A,keycode=38
155168 inject_release keycode=38
155168 keyboard_release_suppressed reason=not_pressed_or_sticky,keycode=38
155168 binding_release binding=KEY_W,keycode=25
155168 inject_release keycode=25
155168 key_release_received keycode=25,focus={id=29360133,parent=25165831,name=Stardew Valley,class=stardew valley.exe,mapped=true,viewable=true,enabled=true,renderable=true,surface=false,application=true,keyPress=true,keyRelease=true},point={id=16777246,parent=29360133,name=,class=,mapped=true,viewable=true,enabled=true,renderable=true,surface=false,application=false,keyPress=false,keyRelease=false}
155169 key_release_ancestor_target target={id=29360133,parent=25165831,name=Stardew Valley,class=stardew valley.exe,mapped=true,viewable=true,enabled=true,renderable=true,surface=false,application=true,keyPress=true,keyRelease=true}
155169 key_release_sent keycode=25,target={id=29360133,parent=25165831,name=Stardew Valley,class=stardew valley.exe,mapped=true,viewable=true,enabled=true,renderable=true,surface=false,application=true,keyPress=true,keyRelease=true}
155169 winhandler_keyboard_queued vkey=87,flags=2
155169 winhandler_keyboard_packet vkey=87,flags=2,sent=true
155800 binding_press binding=KEY_W,keycode=25
155800 inject_press keycode=25,keysym=0
155800 key_press_received keycode=25,keysym=0,focus={id=29360133,parent=25165831,name=Stardew Valley,class=stardew valley.exe,mapped=true,viewable=true,enabled=true,renderable=true,surface=false,application=true,keyPress=true,keyRelease=true},point={id=16777246,parent=29360133,name=,class=,mapped=true,viewable=true,enabled=true,renderable=true,surface=false,application=false,keyPress=false,keyRelease=false}
155800 key_press_ancestor_target target={id=29360133,parent=25165831,name=Stardew Valley,class=stardew valley.exe,mapped=true,viewable=true,enabled=true,renderable=true,surface=false,application=true,keyPress=true,keyRelease=true}
155800 key_press_sent keycode=25,target={id=29360133,parent=25165831,name=Stardew Valley,class=stardew valley.exe,mapped=true,viewable=true,enabled=true,renderable=true,surface=false,application=true,keyPress=true,keyRelease=true}
155801 winhandler_keyboard_queued vkey=87,flags=0
155801 binding_release binding=KEY_D,keycode=40
155801 inject_release keycode=40
155801 keyboard_release_suppressed reason=not_pressed_or_sticky,keycode=40
155801 binding_release binding=KEY_S,keycode=39
155801 inject_release keycode=39
155801 keyboard_release_suppressed reason=not_pressed_or_sticky,keycode=39
155801 winhandler_keyboard_packet vkey=87,flags=0,sent=true
155801 binding_release binding=KEY_A,keycode=38
155801 inject_release keycode=38
155801 keyboard_release_suppressed reason=not_pressed_or_sticky,keycode=38
155808 binding_press binding=KEY_W,keycode=25
155809 inject_press keycode=25,keysym=0
155809 keyboard_press_suppressed reason=already_pressed,keycode=25
155809 binding_release binding=KEY_D,keycode=40
155809 inject_release keycode=40
155809 keyboard_release_suppressed reason=not_pressed_or_sticky,keycode=40
155809 binding_release binding=KEY_S,keycode=39
155809 inject_release keycode=39
155809 keyboard_release_suppressed reason=not_pressed_or_sticky,keycode=39
155809 binding_release binding=KEY_A,keycode=38
155809 inject_release keycode=38
155809 keyboard_release_suppressed reason=not_pressed_or_sticky,keycode=38
155841 binding_press binding=KEY_W,keycode=25
155841 inject_press keycode=25,keysym=0
155841 keyboard_press_suppressed reason=already_pressed,keycode=25
155841 binding_release binding=KEY_D,keycode=40
155841 inject_release keycode=40
155841 keyboard_release_suppressed reason=not_pressed_or_sticky,keycode=40
155841 binding_release binding=KEY_S,keycode=39
155841 inject_release keycode=39
155841 keyboard_release_suppressed reason=not_pressed_or_sticky,keycode=39
155841 binding_release binding=KEY_A,keycode=38
155841 inject_release keycode=38
155841 keyboard_release_suppressed reason=not_pressed_or_sticky,keycode=38
155925 binding_press binding=KEY_W,keycode=25
155925 inject_press keycode=25,keysym=0
155925 keyboard_press_suppressed reason=already_pressed,keycode=25
155925 binding_release binding=KEY_D,keycode=40
155925 inject_release keycode=40
155925 keyboard_release_suppressed reason=not_pressed_or_sticky,keycode=40
155925 binding_release binding=KEY_S,keycode=39
155925 inject_release keycode=39
155925 keyboard_release_suppressed reason=not_pressed_or_sticky,keycode=39
155925 binding_release binding=KEY_A,keycode=38
155925 inject_release keycode=38
155925 keyboard_release_suppressed reason=not_pressed_or_sticky,keycode=38
155991 binding_press binding=KEY_W,keycode=25
155991 inject_press keycode=25,keysym=0
155991 keyboard_press_suppressed reason=already_pressed,keycode=25
155991 binding_release binding=KEY_D,keycode=40
155991 inject_release keycode=40
155991 keyboard_release_suppressed reason=not_pressed_or_sticky,keycode=40
155991 binding_release binding=KEY_S,keycode=39
155991 inject_release keycode=39
155991 keyboard_release_suppressed reason=not_pressed_or_sticky,keycode=39
155991 binding_release binding=KEY_A,keycode=38
155991 inject_release keycode=38
155991 keyboard_release_suppressed reason=not_pressed_or_sticky,keycode=38
156041 binding_press binding=KEY_W,keycode=25
156041 inject_press keycode=25,keysym=0
156041 keyboard_press_suppressed reason=already_pressed,keycode=25
156041 binding_release binding=KEY_D,keycode=40
156041 inject_release keycode=40
156041 keyboard_release_suppressed reason=not_pressed_or_sticky,keycode=40
156041 binding_release binding=KEY_S,keycode=39
156041 inject_release keycode=39
156041 keyboard_release_suppressed reason=not_pressed_or_sticky,keycode=39
156041 binding_release binding=KEY_A,keycode=38
156041 inject_release keycode=38
156041 keyboard_release_suppressed reason=not_pressed_or_sticky,keycode=38
156057 binding_press binding=KEY_W,keycode=25
156057 inject_press keycode=25,keysym=0
156057 keyboard_press_suppressed reason=already_pressed,keycode=25
156058 binding_release binding=KEY_D,keycode=40
156058 inject_release keycode=40
156058 keyboard_release_suppressed reason=not_pressed_or_sticky,keycode=40
156058 binding_release binding=KEY_S,keycode=39
156058 inject_release keycode=39
156058 keyboard_release_suppressed reason=not_pressed_or_sticky,keycode=39
156058 binding_release binding=KEY_A,keycode=38
156058 inject_release keycode=38
156058 keyboard_release_suppressed reason=not_pressed_or_sticky,keycode=38
156073 binding_press binding=KEY_W,keycode=25
156074 inject_press keycode=25,keysym=0
156074 keyboard_press_suppressed reason=already_pressed,keycode=25
156074 binding_release binding=KEY_D,keycode=40
156074 inject_release keycode=40
156074 keyboard_release_suppressed reason=not_pressed_or_sticky,keycode=40
156074 binding_release binding=KEY_S,keycode=39
156074 inject_release keycode=39
156074 keyboard_release_suppressed reason=not_pressed_or_sticky,keycode=39
156074 binding_release binding=KEY_A,keycode=38
156074 inject_release keycode=38
156074 keyboard_release_suppressed reason=not_pressed_or_sticky,keycode=38
156090 binding_press binding=KEY_W,keycode=25
156091 inject_press keycode=25,keysym=0
156091 keyboard_press_suppressed reason=already_pressed,keycode=25
156091 binding_release binding=KEY_D,keycode=40
156091 inject_release keycode=40
156091 keyboard_release_suppressed reason=not_pressed_or_sticky,keycode=40
156091 binding_release binding=KEY_S,keycode=39
156091 inject_release keycode=39
156091 keyboard_release_suppressed reason=not_pressed_or_sticky,keycode=39
156091 binding_release binding=KEY_A,keycode=38
156091 inject_release keycode=38
156091 keyboard_release_suppressed reason=not_pressed_or_sticky,keycode=38
156173 binding_press binding=KEY_W,keycode=25
156174 inject_press keycode=25,keysym=0
156174 keyboard_press_suppressed reason=already_pressed,keycode=25
156174 binding_release binding=KEY_D,keycode=40
156174 inject_release keycode=40
156174 keyboard_release_suppressed reason=not_pressed_or_sticky,keycode=40
156174 binding_release binding=KEY_S,keycode=39
156174 inject_release keycode=39
156174 keyboard_release_suppressed reason=not_pressed_or_sticky,keycode=39
156174 binding_release binding=KEY_A,keycode=38
156174 inject_release keycode=38
156174 keyboard_release_suppressed reason=not_pressed_or_sticky,keycode=38
156257 binding_press binding=KEY_W,keycode=25
156257 inject_press keycode=25,keysym=0
156257 keyboard_press_suppressed reason=already_pressed,keycode=25
156257 binding_release binding=KEY_D,keycode=40
156257 inject_release keycode=40
156257 keyboard_release_suppressed reason=not_pressed_or_sticky,keycode=40
156257 binding_release binding=KEY_S,keycode=39
156257 inject_release keycode=39
156257 keyboard_release_suppressed reason=not_pressed_or_sticky,keycode=39
156257 binding_release binding=KEY_A,keycode=38
156257 inject_release keycode=38
156257 keyboard_release_suppressed reason=not_pressed_or_sticky,keycode=38
156273 binding_press binding=KEY_W,keycode=25
156273 inject_press keycode=25,keysym=0
156273 keyboard_press_suppressed reason=already_pressed,keycode=25
156274 binding_release binding=KEY_D,keycode=40
156274 inject_release keycode=40
156274 keyboard_release_suppressed reason=not_pressed_or_sticky,keycode=40
156274 binding_release binding=KEY_S,keycode=39
156274 inject_release keycode=39
156274 keyboard_release_suppressed reason=not_pressed_or_sticky,keycode=39
156274 binding_release binding=KEY_A,keycode=38
156274 inject_release keycode=38
156274 keyboard_release_suppressed reason=not_pressed_or_sticky,keycode=38
156290 binding_press binding=KEY_W,keycode=25
156290 inject_press keycode=25,keysym=0
156290 keyboard_press_suppressed reason=already_pressed,keycode=25
156290 binding_release binding=KEY_D,keycode=40
156290 inject_release keycode=40
156290 keyboard_release_suppressed reason=not_pressed_or_sticky,keycode=40
156290 binding_release binding=KEY_S,keycode=39
156290 inject_release keycode=39
156290 keyboard_release_suppressed reason=not_pressed_or_sticky,keycode=39
156290 binding_release binding=KEY_A,keycode=38
156290 inject_release keycode=38
156290 keyboard_release_suppressed reason=not_pressed_or_sticky,keycode=38
156306 binding_press binding=KEY_W,keycode=25
156306 inject_press keycode=25,keysym=0
156306 keyboard_press_suppressed reason=already_pressed,keycode=25
156306 binding_release binding=KEY_D,keycode=40
156306 inject_release keycode=40
156306 keyboard_release_suppressed reason=not_pressed_or_sticky,keycode=40
156306 binding_release binding=KEY_S,keycode=39
156306 inject_release keycode=39
156306 keyboard_release_suppressed reason=not_pressed_or_sticky,keycode=39
156306 binding_release binding=KEY_A,keycode=38
156307 inject_release keycode=38
156307 keyboard_release_suppressed reason=not_pressed_or_sticky,keycode=38
156323 binding_press binding=KEY_W,keycode=25
156323 inject_press keycode=25,keysym=0
156323 keyboard_press_suppressed reason=already_pressed,keycode=25
156323 binding_release binding=KEY_D,keycode=40
156323 inject_release keycode=40
156323 keyboard_release_suppressed reason=not_pressed_or_sticky,keycode=40
156323 binding_release binding=KEY_S,keycode=39
156323 inject_release keycode=39
156323 keyboard_release_suppressed reason=not_pressed_or_sticky,keycode=39
156323 binding_release binding=KEY_A,keycode=38
156323 inject_release keycode=38
156323 keyboard_release_suppressed reason=not_pressed_or_sticky,keycode=38
156339 binding_press binding=KEY_W,keycode=25
156340 inject_press keycode=25,keysym=0
156340 keyboard_press_suppressed reason=already_pressed,keycode=25
156340 binding_release binding=KEY_D,keycode=40
156340 inject_release keycode=40
156340 keyboard_release_suppressed reason=not_pressed_or_sticky,keycode=40
156340 binding_release binding=KEY_S,keycode=39
156340 inject_release keycode=39
156340 keyboard_release_suppressed reason=not_pressed_or_sticky,keycode=39
156340 binding_release binding=KEY_A,keycode=38
156340 inject_release keycode=38
156340 keyboard_release_suppressed reason=not_pressed_or_sticky,keycode=38
156356 binding_press binding=KEY_W,keycode=25
156356 inject_press keycode=25,keysym=0
156356 keyboard_press_suppressed reason=already_pressed,keycode=25
156356 binding_release binding=KEY_D,keycode=40
156357 inject_release keycode=40
156357 keyboard_release_suppressed reason=not_pressed_or_sticky,keycode=40
156357 binding_release binding=KEY_S,keycode=39
156357 inject_release keycode=39
156357 keyboard_release_suppressed reason=not_pressed_or_sticky,keycode=39
156357 binding_release binding=KEY_A,keycode=38
156357 inject_release keycode=38
156357 keyboard_release_suppressed reason=not_pressed_or_sticky,keycode=38
156373 binding_press binding=KEY_W,keycode=25
156373 inject_press keycode=25,keysym=0
156373 keyboard_press_suppressed reason=already_pressed,keycode=25
156373 binding_release binding=KEY_D,keycode=40
156373 inject_release keycode=40
156373 keyboard_release_suppressed reason=not_pressed_or_sticky,keycode=40
156373 binding_release binding=KEY_S,keycode=39
156373 inject_release keycode=39
156373 keyboard_release_suppressed reason=not_pressed_or_sticky,keycode=39
156373 binding_release binding=KEY_A,keycode=38
156373 inject_release keycode=38
156373 keyboard_release_suppressed reason=not_pressed_or_sticky,keycode=38
156389 binding_press binding=KEY_W,keycode=25
156389 inject_press keycode=25,keysym=0
156389 keyboard_press_suppressed reason=already_pressed,keycode=25
156389 binding_release binding=KEY_D,keycode=40
156390 inject_release keycode=40
156390 keyboard_release_suppressed reason=not_pressed_or_sticky,keycode=40
156390 binding_release binding=KEY_S,keycode=39
156390 inject_release keycode=39
156390 keyboard_release_suppressed reason=not_pressed_or_sticky,keycode=39
156390 binding_release binding=KEY_A,keycode=38
156390 inject_release keycode=38
156390 keyboard_release_suppressed reason=not_pressed_or_sticky,keycode=38
156406 binding_press binding=KEY_W,keycode=25
156406 inject_press keycode=25,keysym=0
156406 keyboard_press_suppressed reason=already_pressed,keycode=25
156406 binding_release binding=KEY_D,keycode=40
156406 inject_release keycode=40
156406 keyboard_release_suppressed reason=not_pressed_or_sticky,keycode=40
156406 binding_release binding=KEY_S,keycode=39
156406 inject_release keycode=39
156406 keyboard_release_suppressed reason=not_pressed_or_sticky,keycode=39
156406 binding_release binding=KEY_A,keycode=38
156406 inject_release keycode=38
156406 keyboard_release_suppressed reason=not_pressed_or_sticky,keycode=38
156423 binding_press binding=KEY_W,keycode=25
156423 inject_press keycode=25,keysym=0
156423 keyboard_press_suppressed reason=already_pressed,keycode=25
156423 binding_release binding=KEY_D,keycode=40
156423 inject_release keycode=40
156423 keyboard_release_suppressed reason=not_pressed_or_sticky,keycode=40
156423 binding_release binding=KEY_S,keycode=39
156423 inject_release keycode=39
156423 keyboard_release_suppressed reason=not_pressed_or_sticky,keycode=39
156423 binding_release binding=KEY_A,keycode=38
156423 inject_release keycode=38
156423 keyboard_release_suppressed reason=not_pressed_or_sticky,keycode=38
156456 binding_press binding=KEY_W,keycode=25
156456 inject_press keycode=25,keysym=0
156456 keyboard_press_suppressed reason=already_pressed,keycode=25
156456 binding_release binding=KEY_D,keycode=40
156456 inject_release keycode=40
156456 keyboard_release_suppressed reason=not_pressed_or_sticky,keycode=40
156456 binding_release binding=KEY_S,keycode=39
156456 inject_release keycode=39
156456 keyboard_release_suppressed reason=not_pressed_or_sticky,keycode=39
156456 binding_release binding=KEY_A,keycode=38
156456 inject_release keycode=38
156456 keyboard_release_suppressed reason=not_pressed_or_sticky,keycode=38
156472 binding_press binding=KEY_W,keycode=25
156472 inject_press keycode=25,keysym=0
156472 keyboard_press_suppressed reason=already_pressed,keycode=25
156472 binding_release binding=KEY_D,keycode=40
156473 inject_release keycode=40
156473 keyboard_release_suppressed reason=not_pressed_or_sticky,keycode=40
156473 binding_release binding=KEY_S,keycode=39
156473 inject_release keycode=39
156473 keyboard_release_suppressed reason=not_pressed_or_sticky,keycode=39
156473 binding_release binding=KEY_A,keycode=38
156473 inject_release keycode=38
156473 keyboard_release_suppressed reason=not_pressed_or_sticky,keycode=38
156489 binding_press binding=KEY_W,keycode=25
156489 inject_press keycode=25,keysym=0
156489 keyboard_press_suppressed reason=already_pressed,keycode=25
156489 binding_release binding=KEY_D,keycode=40
156489 inject_release keycode=40
156489 keyboard_release_suppressed reason=not_pressed_or_sticky,keycode=40
156489 binding_release binding=KEY_S,keycode=39
156489 inject_release keycode=39
156489 keyboard_release_suppressed reason=not_pressed_or_sticky,keycode=39
156489 binding_release binding=KEY_A,keycode=38
156489 inject_release keycode=38
156489 keyboard_release_suppressed reason=not_pressed_or_sticky,keycode=38
156505 binding_press binding=KEY_W,keycode=25
156505 inject_press keycode=25,keysym=0
156506 keyboard_press_suppressed reason=already_pressed,keycode=25
156506 binding_release binding=KEY_D,keycode=40
156506 inject_release keycode=40
156506 keyboard_release_suppressed reason=not_pressed_or_sticky,keycode=40
156506 binding_release binding=KEY_S,keycode=39
156506 inject_release keycode=39
156506 keyboard_release_suppressed reason=not_pressed_or_sticky,keycode=39
156506 binding_release binding=KEY_A,keycode=38
156506 inject_release keycode=38
156506 keyboard_release_suppressed reason=not_pressed_or_sticky,keycode=38
156522 binding_press binding=KEY_W,keycode=25
156522 inject_press keycode=25,keysym=0
156522 keyboard_press_suppressed reason=already_pressed,keycode=25
156522 binding_release binding=KEY_D,keycode=40
156522 inject_release keycode=40
156522 keyboard_release_suppressed reason=not_pressed_or_sticky,keycode=40
156522 binding_release binding=KEY_S,keycode=39
156522 inject_release keycode=39
156522 keyboard_release_suppressed reason=not_pressed_or_sticky,keycode=39
156523 binding_release binding=KEY_A,keycode=38
156523 inject_release keycode=38
156523 keyboard_release_suppressed reason=not_pressed_or_sticky,keycode=38
156539 binding_press binding=KEY_W,keycode=25
156539 inject_press keycode=25,keysym=0
156539 keyboard_press_suppressed reason=already_pressed,keycode=25
156539 binding_release binding=KEY_D,keycode=40
156539 inject_release keycode=40
156539 keyboard_release_suppressed reason=not_pressed_or_sticky,keycode=40
156539 binding_release binding=KEY_S,keycode=39
156539 inject_release keycode=39
156539 keyboard_release_suppressed reason=not_pressed_or_sticky,keycode=39
156539 binding_release binding=KEY_A,keycode=38
156539 inject_release keycode=38
156539 keyboard_release_suppressed reason=not_pressed_or_sticky,keycode=38
156556 binding_press binding=KEY_W,keycode=25
156556 inject_press keycode=25,keysym=0
156556 keyboard_press_suppressed reason=already_pressed,keycode=25
156556 binding_release binding=KEY_D,keycode=40
156556 inject_release keycode=40
156556 keyboard_release_suppressed reason=not_pressed_or_sticky,keycode=40
156556 binding_release binding=KEY_S,keycode=39
156556 inject_release keycode=39
156556 keyboard_release_suppressed reason=not_pressed_or_sticky,keycode=39
156556 binding_release binding=KEY_A,keycode=38
156556 inject_release keycode=38
156556 keyboard_release_suppressed reason=not_pressed_or_sticky,keycode=38
156572 binding_press binding=KEY_W,keycode=25
156572 inject_press keycode=25,keysym=0
156572 keyboard_press_suppressed reason=already_pressed,keycode=25
156572 binding_release binding=KEY_D,keycode=40
156572 inject_release keycode=40
156573 keyboard_release_suppressed reason=not_pressed_or_sticky,keycode=40
156573 binding_release binding=KEY_S,keycode=39
156573 inject_release keycode=39
156573 keyboard_release_suppressed reason=not_pressed_or_sticky,keycode=39
156573 binding_release binding=KEY_A,keycode=38
156573 inject_release keycode=38
156573 keyboard_release_suppressed reason=not_pressed_or_sticky,keycode=38
156605 binding_press binding=KEY_W,keycode=25
156606 inject_press keycode=25,keysym=0
156606 keyboard_press_suppressed reason=already_pressed,keycode=25
156606 binding_release binding=KEY_D,keycode=40
156606 inject_release keycode=40
156606 keyboard_release_suppressed reason=not_pressed_or_sticky,keycode=40
156606 binding_release binding=KEY_S,keycode=39
156606 inject_release keycode=39
156606 keyboard_release_suppressed reason=not_pressed_or_sticky,keycode=39
156606 binding_release binding=KEY_A,keycode=38
156606 inject_release keycode=38
156606 keyboard_release_suppressed reason=not_pressed_or_sticky,keycode=38
156638 binding_press binding=KEY_W,keycode=25
156638 inject_press keycode=25,keysym=0
156638 keyboard_press_suppressed reason=already_pressed,keycode=25
156639 binding_release binding=KEY_D,keycode=40
156639 inject_release keycode=40
156639 keyboard_release_suppressed reason=not_pressed_or_sticky,keycode=40
156639 binding_release binding=KEY_S,keycode=39
156639 inject_release keycode=39
156639 keyboard_release_suppressed reason=not_pressed_or_sticky,keycode=39
156639 binding_release binding=KEY_A,keycode=38
156639 inject_release keycode=38
156639 keyboard_release_suppressed reason=not_pressed_or_sticky,keycode=38
156655 binding_press binding=KEY_W,keycode=25
156655 inject_press keycode=25,keysym=0
156655 keyboard_press_suppressed reason=already_pressed,keycode=25
156655 binding_release binding=KEY_D,keycode=40
156655 inject_release keycode=40
156655 keyboard_release_suppressed reason=not_pressed_or_sticky,keycode=40
156655 binding_release binding=KEY_S,keycode=39
156655 inject_release keycode=39
156655 keyboard_release_suppressed reason=not_pressed_or_sticky,keycode=39
156655 binding_release binding=KEY_A,keycode=38
156655 inject_release keycode=38
156655 keyboard_release_suppressed reason=not_pressed_or_sticky,keycode=38
156671 binding_press binding=KEY_W,keycode=25
156672 inject_press keycode=25,keysym=0
156672 keyboard_press_suppressed reason=already_pressed,keycode=25
156672 binding_release binding=KEY_D,keycode=40
156672 inject_release keycode=40
156672 keyboard_release_suppressed reason=not_pressed_or_sticky,keycode=40
156672 binding_release binding=KEY_S,keycode=39
156672 inject_release keycode=39
156672 keyboard_release_suppressed reason=not_pressed_or_sticky,keycode=39
156672 binding_release binding=KEY_A,keycode=38
156672 inject_release keycode=38
156672 keyboard_release_suppressed reason=not_pressed_or_sticky,keycode=38
156689 binding_press binding=KEY_W,keycode=25
156689 inject_press keycode=25,keysym=0
156689 keyboard_press_suppressed reason=already_pressed,keycode=25
156689 binding_release binding=KEY_D,keycode=40
156689 inject_release keycode=40
156689 keyboard_release_suppressed reason=not_pressed_or_sticky,keycode=40
156689 binding_release binding=KEY_S,keycode=39
156689 inject_release keycode=39
156689 keyboard_release_suppressed reason=not_pressed_or_sticky,keycode=39
156689 binding_release binding=KEY_A,keycode=38
156689 inject_release keycode=38
156689 keyboard_release_suppressed reason=not_pressed_or_sticky,keycode=38
156705 binding_press binding=KEY_W,keycode=25
156705 inject_press keycode=25,keysym=0
156705 keyboard_press_suppressed reason=already_pressed,keycode=25
156705 binding_release binding=KEY_D,keycode=40
156705 inject_release keycode=40
156705 keyboard_release_suppressed reason=not_pressed_or_sticky,keycode=40
156705 binding_release binding=KEY_S,keycode=39
156705 inject_release keycode=39
156705 keyboard_release_suppressed reason=not_pressed_or_sticky,keycode=39
156705 binding_release binding=KEY_A,keycode=38
156705 inject_release keycode=38
156705 keyboard_release_suppressed reason=not_pressed_or_sticky,keycode=38
156722 binding_press binding=KEY_W,keycode=25
156722 inject_press keycode=25,keysym=0
156722 keyboard_press_suppressed reason=already_pressed,keycode=25
156722 binding_release binding=KEY_D,keycode=40
156722 inject_release keycode=40
156722 keyboard_release_suppressed reason=not_pressed_or_sticky,keycode=40
156722 binding_release binding=KEY_S,keycode=39
156722 inject_release keycode=39
156722 keyboard_release_suppressed reason=not_pressed_or_sticky,keycode=39
156722 binding_release binding=KEY_A,keycode=38
156722 inject_release keycode=38
156722 keyboard_release_suppressed reason=not_pressed_or_sticky,keycode=38
156738 binding_press binding=KEY_W,keycode=25
156738 inject_press keycode=25,keysym=0
156738 keyboard_press_suppressed reason=already_pressed,keycode=25
156738 binding_release binding=KEY_D,keycode=40
156738 inject_release keycode=40
156738 keyboard_release_suppressed reason=not_pressed_or_sticky,keycode=40
156738 binding_release binding=KEY_S,keycode=39
156739 inject_release keycode=39
156739 keyboard_release_suppressed reason=not_pressed_or_sticky,keycode=39
156739 binding_release binding=KEY_A,keycode=38
156739 inject_release keycode=38
156739 keyboard_release_suppressed reason=not_pressed_or_sticky,keycode=38
156755 binding_press binding=KEY_W,keycode=25
156755 inject_press keycode=25,keysym=0
156755 keyboard_press_suppressed reason=already_pressed,keycode=25
156755 binding_release binding=KEY_D,keycode=40
156755 inject_release keycode=40
156755 keyboard_release_suppressed reason=not_pressed_or_sticky,keycode=40
156755 binding_release binding=KEY_S,keycode=39
156755 inject_release keycode=39
156755 keyboard_release_suppressed reason=not_pressed_or_sticky,keycode=39
156755 binding_release binding=KEY_A,keycode=38
156755 inject_release keycode=38
156755 keyboard_release_suppressed reason=not_pressed_or_sticky,keycode=38
156771 binding_press binding=KEY_W,keycode=25
156771 inject_press keycode=25,keysym=0
156771 keyboard_press_suppressed reason=already_pressed,keycode=25
156772 binding_release binding=KEY_D,keycode=40
156772 inject_release keycode=40
156772 keyboard_release_suppressed reason=not_pressed_or_sticky,keycode=40
156772 binding_release binding=KEY_S,keycode=39
156772 inject_release keycode=39
156772 keyboard_release_suppressed reason=not_pressed_or_sticky,keycode=39
156772 binding_release binding=KEY_A,keycode=38
156772 inject_release keycode=38
156772 keyboard_release_suppressed reason=not_pressed_or_sticky,keycode=38
156788 binding_press binding=KEY_W,keycode=25
156788 inject_press keycode=25,keysym=0
156788 keyboard_press_suppressed reason=already_pressed,keycode=25
156788 binding_release binding=KEY_D,keycode=40
156788 inject_release keycode=40
156788 keyboard_release_suppressed reason=not_pressed_or_sticky,keycode=40
156788 binding_release binding=KEY_S,keycode=39
156788 inject_release keycode=39
156788 keyboard_release_suppressed reason=not_pressed_or_sticky,keycode=39
156788 binding_release binding=KEY_A,keycode=38
156788 inject_release keycode=38
156788 keyboard_release_suppressed reason=not_pressed_or_sticky,keycode=38
156804 binding_press binding=KEY_W,keycode=25
156805 inject_press keycode=25,keysym=0
156805 keyboard_press_suppressed reason=already_pressed,keycode=25
156805 binding_release binding=KEY_D,keycode=40
156805 inject_release keycode=40
156805 keyboard_release_suppressed reason=not_pressed_or_sticky,keycode=40
156805 binding_release binding=KEY_S,keycode=39
156805 inject_release keycode=39
156805 keyboard_release_suppressed reason=not_pressed_or_sticky,keycode=39
156805 binding_release binding=KEY_A,keycode=38
156805 inject_release keycode=38
156805 keyboard_release_suppressed reason=not_pressed_or_sticky,keycode=38
156821 binding_press binding=KEY_W,keycode=25
156821 inject_press keycode=25,keysym=0
156821 keyboard_press_suppressed reason=already_pressed,keycode=25
156821 binding_release binding=KEY_D,keycode=40
156821 inject_release keycode=40
156821 keyboard_release_suppressed reason=not_pressed_or_sticky,keycode=40
156821 binding_release binding=KEY_S,keycode=39
156821 inject_release keycode=39
156821 keyboard_release_suppressed reason=not_pressed_or_sticky,keycode=39
156821 binding_release binding=KEY_A,keycode=38
156821 inject_release keycode=38
156821 keyboard_release_suppressed reason=not_pressed_or_sticky,keycode=38
156854 binding_press binding=KEY_W,keycode=25
156855 inject_press keycode=25,keysym=0
156855 keyboard_press_suppressed reason=already_pressed,keycode=25
156855 binding_release binding=KEY_D,keycode=40
156855 inject_release keycode=40
156855 keyboard_release_suppressed reason=not_pressed_or_sticky,keycode=40
156855 binding_release binding=KEY_S,keycode=39
156855 inject_release keycode=39
156855 keyboard_release_suppressed reason=not_pressed_or_sticky,keycode=39
156855 binding_release binding=KEY_A,keycode=38
156855 inject_release keycode=38
156855 keyboard_release_suppressed reason=not_pressed_or_sticky,keycode=38
156888 binding_press binding=KEY_W,keycode=25
156888 inject_press keycode=25,keysym=0
156888 keyboard_press_suppressed reason=already_pressed,keycode=25
156888 binding_release binding=KEY_D,keycode=40
156888 inject_release keycode=40
156888 keyboard_release_suppressed reason=not_pressed_or_sticky,keycode=40
156888 binding_release binding=KEY_S,keycode=39
156888 inject_release keycode=39
156888 keyboard_release_suppressed reason=not_pressed_or_sticky,keycode=39
156888 binding_release binding=KEY_A,keycode=38
156888 inject_release keycode=38
156888 keyboard_release_suppressed reason=not_pressed_or_sticky,keycode=38
156904 binding_press binding=KEY_W,keycode=25
156905 inject_press keycode=25,keysym=0
156905 keyboard_press_suppressed reason=already_pressed,keycode=25
156905 binding_release binding=KEY_D,keycode=40
156905 inject_release keycode=40
156905 keyboard_release_suppressed reason=not_pressed_or_sticky,keycode=40
156905 binding_release binding=KEY_S,keycode=39
156905 inject_release keycode=39
156905 keyboard_release_suppressed reason=not_pressed_or_sticky,keycode=39
156905 binding_release binding=KEY_A,keycode=38
156905 inject_release keycode=38
156905 keyboard_release_suppressed reason=not_pressed_or_sticky,keycode=38
156921 binding_press binding=KEY_W,keycode=25
156921 inject_press keycode=25,keysym=0
156921 keyboard_press_suppressed reason=already_pressed,keycode=25
156921 binding_release binding=KEY_D,keycode=40
156921 inject_release keycode=40
156921 keyboard_release_suppressed reason=not_pressed_or_sticky,keycode=40
156921 binding_release binding=KEY_S,keycode=39
156921 inject_release keycode=39
156921 keyboard_release_suppressed reason=not_pressed_or_sticky,keycode=39
156921 binding_release binding=KEY_A,keycode=38
156921 inject_release keycode=38
156921 keyboard_release_suppressed reason=not_pressed_or_sticky,keycode=38
156937 binding_press binding=KEY_W,keycode=25
156938 inject_press keycode=25,keysym=0
156938 keyboard_press_suppressed reason=already_pressed,keycode=25
156938 binding_release binding=KEY_D,keycode=40
156938 inject_release keycode=40
156938 keyboard_release_suppressed reason=not_pressed_or_sticky,keycode=40
156938 binding_release binding=KEY_S,keycode=39
156938 inject_release keycode=39
156938 keyboard_release_suppressed reason=not_pressed_or_sticky,keycode=39
156938 binding_release binding=KEY_A,keycode=38
156938 inject_release keycode=38
156938 keyboard_release_suppressed reason=not_pressed_or_sticky,keycode=38
156954 binding_press binding=KEY_W,keycode=25
156954 inject_press keycode=25,keysym=0
156954 keyboard_press_suppressed reason=already_pressed,keycode=25
156954 binding_release binding=KEY_D,keycode=40
156954 inject_release keycode=40
156954 keyboard_release_suppressed reason=not_pressed_or_sticky,keycode=40
156954 binding_release binding=KEY_S,keycode=39
156954 inject_release keycode=39
156954 keyboard_release_suppressed reason=not_pressed_or_sticky,keycode=39
156954 binding_release binding=KEY_A,keycode=38
156954 inject_release keycode=38
156954 keyboard_release_suppressed reason=not_pressed_or_sticky,keycode=38
156971 binding_press binding=KEY_W,keycode=25
156971 inject_press keycode=25,keysym=0
156971 keyboard_press_suppressed reason=already_pressed,keycode=25
156971 binding_release binding=KEY_D,keycode=40
156971 inject_release keycode=40
156971 keyboard_release_suppressed reason=not_pressed_or_sticky,keycode=40
156971 binding_release binding=KEY_S,keycode=39
156971 inject_release keycode=39
156971 keyboard_release_suppressed reason=not_pressed_or_sticky,keycode=39
156971 binding_release binding=KEY_A,keycode=38
156971 inject_release keycode=38
156971 keyboard_release_suppressed reason=not_pressed_or_sticky,keycode=38
156985 binding_press binding=KEY_W,keycode=25
156985 inject_press keycode=25,keysym=0
156985 keyboard_press_suppressed reason=already_pressed,keycode=25
156985 binding_release binding=KEY_D,keycode=40
156985 inject_release keycode=40
156985 keyboard_release_suppressed reason=not_pressed_or_sticky,keycode=40
156985 binding_release binding=KEY_S,keycode=39
156985 inject_release keycode=39
156985 keyboard_release_suppressed reason=not_pressed_or_sticky,keycode=39
156985 binding_release binding=KEY_A,keycode=38
156985 inject_release keycode=38
156985 keyboard_release_suppressed reason=not_pressed_or_sticky,keycode=38
156986 binding_release binding=KEY_W,keycode=25
156986 inject_release keycode=25
156986 key_release_received keycode=25,focus={id=29360133,parent=25165831,name=Stardew Valley,class=stardew valley.exe,mapped=true,viewable=true,enabled=true,renderable=true,surface=false,application=true,keyPress=true,keyRelease=true},point={id=16777246,parent=29360133,name=,class=,mapped=true,viewable=true,enabled=true,renderable=true,surface=false,application=false,keyPress=false,keyRelease=false}
156986 key_release_ancestor_target target={id=29360133,parent=25165831,name=Stardew Valley,class=stardew valley.exe,mapped=true,viewable=true,enabled=true,renderable=true,surface=false,application=true,keyPress=true,keyRelease=true}
156986 key_release_sent keycode=25,target={id=29360133,parent=25165831,name=Stardew Valley,class=stardew valley.exe,mapped=true,viewable=true,enabled=true,renderable=true,surface=false,application=true,keyPress=true,keyRelease=true}
156986 winhandler_keyboard_queued vkey=87,flags=2
156987 winhandler_keyboard_packet vkey=87,flags=2,sent=true
157782 pointer_focus point={id=16777246,parent=29360133,name=,class=,mapped=true,viewable=true,enabled=true,renderable=true,surface=false,application=false,keyPress=false,keyRelease=false},focus_before={id=29360133,parent=25165831,name=Stardew Valley,class=stardew valley.exe,mapped=true,viewable=true,enabled=true,renderable=true,surface=false,application=true,keyPress=true,keyRelease=true}
157782 pointer_focus_result focus_after={id=29360133,parent=25165831,name=Stardew Valley,class=stardew valley.exe,mapped=true,viewable=true,enabled=true,renderable=true,surface=false,application=true,keyPress=true,keyRelease=true}
158184 binding_press binding=KEY_W,keycode=25
158184 inject_press keycode=25,keysym=0
158184 key_press_received keycode=25,keysym=0,focus={id=29360133,parent=25165831,name=Stardew Valley,class=stardew valley.exe,mapped=true,viewable=true,enabled=true,renderable=true,surface=false,application=true,keyPress=true,keyRelease=true},point={id=16777246,parent=29360133,name=,class=,mapped=true,viewable=true,enabled=true,renderable=true,surface=false,application=false,keyPress=false,keyRelease=false}
158185 key_press_ancestor_target target={id=29360133,parent=25165831,name=Stardew Valley,class=stardew valley.exe,mapped=true,viewable=true,enabled=true,renderable=true,surface=false,application=true,keyPress=true,keyRelease=true}
158185 key_press_sent keycode=25,target={id=29360133,parent=25165831,name=Stardew Valley,class=stardew valley.exe,mapped=true,viewable=true,enabled=true,renderable=true,surface=false,application=true,keyPress=true,keyRelease=true}
158185 winhandler_keyboard_queued vkey=87,flags=0
158185 binding_release binding=KEY_D,keycode=40
158185 inject_release keycode=40
158185 keyboard_release_suppressed reason=not_pressed_or_sticky,keycode=40
158185 binding_release binding=KEY_S,keycode=39
158185 inject_release keycode=39
158185 keyboard_release_suppressed reason=not_pressed_or_sticky,keycode=39
158185 binding_release binding=KEY_A,keycode=38
158185 inject_release keycode=38
158185 keyboard_release_suppressed reason=not_pressed_or_sticky,keycode=38
158185 winhandler_keyboard_packet vkey=87,flags=0,sent=true
158193 binding_release binding=KEY_W,keycode=25
158193 inject_release keycode=25
158194 key_release_received keycode=25,focus={id=29360133,parent=25165831,name=Stardew Valley,class=stardew valley.exe,mapped=true,viewable=true,enabled=true,renderable=true,surface=false,application=true,keyPress=true,keyRelease=true},point={id=16777246,parent=29360133,name=,class=,mapped=true,viewable=true,enabled=true,renderable=true,surface=false,application=false,keyPress=false,keyRelease=false}
158194 key_release_ancestor_target target={id=29360133,parent=25165831,name=Stardew Valley,class=stardew valley.exe,mapped=true,viewable=true,enabled=true,renderable=true,surface=false,application=true,keyPress=true,keyRelease=true}
158194 key_release_sent keycode=25,target={id=29360133,parent=25165831,name=Stardew Valley,class=stardew valley.exe,mapped=true,viewable=true,enabled=true,renderable=true,surface=false,application=true,keyPress=true,keyRelease=true}
158194 winhandler_keyboard_queued vkey=87,flags=2
158195 winhandler_keyboard_packet vkey=87,flags=2,sent=true
158308 binding_press binding=KEY_W,keycode=25
158308 inject_press keycode=25,keysym=0
158308 key_press_received keycode=25,keysym=0,focus={id=29360133,parent=25165831,name=Stardew Valley,class=stardew valley.exe,mapped=true,viewable=true,enabled=true,renderable=true,surface=false,application=true,keyPress=true,keyRelease=true},point={id=16777246,parent=29360133,name=,class=,mapped=true,viewable=true,enabled=true,renderable=true,surface=false,application=false,keyPress=false,keyRelease=false}
158308 key_press_ancestor_target target={id=29360133,parent=25165831,name=Stardew Valley,class=stardew valley.exe,mapped=true,viewable=true,enabled=true,renderable=true,surface=false,application=true,keyPress=true,keyRelease=true}
158309 key_press_sent keycode=25,target={id=29360133,parent=25165831,name=Stardew Valley,class=stardew valley.exe,mapped=true,viewable=true,enabled=true,renderable=true,surface=false,application=true,keyPress=true,keyRelease=true}
158309 winhandler_keyboard_queued vkey=87,flags=0
158309 binding_release binding=KEY_D,keycode=40
158309 inject_release keycode=40
158309 keyboard_release_suppressed reason=not_pressed_or_sticky,keycode=40
158309 binding_release binding=KEY_S,keycode=39
158309 inject_release keycode=39
158309 keyboard_release_suppressed reason=not_pressed_or_sticky,keycode=39
158309 binding_release binding=KEY_A,keycode=38
158309 inject_release keycode=38
158309 keyboard_release_suppressed reason=not_pressed_or_sticky,keycode=38
158310 winhandler_keyboard_packet vkey=87,flags=0,sent=true
158316 binding_press binding=KEY_W,keycode=25
158316 inject_press keycode=25,keysym=0
158316 keyboard_press_suppressed reason=already_pressed,keycode=25
158316 binding_release binding=KEY_D,keycode=40
158316 inject_release keycode=40
158316 keyboard_release_suppressed reason=not_pressed_or_sticky,keycode=40
158316 binding_release binding=KEY_S,keycode=39
158316 inject_release keycode=39
158316 keyboard_release_suppressed reason=not_pressed_or_sticky,keycode=39
158316 binding_release binding=KEY_A,keycode=38
158316 inject_release keycode=38
158316 keyboard_release_suppressed reason=not_pressed_or_sticky,keycode=38
158382 binding_press binding=KEY_W,keycode=25
158383 inject_press keycode=25,keysym=0
158383 keyboard_press_suppressed reason=already_pressed,keycode=25
158383 binding_release binding=KEY_D,keycode=40
158383 inject_release keycode=40
158383 keyboard_release_suppressed reason=not_pressed_or_sticky,keycode=40
158383 binding_release binding=KEY_S,keycode=39
158383 inject_release keycode=39
158383 keyboard_release_suppressed reason=not_pressed_or_sticky,keycode=39
158383 binding_release binding=KEY_A,keycode=38
158383 inject_release keycode=38
158383 keyboard_release_suppressed reason=not_pressed_or_sticky,keycode=38
158482 binding_press binding=KEY_W,keycode=25
158482 inject_press keycode=25,keysym=0
158482 keyboard_press_suppressed reason=already_pressed,keycode=25
158482 binding_release binding=KEY_D,keycode=40
158482 inject_release keycode=40
158482 keyboard_release_suppressed reason=not_pressed_or_sticky,keycode=40
158482 binding_release binding=KEY_S,keycode=39
158482 inject_release keycode=39
158482 keyboard_release_suppressed reason=not_pressed_or_sticky,keycode=39
158482 binding_release binding=KEY_A,keycode=38
158482 inject_release keycode=38
158482 keyboard_release_suppressed reason=not_pressed_or_sticky,keycode=38
158582 binding_press binding=KEY_W,keycode=25
158583 inject_press keycode=25,keysym=0
158583 keyboard_press_suppressed reason=already_pressed,keycode=25
158583 binding_release binding=KEY_D,keycode=40
158583 inject_release keycode=40
158583 keyboard_release_suppressed reason=not_pressed_or_sticky,keycode=40
158583 binding_release binding=KEY_S,keycode=39
158584 inject_release keycode=39
158584 keyboard_release_suppressed reason=not_pressed_or_sticky,keycode=39
158584 binding_release binding=KEY_A,keycode=38
158584 inject_release keycode=38
158584 keyboard_release_suppressed reason=not_pressed_or_sticky,keycode=38
158598 binding_press binding=KEY_W,keycode=25
158599 inject_press keycode=25,keysym=0
158599 keyboard_press_suppressed reason=already_pressed,keycode=25
158599 binding_release binding=KEY_D,keycode=40
158599 inject_release keycode=40
158599 keyboard_release_suppressed reason=not_pressed_or_sticky,keycode=40
158599 binding_release binding=KEY_S,keycode=39
158599 inject_release keycode=39
158599 keyboard_release_suppressed reason=not_pressed_or_sticky,keycode=39
158599 binding_release binding=KEY_A,keycode=38
158599 inject_release keycode=38
158599 keyboard_release_suppressed reason=not_pressed_or_sticky,keycode=38
158615 binding_press binding=KEY_W,keycode=25
158615 inject_press keycode=25,keysym=0
158615 keyboard_press_suppressed reason=already_pressed,keycode=25
158615 binding_release binding=KEY_D,keycode=40
158615 inject_release keycode=40
158615 keyboard_release_suppressed reason=not_pressed_or_sticky,keycode=40
158615 binding_release binding=KEY_S,keycode=39
158615 inject_release keycode=39
158615 keyboard_release_suppressed reason=not_pressed_or_sticky,keycode=39
158615 binding_release binding=KEY_A,keycode=38
158615 inject_release keycode=38
158615 keyboard_release_suppressed reason=not_pressed_or_sticky,keycode=38
158632 binding_press binding=KEY_W,keycode=25
158632 inject_press keycode=25,keysym=0
158632 keyboard_press_suppressed reason=already_pressed,keycode=25
158632 binding_release binding=KEY_D,keycode=40
158632 inject_release keycode=40
158632 keyboard_release_suppressed reason=not_pressed_or_sticky,keycode=40
158632 binding_release binding=KEY_S,keycode=39
158632 inject_release keycode=39
158632 keyboard_release_suppressed reason=not_pressed_or_sticky,keycode=39
158632 binding_release binding=KEY_A,keycode=38
158632 inject_release keycode=38
158632 keyboard_release_suppressed reason=not_pressed_or_sticky,keycode=38
158648 binding_press binding=KEY_W,keycode=25
158648 inject_press keycode=25,keysym=0
158648 keyboard_press_suppressed reason=already_pressed,keycode=25
158648 binding_release binding=KEY_D,keycode=40
158648 inject_release keycode=40
158649 keyboard_release_suppressed reason=not_pressed_or_sticky,keycode=40
158649 binding_release binding=KEY_S,keycode=39
158649 inject_release keycode=39
158649 keyboard_release_suppressed reason=not_pressed_or_sticky,keycode=39
158649 binding_release binding=KEY_A,keycode=38
158649 inject_release keycode=38
158649 keyboard_release_suppressed reason=not_pressed_or_sticky,keycode=38
158665 binding_press binding=KEY_W,keycode=25
158665 inject_press keycode=25,keysym=0
158665 keyboard_press_suppressed reason=already_pressed,keycode=25
158665 binding_release binding=KEY_D,keycode=40
158665 inject_release keycode=40
158665 keyboard_release_suppressed reason=not_pressed_or_sticky,keycode=40
158665 binding_release binding=KEY_S,keycode=39
158665 inject_release keycode=39
158665 keyboard_release_suppressed reason=not_pressed_or_sticky,keycode=39
158666 binding_release binding=KEY_A,keycode=38
158666 inject_release keycode=38
158666 keyboard_release_suppressed reason=not_pressed_or_sticky,keycode=38
158681 binding_press binding=KEY_W,keycode=25
158681 inject_press keycode=25,keysym=0
158681 keyboard_press_suppressed reason=already_pressed,keycode=25
158681 binding_release binding=KEY_D,keycode=40
158682 inject_release keycode=40
158682 keyboard_release_suppressed reason=not_pressed_or_sticky,keycode=40
158682 binding_release binding=KEY_S,keycode=39
158682 inject_release keycode=39
158682 keyboard_release_suppressed reason=not_pressed_or_sticky,keycode=39
158682 binding_release binding=KEY_A,keycode=38
158682 inject_release keycode=38
158682 keyboard_release_suppressed reason=not_pressed_or_sticky,keycode=38
158698 binding_press binding=KEY_W,keycode=25
158699 inject_press keycode=25,keysym=0
158699 keyboard_press_suppressed reason=already_pressed,keycode=25
158699 binding_release binding=KEY_D,keycode=40
158699 inject_release keycode=40
158699 keyboard_release_suppressed reason=not_pressed_or_sticky,keycode=40
158699 binding_release binding=KEY_S,keycode=39
158699 inject_release keycode=39
158699 keyboard_release_suppressed reason=not_pressed_or_sticky,keycode=39
158699 binding_release binding=KEY_A,keycode=38
158699 inject_release keycode=38
158699 keyboard_release_suppressed reason=not_pressed_or_sticky,keycode=38
158715 binding_press binding=KEY_W,keycode=25
158715 inject_press keycode=25,keysym=0
158715 keyboard_press_suppressed reason=already_pressed,keycode=25
158715 binding_release binding=KEY_D,keycode=40
158715 inject_release keycode=40
158715 keyboard_release_suppressed reason=not_pressed_or_sticky,keycode=40
158715 binding_release binding=KEY_S,keycode=39
158715 inject_release keycode=39
158715 keyboard_release_suppressed reason=not_pressed_or_sticky,keycode=39
158715 binding_release binding=KEY_A,keycode=38
158715 inject_release keycode=38
158715 keyboard_release_suppressed reason=not_pressed_or_sticky,keycode=38
158731 binding_press binding=KEY_W,keycode=25
158732 inject_press keycode=25,keysym=0
158732 keyboard_press_suppressed reason=already_pressed,keycode=25
158732 binding_release binding=KEY_D,keycode=40
158732 inject_release keycode=40
158732 keyboard_release_suppressed reason=not_pressed_or_sticky,keycode=40
158732 binding_release binding=KEY_S,keycode=39
158732 inject_release keycode=39
158732 keyboard_release_suppressed reason=not_pressed_or_sticky,keycode=39
158732 binding_release binding=KEY_A,keycode=38
158732 inject_release keycode=38
158732 keyboard_release_suppressed reason=not_pressed_or_sticky,keycode=38
158748 binding_press binding=KEY_W,keycode=25
158748 inject_press keycode=25,keysym=0
158748 keyboard_press_suppressed reason=already_pressed,keycode=25
158748 binding_release binding=KEY_D,keycode=40
158748 inject_release keycode=40
158749 keyboard_release_suppressed reason=not_pressed_or_sticky,keycode=40
158749 binding_release binding=KEY_S,keycode=39
158749 inject_release keycode=39
158749 keyboard_release_suppressed reason=not_pressed_or_sticky,keycode=39
158749 binding_release binding=KEY_A,keycode=38
158749 inject_release keycode=38
158749 keyboard_release_suppressed reason=not_pressed_or_sticky,keycode=38
158765 binding_press binding=KEY_W,keycode=25
158765 inject_press keycode=25,keysym=0
158765 keyboard_press_suppressed reason=already_pressed,keycode=25
158765 binding_release binding=KEY_D,keycode=40
158765 inject_release keycode=40
158765 keyboard_release_suppressed reason=not_pressed_or_sticky,keycode=40
158765 binding_release binding=KEY_S,keycode=39
158765 inject_release keycode=39
158765 keyboard_release_suppressed reason=not_pressed_or_sticky,keycode=39
158765 binding_release binding=KEY_A,keycode=38
158765 inject_release keycode=38
158765 keyboard_release_suppressed reason=not_pressed_or_sticky,keycode=38
158781 binding_press binding=KEY_W,keycode=25
158781 inject_press keycode=25,keysym=0
158781 keyboard_press_suppressed reason=already_pressed,keycode=25
158781 binding_release binding=KEY_D,keycode=40
158781 inject_release keycode=40
158781 keyboard_release_suppressed reason=not_pressed_or_sticky,keycode=40
158781 binding_release binding=KEY_S,keycode=39
158781 inject_release keycode=39
158781 keyboard_release_suppressed reason=not_pressed_or_sticky,keycode=39
158781 binding_release binding=KEY_A,keycode=38
158781 inject_release keycode=38
158781 keyboard_release_suppressed reason=not_pressed_or_sticky,keycode=38
158798 binding_press binding=KEY_W,keycode=25
158798 inject_press keycode=25,keysym=0
158798 keyboard_press_suppressed reason=already_pressed,keycode=25
158798 binding_release binding=KEY_D,keycode=40
158798 inject_release keycode=40
158798 keyboard_release_suppressed reason=not_pressed_or_sticky,keycode=40
158798 binding_release binding=KEY_S,keycode=39
158798 inject_release keycode=39
158798 keyboard_release_suppressed reason=not_pressed_or_sticky,keycode=39
158798 binding_release binding=KEY_A,keycode=38
158798 inject_release keycode=38
158798 keyboard_release_suppressed reason=not_pressed_or_sticky,keycode=38
158814 binding_press binding=KEY_W,keycode=25
158815 inject_press keycode=25,keysym=0
158815 keyboard_press_suppressed reason=already_pressed,keycode=25
158815 binding_release binding=KEY_D,keycode=40
158815 inject_release keycode=40
158815 keyboard_release_suppressed reason=not_pressed_or_sticky,keycode=40
158815 binding_release binding=KEY_S,keycode=39
158815 inject_release keycode=39
158815 keyboard_release_suppressed reason=not_pressed_or_sticky,keycode=39
158815 binding_release binding=KEY_A,keycode=38
158815 inject_release keycode=38
158815 keyboard_release_suppressed reason=not_pressed_or_sticky,keycode=38
158831 binding_press binding=KEY_W,keycode=25
158831 inject_press keycode=25,keysym=0
158831 keyboard_press_suppressed reason=already_pressed,keycode=25
158832 binding_release binding=KEY_D,keycode=40
158832 inject_release keycode=40
158832 keyboard_release_suppressed reason=not_pressed_or_sticky,keycode=40
158832 binding_release binding=KEY_S,keycode=39
158832 inject_release keycode=39
158832 keyboard_release_suppressed reason=not_pressed_or_sticky,keycode=39
158832 binding_release binding=KEY_A,keycode=38
158832 inject_release keycode=38
158832 keyboard_release_suppressed reason=not_pressed_or_sticky,keycode=38
158848 binding_press binding=KEY_W,keycode=25
158848 inject_press keycode=25,keysym=0
158848 keyboard_press_suppressed reason=already_pressed,keycode=25
158848 binding_release binding=KEY_D,keycode=40
158848 inject_release keycode=40
158848 keyboard_release_suppressed reason=not_pressed_or_sticky,keycode=40
158848 binding_release binding=KEY_S,keycode=39
158848 inject_release keycode=39
158848 keyboard_release_suppressed reason=not_pressed_or_sticky,keycode=39
158848 binding_release binding=KEY_A,keycode=38
158848 inject_release keycode=38
158848 keyboard_release_suppressed reason=not_pressed_or_sticky,keycode=38
158864 binding_press binding=KEY_W,keycode=25
158865 inject_press keycode=25,keysym=0
158865 keyboard_press_suppressed reason=already_pressed,keycode=25
158865 binding_release binding=KEY_D,keycode=40
158865 inject_release keycode=40
158865 keyboard_release_suppressed reason=not_pressed_or_sticky,keycode=40
158865 binding_release binding=KEY_S,keycode=39
158865 inject_release keycode=39
158865 keyboard_release_suppressed reason=not_pressed_or_sticky,keycode=39
158865 binding_release binding=KEY_A,keycode=38
158865 inject_release keycode=38
158865 keyboard_release_suppressed reason=not_pressed_or_sticky,keycode=38
158881 binding_press binding=KEY_W,keycode=25
158881 inject_press keycode=25,keysym=0
158881 keyboard_press_suppressed reason=already_pressed,keycode=25
158881 binding_release binding=KEY_D,keycode=40
158881 inject_release keycode=40
158881 keyboard_release_suppressed reason=not_pressed_or_sticky,keycode=40
158881 binding_release binding=KEY_S,keycode=39
158881 inject_release keycode=39
158881 keyboard_release_suppressed reason=not_pressed_or_sticky,keycode=39
158881 binding_release binding=KEY_A,keycode=38
158882 inject_release keycode=38
158882 keyboard_release_suppressed reason=not_pressed_or_sticky,keycode=38
158897 binding_press binding=KEY_W,keycode=25
158897 inject_press keycode=25,keysym=0
158898 keyboard_press_suppressed reason=already_pressed,keycode=25
158898 binding_release binding=KEY_D,keycode=40
158898 inject_release keycode=40
158898 keyboard_release_suppressed reason=not_pressed_or_sticky,keycode=40
158898 binding_release binding=KEY_S,keycode=39
158898 inject_release keycode=39
158898 keyboard_release_suppressed reason=not_pressed_or_sticky,keycode=39
158898 binding_release binding=KEY_A,keycode=38
158898 inject_release keycode=38
158898 keyboard_release_suppressed reason=not_pressed_or_sticky,keycode=38
158914 binding_press binding=KEY_W,keycode=25
158914 inject_press keycode=25,keysym=0
158914 keyboard_press_suppressed reason=already_pressed,keycode=25
158914 binding_release binding=KEY_D,keycode=40
158914 inject_release keycode=40
158914 keyboard_release_suppressed reason=not_pressed_or_sticky,keycode=40
158914 binding_release binding=KEY_S,keycode=39
158914 inject_release keycode=39
158914 keyboard_release_suppressed reason=not_pressed_or_sticky,keycode=39
158914 binding_release binding=KEY_A,keycode=38
158914 inject_release keycode=38
158914 keyboard_release_suppressed reason=not_pressed_or_sticky,keycode=38
158931 binding_press binding=KEY_W,keycode=25
158931 inject_press keycode=25,keysym=0
158931 keyboard_press_suppressed reason=already_pressed,keycode=25
158931 binding_release binding=KEY_D,keycode=40
158931 inject_release keycode=40
158931 keyboard_release_suppressed reason=not_pressed_or_sticky,keycode=40
158931 binding_release binding=KEY_S,keycode=39
158931 inject_release keycode=39
158931 keyboard_release_suppressed reason=not_pressed_or_sticky,keycode=39
158931 binding_release binding=KEY_A,keycode=38
158931 inject_release keycode=38
158931 keyboard_release_suppressed reason=not_pressed_or_sticky,keycode=38
158947 binding_press binding=KEY_W,keycode=25
158948 inject_press keycode=25,keysym=0
158948 keyboard_press_suppressed reason=already_pressed,keycode=25
158948 binding_release binding=KEY_D,keycode=40
158948 inject_release keycode=40
158948 keyboard_release_suppressed reason=not_pressed_or_sticky,keycode=40
158948 binding_release binding=KEY_S,keycode=39
158948 inject_release keycode=39
158948 keyboard_release_suppressed reason=not_pressed_or_sticky,keycode=39
158948 binding_release binding=KEY_A,keycode=38
158948 inject_release keycode=38
158948 keyboard_release_suppressed reason=not_pressed_or_sticky,keycode=38
158997 binding_press binding=KEY_W,keycode=25
158997 inject_press keycode=25,keysym=0
158998 keyboard_press_suppressed reason=already_pressed,keycode=25
158998 binding_release binding=KEY_D,keycode=40
158998 inject_release keycode=40
158998 keyboard_release_suppressed reason=not_pressed_or_sticky,keycode=40
158998 binding_release binding=KEY_S,keycode=39
158998 inject_release keycode=39
158998 keyboard_release_suppressed reason=not_pressed_or_sticky,keycode=39
158998 binding_release binding=KEY_A,keycode=38
158998 inject_release keycode=38
158998 keyboard_release_suppressed reason=not_pressed_or_sticky,keycode=38
158999 binding_release binding=KEY_W,keycode=25
158999 inject_release keycode=25
158999 key_release_received keycode=25,focus={id=29360133,parent=25165831,name=Stardew Valley,class=stardew valley.exe,mapped=true,viewable=true,enabled=true,renderable=true,surface=false,application=true,keyPress=true,keyRelease=true},point={id=16777246,parent=29360133,name=,class=,mapped=true,viewable=true,enabled=true,renderable=true,surface=false,application=false,keyPress=false,keyRelease=false}
158999 key_release_ancestor_target target={id=29360133,parent=25165831,name=Stardew Valley,class=stardew valley.exe,mapped=true,viewable=true,enabled=true,renderable=true,surface=false,application=true,keyPress=true,keyRelease=true}
158999 key_release_sent keycode=25,target={id=29360133,parent=25165831,name=Stardew Valley,class=stardew valley.exe,mapped=true,viewable=true,enabled=true,renderable=true,surface=false,application=true,keyPress=true,keyRelease=true}
158999 winhandler_keyboard_queued vkey=87,flags=2
159000 winhandler_keyboard_packet vkey=87,flags=2,sent=true
159435 pointer_focus point={id=16777246,parent=29360133,name=,class=,mapped=true,viewable=true,enabled=true,renderable=true,surface=false,application=false,keyPress=false,keyRelease=false},focus_before={id=29360133,parent=25165831,name=Stardew Valley,class=stardew valley.exe,mapped=true,viewable=true,enabled=true,renderable=true,surface=false,application=true,keyPress=true,keyRelease=true}
159435 pointer_focus_result focus_after={id=29360133,parent=25165831,name=Stardew Valley,class=stardew valley.exe,mapped=true,viewable=true,enabled=true,renderable=true,surface=false,application=true,keyPress=true,keyRelease=true}
159704 pointer_focus point={id=16777246,parent=29360133,name=,class=,mapped=true,viewable=true,enabled=true,renderable=true,surface=false,application=false,keyPress=false,keyRelease=false},focus_before={id=29360133,parent=25165831,name=Stardew Valley,class=stardew valley.exe,mapped=true,viewable=true,enabled=true,renderable=true,surface=false,application=true,keyPress=true,keyRelease=true}
159704 pointer_focus_result focus_after={id=29360133,parent=25165831,name=Stardew Valley,class=stardew valley.exe,mapped=true,viewable=true,enabled=true,renderable=true,surface=false,application=true,keyPress=true,keyRelease=true}
160045 binding_press binding=KEY_W,keycode=25
160045 inject_press keycode=25,keysym=0
160046 key_press_received keycode=25,keysym=0,focus={id=29360133,parent=25165831,name=Stardew Valley,class=stardew valley.exe,mapped=true,viewable=true,enabled=true,renderable=true,surface=false,application=true,keyPress=true,keyRelease=true},point={id=16777246,parent=29360133,name=,class=,mapped=true,viewable=true,enabled=true,renderable=true,surface=false,application=false,keyPress=false,keyRelease=false}
160046 key_press_ancestor_target target={id=29360133,parent=25165831,name=Stardew Valley,class=stardew valley.exe,mapped=true,viewable=true,enabled=true,renderable=true,surface=false,application=true,keyPress=true,keyRelease=true}
160046 key_press_sent keycode=25,target={id=29360133,parent=25165831,name=Stardew Valley,class=stardew valley.exe,mapped=true,viewable=true,enabled=true,renderable=true,surface=false,application=true,keyPress=true,keyRelease=true}
160046 winhandler_keyboard_queued vkey=87,flags=0
160046 binding_release binding=KEY_D,keycode=40
160046 inject_release keycode=40
160046 keyboard_release_suppressed reason=not_pressed_or_sticky,keycode=40
160046 binding_release binding=KEY_S,keycode=39
160046 inject_release keycode=39
160046 keyboard_release_suppressed reason=not_pressed_or_sticky,keycode=39
160046 binding_release binding=KEY_A,keycode=38
160046 inject_release keycode=38
160046 keyboard_release_suppressed reason=not_pressed_or_sticky,keycode=38
160047 winhandler_keyboard_packet vkey=87,flags=0,sent=true
160093 binding_press binding=KEY_W,keycode=25
160093 inject_press keycode=25,keysym=0
160094 keyboard_press_suppressed reason=already_pressed,keycode=25
160094 binding_release binding=KEY_D,keycode=40
160094 inject_release keycode=40
160094 keyboard_release_suppressed reason=not_pressed_or_sticky,keycode=40
160094 binding_release binding=KEY_S,keycode=39
160094 inject_release keycode=39
160094 keyboard_release_suppressed reason=not_pressed_or_sticky,keycode=39
160094 binding_release binding=KEY_A,keycode=38
160094 inject_release keycode=38
160094 keyboard_release_suppressed reason=not_pressed_or_sticky,keycode=38
160110 binding_press binding=KEY_W,keycode=25
160110 inject_press keycode=25,keysym=0
160110 keyboard_press_suppressed reason=already_pressed,keycode=25
160110 binding_release binding=KEY_D,keycode=40
160110 inject_release keycode=40
160110 keyboard_release_suppressed reason=not_pressed_or_sticky,keycode=40
160110 binding_release binding=KEY_S,keycode=39
160110 inject_release keycode=39
160110 keyboard_release_suppressed reason=not_pressed_or_sticky,keycode=39
160110 binding_release binding=KEY_A,keycode=38
160110 inject_release keycode=38
160110 keyboard_release_suppressed reason=not_pressed_or_sticky,keycode=38
160226 binding_press binding=KEY_W,keycode=25
160226 inject_press keycode=25,keysym=0
160226 keyboard_press_suppressed reason=already_pressed,keycode=25
160226 binding_release binding=KEY_D,keycode=40
160226 inject_release keycode=40
160226 keyboard_release_suppressed reason=not_pressed_or_sticky,keycode=40
160226 binding_release binding=KEY_S,keycode=39
160226 inject_release keycode=39
160226 keyboard_release_suppressed reason=not_pressed_or_sticky,keycode=39
160226 binding_release binding=KEY_A,keycode=38
160226 inject_release keycode=38
160226 keyboard_release_suppressed reason=not_pressed_or_sticky,keycode=38
160243 binding_press binding=KEY_W,keycode=25
160243 inject_press keycode=25,keysym=0
160243 keyboard_press_suppressed reason=already_pressed,keycode=25
160243 binding_release binding=KEY_D,keycode=40
160243 inject_release keycode=40
160243 keyboard_release_suppressed reason=not_pressed_or_sticky,keycode=40
160243 binding_release binding=KEY_S,keycode=39
160243 inject_release keycode=39
160243 keyboard_release_suppressed reason=not_pressed_or_sticky,keycode=39
160243 binding_release binding=KEY_A,keycode=38
160243 inject_release keycode=38
160243 keyboard_release_suppressed reason=not_pressed_or_sticky,keycode=38
160293 binding_press binding=KEY_W,keycode=25
160293 inject_press keycode=25,keysym=0
160293 keyboard_press_suppressed reason=already_pressed,keycode=25
160293 binding_release binding=KEY_D,keycode=40
160293 inject_release keycode=40
160293 keyboard_release_suppressed reason=not_pressed_or_sticky,keycode=40
160293 binding_release binding=KEY_S,keycode=39
160293 inject_release keycode=39
160293 keyboard_release_suppressed reason=not_pressed_or_sticky,keycode=39
160293 binding_release binding=KEY_A,keycode=38
160293 inject_release keycode=38
160293 keyboard_release_suppressed reason=not_pressed_or_sticky,keycode=38
160309 binding_press binding=KEY_W,keycode=25
160309 inject_press keycode=25,keysym=0
160309 keyboard_press_suppressed reason=already_pressed,keycode=25
160309 binding_release binding=KEY_D,keycode=40
160309 inject_release keycode=40
160309 keyboard_release_suppressed reason=not_pressed_or_sticky,keycode=40
160309 binding_release binding=KEY_S,keycode=39
160309 inject_release keycode=39
160309 keyboard_release_suppressed reason=not_pressed_or_sticky,keycode=39
160309 binding_release binding=KEY_A,keycode=38
160310 inject_release keycode=38
160310 keyboard_release_suppressed reason=not_pressed_or_sticky,keycode=38
160326 binding_press binding=KEY_W,keycode=25
160326 inject_press keycode=25,keysym=0
160326 keyboard_press_suppressed reason=already_pressed,keycode=25
160326 binding_release binding=KEY_D,keycode=40
160326 inject_release keycode=40
160326 keyboard_release_suppressed reason=not_pressed_or_sticky,keycode=40
160326 binding_release binding=KEY_S,keycode=39
160326 inject_release keycode=39
160326 keyboard_release_suppressed reason=not_pressed_or_sticky,keycode=39
160326 binding_release binding=KEY_A,keycode=38
160326 inject_release keycode=38
160326 keyboard_release_suppressed reason=not_pressed_or_sticky,keycode=38
160327 binding_release binding=KEY_W,keycode=25
160327 inject_release keycode=25
160327 key_release_received keycode=25,focus={id=29360133,parent=25165831,name=Stardew Valley,class=stardew valley.exe,mapped=true,viewable=true,enabled=true,renderable=true,surface=false,application=true,keyPress=true,keyRelease=true},point={id=16777246,parent=29360133,name=,class=,mapped=true,viewable=true,enabled=true,renderable=true,surface=false,application=false,keyPress=false,keyRelease=false}
160327 key_release_ancestor_target target={id=29360133,parent=25165831,name=Stardew Valley,class=stardew valley.exe,mapped=true,viewable=true,enabled=true,renderable=true,surface=false,application=true,keyPress=true,keyRelease=true}
160327 key_release_sent keycode=25,target={id=29360133,parent=25165831,name=Stardew Valley,class=stardew valley.exe,mapped=true,viewable=true,enabled=true,renderable=true,surface=false,application=true,keyPress=true,keyRelease=true}
160328 winhandler_keyboard_queued vkey=87,flags=2
160328 winhandler_keyboard_packet vkey=87,flags=2,sent=true
160499 binding_press binding=KEY_W,keycode=25
160499 inject_press keycode=25,keysym=0
160499 key_press_received keycode=25,keysym=0,focus={id=29360133,parent=25165831,name=Stardew Valley,class=stardew valley.exe,mapped=true,viewable=true,enabled=true,renderable=true,surface=false,application=true,keyPress=true,keyRelease=true},point={id=16777246,parent=29360133,name=,class=,mapped=true,viewable=true,enabled=true,renderable=true,surface=false,application=false,keyPress=false,keyRelease=false}
160499 key_press_ancestor_target target={id=29360133,parent=25165831,name=Stardew Valley,class=stardew valley.exe,mapped=true,viewable=true,enabled=true,renderable=true,surface=false,application=true,keyPress=true,keyRelease=true}
160499 key_press_sent keycode=25,target={id=29360133,parent=25165831,name=Stardew Valley,class=stardew valley.exe,mapped=true,viewable=true,enabled=true,renderable=true,surface=false,application=true,keyPress=true,keyRelease=true}
160499 winhandler_keyboard_queued vkey=87,flags=0
160499 binding_release binding=KEY_D,keycode=40
160499 inject_release keycode=40
160500 keyboard_release_suppressed reason=not_pressed_or_sticky,keycode=40
160500 binding_release binding=KEY_S,keycode=39
160500 inject_release keycode=39
160500 keyboard_release_suppressed reason=not_pressed_or_sticky,keycode=39
160500 binding_release binding=KEY_A,keycode=38
160500 inject_release keycode=38
160500 keyboard_release_suppressed reason=not_pressed_or_sticky,keycode=38
160500 winhandler_keyboard_packet vkey=87,flags=0,sent=true
160525 binding_press binding=KEY_W,keycode=25
160525 inject_press keycode=25,keysym=0
160525 keyboard_press_suppressed reason=already_pressed,keycode=25
160525 binding_release binding=KEY_D,keycode=40
160525 inject_release keycode=40
160525 keyboard_release_suppressed reason=not_pressed_or_sticky,keycode=40
160525 binding_release binding=KEY_S,keycode=39
160525 inject_release keycode=39
160525 keyboard_release_suppressed reason=not_pressed_or_sticky,keycode=39
160526 binding_release binding=KEY_A,keycode=38
160526 inject_release keycode=38
160526 keyboard_release_suppressed reason=not_pressed_or_sticky,keycode=38
160542 binding_press binding=KEY_W,keycode=25
160542 inject_press keycode=25,keysym=0
160542 keyboard_press_suppressed reason=already_pressed,keycode=25
160542 binding_release binding=KEY_D,keycode=40
160542 inject_release keycode=40
160542 keyboard_release_suppressed reason=not_pressed_or_sticky,keycode=40
160542 binding_release binding=KEY_S,keycode=39
160542 inject_release keycode=39
160542 keyboard_release_suppressed reason=not_pressed_or_sticky,keycode=39
160542 binding_release binding=KEY_A,keycode=38
160542 inject_release keycode=38
160542 keyboard_release_suppressed reason=not_pressed_or_sticky,keycode=38
160642 binding_press binding=KEY_W,keycode=25
160642 inject_press keycode=25,keysym=0
160642 keyboard_press_suppressed reason=already_pressed,keycode=25
160642 binding_release binding=KEY_D,keycode=40
160642 inject_release keycode=40
160642 keyboard_release_suppressed reason=not_pressed_or_sticky,keycode=40
160642 binding_release binding=KEY_S,keycode=39
160642 inject_release keycode=39
160642 keyboard_release_suppressed reason=not_pressed_or_sticky,keycode=39
160642 binding_release binding=KEY_A,keycode=38
160642 inject_release keycode=38
160642 keyboard_release_suppressed reason=not_pressed_or_sticky,keycode=38
160691 binding_press binding=KEY_W,keycode=25
160691 inject_press keycode=25,keysym=0
160691 keyboard_press_suppressed reason=already_pressed,keycode=25
160691 binding_release binding=KEY_D,keycode=40
160691 inject_release keycode=40
160691 keyboard_release_suppressed reason=not_pressed_or_sticky,keycode=40
160691 binding_release binding=KEY_S,keycode=39
160691 inject_release keycode=39
160691 keyboard_release_suppressed reason=not_pressed_or_sticky,keycode=39
160691 binding_release binding=KEY_A,keycode=38
160692 inject_release keycode=38
160692 keyboard_release_suppressed reason=not_pressed_or_sticky,keycode=38
160694 binding_release binding=KEY_W,keycode=25
160694 inject_release keycode=25
160694 key_release_received keycode=25,focus={id=29360133,parent=25165831,name=Stardew Valley,class=stardew valley.exe,mapped=true,viewable=true,enabled=true,renderable=true,surface=false,application=true,keyPress=true,keyRelease=true},point={id=16777246,parent=29360133,name=,class=,mapped=true,viewable=true,enabled=true,renderable=true,surface=false,application=false,keyPress=false,keyRelease=false}
160694 key_release_ancestor_target target={id=29360133,parent=25165831,name=Stardew Valley,class=stardew valley.exe,mapped=true,viewable=true,enabled=true,renderable=true,surface=false,application=true,keyPress=true,keyRelease=true}
160694 key_release_sent keycode=25,target={id=29360133,parent=25165831,name=Stardew Valley,class=stardew valley.exe,mapped=true,viewable=true,enabled=true,renderable=true,surface=false,application=true,keyPress=true,keyRelease=true}
160694 winhandler_keyboard_queued vkey=87,flags=2
160695 winhandler_keyboard_packet vkey=87,flags=2,sent=true
160875 binding_press binding=KEY_W,keycode=25
160876 inject_press keycode=25,keysym=0
160876 key_press_received keycode=25,keysym=0,focus={id=29360133,parent=25165831,name=Stardew Valley,class=stardew valley.exe,mapped=true,viewable=true,enabled=true,renderable=true,surface=false,application=true,keyPress=true,keyRelease=true},point={id=16777246,parent=29360133,name=,class=,mapped=true,viewable=true,enabled=true,renderable=true,surface=false,application=false,keyPress=false,keyRelease=false}
160876 key_press_ancestor_target target={id=29360133,parent=25165831,name=Stardew Valley,class=stardew valley.exe,mapped=true,viewable=true,enabled=true,renderable=true,surface=false,application=true,keyPress=true,keyRelease=true}
160876 key_press_sent keycode=25,target={id=29360133,parent=25165831,name=Stardew Valley,class=stardew valley.exe,mapped=true,viewable=true,enabled=true,renderable=true,surface=false,application=true,keyPress=true,keyRelease=true}
160876 winhandler_keyboard_queued vkey=87,flags=0
160876 binding_release binding=KEY_D,keycode=40
160876 inject_release keycode=40
160876 keyboard_release_suppressed reason=not_pressed_or_sticky,keycode=40
160876 binding_release binding=KEY_S,keycode=39
160876 inject_release keycode=39
160876 keyboard_release_suppressed reason=not_pressed_or_sticky,keycode=39
160876 winhandler_keyboard_packet vkey=87,flags=0,sent=true
160876 binding_release binding=KEY_A,keycode=38
160876 inject_release keycode=38
160876 keyboard_release_suppressed reason=not_pressed_or_sticky,keycode=38
160891 binding_press binding=KEY_W,keycode=25
160891 inject_press keycode=25,keysym=0
160891 keyboard_press_suppressed reason=already_pressed,keycode=25
160891 binding_release binding=KEY_D,keycode=40
160891 inject_release keycode=40
160891 keyboard_release_suppressed reason=not_pressed_or_sticky,keycode=40
160891 binding_release binding=KEY_S,keycode=39
160891 inject_release keycode=39
160891 keyboard_release_suppressed reason=not_pressed_or_sticky,keycode=39
160891 binding_release binding=KEY_A,keycode=38
160892 inject_release keycode=38
160892 keyboard_release_suppressed reason=not_pressed_or_sticky,keycode=38
160907 binding_press binding=KEY_W,keycode=25
160907 inject_press keycode=25,keysym=0
160907 keyboard_press_suppressed reason=already_pressed,keycode=25
160907 binding_release binding=KEY_D,keycode=40
160907 inject_release keycode=40
160907 keyboard_release_suppressed reason=not_pressed_or_sticky,keycode=40
160907 binding_release binding=KEY_S,keycode=39
160908 inject_release keycode=39
160908 keyboard_release_suppressed reason=not_pressed_or_sticky,keycode=39
160908 binding_release binding=KEY_A,keycode=38
160908 inject_release keycode=38
160908 keyboard_release_suppressed reason=not_pressed_or_sticky,keycode=38
161007 binding_press binding=KEY_W,keycode=25
161007 inject_press keycode=25,keysym=0
161007 keyboard_press_suppressed reason=already_pressed,keycode=25
161007 binding_release binding=KEY_D,keycode=40
161007 inject_release keycode=40
161007 keyboard_release_suppressed reason=not_pressed_or_sticky,keycode=40
161007 binding_release binding=KEY_S,keycode=39
161007 inject_release keycode=39
161007 keyboard_release_suppressed reason=not_pressed_or_sticky,keycode=39
161007 binding_release binding=KEY_A,keycode=38
161007 inject_release keycode=38
161007 keyboard_release_suppressed reason=not_pressed_or_sticky,keycode=38
161055 binding_press binding=KEY_W,keycode=25
161055 inject_press keycode=25,keysym=0
161055 keyboard_press_suppressed reason=already_pressed,keycode=25
161055 binding_release binding=KEY_D,keycode=40
161056 inject_release keycode=40
161056 keyboard_release_suppressed reason=not_pressed_or_sticky,keycode=40
161056 binding_release binding=KEY_S,keycode=39
161056 inject_release keycode=39
161056 keyboard_release_suppressed reason=not_pressed_or_sticky,keycode=39
161056 binding_release binding=KEY_A,keycode=38
161056 inject_release keycode=38
161056 keyboard_release_suppressed reason=not_pressed_or_sticky,keycode=38
161056 binding_release binding=KEY_W,keycode=25
161056 inject_release keycode=25
161057 key_release_received keycode=25,focus={id=29360133,parent=25165831,name=Stardew Valley,class=stardew valley.exe,mapped=true,viewable=true,enabled=true,renderable=true,surface=false,application=true,keyPress=true,keyRelease=true},point={id=16777246,parent=29360133,name=,class=,mapped=true,viewable=true,enabled=true,renderable=true,surface=false,application=false,keyPress=false,keyRelease=false}
161057 key_release_ancestor_target target={id=29360133,parent=25165831,name=Stardew Valley,class=stardew valley.exe,mapped=true,viewable=true,enabled=true,renderable=true,surface=false,application=true,keyPress=true,keyRelease=true}
161057 key_release_sent keycode=25,target={id=29360133,parent=25165831,name=Stardew Valley,class=stardew valley.exe,mapped=true,viewable=true,enabled=true,renderable=true,surface=false,application=true,keyPress=true,keyRelease=true}
161057 winhandler_keyboard_queued vkey=87,flags=2
161059 winhandler_keyboard_packet vkey=87,flags=2,sent=true
161211 binding_press binding=KEY_W,keycode=25
161211 inject_press keycode=25,keysym=0
161211 key_press_received keycode=25,keysym=0,focus={id=29360133,parent=25165831,name=Stardew Valley,class=stardew valley.exe,mapped=true,viewable=true,enabled=true,renderable=true,surface=false,application=true,keyPress=true,keyRelease=true},point={id=16777246,parent=29360133,name=,class=,mapped=true,viewable=true,enabled=true,renderable=true,surface=false,application=false,keyPress=false,keyRelease=false}
161212 key_press_ancestor_target target={id=29360133,parent=25165831,name=Stardew Valley,class=stardew valley.exe,mapped=true,viewable=true,enabled=true,renderable=true,surface=false,application=true,keyPress=true,keyRelease=true}
161212 key_press_sent keycode=25,target={id=29360133,parent=25165831,name=Stardew Valley,class=stardew valley.exe,mapped=true,viewable=true,enabled=true,renderable=true,surface=false,application=true,keyPress=true,keyRelease=true}
161212 winhandler_keyboard_queued vkey=87,flags=0
161212 binding_release binding=KEY_D,keycode=40
161212 inject_release keycode=40
161212 keyboard_release_suppressed reason=not_pressed_or_sticky,keycode=40
161212 binding_release binding=KEY_S,keycode=39
161212 inject_release keycode=39
161212 keyboard_release_suppressed reason=not_pressed_or_sticky,keycode=39
161212 binding_release binding=KEY_A,keycode=38
161212 inject_release keycode=38
161212 keyboard_release_suppressed reason=not_pressed_or_sticky,keycode=38
161213 winhandler_keyboard_packet vkey=87,flags=0,sent=true
161223 binding_press binding=KEY_W,keycode=25
161223 inject_press keycode=25,keysym=0
161223 keyboard_press_suppressed reason=already_pressed,keycode=25
161223 binding_release binding=KEY_D,keycode=40
161223 inject_release keycode=40
161223 keyboard_release_suppressed reason=not_pressed_or_sticky,keycode=40
161223 binding_release binding=KEY_S,keycode=39
161223 inject_release keycode=39
161223 keyboard_release_suppressed reason=not_pressed_or_sticky,keycode=39
161223 binding_release binding=KEY_A,keycode=38
161223 inject_release keycode=38
161223 keyboard_release_suppressed reason=not_pressed_or_sticky,keycode=38
161256 binding_press binding=KEY_W,keycode=25
161256 inject_press keycode=25,keysym=0
161256 keyboard_press_suppressed reason=already_pressed,keycode=25
161256 binding_release binding=KEY_D,keycode=40
161256 inject_release keycode=40
161256 keyboard_release_suppressed reason=not_pressed_or_sticky,keycode=40
161256 binding_release binding=KEY_S,keycode=39
161256 inject_release keycode=39
161256 keyboard_release_suppressed reason=not_pressed_or_sticky,keycode=39
161257 binding_release binding=KEY_A,keycode=38
161257 inject_release keycode=38
161257 keyboard_release_suppressed reason=not_pressed_or_sticky,keycode=38
161273 binding_press binding=KEY_W,keycode=25
161273 inject_press keycode=25,keysym=0
161273 keyboard_press_suppressed reason=already_pressed,keycode=25
161273 binding_release binding=KEY_D,keycode=40
161273 inject_release keycode=40
161273 keyboard_release_suppressed reason=not_pressed_or_sticky,keycode=40
161273 binding_release binding=KEY_S,keycode=39
161273 inject_release keycode=39
161273 keyboard_release_suppressed reason=not_pressed_or_sticky,keycode=39
161273 binding_release binding=KEY_A,keycode=38
161273 inject_release keycode=38
161273 keyboard_release_suppressed reason=not_pressed_or_sticky,keycode=38
161289 binding_press binding=KEY_W,keycode=25
161289 inject_press keycode=25,keysym=0
161289 keyboard_press_suppressed reason=already_pressed,keycode=25
161289 binding_release binding=KEY_D,keycode=40
161289 inject_release keycode=40
161289 keyboard_release_suppressed reason=not_pressed_or_sticky,keycode=40
161290 binding_release binding=KEY_S,keycode=39
161290 inject_release keycode=39
161290 keyboard_release_suppressed reason=not_pressed_or_sticky,keycode=39
161290 binding_release binding=KEY_A,keycode=38
161290 inject_release keycode=38
161290 keyboard_release_suppressed reason=not_pressed_or_sticky,keycode=38
161306 binding_press binding=KEY_W,keycode=25
161306 inject_press keycode=25,keysym=0
161306 keyboard_press_suppressed reason=already_pressed,keycode=25
161306 binding_release binding=KEY_D,keycode=40
161306 inject_release keycode=40
161306 keyboard_release_suppressed reason=not_pressed_or_sticky,keycode=40
161306 binding_release binding=KEY_S,keycode=39
161306 inject_release keycode=39
161306 keyboard_release_suppressed reason=not_pressed_or_sticky,keycode=39
161306 binding_release binding=KEY_A,keycode=38
161306 inject_release keycode=38
161306 keyboard_release_suppressed reason=not_pressed_or_sticky,keycode=38
161405 binding_press binding=KEY_W,keycode=25
161406 inject_press keycode=25,keysym=0
161406 keyboard_press_suppressed reason=already_pressed,keycode=25
161406 binding_release binding=KEY_D,keycode=40
161406 inject_release keycode=40
161406 keyboard_release_suppressed reason=not_pressed_or_sticky,keycode=40
161406 binding_release binding=KEY_S,keycode=39
161406 inject_release keycode=39
161406 keyboard_release_suppressed reason=not_pressed_or_sticky,keycode=39
161406 binding_release binding=KEY_A,keycode=38
161406 inject_release keycode=38
161406 keyboard_release_suppressed reason=not_pressed_or_sticky,keycode=38
161422 binding_press binding=KEY_W,keycode=25
161422 inject_press keycode=25,keysym=0
161422 keyboard_press_suppressed reason=already_pressed,keycode=25
161422 binding_release binding=KEY_D,keycode=40
161422 inject_release keycode=40
161422 keyboard_release_suppressed reason=not_pressed_or_sticky,keycode=40
161422 binding_release binding=KEY_S,keycode=39
161422 inject_release keycode=39
161422 keyboard_release_suppressed reason=not_pressed_or_sticky,keycode=39
161422 binding_release binding=KEY_A,keycode=38
161422 inject_release keycode=38
161422 keyboard_release_suppressed reason=not_pressed_or_sticky,keycode=38
161455 binding_press binding=KEY_W,keycode=25
161455 inject_press keycode=25,keysym=0
161455 keyboard_press_suppressed reason=already_pressed,keycode=25
161455 binding_release binding=KEY_D,keycode=40
161456 inject_release keycode=40
161456 keyboard_release_suppressed reason=not_pressed_or_sticky,keycode=40
161456 binding_release binding=KEY_S,keycode=39
161456 inject_release keycode=39
161456 keyboard_release_suppressed reason=not_pressed_or_sticky,keycode=39
161456 binding_release binding=KEY_A,keycode=38
161456 inject_release keycode=38
161456 keyboard_release_suppressed reason=not_pressed_or_sticky,keycode=38
161489 binding_press binding=KEY_W,keycode=25
161489 inject_press keycode=25,keysym=0
161489 keyboard_press_suppressed reason=already_pressed,keycode=25
161489 binding_release binding=KEY_D,keycode=40
161489 inject_release keycode=40
161489 keyboard_release_suppressed reason=not_pressed_or_sticky,keycode=40
161489 binding_release binding=KEY_S,keycode=39
161489 inject_release keycode=39
161489 keyboard_release_suppressed reason=not_pressed_or_sticky,keycode=39
161489 binding_release binding=KEY_A,keycode=38
161489 inject_release keycode=38
161489 keyboard_release_suppressed reason=not_pressed_or_sticky,keycode=38
161505 binding_press binding=KEY_W,keycode=25
161505 inject_press keycode=25,keysym=0
161505 keyboard_press_suppressed reason=already_pressed,keycode=25
161505 binding_release binding=KEY_D,keycode=40
161505 inject_release keycode=40
161505 keyboard_release_suppressed reason=not_pressed_or_sticky,keycode=40
161505 binding_release binding=KEY_S,keycode=39
161505 inject_release keycode=39
161506 keyboard_release_suppressed reason=not_pressed_or_sticky,keycode=39
161506 binding_release binding=KEY_A,keycode=38
161506 inject_release keycode=38
161506 keyboard_release_suppressed reason=not_pressed_or_sticky,keycode=38
161538 binding_press binding=KEY_W,keycode=25
161538 inject_press keycode=25,keysym=0
161538 keyboard_press_suppressed reason=already_pressed,keycode=25
161539 binding_release binding=KEY_D,keycode=40
161539 inject_release keycode=40
161539 keyboard_release_suppressed reason=not_pressed_or_sticky,keycode=40
161539 binding_release binding=KEY_S,keycode=39
161539 inject_release keycode=39
161539 keyboard_release_suppressed reason=not_pressed_or_sticky,keycode=39
161539 binding_release binding=KEY_A,keycode=38
161539 inject_release keycode=38
161539 keyboard_release_suppressed reason=not_pressed_or_sticky,keycode=38
161555 binding_press binding=KEY_W,keycode=25
161555 inject_press keycode=25,keysym=0
161555 keyboard_press_suppressed reason=already_pressed,keycode=25
161555 binding_release binding=KEY_D,keycode=40
161555 inject_release keycode=40
161555 keyboard_release_suppressed reason=not_pressed_or_sticky,keycode=40
161555 binding_release binding=KEY_S,keycode=39
161555 inject_release keycode=39
161555 keyboard_release_suppressed reason=not_pressed_or_sticky,keycode=39
161555 binding_release binding=KEY_A,keycode=38
161555 inject_release keycode=38
161555 keyboard_release_suppressed reason=not_pressed_or_sticky,keycode=38
161569 binding_press binding=KEY_W,keycode=25
161569 inject_press keycode=25,keysym=0
161570 keyboard_press_suppressed reason=already_pressed,keycode=25
161570 binding_release binding=KEY_D,keycode=40
161570 inject_release keycode=40
161570 keyboard_release_suppressed reason=not_pressed_or_sticky,keycode=40
161570 binding_release binding=KEY_S,keycode=39
161570 inject_release keycode=39
161570 keyboard_release_suppressed reason=not_pressed_or_sticky,keycode=39
161570 binding_release binding=KEY_A,keycode=38
161570 inject_release keycode=38
161570 keyboard_release_suppressed reason=not_pressed_or_sticky,keycode=38
161570 binding_release binding=KEY_W,keycode=25
161571 inject_release keycode=25
161571 key_release_received keycode=25,focus={id=29360133,parent=25165831,name=Stardew Valley,class=stardew valley.exe,mapped=true,viewable=true,enabled=true,renderable=true,surface=false,application=true,keyPress=true,keyRelease=true},point={id=16777246,parent=29360133,name=,class=,mapped=true,viewable=true,enabled=true,renderable=true,surface=false,application=false,keyPress=false,keyRelease=false}
161571 key_release_ancestor_target target={id=29360133,parent=25165831,name=Stardew Valley,class=stardew valley.exe,mapped=true,viewable=true,enabled=true,renderable=true,surface=false,application=true,keyPress=true,keyRelease=true}
161571 key_release_sent keycode=25,target={id=29360133,parent=25165831,name=Stardew Valley,class=stardew valley.exe,mapped=true,viewable=true,enabled=true,renderable=true,surface=false,application=true,keyPress=true,keyRelease=true}
161571 winhandler_keyboard_queued vkey=87,flags=2
161572 winhandler_keyboard_packet vkey=87,flags=2,sent=true
161741 binding_press binding=KEY_W,keycode=25
161742 inject_press keycode=25,keysym=0
161742 key_press_received keycode=25,keysym=0,focus={id=29360133,parent=25165831,name=Stardew Valley,class=stardew valley.exe,mapped=true,viewable=true,enabled=true,renderable=true,surface=false,application=true,keyPress=true,keyRelease=true},point={id=16777246,parent=29360133,name=,class=,mapped=true,viewable=true,enabled=true,renderable=true,surface=false,application=false,keyPress=false,keyRelease=false}
161742 key_press_ancestor_target target={id=29360133,parent=25165831,name=Stardew Valley,class=stardew valley.exe,mapped=true,viewable=true,enabled=true,renderable=true,surface=false,application=true,keyPress=true,keyRelease=true}
161742 key_press_sent keycode=25,target={id=29360133,parent=25165831,name=Stardew Valley,class=stardew valley.exe,mapped=true,viewable=true,enabled=true,renderable=true,surface=false,application=true,keyPress=true,keyRelease=true}
161742 winhandler_keyboard_queued vkey=87,flags=0
161742 binding_release binding=KEY_D,keycode=40
161742 inject_release keycode=40
161742 keyboard_release_suppressed reason=not_pressed_or_sticky,keycode=40
161742 binding_release binding=KEY_S,keycode=39
161742 inject_release keycode=39
161742 keyboard_release_suppressed reason=not_pressed_or_sticky,keycode=39
161742 binding_release binding=KEY_A,keycode=38
161742 inject_release keycode=38
161742 keyboard_release_suppressed reason=not_pressed_or_sticky,keycode=38
161743 winhandler_keyboard_packet vkey=87,flags=0,sent=true
161754 binding_press binding=KEY_W,keycode=25
161755 inject_press keycode=25,keysym=0
161755 keyboard_press_suppressed reason=already_pressed,keycode=25
161755 binding_release binding=KEY_D,keycode=40
161755 inject_release keycode=40
161755 keyboard_release_suppressed reason=not_pressed_or_sticky,keycode=40
161755 binding_release binding=KEY_S,keycode=39
161755 inject_release keycode=39
161755 keyboard_release_suppressed reason=not_pressed_or_sticky,keycode=39
161755 binding_release binding=KEY_A,keycode=38
161755 inject_release keycode=38
161755 keyboard_release_suppressed reason=not_pressed_or_sticky,keycode=38
161771 binding_press binding=KEY_W,keycode=25
161771 inject_press keycode=25,keysym=0
161771 keyboard_press_suppressed reason=already_pressed,keycode=25
161771 binding_release binding=KEY_D,keycode=40
161771 inject_release keycode=40
161771 keyboard_release_suppressed reason=not_pressed_or_sticky,keycode=40
161771 binding_release binding=KEY_S,keycode=39
161771 inject_release keycode=39
161772 keyboard_release_suppressed reason=not_pressed_or_sticky,keycode=39
161772 binding_release binding=KEY_A,keycode=38
161772 inject_release keycode=38
161772 keyboard_release_suppressed reason=not_pressed_or_sticky,keycode=38
161821 binding_press binding=KEY_W,keycode=25
161821 inject_press keycode=25,keysym=0
161821 keyboard_press_suppressed reason=already_pressed,keycode=25
161821 binding_release binding=KEY_D,keycode=40
161821 inject_release keycode=40
161821 keyboard_release_suppressed reason=not_pressed_or_sticky,keycode=40
161821 binding_release binding=KEY_S,keycode=39
161821 inject_release keycode=39
161821 keyboard_release_suppressed reason=not_pressed_or_sticky,keycode=39
161821 binding_release binding=KEY_A,keycode=38
161821 inject_release keycode=38
161821 keyboard_release_suppressed reason=not_pressed_or_sticky,keycode=38
161837 binding_press binding=KEY_W,keycode=25
161837 inject_press keycode=25,keysym=0
161837 keyboard_press_suppressed reason=already_pressed,keycode=25
161837 binding_release binding=KEY_D,keycode=40
161837 inject_release keycode=40
161837 keyboard_release_suppressed reason=not_pressed_or_sticky,keycode=40
161837 binding_release binding=KEY_S,keycode=39
161837 inject_release keycode=39
161837 keyboard_release_suppressed reason=not_pressed_or_sticky,keycode=39
161838 binding_release binding=KEY_A,keycode=38
161838 inject_release keycode=38
161838 keyboard_release_suppressed reason=not_pressed_or_sticky,keycode=38
161937 binding_press binding=KEY_W,keycode=25
161937 inject_press keycode=25,keysym=0
161937 keyboard_press_suppressed reason=already_pressed,keycode=25
161937 binding_release binding=KEY_D,keycode=40
161937 inject_release keycode=40
161937 keyboard_release_suppressed reason=not_pressed_or_sticky,keycode=40
161937 binding_release binding=KEY_S,keycode=39
161937 inject_release keycode=39
161937 keyboard_release_suppressed reason=not_pressed_or_sticky,keycode=39
161937 binding_release binding=KEY_A,keycode=38
161937 inject_release keycode=38
161938 keyboard_release_suppressed reason=not_pressed_or_sticky,keycode=38
162020 binding_press binding=KEY_W,keycode=25
162020 inject_press keycode=25,keysym=0
162020 keyboard_press_suppressed reason=already_pressed,keycode=25
162020 binding_release binding=KEY_D,keycode=40
162020 inject_release keycode=40
162020 keyboard_release_suppressed reason=not_pressed_or_sticky,keycode=40
162020 binding_release binding=KEY_S,keycode=39
162020 inject_release keycode=39
162020 keyboard_release_suppressed reason=not_pressed_or_sticky,keycode=39
162021 binding_release binding=KEY_A,keycode=38
162021 inject_release keycode=38
162021 keyboard_release_suppressed reason=not_pressed_or_sticky,keycode=38
162037 binding_press binding=KEY_W,keycode=25
162037 inject_press keycode=25,keysym=0
162037 keyboard_press_suppressed reason=already_pressed,keycode=25
162037 binding_release binding=KEY_D,keycode=40
162037 inject_release keycode=40
162037 keyboard_release_suppressed reason=not_pressed_or_sticky,keycode=40
162037 binding_release binding=KEY_S,keycode=39
162037 inject_release keycode=39
162037 keyboard_release_suppressed reason=not_pressed_or_sticky,keycode=39
162037 binding_release binding=KEY_A,keycode=38
162037 inject_release keycode=38
162037 keyboard_release_suppressed reason=not_pressed_or_sticky,keycode=38
162049 binding_press binding=KEY_W,keycode=25
162049 inject_press keycode=25,keysym=0
162049 keyboard_press_suppressed reason=already_pressed,keycode=25
162049 binding_release binding=KEY_D,keycode=40
162049 inject_release keycode=40
162049 keyboard_release_suppressed reason=not_pressed_or_sticky,keycode=40
162049 binding_release binding=KEY_S,keycode=39
162049 inject_release keycode=39
162049 keyboard_release_suppressed reason=not_pressed_or_sticky,keycode=39
162049 binding_release binding=KEY_A,keycode=38
162049 inject_release keycode=38
162049 keyboard_release_suppressed reason=not_pressed_or_sticky,keycode=38
162050 binding_release binding=KEY_W,keycode=25
162050 inject_release keycode=25
162050 key_release_received keycode=25,focus={id=29360133,parent=25165831,name=Stardew Valley,class=stardew valley.exe,mapped=true,viewable=true,enabled=true,renderable=true,surface=false,application=true,keyPress=true,keyRelease=true},point={id=16777246,parent=29360133,name=,class=,mapped=true,viewable=true,enabled=true,renderable=true,surface=false,application=false,keyPress=false,keyRelease=false}
162050 key_release_ancestor_target target={id=29360133,parent=25165831,name=Stardew Valley,class=stardew valley.exe,mapped=true,viewable=true,enabled=true,renderable=true,surface=false,application=true,keyPress=true,keyRelease=true}
162050 key_release_sent keycode=25,target={id=29360133,parent=25165831,name=Stardew Valley,class=stardew valley.exe,mapped=true,viewable=true,enabled=true,renderable=true,surface=false,application=true,keyPress=true,keyRelease=true}
162051 winhandler_keyboard_queued vkey=87,flags=2
162052 winhandler_keyboard_packet vkey=87,flags=2,sent=true
162247 binding_press binding=KEY_W,keycode=25
162247 inject_press keycode=25,keysym=0
162247 key_press_received keycode=25,keysym=0,focus={id=29360133,parent=25165831,name=Stardew Valley,class=stardew valley.exe,mapped=true,viewable=true,enabled=true,renderable=true,surface=false,application=true,keyPress=true,keyRelease=true},point={id=16777246,parent=29360133,name=,class=,mapped=true,viewable=true,enabled=true,renderable=true,surface=false,application=false,keyPress=false,keyRelease=false}
162247 key_press_ancestor_target target={id=29360133,parent=25165831,name=Stardew Valley,class=stardew valley.exe,mapped=true,viewable=true,enabled=true,renderable=true,surface=false,application=true,keyPress=true,keyRelease=true}
162247 key_press_sent keycode=25,target={id=29360133,parent=25165831,name=Stardew Valley,class=stardew valley.exe,mapped=true,viewable=true,enabled=true,renderable=true,surface=false,application=true,keyPress=true,keyRelease=true}
162248 winhandler_keyboard_queued vkey=87,flags=0
162248 binding_release binding=KEY_D,keycode=40
162248 inject_release keycode=40
162248 keyboard_release_suppressed reason=not_pressed_or_sticky,keycode=40
162248 binding_release binding=KEY_S,keycode=39
162248 inject_release keycode=39
162248 keyboard_release_suppressed reason=not_pressed_or_sticky,keycode=39
162248 binding_release binding=KEY_A,keycode=38
162248 inject_release keycode=38
162248 keyboard_release_suppressed reason=not_pressed_or_sticky,keycode=38
162248 winhandler_keyboard_packet vkey=87,flags=0,sent=true
162269 binding_press binding=KEY_W,keycode=25
162269 inject_press keycode=25,keysym=0
162269 keyboard_press_suppressed reason=already_pressed,keycode=25
162269 binding_release binding=KEY_D,keycode=40
162270 inject_release keycode=40
162270 keyboard_release_suppressed reason=not_pressed_or_sticky,keycode=40
162270 binding_release binding=KEY_S,keycode=39
162270 inject_release keycode=39
162270 keyboard_release_suppressed reason=not_pressed_or_sticky,keycode=39
162270 binding_release binding=KEY_A,keycode=38
162270 inject_release keycode=38
162270 keyboard_release_suppressed reason=not_pressed_or_sticky,keycode=38
162303 binding_press binding=KEY_W,keycode=25
162303 inject_press keycode=25,keysym=0
162303 keyboard_press_suppressed reason=already_pressed,keycode=25
162303 binding_release binding=KEY_D,keycode=40
162303 inject_release keycode=40
162303 keyboard_release_suppressed reason=not_pressed_or_sticky,keycode=40
162303 binding_release binding=KEY_S,keycode=39
162303 inject_release keycode=39
162303 keyboard_release_suppressed reason=not_pressed_or_sticky,keycode=39
162303 binding_release binding=KEY_A,keycode=38
162303 inject_release keycode=38
162303 keyboard_release_suppressed reason=not_pressed_or_sticky,keycode=38
162402 binding_press binding=KEY_W,keycode=25
162402 inject_press keycode=25,keysym=0
162402 keyboard_press_suppressed reason=already_pressed,keycode=25
162402 binding_release binding=KEY_D,keycode=40
162402 inject_release keycode=40
162402 keyboard_release_suppressed reason=not_pressed_or_sticky,keycode=40
162402 binding_release binding=KEY_S,keycode=39
162402 inject_release keycode=39
162402 keyboard_release_suppressed reason=not_pressed_or_sticky,keycode=39
162403 binding_release binding=KEY_A,keycode=38
162403 inject_release keycode=38
162403 keyboard_release_suppressed reason=not_pressed_or_sticky,keycode=38
162419 binding_press binding=KEY_W,keycode=25
162419 inject_press keycode=25,keysym=0
162419 keyboard_press_suppressed reason=already_pressed,keycode=25
162419 binding_release binding=KEY_D,keycode=40
162419 inject_release keycode=40
162419 keyboard_release_suppressed reason=not_pressed_or_sticky,keycode=40
162419 binding_release binding=KEY_S,keycode=39
162419 inject_release keycode=39
162419 keyboard_release_suppressed reason=not_pressed_or_sticky,keycode=39
162419 binding_release binding=KEY_A,keycode=38
162419 inject_release keycode=38
162419 keyboard_release_suppressed reason=not_pressed_or_sticky,keycode=38
162426 binding_press binding=KEY_W,keycode=25
162426 inject_press keycode=25,keysym=0
162426 keyboard_press_suppressed reason=already_pressed,keycode=25
162426 binding_release binding=KEY_D,keycode=40
162426 inject_release keycode=40
162426 keyboard_release_suppressed reason=not_pressed_or_sticky,keycode=40
162426 binding_release binding=KEY_S,keycode=39
162426 inject_release keycode=39
162426 keyboard_release_suppressed reason=not_pressed_or_sticky,keycode=39
162426 binding_release binding=KEY_A,keycode=38
162426 inject_release keycode=38
162426 keyboard_release_suppressed reason=not_pressed_or_sticky,keycode=38
162427 binding_release binding=KEY_W,keycode=25
162427 inject_release keycode=25
162427 key_release_received keycode=25,focus={id=29360133,parent=25165831,name=Stardew Valley,class=stardew valley.exe,mapped=true,viewable=true,enabled=true,renderable=true,surface=false,application=true,keyPress=true,keyRelease=true},point={id=16777246,parent=29360133,name=,class=,mapped=true,viewable=true,enabled=true,renderable=true,surface=false,application=false,keyPress=false,keyRelease=false}
162427 key_release_ancestor_target target={id=29360133,parent=25165831,name=Stardew Valley,class=stardew valley.exe,mapped=true,viewable=true,enabled=true,renderable=true,surface=false,application=true,keyPress=true,keyRelease=true}
162427 key_release_sent keycode=25,target={id=29360133,parent=25165831,name=Stardew Valley,class=stardew valley.exe,mapped=true,viewable=true,enabled=true,renderable=true,surface=false,application=true,keyPress=true,keyRelease=true}
162428 winhandler_keyboard_queued vkey=87,flags=2
162428 winhandler_keyboard_packet vkey=87,flags=2,sent=true
162891 pointer_focus point={id=16777246,parent=29360133,name=,class=,mapped=true,viewable=true,enabled=true,renderable=true,surface=false,application=false,keyPress=false,keyRelease=false},focus_before={id=29360133,parent=25165831,name=Stardew Valley,class=stardew valley.exe,mapped=true,viewable=true,enabled=true,renderable=true,surface=false,application=true,keyPress=true,keyRelease=true}
162891 pointer_focus_result focus_after={id=29360133,parent=25165831,name=Stardew Valley,class=stardew valley.exe,mapped=true,viewable=true,enabled=true,renderable=true,surface=false,application=true,keyPress=true,keyRelease=true}
164381 binding_press binding=KEY_W,keycode=25
164382 inject_press keycode=25,keysym=0
164382 key_press_received keycode=25,keysym=0,focus={id=29360133,parent=25165831,name=Stardew Valley,class=stardew valley.exe,mapped=true,viewable=true,enabled=true,renderable=true,surface=false,application=true,keyPress=true,keyRelease=true},point={id=16777246,parent=29360133,name=,class=,mapped=true,viewable=true,enabled=true,renderable=true,surface=false,application=false,keyPress=false,keyRelease=false}
164382 key_press_ancestor_target target={id=29360133,parent=25165831,name=Stardew Valley,class=stardew valley.exe,mapped=true,viewable=true,enabled=true,renderable=true,surface=false,application=true,keyPress=true,keyRelease=true}
164382 key_press_sent keycode=25,target={id=29360133,parent=25165831,name=Stardew Valley,class=stardew valley.exe,mapped=true,viewable=true,enabled=true,renderable=true,surface=false,application=true,keyPress=true,keyRelease=true}
164382 winhandler_keyboard_queued vkey=87,flags=0
164382 binding_release binding=KEY_D,keycode=40
164382 inject_release keycode=40
164382 keyboard_release_suppressed reason=not_pressed_or_sticky,keycode=40
164382 binding_release binding=KEY_S,keycode=39
164383 inject_release keycode=39
164383 keyboard_release_suppressed reason=not_pressed_or_sticky,keycode=39
164383 binding_release binding=KEY_A,keycode=38
164383 winhandler_keyboard_packet vkey=87,flags=0,sent=true
164383 inject_release keycode=38
164383 keyboard_release_suppressed reason=not_pressed_or_sticky,keycode=38
164412 binding_press binding=KEY_W,keycode=25
164412 inject_press keycode=25,keysym=0
164412 keyboard_press_suppressed reason=already_pressed,keycode=25
164412 binding_release binding=KEY_D,keycode=40
164413 inject_release keycode=40
164413 keyboard_release_suppressed reason=not_pressed_or_sticky,keycode=40
164413 binding_release binding=KEY_S,keycode=39
164413 inject_release keycode=39
164413 keyboard_release_suppressed reason=not_pressed_or_sticky,keycode=39
164413 binding_release binding=KEY_A,keycode=38
164413 inject_release keycode=38
164413 keyboard_release_suppressed reason=not_pressed_or_sticky,keycode=38
164446 binding_press binding=KEY_W,keycode=25
164446 inject_press keycode=25,keysym=0
164446 keyboard_press_suppressed reason=already_pressed,keycode=25
164446 binding_release binding=KEY_D,keycode=40
164446 inject_release keycode=40
164446 keyboard_release_suppressed reason=not_pressed_or_sticky,keycode=40
164446 binding_release binding=KEY_S,keycode=39
164446 inject_release keycode=39
164446 keyboard_release_suppressed reason=not_pressed_or_sticky,keycode=39
164446 binding_release binding=KEY_A,keycode=38
164446 inject_release keycode=38
164446 keyboard_release_suppressed reason=not_pressed_or_sticky,keycode=38
164462 binding_press binding=KEY_W,keycode=25
164463 inject_press keycode=25,keysym=0
164463 keyboard_press_suppressed reason=already_pressed,keycode=25
164463 binding_release binding=KEY_D,keycode=40
164463 inject_release keycode=40
164463 keyboard_release_suppressed reason=not_pressed_or_sticky,keycode=40
164463 binding_release binding=KEY_S,keycode=39
164463 inject_release keycode=39
164463 keyboard_release_suppressed reason=not_pressed_or_sticky,keycode=39
164463 binding_release binding=KEY_A,keycode=38
164463 inject_release keycode=38
164463 keyboard_release_suppressed reason=not_pressed_or_sticky,keycode=38
164528 binding_press binding=KEY_W,keycode=25
164528 inject_press keycode=25,keysym=0
164529 keyboard_press_suppressed reason=already_pressed,keycode=25
164529 binding_release binding=KEY_D,keycode=40
164529 inject_release keycode=40
164529 keyboard_release_suppressed reason=not_pressed_or_sticky,keycode=40
164529 binding_release binding=KEY_S,keycode=39
164529 inject_release keycode=39
164529 keyboard_release_suppressed reason=not_pressed_or_sticky,keycode=39
164529 binding_release binding=KEY_A,keycode=38
164529 inject_release keycode=38
164529 keyboard_release_suppressed reason=not_pressed_or_sticky,keycode=38
164561 binding_press binding=KEY_W,keycode=25
164562 inject_press keycode=25,keysym=0
164562 keyboard_press_suppressed reason=already_pressed,keycode=25
164562 binding_release binding=KEY_D,keycode=40
164562 inject_release keycode=40
164562 keyboard_release_suppressed reason=not_pressed_or_sticky,keycode=40
164562 binding_release binding=KEY_S,keycode=39
164562 inject_release keycode=39
164562 keyboard_release_suppressed reason=not_pressed_or_sticky,keycode=39
164562 binding_release binding=KEY_A,keycode=38
164562 inject_release keycode=38
164562 keyboard_release_suppressed reason=not_pressed_or_sticky,keycode=38
164578 binding_press binding=KEY_W,keycode=25
164578 inject_press keycode=25,keysym=0
164578 keyboard_press_suppressed reason=already_pressed,keycode=25
164578 binding_release binding=KEY_D,keycode=40
164578 inject_release keycode=40
164578 keyboard_release_suppressed reason=not_pressed_or_sticky,keycode=40
164578 binding_release binding=KEY_S,keycode=39
164578 inject_release keycode=39
164578 keyboard_release_suppressed reason=not_pressed_or_sticky,keycode=39
164578 binding_release binding=KEY_A,keycode=38
164578 inject_release keycode=38
164578 keyboard_release_suppressed reason=not_pressed_or_sticky,keycode=38
164595 binding_press binding=KEY_W,keycode=25
164595 inject_press keycode=25,keysym=0
164595 keyboard_press_suppressed reason=already_pressed,keycode=25
164595 binding_release binding=KEY_D,keycode=40
164595 inject_release keycode=40
164596 keyboard_release_suppressed reason=not_pressed_or_sticky,keycode=40
164596 binding_release binding=KEY_S,keycode=39
164596 inject_release keycode=39
164596 keyboard_release_suppressed reason=not_pressed_or_sticky,keycode=39
164596 binding_release binding=KEY_A,keycode=38
164596 inject_release keycode=38
164596 keyboard_release_suppressed reason=not_pressed_or_sticky,keycode=38
164612 binding_press binding=KEY_W,keycode=25
164612 inject_press keycode=25,keysym=0
164612 keyboard_press_suppressed reason=already_pressed,keycode=25
164612 binding_release binding=KEY_D,keycode=40
164612 inject_release keycode=40
164612 keyboard_release_suppressed reason=not_pressed_or_sticky,keycode=40
164612 binding_release binding=KEY_S,keycode=39
164612 inject_release keycode=39
164612 keyboard_release_suppressed reason=not_pressed_or_sticky,keycode=39
164612 binding_release binding=KEY_A,keycode=38
164612 inject_release keycode=38
164612 keyboard_release_suppressed reason=not_pressed_or_sticky,keycode=38
164711 binding_press binding=KEY_W,keycode=25
164711 inject_press keycode=25,keysym=0
164711 keyboard_press_suppressed reason=already_pressed,keycode=25
164711 binding_release binding=KEY_D,keycode=40
164711 inject_release keycode=40
164711 keyboard_release_suppressed reason=not_pressed_or_sticky,keycode=40
164711 binding_release binding=KEY_S,keycode=39
164711 inject_release keycode=39
164711 keyboard_release_suppressed reason=not_pressed_or_sticky,keycode=39
164711 binding_release binding=KEY_A,keycode=38
164712 inject_release keycode=38
164712 keyboard_release_suppressed reason=not_pressed_or_sticky,keycode=38
164811 binding_press binding=KEY_W,keycode=25
164811 inject_press keycode=25,keysym=0
164811 keyboard_press_suppressed reason=already_pressed,keycode=25
164811 binding_release binding=KEY_D,keycode=40
164811 inject_release keycode=40
164811 keyboard_release_suppressed reason=not_pressed_or_sticky,keycode=40
164811 binding_release binding=KEY_S,keycode=39
164811 inject_release keycode=39
164811 keyboard_release_suppressed reason=not_pressed_or_sticky,keycode=39
164812 binding_release binding=KEY_A,keycode=38
164812 inject_release keycode=38
164812 keyboard_release_suppressed reason=not_pressed_or_sticky,keycode=38
164844 binding_press binding=KEY_W,keycode=25
164844 inject_press keycode=25,keysym=0
164844 keyboard_press_suppressed reason=already_pressed,keycode=25
164844 binding_release binding=KEY_D,keycode=40
164844 inject_release keycode=40
164844 keyboard_release_suppressed reason=not_pressed_or_sticky,keycode=40
164844 binding_release binding=KEY_S,keycode=39
164844 inject_release keycode=39
164844 keyboard_release_suppressed reason=not_pressed_or_sticky,keycode=39
164844 binding_release binding=KEY_A,keycode=38
164844 inject_release keycode=38
164844 keyboard_release_suppressed reason=not_pressed_or_sticky,keycode=38
164894 binding_press binding=KEY_W,keycode=25
164894 inject_press keycode=25,keysym=0
164894 keyboard_press_suppressed reason=already_pressed,keycode=25
164894 binding_release binding=KEY_D,keycode=40
164894 inject_release keycode=40
164894 keyboard_release_suppressed reason=not_pressed_or_sticky,keycode=40
164894 binding_release binding=KEY_S,keycode=39
164894 inject_release keycode=39
164894 keyboard_release_suppressed reason=not_pressed_or_sticky,keycode=39
164894 binding_release binding=KEY_A,keycode=38
164894 inject_release keycode=38
164894 keyboard_release_suppressed reason=not_pressed_or_sticky,keycode=38
164909 binding_press binding=KEY_W,keycode=25
164909 inject_press keycode=25,keysym=0
164909 keyboard_press_suppressed reason=already_pressed,keycode=25
164909 binding_release binding=KEY_D,keycode=40
164909 inject_release keycode=40
164909 keyboard_release_suppressed reason=not_pressed_or_sticky,keycode=40
164909 binding_release binding=KEY_S,keycode=39
164909 inject_release keycode=39
164909 keyboard_release_suppressed reason=not_pressed_or_sticky,keycode=39
164909 binding_release binding=KEY_A,keycode=38
164909 inject_release keycode=38
164909 keyboard_release_suppressed reason=not_pressed_or_sticky,keycode=38
164910 binding_release binding=KEY_W,keycode=25
164910 inject_release keycode=25
164910 key_release_received keycode=25,focus={id=29360133,parent=25165831,name=Stardew Valley,class=stardew valley.exe,mapped=true,viewable=true,enabled=true,renderable=true,surface=false,application=true,keyPress=true,keyRelease=true},point={id=16777246,parent=29360133,name=,class=,mapped=true,viewable=true,enabled=true,renderable=true,surface=false,application=false,keyPress=false,keyRelease=false}
164910 key_release_ancestor_target target={id=29360133,parent=25165831,name=Stardew Valley,class=stardew valley.exe,mapped=true,viewable=true,enabled=true,renderable=true,surface=false,application=true,keyPress=true,keyRelease=true}
164910 key_release_sent keycode=25,target={id=29360133,parent=25165831,name=Stardew Valley,class=stardew valley.exe,mapped=true,viewable=true,enabled=true,renderable=true,surface=false,application=true,keyPress=true,keyRelease=true}
164911 winhandler_keyboard_queued vkey=87,flags=2
164911 winhandler_keyboard_packet vkey=87,flags=2,sent=true
167374 pointer_focus point={id=16777246,parent=29360133,name=,class=,mapped=true,viewable=true,enabled=true,renderable=true,surface=false,application=false,keyPress=false,keyRelease=false},focus_before={id=29360133,parent=25165831,name=Stardew Valley,class=stardew valley.exe,mapped=true,viewable=true,enabled=true,renderable=true,surface=false,application=true,keyPress=true,keyRelease=true}
167374 pointer_focus_result focus_after={id=29360133,parent=25165831,name=Stardew Valley,class=stardew valley.exe,mapped=true,viewable=true,enabled=true,renderable=true,surface=false,application=true,keyPress=true,keyRelease=true}
168130 pointer_focus point={id=16777246,parent=29360133,name=,class=,mapped=true,viewable=true,enabled=true,renderable=true,surface=false,application=false,keyPress=false,keyRelease=false},focus_before={id=29360133,parent=25165831,name=Stardew Valley,class=stardew valley.exe,mapped=true,viewable=true,enabled=true,renderable=true,surface=false,application=true,keyPress=true,keyRelease=true}
168130 pointer_focus_result focus_after={id=29360133,parent=25165831,name=Stardew Valley,class=stardew valley.exe,mapped=true,viewable=true,enabled=true,renderable=true,surface=false,application=true,keyPress=true,keyRelease=true}
168299 pointer_focus point={id=16777246,parent=29360133,name=,class=,mapped=true,viewable=true,enabled=true,renderable=true,surface=false,application=false,keyPress=false,keyRelease=false},focus_before={id=29360133,parent=25165831,name=Stardew Valley,class=stardew valley.exe,mapped=true,viewable=true,enabled=true,renderable=true,surface=false,application=true,keyPress=true,keyRelease=true}
168300 pointer_focus_result focus_after={id=29360133,parent=25165831,name=Stardew Valley,class=stardew valley.exe,mapped=true,viewable=true,enabled=true,renderable=true,surface=false,application=true,keyPress=true,keyRelease=true}
168445 pointer_focus point={id=16777246,parent=29360133,name=,class=,mapped=true,viewable=true,enabled=true,renderable=true,surface=false,application=false,keyPress=false,keyRelease=false},focus_before={id=29360133,parent=25165831,name=Stardew Valley,class=stardew valley.exe,mapped=true,viewable=true,enabled=true,renderable=true,surface=false,application=true,keyPress=true,keyRelease=true}
168446 pointer_focus_result focus_after={id=29360133,parent=25165831,name=Stardew Valley,class=stardew valley.exe,mapped=true,viewable=true,enabled=true,renderable=true,surface=false,application=true,keyPress=true,keyRelease=true}
168705 pointer_focus point={id=16777246,parent=29360133,name=,class=,mapped=true,viewable=true,enabled=true,renderable=true,surface=false,application=false,keyPress=false,keyRelease=false},focus_before={id=29360133,parent=25165831,name=Stardew Valley,class=stardew valley.exe,mapped=true,viewable=true,enabled=true,renderable=true,surface=false,application=true,keyPress=true,keyRelease=true}
168706 pointer_focus_result focus_after={id=29360133,parent=25165831,name=Stardew Valley,class=stardew valley.exe,mapped=true,viewable=true,enabled=true,renderable=true,surface=false,application=true,keyPress=true,keyRelease=true}
168914 pointer_focus point={id=16777246,parent=29360133,name=,class=,mapped=true,viewable=true,enabled=true,renderable=true,surface=false,application=false,keyPress=false,keyRelease=false},focus_before={id=29360133,parent=25165831,name=Stardew Valley,class=stardew valley.exe,mapped=true,viewable=true,enabled=true,renderable=true,surface=false,application=true,keyPress=true,keyRelease=true}
168914 pointer_focus_result focus_after={id=29360133,parent=25165831,name=Stardew Valley,class=stardew valley.exe,mapped=true,viewable=true,enabled=true,renderable=true,surface=false,application=true,keyPress=true,keyRelease=true}
169072 pointer_focus point={id=16777246,parent=29360133,name=,class=,mapped=true,viewable=true,enabled=true,renderable=true,surface=false,application=false,keyPress=false,keyRelease=false},focus_before={id=29360133,parent=25165831,name=Stardew Valley,class=stardew valley.exe,mapped=true,viewable=true,enabled=true,renderable=true,surface=false,application=true,keyPress=true,keyRelease=true}
169072 pointer_focus_result focus_after={id=29360133,parent=25165831,name=Stardew Valley,class=stardew valley.exe,mapped=true,viewable=true,enabled=true,renderable=true,surface=false,application=true,keyPress=true,keyRelease=true}
170558 binding_press binding=KEY_W,keycode=25
170559 inject_press keycode=25,keysym=0
170559 key_press_received keycode=25,keysym=0,focus={id=29360133,parent=25165831,name=Stardew Valley,class=stardew valley.exe,mapped=true,viewable=true,enabled=true,renderable=true,surface=false,application=true,keyPress=true,keyRelease=true},point={id=16777246,parent=29360133,name=,class=,mapped=true,viewable=true,enabled=true,renderable=true,surface=false,application=false,keyPress=false,keyRelease=false}
170559 key_press_ancestor_target target={id=29360133,parent=25165831,name=Stardew Valley,class=stardew valley.exe,mapped=true,viewable=true,enabled=true,renderable=true,surface=false,application=true,keyPress=true,keyRelease=true}
170559 key_press_sent keycode=25,target={id=29360133,parent=25165831,name=Stardew Valley,class=stardew valley.exe,mapped=true,viewable=true,enabled=true,renderable=true,surface=false,application=true,keyPress=true,keyRelease=true}
170559 winhandler_keyboard_queued vkey=87,flags=0
170560 binding_release binding=KEY_D,keycode=40
170560 inject_release keycode=40
170560 winhandler_keyboard_packet vkey=87,flags=0,sent=true
170560 keyboard_release_suppressed reason=not_pressed_or_sticky,keycode=40
170560 binding_release binding=KEY_S,keycode=39
170560 inject_release keycode=39
170560 keyboard_release_suppressed reason=not_pressed_or_sticky,keycode=39
170560 binding_release binding=KEY_A,keycode=38
170560 inject_release keycode=38
170560 keyboard_release_suppressed reason=not_pressed_or_sticky,keycode=38
170591 binding_press binding=KEY_W,keycode=25
170591 inject_press keycode=25,keysym=0
170591 keyboard_press_suppressed reason=already_pressed,keycode=25
170591 binding_release binding=KEY_D,keycode=40
170592 inject_release keycode=40
170592 keyboard_release_suppressed reason=not_pressed_or_sticky,keycode=40
170592 binding_release binding=KEY_S,keycode=39
170592 inject_release keycode=39
170592 keyboard_release_suppressed reason=not_pressed_or_sticky,keycode=39
170592 binding_release binding=KEY_A,keycode=38
170592 inject_release keycode=38
170592 keyboard_release_suppressed reason=not_pressed_or_sticky,keycode=38
170625 binding_press binding=KEY_W,keycode=25
170625 inject_press keycode=25,keysym=0
170625 keyboard_press_suppressed reason=already_pressed,keycode=25
170625 binding_release binding=KEY_D,keycode=40
170625 inject_release keycode=40
170625 keyboard_release_suppressed reason=not_pressed_or_sticky,keycode=40
170625 binding_release binding=KEY_S,keycode=39
170625 inject_release keycode=39
170625 keyboard_release_suppressed reason=not_pressed_or_sticky,keycode=39
170625 binding_release binding=KEY_A,keycode=38
170625 inject_release keycode=38
170625 keyboard_release_suppressed reason=not_pressed_or_sticky,keycode=38
170691 binding_press binding=KEY_W,keycode=25
170691 inject_press keycode=25,keysym=0
170691 keyboard_press_suppressed reason=already_pressed,keycode=25
170691 binding_release binding=KEY_D,keycode=40
170691 inject_release keycode=40
170691 keyboard_release_suppressed reason=not_pressed_or_sticky,keycode=40
170691 binding_release binding=KEY_S,keycode=39
170691 inject_release keycode=39
170691 keyboard_release_suppressed reason=not_pressed_or_sticky,keycode=39
170691 binding_release binding=KEY_A,keycode=38
170691 inject_release keycode=38
170691 keyboard_release_suppressed reason=not_pressed_or_sticky,keycode=38
170790 binding_press binding=KEY_W,keycode=25
170790 inject_press keycode=25,keysym=0
170790 keyboard_press_suppressed reason=already_pressed,keycode=25
170790 binding_release binding=KEY_D,keycode=40
170790 inject_release keycode=40
170791 keyboard_release_suppressed reason=not_pressed_or_sticky,keycode=40
170791 binding_release binding=KEY_S,keycode=39
170791 inject_release keycode=39
170791 keyboard_release_suppressed reason=not_pressed_or_sticky,keycode=39
170791 binding_release binding=KEY_A,keycode=38
170791 inject_release keycode=38
170791 keyboard_release_suppressed reason=not_pressed_or_sticky,keycode=38
170890 binding_press binding=KEY_W,keycode=25
170890 inject_press keycode=25,keysym=0
170890 keyboard_press_suppressed reason=already_pressed,keycode=25
170890 binding_release binding=KEY_D,keycode=40
170890 inject_release keycode=40
170890 keyboard_release_suppressed reason=not_pressed_or_sticky,keycode=40
170890 binding_release binding=KEY_S,keycode=39
170890 inject_release keycode=39
170890 keyboard_release_suppressed reason=not_pressed_or_sticky,keycode=39
170890 binding_release binding=KEY_A,keycode=38
170890 inject_release keycode=38
170890 keyboard_release_suppressed reason=not_pressed_or_sticky,keycode=38
170990 binding_press binding=KEY_W,keycode=25
170990 inject_press keycode=25,keysym=0
170990 keyboard_press_suppressed reason=already_pressed,keycode=25
170990 binding_release binding=KEY_D,keycode=40
170990 inject_release keycode=40
170990 keyboard_release_suppressed reason=not_pressed_or_sticky,keycode=40
170990 binding_release binding=KEY_S,keycode=39
170990 inject_release keycode=39
170990 keyboard_release_suppressed reason=not_pressed_or_sticky,keycode=39
170990 binding_release binding=KEY_A,keycode=38
170990 inject_release keycode=38
170990 keyboard_release_suppressed reason=not_pressed_or_sticky,keycode=38
171006 binding_press binding=KEY_W,keycode=25
171006 inject_press keycode=25,keysym=0
171006 keyboard_press_suppressed reason=already_pressed,keycode=25
171006 binding_release binding=KEY_D,keycode=40
171006 inject_release keycode=40
171006 keyboard_release_suppressed reason=not_pressed_or_sticky,keycode=40
171006 binding_release binding=KEY_S,keycode=39
171006 inject_release keycode=39
171006 keyboard_release_suppressed reason=not_pressed_or_sticky,keycode=39
171006 binding_release binding=KEY_A,keycode=38
171006 inject_release keycode=38
171006 keyboard_release_suppressed reason=not_pressed_or_sticky,keycode=38
171073 binding_press binding=KEY_W,keycode=25
171073 inject_press keycode=25,keysym=0
171073 keyboard_press_suppressed reason=already_pressed,keycode=25
171073 binding_release binding=KEY_D,keycode=40
171073 inject_release keycode=40
171073 keyboard_release_suppressed reason=not_pressed_or_sticky,keycode=40
171073 binding_release binding=KEY_S,keycode=39
171073 inject_release keycode=39
171073 keyboard_release_suppressed reason=not_pressed_or_sticky,keycode=39
171073 binding_release binding=KEY_A,keycode=38
171073 inject_release keycode=38
171073 keyboard_release_suppressed reason=not_pressed_or_sticky,keycode=38
171089 binding_press binding=KEY_W,keycode=25
171089 inject_press keycode=25,keysym=0
171089 keyboard_press_suppressed reason=already_pressed,keycode=25
171089 binding_release binding=KEY_D,keycode=40
171089 inject_release keycode=40
171090 keyboard_release_suppressed reason=not_pressed_or_sticky,keycode=40
171090 binding_release binding=KEY_S,keycode=39
171090 inject_release keycode=39
171090 keyboard_release_suppressed reason=not_pressed_or_sticky,keycode=39
171090 binding_release binding=KEY_A,keycode=38
171090 inject_release keycode=38
171090 keyboard_release_suppressed reason=not_pressed_or_sticky,keycode=38
171106 binding_press binding=KEY_W,keycode=25
171106 inject_press keycode=25,keysym=0
171106 keyboard_press_suppressed reason=already_pressed,keycode=25
171106 binding_release binding=KEY_D,keycode=40
171106 inject_release keycode=40
171106 keyboard_release_suppressed reason=not_pressed_or_sticky,keycode=40
171106 binding_release binding=KEY_S,keycode=39
171106 inject_release keycode=39
171107 keyboard_release_suppressed reason=not_pressed_or_sticky,keycode=39
171107 binding_release binding=KEY_A,keycode=38
171107 inject_release keycode=38
171107 keyboard_release_suppressed reason=not_pressed_or_sticky,keycode=38
171122 binding_press binding=KEY_W,keycode=25
171122 inject_press keycode=25,keysym=0
171122 keyboard_press_suppressed reason=already_pressed,keycode=25
171123 binding_release binding=KEY_D,keycode=40
171123 inject_release keycode=40
171123 keyboard_release_suppressed reason=not_pressed_or_sticky,keycode=40
171123 binding_release binding=KEY_S,keycode=39
171123 inject_release keycode=39
171123 keyboard_release_suppressed reason=not_pressed_or_sticky,keycode=39
171123 binding_release binding=KEY_A,keycode=38
171123 inject_release keycode=38
171123 keyboard_release_suppressed reason=not_pressed_or_sticky,keycode=38
171139 binding_press binding=KEY_W,keycode=25
171139 inject_press keycode=25,keysym=0
171139 keyboard_press_suppressed reason=already_pressed,keycode=25
171139 binding_release binding=KEY_D,keycode=40
171139 inject_release keycode=40
171139 keyboard_release_suppressed reason=not_pressed_or_sticky,keycode=40
171139 binding_release binding=KEY_S,keycode=39
171139 inject_release keycode=39
171139 keyboard_release_suppressed reason=not_pressed_or_sticky,keycode=39
171139 binding_release binding=KEY_A,keycode=38
171139 inject_release keycode=38
171140 keyboard_release_suppressed reason=not_pressed_or_sticky,keycode=38
171206 binding_press binding=KEY_W,keycode=25
171206 inject_press keycode=25,keysym=0
171206 keyboard_press_suppressed reason=already_pressed,keycode=25
171206 binding_release binding=KEY_D,keycode=40
171206 inject_release keycode=40
171206 keyboard_release_suppressed reason=not_pressed_or_sticky,keycode=40
171206 binding_release binding=KEY_S,keycode=39
171206 inject_release keycode=39
171206 keyboard_release_suppressed reason=not_pressed_or_sticky,keycode=39
171206 binding_release binding=KEY_A,keycode=38
171207 inject_release keycode=38
171207 keyboard_release_suppressed reason=not_pressed_or_sticky,keycode=38
171222 binding_press binding=KEY_W,keycode=25
171223 inject_press keycode=25,keysym=0
171223 keyboard_press_suppressed reason=already_pressed,keycode=25
171223 binding_release binding=KEY_D,keycode=40
171223 inject_release keycode=40
171223 keyboard_release_suppressed reason=not_pressed_or_sticky,keycode=40
171223 binding_release binding=KEY_S,keycode=39
171223 inject_release keycode=39
171223 keyboard_release_suppressed reason=not_pressed_or_sticky,keycode=39
171223 binding_release binding=KEY_A,keycode=38
171223 inject_release keycode=38
171223 keyboard_release_suppressed reason=not_pressed_or_sticky,keycode=38
171239 binding_press binding=KEY_W,keycode=25
171239 inject_press keycode=25,keysym=0
171239 keyboard_press_suppressed reason=already_pressed,keycode=25
171239 binding_release binding=KEY_D,keycode=40
171239 inject_release keycode=40
171239 keyboard_release_suppressed reason=not_pressed_or_sticky,keycode=40
171239 binding_release binding=KEY_S,keycode=39
171239 inject_release keycode=39
171240 keyboard_release_suppressed reason=not_pressed_or_sticky,keycode=39
171240 binding_release binding=KEY_A,keycode=38
171240 inject_release keycode=38
171240 keyboard_release_suppressed reason=not_pressed_or_sticky,keycode=38
171256 binding_press binding=KEY_W,keycode=25
171257 inject_press keycode=25,keysym=0
171257 keyboard_press_suppressed reason=already_pressed,keycode=25
171257 binding_release binding=KEY_D,keycode=40
171257 inject_release keycode=40
171257 keyboard_release_suppressed reason=not_pressed_or_sticky,keycode=40
171257 binding_release binding=KEY_S,keycode=39
171257 inject_release keycode=39
171257 keyboard_release_suppressed reason=not_pressed_or_sticky,keycode=39
171257 binding_release binding=KEY_A,keycode=38
171257 inject_release keycode=38
171257 keyboard_release_suppressed reason=not_pressed_or_sticky,keycode=38
171272 binding_press binding=KEY_W,keycode=25
171272 inject_press keycode=25,keysym=0
171272 keyboard_press_suppressed reason=already_pressed,keycode=25
171272 binding_release binding=KEY_D,keycode=40
171272 inject_release keycode=40
171272 keyboard_release_suppressed reason=not_pressed_or_sticky,keycode=40
171272 binding_release binding=KEY_S,keycode=39
171272 inject_release keycode=39
171272 keyboard_release_suppressed reason=not_pressed_or_sticky,keycode=39
171272 binding_release binding=KEY_A,keycode=38
171272 inject_release keycode=38
171272 keyboard_release_suppressed reason=not_pressed_or_sticky,keycode=38
171288 binding_press binding=KEY_W,keycode=25
171289 inject_press keycode=25,keysym=0
171289 keyboard_press_suppressed reason=already_pressed,keycode=25
171289 binding_release binding=KEY_D,keycode=40
171289 inject_release keycode=40
171289 keyboard_release_suppressed reason=not_pressed_or_sticky,keycode=40
171289 binding_release binding=KEY_S,keycode=39
171289 inject_release keycode=39
171289 keyboard_release_suppressed reason=not_pressed_or_sticky,keycode=39
171289 binding_release binding=KEY_A,keycode=38
171289 inject_release keycode=38
171289 keyboard_release_suppressed reason=not_pressed_or_sticky,keycode=38
171305 binding_press binding=KEY_W,keycode=25
171305 inject_press keycode=25,keysym=0
171305 keyboard_press_suppressed reason=already_pressed,keycode=25
171305 binding_release binding=KEY_D,keycode=40
171305 inject_release keycode=40
171305 keyboard_release_suppressed reason=not_pressed_or_sticky,keycode=40
171305 binding_release binding=KEY_S,keycode=39
171305 inject_release keycode=39
171305 keyboard_release_suppressed reason=not_pressed_or_sticky,keycode=39
171305 binding_release binding=KEY_A,keycode=38
171305 inject_release keycode=38
171305 keyboard_release_suppressed reason=not_pressed_or_sticky,keycode=38
171338 binding_press binding=KEY_W,keycode=25
171339 inject_press keycode=25,keysym=0
171339 keyboard_press_suppressed reason=already_pressed,keycode=25
171339 binding_release binding=KEY_D,keycode=40
171339 inject_release keycode=40
171339 keyboard_release_suppressed reason=not_pressed_or_sticky,keycode=40
171339 binding_release binding=KEY_S,keycode=39
171339 inject_release keycode=39
171339 keyboard_release_suppressed reason=not_pressed_or_sticky,keycode=39
171339 binding_release binding=KEY_A,keycode=38
171339 inject_release keycode=38
171339 keyboard_release_suppressed reason=not_pressed_or_sticky,keycode=38
171355 binding_press binding=KEY_W,keycode=25
171355 inject_press keycode=25,keysym=0
171355 keyboard_press_suppressed reason=already_pressed,keycode=25
171355 binding_release binding=KEY_D,keycode=40
171355 inject_release keycode=40
171355 keyboard_release_suppressed reason=not_pressed_or_sticky,keycode=40
171355 binding_release binding=KEY_S,keycode=39
171355 inject_release keycode=39
171355 keyboard_release_suppressed reason=not_pressed_or_sticky,keycode=39
171355 binding_release binding=KEY_A,keycode=38
171356 inject_release keycode=38
171356 keyboard_release_suppressed reason=not_pressed_or_sticky,keycode=38
171371 binding_press binding=KEY_W,keycode=25
171372 inject_press keycode=25,keysym=0
171372 keyboard_press_suppressed reason=already_pressed,keycode=25
171372 binding_release binding=KEY_D,keycode=40
171372 inject_release keycode=40
171372 keyboard_release_suppressed reason=not_pressed_or_sticky,keycode=40
171372 binding_release binding=KEY_S,keycode=39
171372 inject_release keycode=39
171372 keyboard_release_suppressed reason=not_pressed_or_sticky,keycode=39
171372 binding_release binding=KEY_A,keycode=38
171372 inject_release keycode=38
171372 keyboard_release_suppressed reason=not_pressed_or_sticky,keycode=38
171389 binding_press binding=KEY_W,keycode=25
171389 inject_press keycode=25,keysym=0
171389 keyboard_press_suppressed reason=already_pressed,keycode=25
171389 binding_release binding=KEY_D,keycode=40
171389 inject_release keycode=40
171389 keyboard_release_suppressed reason=not_pressed_or_sticky,keycode=40
171389 binding_release binding=KEY_S,keycode=39
171389 inject_release keycode=39
171389 keyboard_release_suppressed reason=not_pressed_or_sticky,keycode=39
171389 binding_release binding=KEY_A,keycode=38
171389 inject_release keycode=38
171389 keyboard_release_suppressed reason=not_pressed_or_sticky,keycode=38
171405 binding_press binding=KEY_W,keycode=25
171405 inject_press keycode=25,keysym=0
171405 keyboard_press_suppressed reason=already_pressed,keycode=25
171405 binding_release binding=KEY_D,keycode=40
171405 inject_release keycode=40
171405 keyboard_release_suppressed reason=not_pressed_or_sticky,keycode=40
171405 binding_release binding=KEY_S,keycode=39
171405 inject_release keycode=39
171405 keyboard_release_suppressed reason=not_pressed_or_sticky,keycode=39
171405 binding_release binding=KEY_A,keycode=38
171405 inject_release keycode=38
171405 keyboard_release_suppressed reason=not_pressed_or_sticky,keycode=38
171406 binding_release binding=KEY_W,keycode=25
171406 inject_release keycode=25
171406 key_release_received keycode=25,focus={id=29360133,parent=25165831,name=Stardew Valley,class=stardew valley.exe,mapped=true,viewable=true,enabled=true,renderable=true,surface=false,application=true,keyPress=true,keyRelease=true},point={id=16777246,parent=29360133,name=,class=,mapped=true,viewable=true,enabled=true,renderable=true,surface=false,application=false,keyPress=false,keyRelease=false}
171406 key_release_ancestor_target target={id=29360133,parent=25165831,name=Stardew Valley,class=stardew valley.exe,mapped=true,viewable=true,enabled=true,renderable=true,surface=false,application=true,keyPress=true,keyRelease=true}
171406 key_release_sent keycode=25,target={id=29360133,parent=25165831,name=Stardew Valley,class=stardew valley.exe,mapped=true,viewable=true,enabled=true,renderable=true,surface=false,application=true,keyPress=true,keyRelease=true}
171406 winhandler_keyboard_queued vkey=87,flags=2
171407 winhandler_keyboard_packet vkey=87,flags=2,sent=true
171649 binding_press binding=KEY_W,keycode=25
171649 inject_press keycode=25,keysym=0
171650 key_press_received keycode=25,keysym=0,focus={id=29360133,parent=25165831,name=Stardew Valley,class=stardew valley.exe,mapped=true,viewable=true,enabled=true,renderable=true,surface=false,application=true,keyPress=true,keyRelease=true},point={id=16777246,parent=29360133,name=,class=,mapped=true,viewable=true,enabled=true,renderable=true,surface=false,application=false,keyPress=false,keyRelease=false}
171650 key_press_ancestor_target target={id=29360133,parent=25165831,name=Stardew Valley,class=stardew valley.exe,mapped=true,viewable=true,enabled=true,renderable=true,surface=false,application=true,keyPress=true,keyRelease=true}
171650 key_press_sent keycode=25,target={id=29360133,parent=25165831,name=Stardew Valley,class=stardew valley.exe,mapped=true,viewable=true,enabled=true,renderable=true,surface=false,application=true,keyPress=true,keyRelease=true}
171650 winhandler_keyboard_queued vkey=87,flags=0
171650 binding_release binding=KEY_D,keycode=40
171650 inject_release keycode=40
171650 keyboard_release_suppressed reason=not_pressed_or_sticky,keycode=40
171650 binding_release binding=KEY_S,keycode=39
171650 inject_release keycode=39
171650 keyboard_release_suppressed reason=not_pressed_or_sticky,keycode=39
171651 binding_release binding=KEY_A,keycode=38
171651 inject_release keycode=38
171651 keyboard_release_suppressed reason=not_pressed_or_sticky,keycode=38
171651 winhandler_keyboard_packet vkey=87,flags=0,sent=true
171720 binding_press binding=KEY_W,keycode=25
171720 inject_press keycode=25,keysym=0
171720 keyboard_press_suppressed reason=already_pressed,keycode=25
171721 binding_release binding=KEY_D,keycode=40
171721 inject_release keycode=40
171721 keyboard_release_suppressed reason=not_pressed_or_sticky,keycode=40
171721 binding_release binding=KEY_S,keycode=39
171721 inject_release keycode=39
171721 keyboard_release_suppressed reason=not_pressed_or_sticky,keycode=39
171721 binding_release binding=KEY_A,keycode=38
171721 inject_release keycode=38
171721 keyboard_release_suppressed reason=not_pressed_or_sticky,keycode=38
171803 binding_press binding=KEY_W,keycode=25
171804 inject_press keycode=25,keysym=0
171804 keyboard_press_suppressed reason=already_pressed,keycode=25
171804 binding_release binding=KEY_D,keycode=40
171804 inject_release keycode=40
171804 keyboard_release_suppressed reason=not_pressed_or_sticky,keycode=40
171804 binding_release binding=KEY_S,keycode=39
171804 inject_release keycode=39
171804 keyboard_release_suppressed reason=not_pressed_or_sticky,keycode=39
171804 binding_release binding=KEY_A,keycode=38
171804 inject_release keycode=38
171804 keyboard_release_suppressed reason=not_pressed_or_sticky,keycode=38
171820 binding_press binding=KEY_W,keycode=25
171820 inject_press keycode=25,keysym=0
171820 keyboard_press_suppressed reason=already_pressed,keycode=25
171820 binding_release binding=KEY_D,keycode=40
171820 inject_release keycode=40
171820 keyboard_release_suppressed reason=not_pressed_or_sticky,keycode=40
171820 binding_release binding=KEY_S,keycode=39
171820 inject_release keycode=39
171820 keyboard_release_suppressed reason=not_pressed_or_sticky,keycode=39
171820 binding_release binding=KEY_A,keycode=38
171820 inject_release keycode=38
171820 keyboard_release_suppressed reason=not_pressed_or_sticky,keycode=38
171837 binding_press binding=KEY_W,keycode=25
171837 inject_press keycode=25,keysym=0
171837 keyboard_press_suppressed reason=already_pressed,keycode=25
171837 binding_release binding=KEY_D,keycode=40
171837 inject_release keycode=40
171837 keyboard_release_suppressed reason=not_pressed_or_sticky,keycode=40
171837 binding_release binding=KEY_S,keycode=39
171837 inject_release keycode=39
171837 keyboard_release_suppressed reason=not_pressed_or_sticky,keycode=39
171837 binding_release binding=KEY_A,keycode=38
171837 inject_release keycode=38
171837 keyboard_release_suppressed reason=not_pressed_or_sticky,keycode=38
171937 binding_press binding=KEY_W,keycode=25
171937 inject_press keycode=25,keysym=0
171937 keyboard_press_suppressed reason=already_pressed,keycode=25
171937 binding_release binding=KEY_D,keycode=40
171937 inject_release keycode=40
171937 keyboard_release_suppressed reason=not_pressed_or_sticky,keycode=40
171937 binding_release binding=KEY_S,keycode=39
171937 inject_release keycode=39
171937 keyboard_release_suppressed reason=not_pressed_or_sticky,keycode=39
171937 binding_release binding=KEY_A,keycode=38
171937 inject_release keycode=38
171937 keyboard_release_suppressed reason=not_pressed_or_sticky,keycode=38
172019 binding_press binding=KEY_W,keycode=25
172019 inject_press keycode=25,keysym=0
172019 keyboard_press_suppressed reason=already_pressed,keycode=25
172019 binding_release binding=KEY_D,keycode=40
172020 inject_release keycode=40
172020 keyboard_release_suppressed reason=not_pressed_or_sticky,keycode=40
172020 binding_release binding=KEY_S,keycode=39
172020 inject_release keycode=39
172020 keyboard_release_suppressed reason=not_pressed_or_sticky,keycode=39
172020 binding_release binding=KEY_A,keycode=38
172020 inject_release keycode=38
172020 keyboard_release_suppressed reason=not_pressed_or_sticky,keycode=38
172069 binding_press binding=KEY_W,keycode=25
172069 inject_press keycode=25,keysym=0
172069 keyboard_press_suppressed reason=already_pressed,keycode=25
172069 binding_release binding=KEY_D,keycode=40
172069 inject_release keycode=40
172069 keyboard_release_suppressed reason=not_pressed_or_sticky,keycode=40
172069 binding_release binding=KEY_S,keycode=39
172069 inject_release keycode=39
172069 keyboard_release_suppressed reason=not_pressed_or_sticky,keycode=39
172069 binding_release binding=KEY_A,keycode=38
172069 inject_release keycode=38
172069 keyboard_release_suppressed reason=not_pressed_or_sticky,keycode=38
172085 binding_press binding=KEY_W,keycode=25
172086 inject_press keycode=25,keysym=0
172086 keyboard_press_suppressed reason=already_pressed,keycode=25
172086 binding_release binding=KEY_D,keycode=40
172086 inject_release keycode=40
172086 keyboard_release_suppressed reason=not_pressed_or_sticky,keycode=40
172086 binding_release binding=KEY_S,keycode=39
172086 inject_release keycode=39
172086 keyboard_release_suppressed reason=not_pressed_or_sticky,keycode=39
172086 binding_release binding=KEY_A,keycode=38
172086 inject_release keycode=38
172086 keyboard_release_suppressed reason=not_pressed_or_sticky,keycode=38
172086 binding_release binding=KEY_W,keycode=25
172087 inject_release keycode=25
172087 key_release_received keycode=25,focus={id=29360133,parent=25165831,name=Stardew Valley,class=stardew valley.exe,mapped=true,viewable=true,enabled=true,renderable=true,surface=false,application=true,keyPress=true,keyRelease=true},point={id=16777246,parent=29360133,name=,class=,mapped=true,viewable=true,enabled=true,renderable=true,surface=false,application=false,keyPress=false,keyRelease=false}
172087 key_release_ancestor_target target={id=29360133,parent=25165831,name=Stardew Valley,class=stardew valley.exe,mapped=true,viewable=true,enabled=true,renderable=true,surface=false,application=true,keyPress=true,keyRelease=true}
172087 key_release_sent keycode=25,target={id=29360133,parent=25165831,name=Stardew Valley,class=stardew valley.exe,mapped=true,viewable=true,enabled=true,renderable=true,surface=false,application=true,keyPress=true,keyRelease=true}
172087 winhandler_keyboard_queued vkey=87,flags=2
172088 winhandler_keyboard_packet vkey=87,flags=2,sent=true
172247 binding_press binding=KEY_W,keycode=25
172247 inject_press keycode=25,keysym=0
172247 key_press_received keycode=25,keysym=0,focus={id=29360133,parent=25165831,name=Stardew Valley,class=stardew valley.exe,mapped=true,viewable=true,enabled=true,renderable=true,surface=false,application=true,keyPress=true,keyRelease=true},point={id=16777246,parent=29360133,name=,class=,mapped=true,viewable=true,enabled=true,renderable=true,surface=false,application=false,keyPress=false,keyRelease=false}
172247 key_press_ancestor_target target={id=29360133,parent=25165831,name=Stardew Valley,class=stardew valley.exe,mapped=true,viewable=true,enabled=true,renderable=true,surface=false,application=true,keyPress=true,keyRelease=true}
172248 key_press_sent keycode=25,target={id=29360133,parent=25165831,name=Stardew Valley,class=stardew valley.exe,mapped=true,viewable=true,enabled=true,renderable=true,surface=false,application=true,keyPress=true,keyRelease=true}
172248 winhandler_keyboard_queued vkey=87,flags=0
172248 binding_release binding=KEY_D,keycode=40
172248 inject_release keycode=40
172248 keyboard_release_suppressed reason=not_pressed_or_sticky,keycode=40
172248 binding_release binding=KEY_S,keycode=39
172248 inject_release keycode=39
172248 keyboard_release_suppressed reason=not_pressed_or_sticky,keycode=39
172248 binding_press binding=KEY_A,keycode=38
172248 inject_press keycode=38,keysym=0
172248 key_press_received keycode=38,keysym=0,focus={id=29360133,parent=25165831,name=Stardew Valley,class=stardew valley.exe,mapped=true,viewable=true,enabled=true,renderable=true,surface=false,application=true,keyPress=true,keyRelease=true},point={id=16777246,parent=29360133,name=,class=,mapped=true,viewable=true,enabled=true,renderable=true,surface=false,application=false,keyPress=false,keyRelease=false}
172248 key_press_ancestor_target target={id=29360133,parent=25165831,name=Stardew Valley,class=stardew valley.exe,mapped=true,viewable=true,enabled=true,renderable=true,surface=false,application=true,keyPress=true,keyRelease=true}
172248 key_press_sent keycode=38,target={id=29360133,parent=25165831,name=Stardew Valley,class=stardew valley.exe,mapped=true,viewable=true,enabled=true,renderable=true,surface=false,application=true,keyPress=true,keyRelease=true}
172249 winhandler_keyboard_packet vkey=87,flags=0,sent=true
172251 binding_press binding=KEY_W,keycode=25
172252 inject_press keycode=25,keysym=0
172252 keyboard_press_suppressed reason=already_pressed,keycode=25
172252 binding_release binding=KEY_D,keycode=40
172252 inject_release keycode=40
172252 keyboard_release_suppressed reason=not_pressed_or_sticky,keycode=40
172252 binding_release binding=KEY_S,keycode=39
172252 inject_release keycode=39
172252 keyboard_release_suppressed reason=not_pressed_or_sticky,keycode=39
172252 binding_press binding=KEY_A,keycode=38
172252 inject_press keycode=38,keysym=0
172252 keyboard_press_suppressed reason=already_pressed,keycode=38
172313 binding_press binding=KEY_W,keycode=25
172313 inject_press keycode=25,keysym=0
172313 keyboard_press_suppressed reason=already_pressed,keycode=25
172313 binding_release binding=KEY_D,keycode=40
172313 inject_release keycode=40
172313 keyboard_release_suppressed reason=not_pressed_or_sticky,keycode=40
172313 binding_release binding=KEY_S,keycode=39
172314 inject_release keycode=39
172314 keyboard_release_suppressed reason=not_pressed_or_sticky,keycode=39
172314 binding_press binding=KEY_A,keycode=38
172314 inject_press keycode=38,keysym=0
172314 keyboard_press_suppressed reason=already_pressed,keycode=38
172315 binding_release binding=KEY_W,keycode=25
172315 inject_release keycode=25
172315 key_release_received keycode=25,focus={id=29360133,parent=25165831,name=Stardew Valley,class=stardew valley.exe,mapped=true,viewable=true,enabled=true,renderable=true,surface=false,application=true,keyPress=true,keyRelease=true},point={id=16777246,parent=29360133,name=,class=,mapped=true,viewable=true,enabled=true,renderable=true,surface=false,application=false,keyPress=false,keyRelease=false}
172315 key_release_ancestor_target target={id=29360133,parent=25165831,name=Stardew Valley,class=stardew valley.exe,mapped=true,viewable=true,enabled=true,renderable=true,surface=false,application=true,keyPress=true,keyRelease=true}
172316 key_release_sent keycode=25,target={id=29360133,parent=25165831,name=Stardew Valley,class=stardew valley.exe,mapped=true,viewable=true,enabled=true,renderable=true,surface=false,application=true,keyPress=true,keyRelease=true}
172316 winhandler_keyboard_queued vkey=87,flags=2
172316 binding_release binding=KEY_A,keycode=38
172316 inject_release keycode=38
172316 key_release_received keycode=38,focus={id=29360133,parent=25165831,name=Stardew Valley,class=stardew valley.exe,mapped=true,viewable=true,enabled=true,renderable=true,surface=false,application=true,keyPress=true,keyRelease=true},point={id=16777246,parent=29360133,name=,class=,mapped=true,viewable=true,enabled=true,renderable=true,surface=false,application=false,keyPress=false,keyRelease=false}
172316 winhandler_keyboard_packet vkey=87,flags=2,sent=true
172316 key_release_ancestor_target target={id=29360133,parent=25165831,name=Stardew Valley,class=stardew valley.exe,mapped=true,viewable=true,enabled=true,renderable=true,surface=false,application=true,keyPress=true,keyRelease=true}
172316 key_release_sent keycode=38,target={id=29360133,parent=25165831,name=Stardew Valley,class=stardew valley.exe,mapped=true,viewable=true,enabled=true,renderable=true,surface=false,application=true,keyPress=true,keyRelease=true}
172427 binding_press binding=KEY_W,keycode=25
172427 inject_press keycode=25,keysym=0
172428 key_press_received keycode=25,keysym=0,focus={id=29360133,parent=25165831,name=Stardew Valley,class=stardew valley.exe,mapped=true,viewable=true,enabled=true,renderable=true,surface=false,application=true,keyPress=true,keyRelease=true},point={id=16777246,parent=29360133,name=,class=,mapped=true,viewable=true,enabled=true,renderable=true,surface=false,application=false,keyPress=false,keyRelease=false}
172428 key_press_ancestor_target target={id=29360133,parent=25165831,name=Stardew Valley,class=stardew valley.exe,mapped=true,viewable=true,enabled=true,renderable=true,surface=false,application=true,keyPress=true,keyRelease=true}
172428 key_press_sent keycode=25,target={id=29360133,parent=25165831,name=Stardew Valley,class=stardew valley.exe,mapped=true,viewable=true,enabled=true,renderable=true,surface=false,application=true,keyPress=true,keyRelease=true}
172428 winhandler_keyboard_queued vkey=87,flags=0
172428 binding_release binding=KEY_D,keycode=40
172428 inject_release keycode=40
172428 keyboard_release_suppressed reason=not_pressed_or_sticky,keycode=40
172428 binding_release binding=KEY_S,keycode=39
172428 inject_release keycode=39
172428 keyboard_release_suppressed reason=not_pressed_or_sticky,keycode=39
172428 binding_press binding=KEY_A,keycode=38
172428 inject_press keycode=38,keysym=0
172428 key_press_received keycode=38,keysym=0,focus={id=29360133,parent=25165831,name=Stardew Valley,class=stardew valley.exe,mapped=true,viewable=true,enabled=true,renderable=true,surface=false,application=true,keyPress=true,keyRelease=true},point={id=16777246,parent=29360133,name=,class=,mapped=true,viewable=true,enabled=true,renderable=true,surface=false,application=false,keyPress=false,keyRelease=false}
172428 key_press_ancestor_target target={id=29360133,parent=25165831,name=Stardew Valley,class=stardew valley.exe,mapped=true,viewable=true,enabled=true,renderable=true,surface=false,application=true,keyPress=true,keyRelease=true}
172428 key_press_sent keycode=38,target={id=29360133,parent=25165831,name=Stardew Valley,class=stardew valley.exe,mapped=true,viewable=true,enabled=true,renderable=true,surface=false,application=true,keyPress=true,keyRelease=true}
172429 winhandler_keyboard_packet vkey=87,flags=0,sent=true
172468 binding_press binding=KEY_W,keycode=25
172468 inject_press keycode=25,keysym=0
172468 keyboard_press_suppressed reason=already_pressed,keycode=25
172468 binding_release binding=KEY_D,keycode=40
172468 inject_release keycode=40
172468 keyboard_release_suppressed reason=not_pressed_or_sticky,keycode=40
172468 binding_release binding=KEY_S,keycode=39
172468 inject_release keycode=39
172468 keyboard_release_suppressed reason=not_pressed_or_sticky,keycode=39
172468 binding_press binding=KEY_A,keycode=38
172468 inject_press keycode=38,keysym=0
172468 keyboard_press_suppressed reason=already_pressed,keycode=38
172478 binding_press binding=KEY_W,keycode=25
172479 inject_press keycode=25,keysym=0
172479 keyboard_press_suppressed reason=already_pressed,keycode=25
172479 binding_release binding=KEY_D,keycode=40
172479 inject_release keycode=40
172479 keyboard_release_suppressed reason=not_pressed_or_sticky,keycode=40
172479 binding_release binding=KEY_S,keycode=39
172479 inject_release keycode=39
172479 keyboard_release_suppressed reason=not_pressed_or_sticky,keycode=39
172479 binding_press binding=KEY_A,keycode=38
172479 inject_press keycode=38,keysym=0
172479 keyboard_press_suppressed reason=already_pressed,keycode=38
172479 binding_release binding=KEY_W,keycode=25
172479 inject_release keycode=25
172480 key_release_received keycode=25,focus={id=29360133,parent=25165831,name=Stardew Valley,class=stardew valley.exe,mapped=true,viewable=true,enabled=true,renderable=true,surface=false,application=true,keyPress=true,keyRelease=true},point={id=16777246,parent=29360133,name=,class=,mapped=true,viewable=true,enabled=true,renderable=true,surface=false,application=false,keyPress=false,keyRelease=false}
172480 key_release_ancestor_target target={id=29360133,parent=25165831,name=Stardew Valley,class=stardew valley.exe,mapped=true,viewable=true,enabled=true,renderable=true,surface=false,application=true,keyPress=true,keyRelease=true}
172480 key_release_sent keycode=25,target={id=29360133,parent=25165831,name=Stardew Valley,class=stardew valley.exe,mapped=true,viewable=true,enabled=true,renderable=true,surface=false,application=true,keyPress=true,keyRelease=true}
172480 winhandler_keyboard_queued vkey=87,flags=2
172480 binding_release binding=KEY_A,keycode=38
172480 inject_release keycode=38
172480 key_release_received keycode=38,focus={id=29360133,parent=25165831,name=Stardew Valley,class=stardew valley.exe,mapped=true,viewable=true,enabled=true,renderable=true,surface=false,application=true,keyPress=true,keyRelease=true},point={id=16777246,parent=29360133,name=,class=,mapped=true,viewable=true,enabled=true,renderable=true,surface=false,application=false,keyPress=false,keyRelease=false}
172480 key_release_ancestor_target target={id=29360133,parent=25165831,name=Stardew Valley,class=stardew valley.exe,mapped=true,viewable=true,enabled=true,renderable=true,surface=false,application=true,keyPress=true,keyRelease=true}
172480 winhandler_keyboard_packet vkey=87,flags=2,sent=true
172480 key_release_sent keycode=38,target={id=29360133,parent=25165831,name=Stardew Valley,class=stardew valley.exe,mapped=true,viewable=true,enabled=true,renderable=true,surface=false,application=true,keyPress=true,keyRelease=true}
172688 pointer_focus point={id=16777246,parent=29360133,name=,class=,mapped=true,viewable=true,enabled=true,renderable=true,surface=false,application=false,keyPress=false,keyRelease=false},focus_before={id=29360133,parent=25165831,name=Stardew Valley,class=stardew valley.exe,mapped=true,viewable=true,enabled=true,renderable=true,surface=false,application=true,keyPress=true,keyRelease=true}
172688 pointer_focus_result focus_after={id=29360133,parent=25165831,name=Stardew Valley,class=stardew valley.exe,mapped=true,viewable=true,enabled=true,renderable=true,surface=false,application=true,keyPress=true,keyRelease=true}
173079 binding_press binding=KEY_W,keycode=25
173079 inject_press keycode=25,keysym=0
173080 key_press_received keycode=25,keysym=0,focus={id=29360133,parent=25165831,name=Stardew Valley,class=stardew valley.exe,mapped=true,viewable=true,enabled=true,renderable=true,surface=false,application=true,keyPress=true,keyRelease=true},point={id=16777246,parent=29360133,name=,class=,mapped=true,viewable=true,enabled=true,renderable=true,surface=false,application=false,keyPress=false,keyRelease=false}
173080 key_press_ancestor_target target={id=29360133,parent=25165831,name=Stardew Valley,class=stardew valley.exe,mapped=true,viewable=true,enabled=true,renderable=true,surface=false,application=true,keyPress=true,keyRelease=true}
173080 key_press_sent keycode=25,target={id=29360133,parent=25165831,name=Stardew Valley,class=stardew valley.exe,mapped=true,viewable=true,enabled=true,renderable=true,surface=false,application=true,keyPress=true,keyRelease=true}
173080 winhandler_keyboard_queued vkey=87,flags=0
173080 binding_release binding=KEY_D,keycode=40
173080 inject_release keycode=40
173080 keyboard_release_suppressed reason=not_pressed_or_sticky,keycode=40
173080 binding_release binding=KEY_S,keycode=39
173080 inject_release keycode=39
173080 keyboard_release_suppressed reason=not_pressed_or_sticky,keycode=39
173080 binding_release binding=KEY_A,keycode=38
173080 inject_release keycode=38
173080 keyboard_release_suppressed reason=not_pressed_or_sticky,keycode=38
173081 winhandler_keyboard_packet vkey=87,flags=0,sent=true
173115 binding_press binding=KEY_W,keycode=25
173115 inject_press keycode=25,keysym=0
173115 keyboard_press_suppressed reason=already_pressed,keycode=25
173115 binding_release binding=KEY_D,keycode=40
173116 inject_release keycode=40
173116 keyboard_release_suppressed reason=not_pressed_or_sticky,keycode=40
173116 binding_release binding=KEY_S,keycode=39
173116 inject_release keycode=39
173116 keyboard_release_suppressed reason=not_pressed_or_sticky,keycode=39
173116 binding_release binding=KEY_A,keycode=38
173116 inject_release keycode=38
173116 keyboard_release_suppressed reason=not_pressed_or_sticky,keycode=38
173124 binding_release binding=KEY_W,keycode=25
173125 inject_release keycode=25
173125 key_release_received keycode=25,focus={id=29360133,parent=25165831,name=Stardew Valley,class=stardew valley.exe,mapped=true,viewable=true,enabled=true,renderable=true,surface=false,application=true,keyPress=true,keyRelease=true},point={id=16777246,parent=29360133,name=,class=,mapped=true,viewable=true,enabled=true,renderable=true,surface=false,application=false,keyPress=false,keyRelease=false}
173125 key_release_ancestor_target target={id=29360133,parent=25165831,name=Stardew Valley,class=stardew valley.exe,mapped=true,viewable=true,enabled=true,renderable=true,surface=false,application=true,keyPress=true,keyRelease=true}
173125 key_release_sent keycode=25,target={id=29360133,parent=25165831,name=Stardew Valley,class=stardew valley.exe,mapped=true,viewable=true,enabled=true,renderable=true,surface=false,application=true,keyPress=true,keyRelease=true}
173125 winhandler_keyboard_queued vkey=87,flags=2
173125 winhandler_keyboard_packet vkey=87,flags=2,sent=true
173223 binding_press binding=KEY_W,keycode=25
173224 inject_press keycode=25,keysym=0
173224 key_press_received keycode=25,keysym=0,focus={id=29360133,parent=25165831,name=Stardew Valley,class=stardew valley.exe,mapped=true,viewable=true,enabled=true,renderable=true,surface=false,application=true,keyPress=true,keyRelease=true},point={id=16777246,parent=29360133,name=,class=,mapped=true,viewable=true,enabled=true,renderable=true,surface=false,application=false,keyPress=false,keyRelease=false}
173224 key_press_ancestor_target target={id=29360133,parent=25165831,name=Stardew Valley,class=stardew valley.exe,mapped=true,viewable=true,enabled=true,renderable=true,surface=false,application=true,keyPress=true,keyRelease=true}
173224 key_press_sent keycode=25,target={id=29360133,parent=25165831,name=Stardew Valley,class=stardew valley.exe,mapped=true,viewable=true,enabled=true,renderable=true,surface=false,application=true,keyPress=true,keyRelease=true}
173224 winhandler_keyboard_queued vkey=87,flags=0
173224 binding_release binding=KEY_D,keycode=40
173224 inject_release keycode=40
173224 keyboard_release_suppressed reason=not_pressed_or_sticky,keycode=40
173224 binding_release binding=KEY_S,keycode=39
173224 inject_release keycode=39
173224 keyboard_release_suppressed reason=not_pressed_or_sticky,keycode=39
173224 binding_release binding=KEY_A,keycode=38
173224 inject_release keycode=38
173224 keyboard_release_suppressed reason=not_pressed_or_sticky,keycode=38
173225 winhandler_keyboard_packet vkey=87,flags=0,sent=true
173231 binding_press binding=KEY_W,keycode=25
173232 inject_press keycode=25,keysym=0
173232 keyboard_press_suppressed reason=already_pressed,keycode=25
173232 binding_release binding=KEY_D,keycode=40
173232 inject_release keycode=40
173232 keyboard_release_suppressed reason=not_pressed_or_sticky,keycode=40
173232 binding_release binding=KEY_S,keycode=39
173232 inject_release keycode=39
173232 keyboard_release_suppressed reason=not_pressed_or_sticky,keycode=39
173232 binding_release binding=KEY_A,keycode=38
173232 inject_release keycode=38
173232 keyboard_release_suppressed reason=not_pressed_or_sticky,keycode=38
173281 binding_press binding=KEY_W,keycode=25
173282 inject_press keycode=25,keysym=0
173282 keyboard_press_suppressed reason=already_pressed,keycode=25
173282 binding_release binding=KEY_D,keycode=40
173282 inject_release keycode=40
173282 keyboard_release_suppressed reason=not_pressed_or_sticky,keycode=40
173282 binding_release binding=KEY_S,keycode=39
173282 inject_release keycode=39
173282 keyboard_release_suppressed reason=not_pressed_or_sticky,keycode=39
173282 binding_release binding=KEY_A,keycode=38
173282 inject_release keycode=38
173282 keyboard_release_suppressed reason=not_pressed_or_sticky,keycode=38
173381 binding_press binding=KEY_W,keycode=25
173382 inject_press keycode=25,keysym=0
173382 keyboard_press_suppressed reason=already_pressed,keycode=25
173382 binding_release binding=KEY_D,keycode=40
173382 inject_release keycode=40
173382 keyboard_release_suppressed reason=not_pressed_or_sticky,keycode=40
173382 binding_release binding=KEY_S,keycode=39
173382 inject_release keycode=39
173382 keyboard_release_suppressed reason=not_pressed_or_sticky,keycode=39
173382 binding_release binding=KEY_A,keycode=38
173382 inject_release keycode=38
173382 keyboard_release_suppressed reason=not_pressed_or_sticky,keycode=38
173431 binding_press binding=KEY_W,keycode=25
173431 inject_press keycode=25,keysym=0
173431 keyboard_press_suppressed reason=already_pressed,keycode=25
173431 binding_release binding=KEY_D,keycode=40
173431 inject_release keycode=40
173431 keyboard_release_suppressed reason=not_pressed_or_sticky,keycode=40
173431 binding_release binding=KEY_S,keycode=39
173431 inject_release keycode=39
173431 keyboard_release_suppressed reason=not_pressed_or_sticky,keycode=39
173431 binding_release binding=KEY_A,keycode=38
173431 inject_release keycode=38
173431 keyboard_release_suppressed reason=not_pressed_or_sticky,keycode=38
173448 binding_press binding=KEY_W,keycode=25
173448 inject_press keycode=25,keysym=0
173448 keyboard_press_suppressed reason=already_pressed,keycode=25
173448 binding_release binding=KEY_D,keycode=40
173448 inject_release keycode=40
173448 keyboard_release_suppressed reason=not_pressed_or_sticky,keycode=40
173448 binding_release binding=KEY_S,keycode=39
173448 inject_release keycode=39
173448 keyboard_release_suppressed reason=not_pressed_or_sticky,keycode=39
173448 binding_release binding=KEY_A,keycode=38
173449 inject_release keycode=38
173449 keyboard_release_suppressed reason=not_pressed_or_sticky,keycode=38
173465 binding_press binding=KEY_W,keycode=25
173465 inject_press keycode=25,keysym=0
173465 keyboard_press_suppressed reason=already_pressed,keycode=25
173465 binding_release binding=KEY_D,keycode=40
173465 inject_release keycode=40
173465 keyboard_release_suppressed reason=not_pressed_or_sticky,keycode=40
173465 binding_release binding=KEY_S,keycode=39
173465 inject_release keycode=39
173465 keyboard_release_suppressed reason=not_pressed_or_sticky,keycode=39
173465 binding_release binding=KEY_A,keycode=38
173465 inject_release keycode=38
173465 keyboard_release_suppressed reason=not_pressed_or_sticky,keycode=38
173481 binding_press binding=KEY_W,keycode=25
173481 inject_press keycode=25,keysym=0
173481 keyboard_press_suppressed reason=already_pressed,keycode=25
173481 binding_release binding=KEY_D,keycode=40
173481 inject_release keycode=40
173481 keyboard_release_suppressed reason=not_pressed_or_sticky,keycode=40
173481 binding_release binding=KEY_S,keycode=39
173481 inject_release keycode=39
173481 keyboard_release_suppressed reason=not_pressed_or_sticky,keycode=39
173481 binding_release binding=KEY_A,keycode=38
173481 inject_release keycode=38
173481 keyboard_release_suppressed reason=not_pressed_or_sticky,keycode=38
173497 binding_press binding=KEY_W,keycode=25
173497 inject_press keycode=25,keysym=0
173497 keyboard_press_suppressed reason=already_pressed,keycode=25
173497 binding_release binding=KEY_D,keycode=40
173497 inject_release keycode=40
173497 keyboard_release_suppressed reason=not_pressed_or_sticky,keycode=40
173497 binding_release binding=KEY_S,keycode=39
173497 inject_release keycode=39
173498 keyboard_release_suppressed reason=not_pressed_or_sticky,keycode=39
173498 binding_release binding=KEY_A,keycode=38
173498 inject_release keycode=38
173498 keyboard_release_suppressed reason=not_pressed_or_sticky,keycode=38
173514 binding_press binding=KEY_W,keycode=25
173514 inject_press keycode=25,keysym=0
173514 keyboard_press_suppressed reason=already_pressed,keycode=25
173514 binding_release binding=KEY_D,keycode=40
173514 inject_release keycode=40
173514 keyboard_release_suppressed reason=not_pressed_or_sticky,keycode=40
173514 binding_release binding=KEY_S,keycode=39
173514 inject_release keycode=39
173514 keyboard_release_suppressed reason=not_pressed_or_sticky,keycode=39
173514 binding_release binding=KEY_A,keycode=38
173514 inject_release keycode=38
173514 keyboard_release_suppressed reason=not_pressed_or_sticky,keycode=38
173548 binding_press binding=KEY_W,keycode=25
173548 inject_press keycode=25,keysym=0
173548 keyboard_press_suppressed reason=already_pressed,keycode=25
173548 binding_release binding=KEY_D,keycode=40
173548 inject_release keycode=40
173548 keyboard_release_suppressed reason=not_pressed_or_sticky,keycode=40
173548 binding_release binding=KEY_S,keycode=39
173548 inject_release keycode=39
173548 keyboard_release_suppressed reason=not_pressed_or_sticky,keycode=39
173548 binding_release binding=KEY_A,keycode=38
173548 inject_release keycode=38
173548 keyboard_release_suppressed reason=not_pressed_or_sticky,keycode=38
173580 binding_press binding=KEY_W,keycode=25
173580 inject_press keycode=25,keysym=0
173580 keyboard_press_suppressed reason=already_pressed,keycode=25
173580 binding_release binding=KEY_D,keycode=40
173580 inject_release keycode=40
173580 keyboard_release_suppressed reason=not_pressed_or_sticky,keycode=40
173580 binding_release binding=KEY_S,keycode=39
173580 inject_release keycode=39
173580 keyboard_release_suppressed reason=not_pressed_or_sticky,keycode=39
173580 binding_release binding=KEY_A,keycode=38
173580 inject_release keycode=38
173580 keyboard_release_suppressed reason=not_pressed_or_sticky,keycode=38
173597 binding_press binding=KEY_W,keycode=25
173597 inject_press keycode=25,keysym=0
173597 keyboard_press_suppressed reason=already_pressed,keycode=25
173597 binding_release binding=KEY_D,keycode=40
173597 inject_release keycode=40
173597 keyboard_release_suppressed reason=not_pressed_or_sticky,keycode=40
173597 binding_release binding=KEY_S,keycode=39
173597 inject_release keycode=39
173597 keyboard_release_suppressed reason=not_pressed_or_sticky,keycode=39
173597 binding_release binding=KEY_A,keycode=38
173597 inject_release keycode=38
173597 keyboard_release_suppressed reason=not_pressed_or_sticky,keycode=38
173614 binding_press binding=KEY_W,keycode=25
173614 inject_press keycode=25,keysym=0
173614 keyboard_press_suppressed reason=already_pressed,keycode=25
173614 binding_release binding=KEY_D,keycode=40
173614 inject_release keycode=40
173614 keyboard_release_suppressed reason=not_pressed_or_sticky,keycode=40
173614 binding_release binding=KEY_S,keycode=39
173614 inject_release keycode=39
173614 keyboard_release_suppressed reason=not_pressed_or_sticky,keycode=39
173614 binding_release binding=KEY_A,keycode=38
173614 inject_release keycode=38
173614 keyboard_release_suppressed reason=not_pressed_or_sticky,keycode=38
173630 binding_press binding=KEY_W,keycode=25
173630 inject_press keycode=25,keysym=0
173630 keyboard_press_suppressed reason=already_pressed,keycode=25
173630 binding_release binding=KEY_D,keycode=40
173630 inject_release keycode=40
173630 keyboard_release_suppressed reason=not_pressed_or_sticky,keycode=40
173630 binding_release binding=KEY_S,keycode=39
173630 inject_release keycode=39
173630 keyboard_release_suppressed reason=not_pressed_or_sticky,keycode=39
173630 binding_release binding=KEY_A,keycode=38
173630 inject_release keycode=38
173630 keyboard_release_suppressed reason=not_pressed_or_sticky,keycode=38
173647 binding_press binding=KEY_W,keycode=25
173647 inject_press keycode=25,keysym=0
173647 keyboard_press_suppressed reason=already_pressed,keycode=25
173647 binding_release binding=KEY_D,keycode=40
173647 inject_release keycode=40
173647 keyboard_release_suppressed reason=not_pressed_or_sticky,keycode=40
173647 binding_release binding=KEY_S,keycode=39
173647 inject_release keycode=39
173647 keyboard_release_suppressed reason=not_pressed_or_sticky,keycode=39
173647 binding_release binding=KEY_A,keycode=38
173647 inject_release keycode=38
173647 keyboard_release_suppressed reason=not_pressed_or_sticky,keycode=38
173664 binding_press binding=KEY_W,keycode=25
173664 inject_press keycode=25,keysym=0
173664 keyboard_press_suppressed reason=already_pressed,keycode=25
173664 binding_release binding=KEY_D,keycode=40
173664 inject_release keycode=40
173664 keyboard_release_suppressed reason=not_pressed_or_sticky,keycode=40
173664 binding_release binding=KEY_S,keycode=39
173664 inject_release keycode=39
173664 keyboard_release_suppressed reason=not_pressed_or_sticky,keycode=39
173664 binding_release binding=KEY_A,keycode=38
173664 inject_release keycode=38
173664 keyboard_release_suppressed reason=not_pressed_or_sticky,keycode=38
173680 binding_press binding=KEY_W,keycode=25
173680 inject_press keycode=25,keysym=0
173680 keyboard_press_suppressed reason=already_pressed,keycode=25
173680 binding_release binding=KEY_D,keycode=40
173680 inject_release keycode=40
173680 keyboard_release_suppressed reason=not_pressed_or_sticky,keycode=40
173680 binding_release binding=KEY_S,keycode=39
173680 inject_release keycode=39
173680 keyboard_release_suppressed reason=not_pressed_or_sticky,keycode=39
173680 binding_release binding=KEY_A,keycode=38
173680 inject_release keycode=38
173680 keyboard_release_suppressed reason=not_pressed_or_sticky,keycode=38
173714 binding_press binding=KEY_W,keycode=25
173714 inject_press keycode=25,keysym=0
173714 keyboard_press_suppressed reason=already_pressed,keycode=25
173714 binding_release binding=KEY_D,keycode=40
173714 inject_release keycode=40
173714 keyboard_release_suppressed reason=not_pressed_or_sticky,keycode=40
173714 binding_release binding=KEY_S,keycode=39
173714 inject_release keycode=39
173714 keyboard_release_suppressed reason=not_pressed_or_sticky,keycode=39
173714 binding_release binding=KEY_A,keycode=38
173714 inject_release keycode=38
173714 keyboard_release_suppressed reason=not_pressed_or_sticky,keycode=38
173746 binding_press binding=KEY_W,keycode=25
173746 inject_press keycode=25,keysym=0
173747 keyboard_press_suppressed reason=already_pressed,keycode=25
173747 binding_release binding=KEY_D,keycode=40
173747 inject_release keycode=40
173747 keyboard_release_suppressed reason=not_pressed_or_sticky,keycode=40
173747 binding_release binding=KEY_S,keycode=39
173747 inject_release keycode=39
173747 keyboard_release_suppressed reason=not_pressed_or_sticky,keycode=39
173747 binding_release binding=KEY_A,keycode=38
173747 inject_release keycode=38
173747 keyboard_release_suppressed reason=not_pressed_or_sticky,keycode=38
173763 binding_press binding=KEY_W,keycode=25
173763 inject_press keycode=25,keysym=0
173763 keyboard_press_suppressed reason=already_pressed,keycode=25
173763 binding_release binding=KEY_D,keycode=40
173763 inject_release keycode=40
173763 keyboard_release_suppressed reason=not_pressed_or_sticky,keycode=40
173763 binding_release binding=KEY_S,keycode=39
173763 inject_release keycode=39
173763 keyboard_release_suppressed reason=not_pressed_or_sticky,keycode=39
173763 binding_release binding=KEY_A,keycode=38
173763 inject_release keycode=38
173763 keyboard_release_suppressed reason=not_pressed_or_sticky,keycode=38
173863 binding_press binding=KEY_W,keycode=25
173863 inject_press keycode=25,keysym=0
173863 keyboard_press_suppressed reason=already_pressed,keycode=25
173863 binding_release binding=KEY_D,keycode=40
173863 inject_release keycode=40
173863 keyboard_release_suppressed reason=not_pressed_or_sticky,keycode=40
173863 binding_release binding=KEY_S,keycode=39
173863 inject_release keycode=39
173863 keyboard_release_suppressed reason=not_pressed_or_sticky,keycode=39
173863 binding_release binding=KEY_A,keycode=38
173863 inject_release keycode=38
173863 keyboard_release_suppressed reason=not_pressed_or_sticky,keycode=38
173879 binding_press binding=KEY_W,keycode=25
173879 inject_press keycode=25,keysym=0
173879 keyboard_press_suppressed reason=already_pressed,keycode=25
173880 binding_release binding=KEY_D,keycode=40
173880 inject_release keycode=40
173880 keyboard_release_suppressed reason=not_pressed_or_sticky,keycode=40
173880 binding_release binding=KEY_S,keycode=39
173880 inject_release keycode=39
173880 keyboard_release_suppressed reason=not_pressed_or_sticky,keycode=39
173880 binding_release binding=KEY_A,keycode=38
173880 inject_release keycode=38
173880 keyboard_release_suppressed reason=not_pressed_or_sticky,keycode=38
173962 binding_press binding=KEY_W,keycode=25
173962 inject_press keycode=25,keysym=0
173963 keyboard_press_suppressed reason=already_pressed,keycode=25
173963 binding_release binding=KEY_D,keycode=40
173963 inject_release keycode=40
173963 keyboard_release_suppressed reason=not_pressed_or_sticky,keycode=40
173963 binding_release binding=KEY_S,keycode=39
173963 inject_release keycode=39
173963 keyboard_release_suppressed reason=not_pressed_or_sticky,keycode=39
173963 binding_release binding=KEY_A,keycode=38
173963 inject_release keycode=38
173963 keyboard_release_suppressed reason=not_pressed_or_sticky,keycode=38
173979 binding_press binding=KEY_W,keycode=25
173979 inject_press keycode=25,keysym=0
173979 keyboard_press_suppressed reason=already_pressed,keycode=25
173979 binding_release binding=KEY_D,keycode=40
173979 inject_release keycode=40
173979 keyboard_release_suppressed reason=not_pressed_or_sticky,keycode=40
173979 binding_release binding=KEY_S,keycode=39
173979 inject_release keycode=39
173979 keyboard_release_suppressed reason=not_pressed_or_sticky,keycode=39
173979 binding_release binding=KEY_A,keycode=38
173979 inject_release keycode=38
173979 keyboard_release_suppressed reason=not_pressed_or_sticky,keycode=38
174029 binding_press binding=KEY_W,keycode=25
174029 inject_press keycode=25,keysym=0
174029 keyboard_press_suppressed reason=already_pressed,keycode=25
174029 binding_release binding=KEY_D,keycode=40
174029 inject_release keycode=40
174029 keyboard_release_suppressed reason=not_pressed_or_sticky,keycode=40
174029 binding_release binding=KEY_S,keycode=39
174029 inject_release keycode=39
174029 keyboard_release_suppressed reason=not_pressed_or_sticky,keycode=39
174029 binding_release binding=KEY_A,keycode=38
174029 inject_release keycode=38
174029 keyboard_release_suppressed reason=not_pressed_or_sticky,keycode=38
174128 binding_press binding=KEY_W,keycode=25
174129 inject_press keycode=25,keysym=0
174129 keyboard_press_suppressed reason=already_pressed,keycode=25
174129 binding_release binding=KEY_D,keycode=40
174129 inject_release keycode=40
174129 keyboard_release_suppressed reason=not_pressed_or_sticky,keycode=40
174129 binding_release binding=KEY_S,keycode=39
174129 inject_release keycode=39
174129 keyboard_release_suppressed reason=not_pressed_or_sticky,keycode=39
174129 binding_release binding=KEY_A,keycode=38
174129 inject_release keycode=38
174129 keyboard_release_suppressed reason=not_pressed_or_sticky,keycode=38
174228 binding_press binding=KEY_W,keycode=25
174228 inject_press keycode=25,keysym=0
174228 keyboard_press_suppressed reason=already_pressed,keycode=25
174228 binding_release binding=KEY_D,keycode=40
174228 inject_release keycode=40
174228 keyboard_release_suppressed reason=not_pressed_or_sticky,keycode=40
174228 binding_release binding=KEY_S,keycode=39
174228 inject_release keycode=39
174228 keyboard_release_suppressed reason=not_pressed_or_sticky,keycode=39
174228 binding_release binding=KEY_A,keycode=38
174228 inject_release keycode=38
174228 keyboard_release_suppressed reason=not_pressed_or_sticky,keycode=38
174245 binding_press binding=KEY_W,keycode=25
174245 inject_press keycode=25,keysym=0
174245 keyboard_press_suppressed reason=already_pressed,keycode=25
174245 binding_release binding=KEY_D,keycode=40
174245 inject_release keycode=40
174245 keyboard_release_suppressed reason=not_pressed_or_sticky,keycode=40
174245 binding_release binding=KEY_S,keycode=39
174245 inject_release keycode=39
174246 keyboard_release_suppressed reason=not_pressed_or_sticky,keycode=39
174246 binding_release binding=KEY_A,keycode=38
174246 inject_release keycode=38
174246 keyboard_release_suppressed reason=not_pressed_or_sticky,keycode=38
174344 binding_press binding=KEY_W,keycode=25
174345 inject_press keycode=25,keysym=0
174345 keyboard_press_suppressed reason=already_pressed,keycode=25
174345 binding_release binding=KEY_D,keycode=40
174345 inject_release keycode=40
174345 keyboard_release_suppressed reason=not_pressed_or_sticky,keycode=40
174345 binding_release binding=KEY_S,keycode=39
174345 inject_release keycode=39
174345 keyboard_release_suppressed reason=not_pressed_or_sticky,keycode=39
174345 binding_release binding=KEY_A,keycode=38
174345 inject_release keycode=38
174345 keyboard_release_suppressed reason=not_pressed_or_sticky,keycode=38
174411 binding_press binding=KEY_W,keycode=25
174411 inject_press keycode=25,keysym=0
174411 keyboard_press_suppressed reason=already_pressed,keycode=25
174411 binding_release binding=KEY_D,keycode=40
174411 inject_release keycode=40
174411 keyboard_release_suppressed reason=not_pressed_or_sticky,keycode=40
174411 binding_release binding=KEY_S,keycode=39
174411 inject_release keycode=39
174411 keyboard_release_suppressed reason=not_pressed_or_sticky,keycode=39
174411 binding_release binding=KEY_A,keycode=38
174411 inject_release keycode=38
174411 keyboard_release_suppressed reason=not_pressed_or_sticky,keycode=38
174510 binding_press binding=KEY_W,keycode=25
174510 inject_press keycode=25,keysym=0
174510 keyboard_press_suppressed reason=already_pressed,keycode=25
174510 binding_release binding=KEY_D,keycode=40
174510 inject_release keycode=40
174510 keyboard_release_suppressed reason=not_pressed_or_sticky,keycode=40
174510 binding_release binding=KEY_S,keycode=39
174510 inject_release keycode=39
174511 keyboard_release_suppressed reason=not_pressed_or_sticky,keycode=39
174511 binding_release binding=KEY_A,keycode=38
174511 inject_release keycode=38
174511 keyboard_release_suppressed reason=not_pressed_or_sticky,keycode=38
174527 binding_press binding=KEY_W,keycode=25
174527 inject_press keycode=25,keysym=0
174527 keyboard_press_suppressed reason=already_pressed,keycode=25
174527 binding_release binding=KEY_D,keycode=40
174527 inject_release keycode=40
174527 keyboard_release_suppressed reason=not_pressed_or_sticky,keycode=40
174527 binding_release binding=KEY_S,keycode=39
174527 inject_release keycode=39
174527 keyboard_release_suppressed reason=not_pressed_or_sticky,keycode=39
174527 binding_release binding=KEY_A,keycode=38
174527 inject_release keycode=38
174527 keyboard_release_suppressed reason=not_pressed_or_sticky,keycode=38
174577 binding_press binding=KEY_W,keycode=25
174577 inject_press keycode=25,keysym=0
174577 keyboard_press_suppressed reason=already_pressed,keycode=25
174577 binding_release binding=KEY_D,keycode=40
174577 inject_release keycode=40
174577 keyboard_release_suppressed reason=not_pressed_or_sticky,keycode=40
174577 binding_release binding=KEY_S,keycode=39
174577 inject_release keycode=39
174577 keyboard_release_suppressed reason=not_pressed_or_sticky,keycode=39
174577 binding_release binding=KEY_A,keycode=38
174578 inject_release keycode=38
174578 keyboard_release_suppressed reason=not_pressed_or_sticky,keycode=38
174610 binding_press binding=KEY_W,keycode=25
174610 inject_press keycode=25,keysym=0
174610 keyboard_press_suppressed reason=already_pressed,keycode=25
174610 binding_release binding=KEY_D,keycode=40
174610 inject_release keycode=40
174610 keyboard_release_suppressed reason=not_pressed_or_sticky,keycode=40
174610 binding_release binding=KEY_S,keycode=39
174610 inject_release keycode=39
174610 keyboard_release_suppressed reason=not_pressed_or_sticky,keycode=39
174610 binding_release binding=KEY_A,keycode=38
174610 inject_release keycode=38
174610 keyboard_release_suppressed reason=not_pressed_or_sticky,keycode=38
174627 binding_press binding=KEY_W,keycode=25
174627 inject_press keycode=25,keysym=0
174627 keyboard_press_suppressed reason=already_pressed,keycode=25
174627 binding_release binding=KEY_D,keycode=40
174627 inject_release keycode=40
174627 keyboard_release_suppressed reason=not_pressed_or_sticky,keycode=40
174627 binding_release binding=KEY_S,keycode=39
174627 inject_release keycode=39
174627 keyboard_release_suppressed reason=not_pressed_or_sticky,keycode=39
174627 binding_release binding=KEY_A,keycode=38
174627 inject_release keycode=38
174627 keyboard_release_suppressed reason=not_pressed_or_sticky,keycode=38
174643 binding_press binding=KEY_W,keycode=25
174643 inject_press keycode=25,keysym=0
174643 keyboard_press_suppressed reason=already_pressed,keycode=25
174643 binding_release binding=KEY_D,keycode=40
174643 inject_release keycode=40
174643 keyboard_release_suppressed reason=not_pressed_or_sticky,keycode=40
174643 binding_release binding=KEY_S,keycode=39
174643 inject_release keycode=39
174643 keyboard_release_suppressed reason=not_pressed_or_sticky,keycode=39
174643 binding_release binding=KEY_A,keycode=38
174643 inject_release keycode=38
174643 keyboard_release_suppressed reason=not_pressed_or_sticky,keycode=38
174676 binding_press binding=KEY_W,keycode=25
174677 inject_press keycode=25,keysym=0
174677 keyboard_press_suppressed reason=already_pressed,keycode=25
174677 binding_release binding=KEY_D,keycode=40
174677 inject_release keycode=40
174677 keyboard_release_suppressed reason=not_pressed_or_sticky,keycode=40
174677 binding_release binding=KEY_S,keycode=39
174677 inject_release keycode=39
174677 keyboard_release_suppressed reason=not_pressed_or_sticky,keycode=39
174677 binding_release binding=KEY_A,keycode=38
174677 inject_release keycode=38
174677 keyboard_release_suppressed reason=not_pressed_or_sticky,keycode=38
174693 binding_press binding=KEY_W,keycode=25
174693 inject_press keycode=25,keysym=0
174693 keyboard_press_suppressed reason=already_pressed,keycode=25
174693 binding_release binding=KEY_D,keycode=40
174693 inject_release keycode=40
174693 keyboard_release_suppressed reason=not_pressed_or_sticky,keycode=40
174693 binding_release binding=KEY_S,keycode=39
174693 inject_release keycode=39
174693 keyboard_release_suppressed reason=not_pressed_or_sticky,keycode=39
174694 binding_release binding=KEY_A,keycode=38
174694 inject_release keycode=38
174694 keyboard_release_suppressed reason=not_pressed_or_sticky,keycode=38
174743 binding_press binding=KEY_W,keycode=25
174743 inject_press keycode=25,keysym=0
174743 keyboard_press_suppressed reason=already_pressed,keycode=25
174743 binding_release binding=KEY_D,keycode=40
174743 inject_release keycode=40
174743 keyboard_release_suppressed reason=not_pressed_or_sticky,keycode=40
174743 binding_release binding=KEY_S,keycode=39
174743 inject_release keycode=39
174743 keyboard_release_suppressed reason=not_pressed_or_sticky,keycode=39
174743 binding_release binding=KEY_A,keycode=38
174743 inject_release keycode=38
174743 keyboard_release_suppressed reason=not_pressed_or_sticky,keycode=38
174760 binding_press binding=KEY_W,keycode=25
174760 inject_press keycode=25,keysym=0
174760 keyboard_press_suppressed reason=already_pressed,keycode=25
174760 binding_release binding=KEY_D,keycode=40
174760 inject_release keycode=40
174760 keyboard_release_suppressed reason=not_pressed_or_sticky,keycode=40
174760 binding_release binding=KEY_S,keycode=39
174760 inject_release keycode=39
174760 keyboard_release_suppressed reason=not_pressed_or_sticky,keycode=39
174760 binding_release binding=KEY_A,keycode=38
174760 inject_release keycode=38
174760 keyboard_release_suppressed reason=not_pressed_or_sticky,keycode=38
174793 binding_press binding=KEY_W,keycode=25
174793 inject_press keycode=25,keysym=0
174793 keyboard_press_suppressed reason=already_pressed,keycode=25
174793 binding_release binding=KEY_D,keycode=40
174793 inject_release keycode=40
174793 keyboard_release_suppressed reason=not_pressed_or_sticky,keycode=40
174793 binding_release binding=KEY_S,keycode=39
174793 inject_release keycode=39
174793 keyboard_release_suppressed reason=not_pressed_or_sticky,keycode=39
174793 binding_release binding=KEY_A,keycode=38
174793 inject_release keycode=38
174793 keyboard_release_suppressed reason=not_pressed_or_sticky,keycode=38
174809 binding_press binding=KEY_W,keycode=25
174810 inject_press keycode=25,keysym=0
174810 keyboard_press_suppressed reason=already_pressed,keycode=25
174810 binding_release binding=KEY_D,keycode=40
174810 inject_release keycode=40
174810 keyboard_release_suppressed reason=not_pressed_or_sticky,keycode=40
174810 binding_release binding=KEY_S,keycode=39
174810 inject_release keycode=39
174810 keyboard_release_suppressed reason=not_pressed_or_sticky,keycode=39
174810 binding_release binding=KEY_A,keycode=38
174810 inject_release keycode=38
174810 keyboard_release_suppressed reason=not_pressed_or_sticky,keycode=38
174859 binding_press binding=KEY_W,keycode=25
174859 inject_press keycode=25,keysym=0
174859 keyboard_press_suppressed reason=already_pressed,keycode=25
174859 binding_release binding=KEY_D,keycode=40
174859 inject_release keycode=40
174859 keyboard_release_suppressed reason=not_pressed_or_sticky,keycode=40
174859 binding_release binding=KEY_S,keycode=39
174859 inject_release keycode=39
174859 keyboard_release_suppressed reason=not_pressed_or_sticky,keycode=39
174859 binding_release binding=KEY_A,keycode=38
174859 inject_release keycode=38
174860 keyboard_release_suppressed reason=not_pressed_or_sticky,keycode=38
174908 binding_press binding=KEY_W,keycode=25
174908 inject_press keycode=25,keysym=0
174908 keyboard_press_suppressed reason=already_pressed,keycode=25
174908 binding_release binding=KEY_D,keycode=40
174908 inject_release keycode=40
174908 keyboard_release_suppressed reason=not_pressed_or_sticky,keycode=40
174908 binding_release binding=KEY_S,keycode=39
174908 inject_release keycode=39
174908 keyboard_release_suppressed reason=not_pressed_or_sticky,keycode=39
174908 binding_release binding=KEY_A,keycode=38
174908 inject_release keycode=38
174908 keyboard_release_suppressed reason=not_pressed_or_sticky,keycode=38
174909 binding_release binding=KEY_W,keycode=25
174909 inject_release keycode=25
174909 key_release_received keycode=25,focus={id=29360133,parent=25165831,name=Stardew Valley,class=stardew valley.exe,mapped=true,viewable=true,enabled=true,renderable=true,surface=false,application=true,keyPress=true,keyRelease=true},point={id=16777246,parent=29360133,name=,class=,mapped=true,viewable=true,enabled=true,renderable=true,surface=false,application=false,keyPress=false,keyRelease=false}
174909 key_release_ancestor_target target={id=29360133,parent=25165831,name=Stardew Valley,class=stardew valley.exe,mapped=true,viewable=true,enabled=true,renderable=true,surface=false,application=true,keyPress=true,keyRelease=true}
174909 key_release_sent keycode=25,target={id=29360133,parent=25165831,name=Stardew Valley,class=stardew valley.exe,mapped=true,viewable=true,enabled=true,renderable=true,surface=false,application=true,keyPress=true,keyRelease=true}
174910 winhandler_keyboard_queued vkey=87,flags=2
174911 winhandler_keyboard_packet vkey=87,flags=2,sent=true
175133 binding_press binding=KEY_W,keycode=25
175133 inject_press keycode=25,keysym=0
175133 key_press_received keycode=25,keysym=0,focus={id=29360133,parent=25165831,name=Stardew Valley,class=stardew valley.exe,mapped=true,viewable=true,enabled=true,renderable=true,surface=false,application=true,keyPress=true,keyRelease=true},point={id=16777246,parent=29360133,name=,class=,mapped=true,viewable=true,enabled=true,renderable=true,surface=false,application=false,keyPress=false,keyRelease=false}
175133 key_press_ancestor_target target={id=29360133,parent=25165831,name=Stardew Valley,class=stardew valley.exe,mapped=true,viewable=true,enabled=true,renderable=true,surface=false,application=true,keyPress=true,keyRelease=true}
175134 key_press_sent keycode=25,target={id=29360133,parent=25165831,name=Stardew Valley,class=stardew valley.exe,mapped=true,viewable=true,enabled=true,renderable=true,surface=false,application=true,keyPress=true,keyRelease=true}
175134 winhandler_keyboard_queued vkey=87,flags=0
175134 binding_release binding=KEY_D,keycode=40
175134 inject_release keycode=40
175134 keyboard_release_suppressed reason=not_pressed_or_sticky,keycode=40
175134 binding_release binding=KEY_S,keycode=39
175134 inject_release keycode=39
175134 keyboard_release_suppressed reason=not_pressed_or_sticky,keycode=39
175134 binding_release binding=KEY_A,keycode=38
175134 inject_release keycode=38
175134 keyboard_release_suppressed reason=not_pressed_or_sticky,keycode=38
175135 winhandler_keyboard_packet vkey=87,flags=0,sent=true
175142 binding_press binding=KEY_W,keycode=25
175142 inject_press keycode=25,keysym=0
175142 keyboard_press_suppressed reason=already_pressed,keycode=25
175142 binding_release binding=KEY_D,keycode=40
175142 inject_release keycode=40
175142 keyboard_release_suppressed reason=not_pressed_or_sticky,keycode=40
175142 binding_release binding=KEY_S,keycode=39
175142 inject_release keycode=39
175142 keyboard_release_suppressed reason=not_pressed_or_sticky,keycode=39
175142 binding_release binding=KEY_A,keycode=38
175142 inject_release keycode=38
175142 keyboard_release_suppressed reason=not_pressed_or_sticky,keycode=38
175192 binding_press binding=KEY_W,keycode=25
175192 inject_press keycode=25,keysym=0
175192 keyboard_press_suppressed reason=already_pressed,keycode=25
175192 binding_release binding=KEY_D,keycode=40
175192 inject_release keycode=40
175192 keyboard_release_suppressed reason=not_pressed_or_sticky,keycode=40
175192 binding_release binding=KEY_S,keycode=39
175192 inject_release keycode=39
175192 keyboard_release_suppressed reason=not_pressed_or_sticky,keycode=39
175192 binding_release binding=KEY_A,keycode=38
175192 inject_release keycode=38
175192 keyboard_release_suppressed reason=not_pressed_or_sticky,keycode=38
175208 binding_press binding=KEY_W,keycode=25
175208 inject_press keycode=25,keysym=0
175208 keyboard_press_suppressed reason=already_pressed,keycode=25
175208 binding_release binding=KEY_D,keycode=40
175208 inject_release keycode=40
175208 keyboard_release_suppressed reason=not_pressed_or_sticky,keycode=40
175208 binding_release binding=KEY_S,keycode=39
175208 inject_release keycode=39
175208 keyboard_release_suppressed reason=not_pressed_or_sticky,keycode=39
175208 binding_release binding=KEY_A,keycode=38
175208 inject_release keycode=38
175208 keyboard_release_suppressed reason=not_pressed_or_sticky,keycode=38
175241 binding_press binding=KEY_W,keycode=25
175241 inject_press keycode=25,keysym=0
175241 keyboard_press_suppressed reason=already_pressed,keycode=25
175241 binding_release binding=KEY_D,keycode=40
175241 inject_release keycode=40
175241 keyboard_release_suppressed reason=not_pressed_or_sticky,keycode=40
175241 binding_release binding=KEY_S,keycode=39
175241 inject_release keycode=39
175241 keyboard_release_suppressed reason=not_pressed_or_sticky,keycode=39
175241 binding_release binding=KEY_A,keycode=38
175241 inject_release keycode=38
175241 keyboard_release_suppressed reason=not_pressed_or_sticky,keycode=38
175258 binding_press binding=KEY_W,keycode=25
175258 inject_press keycode=25,keysym=0
175258 keyboard_press_suppressed reason=already_pressed,keycode=25
175258 binding_release binding=KEY_D,keycode=40
175258 inject_release keycode=40
175258 keyboard_release_suppressed reason=not_pressed_or_sticky,keycode=40
175258 binding_release binding=KEY_S,keycode=39
175258 inject_release keycode=39
175258 keyboard_release_suppressed reason=not_pressed_or_sticky,keycode=39
175258 binding_release binding=KEY_A,keycode=38
175258 inject_release keycode=38
175258 keyboard_release_suppressed reason=not_pressed_or_sticky,keycode=38
175291 binding_press binding=KEY_W,keycode=25
175291 inject_press keycode=25,keysym=0
175291 keyboard_press_suppressed reason=already_pressed,keycode=25
175291 binding_release binding=KEY_D,keycode=40
175291 inject_release keycode=40
175291 keyboard_release_suppressed reason=not_pressed_or_sticky,keycode=40
175291 binding_release binding=KEY_S,keycode=39
175291 inject_release keycode=39
175291 keyboard_release_suppressed reason=not_pressed_or_sticky,keycode=39
175291 binding_release binding=KEY_A,keycode=38
175291 inject_release keycode=38
175291 keyboard_release_suppressed reason=not_pressed_or_sticky,keycode=38
175341 binding_press binding=KEY_W,keycode=25
175341 inject_press keycode=25,keysym=0
175341 keyboard_press_suppressed reason=already_pressed,keycode=25
175341 binding_release binding=KEY_D,keycode=40
175341 inject_release keycode=40
175341 keyboard_release_suppressed reason=not_pressed_or_sticky,keycode=40
175341 binding_release binding=KEY_S,keycode=39
175341 inject_release keycode=39
175341 keyboard_release_suppressed reason=not_pressed_or_sticky,keycode=39
175341 binding_release binding=KEY_A,keycode=38
175341 inject_release keycode=38
175341 keyboard_release_suppressed reason=not_pressed_or_sticky,keycode=38
175357 binding_press binding=KEY_W,keycode=25
175357 inject_press keycode=25,keysym=0
175357 keyboard_press_suppressed reason=already_pressed,keycode=25
175357 binding_release binding=KEY_D,keycode=40
175357 inject_release keycode=40
175358 keyboard_release_suppressed reason=not_pressed_or_sticky,keycode=40
175358 binding_release binding=KEY_S,keycode=39
175358 inject_release keycode=39
175358 keyboard_release_suppressed reason=not_pressed_or_sticky,keycode=39
175358 binding_release binding=KEY_A,keycode=38
175358 inject_release keycode=38
175358 keyboard_release_suppressed reason=not_pressed_or_sticky,keycode=38
175407 binding_press binding=KEY_W,keycode=25
175407 inject_press keycode=25,keysym=0
175407 keyboard_press_suppressed reason=already_pressed,keycode=25
175407 binding_release binding=KEY_D,keycode=40
175407 inject_release keycode=40
175407 keyboard_release_suppressed reason=not_pressed_or_sticky,keycode=40
175408 binding_release binding=KEY_S,keycode=39
175408 inject_release keycode=39
175408 keyboard_release_suppressed reason=not_pressed_or_sticky,keycode=39
175408 binding_release binding=KEY_A,keycode=38
175408 inject_release keycode=38
175408 keyboard_release_suppressed reason=not_pressed_or_sticky,keycode=38
175424 binding_press binding=KEY_W,keycode=25
175424 inject_press keycode=25,keysym=0
175424 keyboard_press_suppressed reason=already_pressed,keycode=25
175424 binding_release binding=KEY_D,keycode=40
175424 inject_release keycode=40
175424 keyboard_release_suppressed reason=not_pressed_or_sticky,keycode=40
175424 binding_release binding=KEY_S,keycode=39
175424 inject_release keycode=39
175424 keyboard_release_suppressed reason=not_pressed_or_sticky,keycode=39
175424 binding_release binding=KEY_A,keycode=38
175424 inject_release keycode=38
175424 keyboard_release_suppressed reason=not_pressed_or_sticky,keycode=38
175457 binding_press binding=KEY_W,keycode=25
175457 inject_press keycode=25,keysym=0
175457 keyboard_press_suppressed reason=already_pressed,keycode=25
175457 binding_release binding=KEY_D,keycode=40
175457 inject_release keycode=40
175457 keyboard_release_suppressed reason=not_pressed_or_sticky,keycode=40
175457 binding_release binding=KEY_S,keycode=39
175457 inject_release keycode=39
175457 keyboard_release_suppressed reason=not_pressed_or_sticky,keycode=39
175457 binding_release binding=KEY_A,keycode=38
175457 inject_release keycode=38
175457 keyboard_release_suppressed reason=not_pressed_or_sticky,keycode=38
175474 binding_press binding=KEY_W,keycode=25
175474 inject_press keycode=25,keysym=0
175474 keyboard_press_suppressed reason=already_pressed,keycode=25
175474 binding_release binding=KEY_D,keycode=40
175474 inject_release keycode=40
175474 keyboard_release_suppressed reason=not_pressed_or_sticky,keycode=40
175474 binding_release binding=KEY_S,keycode=39
175474 inject_release keycode=39
175474 keyboard_release_suppressed reason=not_pressed_or_sticky,keycode=39
175474 binding_release binding=KEY_A,keycode=38
175474 inject_release keycode=38
175474 keyboard_release_suppressed reason=not_pressed_or_sticky,keycode=38
175507 binding_press binding=KEY_W,keycode=25
175507 inject_press keycode=25,keysym=0
175507 keyboard_press_suppressed reason=already_pressed,keycode=25
175507 binding_release binding=KEY_D,keycode=40
175507 inject_release keycode=40
175507 keyboard_release_suppressed reason=not_pressed_or_sticky,keycode=40
175507 binding_release binding=KEY_S,keycode=39
175507 inject_release keycode=39
175507 keyboard_release_suppressed reason=not_pressed_or_sticky,keycode=39
175507 binding_release binding=KEY_A,keycode=38
175507 inject_release keycode=38
175507 keyboard_release_suppressed reason=not_pressed_or_sticky,keycode=38
175524 binding_press binding=KEY_W,keycode=25
175524 inject_press keycode=25,keysym=0
175524 keyboard_press_suppressed reason=already_pressed,keycode=25
175524 binding_release binding=KEY_D,keycode=40
175524 inject_release keycode=40
175524 keyboard_release_suppressed reason=not_pressed_or_sticky,keycode=40
175524 binding_release binding=KEY_S,keycode=39
175524 inject_release keycode=39
175524 keyboard_release_suppressed reason=not_pressed_or_sticky,keycode=39
175524 binding_release binding=KEY_A,keycode=38
175524 inject_release keycode=38
175524 keyboard_release_suppressed reason=not_pressed_or_sticky,keycode=38
175557 binding_press binding=KEY_W,keycode=25
175557 inject_press keycode=25,keysym=0
175557 keyboard_press_suppressed reason=already_pressed,keycode=25
175557 binding_release binding=KEY_D,keycode=40
175557 inject_release keycode=40
175557 keyboard_release_suppressed reason=not_pressed_or_sticky,keycode=40
175557 binding_release binding=KEY_S,keycode=39
175557 inject_release keycode=39
175557 keyboard_release_suppressed reason=not_pressed_or_sticky,keycode=39
175557 binding_release binding=KEY_A,keycode=38
175557 inject_release keycode=38
175557 keyboard_release_suppressed reason=not_pressed_or_sticky,keycode=38
175573 binding_press binding=KEY_W,keycode=25
175573 inject_press keycode=25,keysym=0
175573 keyboard_press_suppressed reason=already_pressed,keycode=25
175573 binding_release binding=KEY_D,keycode=40
175573 inject_release keycode=40
175573 keyboard_release_suppressed reason=not_pressed_or_sticky,keycode=40
175573 binding_release binding=KEY_S,keycode=39
175574 inject_release keycode=39
175574 keyboard_release_suppressed reason=not_pressed_or_sticky,keycode=39
175574 binding_release binding=KEY_A,keycode=38
175574 inject_release keycode=38
175574 keyboard_release_suppressed reason=not_pressed_or_sticky,keycode=38
175623 binding_press binding=KEY_W,keycode=25
175623 inject_press keycode=25,keysym=0
175623 keyboard_press_suppressed reason=already_pressed,keycode=25
175623 binding_release binding=KEY_D,keycode=40
175623 inject_release keycode=40
175623 keyboard_release_suppressed reason=not_pressed_or_sticky,keycode=40
175623 binding_release binding=KEY_S,keycode=39
175623 inject_release keycode=39
175623 keyboard_release_suppressed reason=not_pressed_or_sticky,keycode=39
175623 binding_release binding=KEY_A,keycode=38
175623 inject_release keycode=38
175624 keyboard_release_suppressed reason=not_pressed_or_sticky,keycode=38
175673 binding_press binding=KEY_W,keycode=25
175673 inject_press keycode=25,keysym=0
175673 keyboard_press_suppressed reason=already_pressed,keycode=25
175673 binding_release binding=KEY_D,keycode=40
175673 inject_release keycode=40
175673 keyboard_release_suppressed reason=not_pressed_or_sticky,keycode=40
175673 binding_release binding=KEY_S,keycode=39
175673 inject_release keycode=39
175673 keyboard_release_suppressed reason=not_pressed_or_sticky,keycode=39
175673 binding_release binding=KEY_A,keycode=38
175673 inject_release keycode=38
175674 keyboard_release_suppressed reason=not_pressed_or_sticky,keycode=38
175690 binding_press binding=KEY_W,keycode=25
175690 inject_press keycode=25,keysym=0
175690 keyboard_press_suppressed reason=already_pressed,keycode=25
175690 binding_release binding=KEY_D,keycode=40
175690 inject_release keycode=40
175690 keyboard_release_suppressed reason=not_pressed_or_sticky,keycode=40
175690 binding_release binding=KEY_S,keycode=39
175690 inject_release keycode=39
175690 keyboard_release_suppressed reason=not_pressed_or_sticky,keycode=39
175690 binding_release binding=KEY_A,keycode=38
175690 inject_release keycode=38
175690 keyboard_release_suppressed reason=not_pressed_or_sticky,keycode=38
175739 binding_press binding=KEY_W,keycode=25
175740 inject_press keycode=25,keysym=0
175740 keyboard_press_suppressed reason=already_pressed,keycode=25
175740 binding_release binding=KEY_D,keycode=40
175740 inject_release keycode=40
175740 keyboard_release_suppressed reason=not_pressed_or_sticky,keycode=40
175740 binding_release binding=KEY_S,keycode=39
175740 inject_release keycode=39
175740 keyboard_release_suppressed reason=not_pressed_or_sticky,keycode=39
175740 binding_release binding=KEY_A,keycode=38
175740 inject_release keycode=38
175740 keyboard_release_suppressed reason=not_pressed_or_sticky,keycode=38
175756 binding_press binding=KEY_W,keycode=25
175756 inject_press keycode=25,keysym=0
175756 keyboard_press_suppressed reason=already_pressed,keycode=25
175756 binding_release binding=KEY_D,keycode=40
175756 inject_release keycode=40
175756 keyboard_release_suppressed reason=not_pressed_or_sticky,keycode=40
175756 binding_release binding=KEY_S,keycode=39
175757 inject_release keycode=39
175757 keyboard_release_suppressed reason=not_pressed_or_sticky,keycode=39
175757 binding_release binding=KEY_A,keycode=38
175757 inject_release keycode=38
175757 keyboard_release_suppressed reason=not_pressed_or_sticky,keycode=38
175789 binding_press binding=KEY_W,keycode=25
175790 inject_press keycode=25,keysym=0
175790 keyboard_press_suppressed reason=already_pressed,keycode=25
175790 binding_release binding=KEY_D,keycode=40
175790 inject_release keycode=40
175790 keyboard_release_suppressed reason=not_pressed_or_sticky,keycode=40
175790 binding_release binding=KEY_S,keycode=39
175790 inject_release keycode=39
175790 keyboard_release_suppressed reason=not_pressed_or_sticky,keycode=39
175790 binding_release binding=KEY_A,keycode=38
175790 inject_release keycode=38
175790 keyboard_release_suppressed reason=not_pressed_or_sticky,keycode=38
175806 binding_press binding=KEY_W,keycode=25
175806 inject_press keycode=25,keysym=0
175806 keyboard_press_suppressed reason=already_pressed,keycode=25
175806 binding_release binding=KEY_D,keycode=40
175806 inject_release keycode=40
175806 keyboard_release_suppressed reason=not_pressed_or_sticky,keycode=40
175806 binding_release binding=KEY_S,keycode=39
175806 inject_release keycode=39
175806 keyboard_release_suppressed reason=not_pressed_or_sticky,keycode=39
175806 binding_release binding=KEY_A,keycode=38
175806 inject_release keycode=38
175806 keyboard_release_suppressed reason=not_pressed_or_sticky,keycode=38
175822 binding_press binding=KEY_W,keycode=25
175822 inject_press keycode=25,keysym=0
175822 keyboard_press_suppressed reason=already_pressed,keycode=25
175823 binding_release binding=KEY_D,keycode=40
175823 inject_release keycode=40
175823 keyboard_release_suppressed reason=not_pressed_or_sticky,keycode=40
175823 binding_release binding=KEY_S,keycode=39
175823 inject_release keycode=39
175823 keyboard_release_suppressed reason=not_pressed_or_sticky,keycode=39
175823 binding_release binding=KEY_A,keycode=38
175823 inject_release keycode=38
175823 keyboard_release_suppressed reason=not_pressed_or_sticky,keycode=38
175852 binding_press binding=KEY_W,keycode=25
175852 inject_press keycode=25,keysym=0
175852 keyboard_press_suppressed reason=already_pressed,keycode=25
175852 binding_release binding=KEY_D,keycode=40
175852 inject_release keycode=40
175853 keyboard_release_suppressed reason=not_pressed_or_sticky,keycode=40
175853 binding_release binding=KEY_S,keycode=39
175853 inject_release keycode=39
175853 keyboard_release_suppressed reason=not_pressed_or_sticky,keycode=39
175853 binding_release binding=KEY_A,keycode=38
175853 inject_release keycode=38
175853 keyboard_release_suppressed reason=not_pressed_or_sticky,keycode=38
175853 binding_release binding=KEY_W,keycode=25
175853 inject_release keycode=25
175853 key_release_received keycode=25,focus={id=29360133,parent=25165831,name=Stardew Valley,class=stardew valley.exe,mapped=true,viewable=true,enabled=true,renderable=true,surface=false,application=true,keyPress=true,keyRelease=true},point={id=16777246,parent=29360133,name=,class=,mapped=true,viewable=true,enabled=true,renderable=true,surface=false,application=false,keyPress=false,keyRelease=false}
175853 key_release_ancestor_target target={id=29360133,parent=25165831,name=Stardew Valley,class=stardew valley.exe,mapped=true,viewable=true,enabled=true,renderable=true,surface=false,application=true,keyPress=true,keyRelease=true}
175854 key_release_sent keycode=25,target={id=29360133,parent=25165831,name=Stardew Valley,class=stardew valley.exe,mapped=true,viewable=true,enabled=true,renderable=true,surface=false,application=true,keyPress=true,keyRelease=true}
175854 winhandler_keyboard_queued vkey=87,flags=2
175854 winhandler_keyboard_packet vkey=87,flags=2,sent=true
184281 binding_press binding=KEY_W,keycode=25
184281 inject_press keycode=25,keysym=0
184282 key_press_received keycode=25,keysym=0,focus={id=29360133,parent=25165831,name=Stardew Valley,class=stardew valley.exe,mapped=true,viewable=true,enabled=true,renderable=true,surface=false,application=true,keyPress=true,keyRelease=true},point={id=16777246,parent=29360133,name=,class=,mapped=true,viewable=true,enabled=true,renderable=true,surface=false,application=false,keyPress=false,keyRelease=false}
184282 key_press_ancestor_target target={id=29360133,parent=25165831,name=Stardew Valley,class=stardew valley.exe,mapped=true,viewable=true,enabled=true,renderable=true,surface=false,application=true,keyPress=true,keyRelease=true}
184282 key_press_sent keycode=25,target={id=29360133,parent=25165831,name=Stardew Valley,class=stardew valley.exe,mapped=true,viewable=true,enabled=true,renderable=true,surface=false,application=true,keyPress=true,keyRelease=true}
184282 winhandler_keyboard_queued vkey=87,flags=0
184282 binding_release binding=KEY_D,keycode=40
184282 inject_release keycode=40
184282 keyboard_release_suppressed reason=not_pressed_or_sticky,keycode=40
184282 binding_release binding=KEY_S,keycode=39
184282 inject_release keycode=39
184282 keyboard_release_suppressed reason=not_pressed_or_sticky,keycode=39
184282 binding_release binding=KEY_A,keycode=38
184282 inject_release keycode=38
184282 winhandler_keyboard_packet vkey=87,flags=0,sent=true
184282 keyboard_release_suppressed reason=not_pressed_or_sticky,keycode=38
184311 binding_press binding=KEY_W,keycode=25
184311 inject_press keycode=25,keysym=0
184311 keyboard_press_suppressed reason=already_pressed,keycode=25
184311 binding_release binding=KEY_D,keycode=40
184311 inject_release keycode=40
184311 keyboard_release_suppressed reason=not_pressed_or_sticky,keycode=40
184311 binding_release binding=KEY_S,keycode=39
184311 inject_release keycode=39
184311 keyboard_release_suppressed reason=not_pressed_or_sticky,keycode=39
184311 binding_release binding=KEY_A,keycode=38
184311 inject_release keycode=38
184311 keyboard_release_suppressed reason=not_pressed_or_sticky,keycode=38
184327 binding_press binding=KEY_W,keycode=25
184327 inject_press keycode=25,keysym=0
184327 keyboard_press_suppressed reason=already_pressed,keycode=25
184327 binding_release binding=KEY_D,keycode=40
184327 inject_release keycode=40
184327 keyboard_release_suppressed reason=not_pressed_or_sticky,keycode=40
184327 binding_release binding=KEY_S,keycode=39
184327 inject_release keycode=39
184327 keyboard_release_suppressed reason=not_pressed_or_sticky,keycode=39
184327 binding_release binding=KEY_A,keycode=38
184327 inject_release keycode=38
184327 keyboard_release_suppressed reason=not_pressed_or_sticky,keycode=38
184427 binding_press binding=KEY_W,keycode=25
184427 inject_press keycode=25,keysym=0
184427 keyboard_press_suppressed reason=already_pressed,keycode=25
184427 binding_release binding=KEY_D,keycode=40
184427 inject_release keycode=40
184427 keyboard_release_suppressed reason=not_pressed_or_sticky,keycode=40
184427 binding_release binding=KEY_S,keycode=39
184427 inject_release keycode=39
184427 keyboard_release_suppressed reason=not_pressed_or_sticky,keycode=39
184427 binding_release binding=KEY_A,keycode=38
184427 inject_release keycode=38
184427 keyboard_release_suppressed reason=not_pressed_or_sticky,keycode=38
184526 binding_press binding=KEY_W,keycode=25
184526 inject_press keycode=25,keysym=0
184526 keyboard_press_suppressed reason=already_pressed,keycode=25
184526 binding_release binding=KEY_D,keycode=40
184526 inject_release keycode=40
184526 keyboard_release_suppressed reason=not_pressed_or_sticky,keycode=40
184527 binding_release binding=KEY_S,keycode=39
184527 inject_release keycode=39
184527 keyboard_release_suppressed reason=not_pressed_or_sticky,keycode=39
184527 binding_release binding=KEY_A,keycode=38
184527 inject_release keycode=38
184527 keyboard_release_suppressed reason=not_pressed_or_sticky,keycode=38
184543 binding_press binding=KEY_W,keycode=25
184543 inject_press keycode=25,keysym=0
184543 keyboard_press_suppressed reason=already_pressed,keycode=25
184543 binding_release binding=KEY_D,keycode=40
184543 inject_release keycode=40
184543 keyboard_release_suppressed reason=not_pressed_or_sticky,keycode=40
184543 binding_release binding=KEY_S,keycode=39
184543 inject_release keycode=39
184543 keyboard_release_suppressed reason=not_pressed_or_sticky,keycode=39
184543 binding_release binding=KEY_A,keycode=38
184543 inject_release keycode=38
184543 keyboard_release_suppressed reason=not_pressed_or_sticky,keycode=38
184559 binding_press binding=KEY_W,keycode=25
184559 inject_press keycode=25,keysym=0
184559 keyboard_press_suppressed reason=already_pressed,keycode=25
184559 binding_release binding=KEY_D,keycode=40
184559 inject_release keycode=40
184559 keyboard_release_suppressed reason=not_pressed_or_sticky,keycode=40
184560 binding_release binding=KEY_S,keycode=39
184560 inject_release keycode=39
184560 keyboard_release_suppressed reason=not_pressed_or_sticky,keycode=39
184560 binding_release binding=KEY_A,keycode=38
184560 inject_release keycode=38
184560 keyboard_release_suppressed reason=not_pressed_or_sticky,keycode=38
184592 binding_press binding=KEY_W,keycode=25
184593 inject_press keycode=25,keysym=0
184593 keyboard_press_suppressed reason=already_pressed,keycode=25
184593 binding_release binding=KEY_D,keycode=40
184593 inject_release keycode=40
184593 keyboard_release_suppressed reason=not_pressed_or_sticky,keycode=40
184593 binding_release binding=KEY_S,keycode=39
184593 inject_release keycode=39
184593 keyboard_release_suppressed reason=not_pressed_or_sticky,keycode=39
184593 binding_release binding=KEY_A,keycode=38
184593 inject_release keycode=38
184593 keyboard_release_suppressed reason=not_pressed_or_sticky,keycode=38
184609 binding_press binding=KEY_W,keycode=25
184609 inject_press keycode=25,keysym=0
184609 keyboard_press_suppressed reason=already_pressed,keycode=25
184609 binding_release binding=KEY_D,keycode=40
184609 inject_release keycode=40
184609 keyboard_release_suppressed reason=not_pressed_or_sticky,keycode=40
184609 binding_release binding=KEY_S,keycode=39
184609 inject_release keycode=39
184609 keyboard_release_suppressed reason=not_pressed_or_sticky,keycode=39
184609 binding_release binding=KEY_A,keycode=38
184609 inject_release keycode=38
184609 keyboard_release_suppressed reason=not_pressed_or_sticky,keycode=38
184625 binding_press binding=KEY_W,keycode=25
184625 inject_press keycode=25,keysym=0
184626 keyboard_press_suppressed reason=already_pressed,keycode=25
184626 binding_release binding=KEY_D,keycode=40
184626 inject_release keycode=40
184626 keyboard_release_suppressed reason=not_pressed_or_sticky,keycode=40
184626 binding_release binding=KEY_S,keycode=39
184626 inject_release keycode=39
184626 keyboard_release_suppressed reason=not_pressed_or_sticky,keycode=39
184626 binding_release binding=KEY_A,keycode=38
184626 inject_release keycode=38
184626 keyboard_release_suppressed reason=not_pressed_or_sticky,keycode=38
184642 binding_press binding=KEY_W,keycode=25
184642 inject_press keycode=25,keysym=0
184642 keyboard_press_suppressed reason=already_pressed,keycode=25
184642 binding_release binding=KEY_D,keycode=40
184642 inject_release keycode=40
184642 keyboard_release_suppressed reason=not_pressed_or_sticky,keycode=40
184642 binding_release binding=KEY_S,keycode=39
184642 inject_release keycode=39
184642 keyboard_release_suppressed reason=not_pressed_or_sticky,keycode=39
184642 binding_release binding=KEY_A,keycode=38
184642 inject_release keycode=38
184642 keyboard_release_suppressed reason=not_pressed_or_sticky,keycode=38
184675 binding_press binding=KEY_W,keycode=25
184676 inject_press keycode=25,keysym=0
184676 keyboard_press_suppressed reason=already_pressed,keycode=25
184676 binding_release binding=KEY_D,keycode=40
184676 inject_release keycode=40
184676 keyboard_release_suppressed reason=not_pressed_or_sticky,keycode=40
184676 binding_release binding=KEY_S,keycode=39
184676 inject_release keycode=39
184676 keyboard_release_suppressed reason=not_pressed_or_sticky,keycode=39
184676 binding_release binding=KEY_A,keycode=38
184676 inject_release keycode=38
184676 keyboard_release_suppressed reason=not_pressed_or_sticky,keycode=38
184708 binding_press binding=KEY_W,keycode=25
184709 inject_press keycode=25,keysym=0
184709 keyboard_press_suppressed reason=already_pressed,keycode=25
184709 binding_release binding=KEY_D,keycode=40
184709 inject_release keycode=40
184709 keyboard_release_suppressed reason=not_pressed_or_sticky,keycode=40
184709 binding_release binding=KEY_S,keycode=39
184709 inject_release keycode=39
184709 keyboard_release_suppressed reason=not_pressed_or_sticky,keycode=39
184709 binding_release binding=KEY_A,keycode=38
184709 inject_release keycode=38
184709 keyboard_release_suppressed reason=not_pressed_or_sticky,keycode=38
184758 binding_press binding=KEY_W,keycode=25
184758 inject_press keycode=25,keysym=0
184758 keyboard_press_suppressed reason=already_pressed,keycode=25
184759 binding_release binding=KEY_D,keycode=40
184759 inject_release keycode=40
184759 keyboard_release_suppressed reason=not_pressed_or_sticky,keycode=40
184759 binding_release binding=KEY_S,keycode=39
184759 inject_release keycode=39
184759 keyboard_release_suppressed reason=not_pressed_or_sticky,keycode=39
184759 binding_release binding=KEY_A,keycode=38
184759 inject_release keycode=38
184759 keyboard_release_suppressed reason=not_pressed_or_sticky,keycode=38
184775 binding_press binding=KEY_W,keycode=25
184775 inject_press keycode=25,keysym=0
184775 keyboard_press_suppressed reason=already_pressed,keycode=25
184775 binding_release binding=KEY_D,keycode=40
184776 inject_release keycode=40
184776 keyboard_release_suppressed reason=not_pressed_or_sticky,keycode=40
184776 binding_release binding=KEY_S,keycode=39
184776 inject_release keycode=39
184776 keyboard_release_suppressed reason=not_pressed_or_sticky,keycode=39
184776 binding_release binding=KEY_A,keycode=38
184776 inject_release keycode=38
184776 keyboard_release_suppressed reason=not_pressed_or_sticky,keycode=38
184791 binding_press binding=KEY_W,keycode=25
184791 inject_press keycode=25,keysym=0
184791 keyboard_press_suppressed reason=already_pressed,keycode=25
184791 binding_release binding=KEY_D,keycode=40
184792 inject_release keycode=40
184792 keyboard_release_suppressed reason=not_pressed_or_sticky,keycode=40
184792 binding_release binding=KEY_S,keycode=39
184792 inject_release keycode=39
184792 keyboard_release_suppressed reason=not_pressed_or_sticky,keycode=39
184792 binding_release binding=KEY_A,keycode=38
184792 inject_release keycode=38
184792 keyboard_release_suppressed reason=not_pressed_or_sticky,keycode=38
184841 binding_press binding=KEY_W,keycode=25
184842 inject_press keycode=25,keysym=0
184842 keyboard_press_suppressed reason=already_pressed,keycode=25
184842 binding_release binding=KEY_D,keycode=40
184842 inject_release keycode=40
184842 keyboard_release_suppressed reason=not_pressed_or_sticky,keycode=40
184842 binding_release binding=KEY_S,keycode=39
184842 inject_release keycode=39
184842 keyboard_release_suppressed reason=not_pressed_or_sticky,keycode=39
184842 binding_release binding=KEY_A,keycode=38
184842 inject_release keycode=38
184842 keyboard_release_suppressed reason=not_pressed_or_sticky,keycode=38
184858 binding_press binding=KEY_W,keycode=25
184858 inject_press keycode=25,keysym=0
184858 keyboard_press_suppressed reason=already_pressed,keycode=25
184858 binding_release binding=KEY_D,keycode=40
184858 inject_release keycode=40
184858 keyboard_release_suppressed reason=not_pressed_or_sticky,keycode=40
184858 binding_release binding=KEY_S,keycode=39
184858 inject_release keycode=39
184858 keyboard_release_suppressed reason=not_pressed_or_sticky,keycode=39
184859 binding_release binding=KEY_A,keycode=38
184859 inject_release keycode=38
184859 keyboard_release_suppressed reason=not_pressed_or_sticky,keycode=38
184875 binding_press binding=KEY_W,keycode=25
184875 inject_press keycode=25,keysym=0
184875 keyboard_press_suppressed reason=already_pressed,keycode=25
184875 binding_release binding=KEY_D,keycode=40
184875 inject_release keycode=40
184875 keyboard_release_suppressed reason=not_pressed_or_sticky,keycode=40
184875 binding_release binding=KEY_S,keycode=39
184875 inject_release keycode=39
184875 keyboard_release_suppressed reason=not_pressed_or_sticky,keycode=39
184876 binding_release binding=KEY_A,keycode=38
184876 inject_release keycode=38
184876 keyboard_release_suppressed reason=not_pressed_or_sticky,keycode=38
184891 binding_press binding=KEY_W,keycode=25
184891 inject_press keycode=25,keysym=0
184891 keyboard_press_suppressed reason=already_pressed,keycode=25
184892 binding_release binding=KEY_D,keycode=40
184892 inject_release keycode=40
184892 keyboard_release_suppressed reason=not_pressed_or_sticky,keycode=40
184892 binding_release binding=KEY_S,keycode=39
184892 inject_release keycode=39
184892 keyboard_release_suppressed reason=not_pressed_or_sticky,keycode=39
184892 binding_release binding=KEY_A,keycode=38
184892 inject_release keycode=38
184892 keyboard_release_suppressed reason=not_pressed_or_sticky,keycode=38
184958 binding_press binding=KEY_W,keycode=25
184958 inject_press keycode=25,keysym=0
184958 keyboard_press_suppressed reason=already_pressed,keycode=25
184958 binding_release binding=KEY_D,keycode=40
184958 inject_release keycode=40
184958 keyboard_release_suppressed reason=not_pressed_or_sticky,keycode=40
184958 binding_release binding=KEY_S,keycode=39
184958 inject_release keycode=39
184958 keyboard_release_suppressed reason=not_pressed_or_sticky,keycode=39
184958 binding_release binding=KEY_A,keycode=38
184958 inject_release keycode=38
184958 keyboard_release_suppressed reason=not_pressed_or_sticky,keycode=38
184974 binding_press binding=KEY_W,keycode=25
184974 inject_press keycode=25,keysym=0
184974 keyboard_press_suppressed reason=already_pressed,keycode=25
184974 binding_release binding=KEY_D,keycode=40
184974 inject_release keycode=40
184974 keyboard_release_suppressed reason=not_pressed_or_sticky,keycode=40
184974 binding_release binding=KEY_S,keycode=39
184974 inject_release keycode=39
184974 keyboard_release_suppressed reason=not_pressed_or_sticky,keycode=39
184975 binding_release binding=KEY_A,keycode=38
184975 inject_release keycode=38
184975 keyboard_release_suppressed reason=not_pressed_or_sticky,keycode=38
184979 binding_press binding=KEY_W,keycode=25
184980 inject_press keycode=25,keysym=0
184980 keyboard_press_suppressed reason=already_pressed,keycode=25
184980 binding_release binding=KEY_D,keycode=40
184980 inject_release keycode=40
184980 keyboard_release_suppressed reason=not_pressed_or_sticky,keycode=40
184980 binding_release binding=KEY_S,keycode=39
184980 inject_release keycode=39
184980 keyboard_release_suppressed reason=not_pressed_or_sticky,keycode=39
184980 binding_release binding=KEY_A,keycode=38
184980 inject_release keycode=38
184980 keyboard_release_suppressed reason=not_pressed_or_sticky,keycode=38
184981 binding_release binding=KEY_W,keycode=25
184981 inject_release keycode=25
184981 key_release_received keycode=25,focus={id=29360133,parent=25165831,name=Stardew Valley,class=stardew valley.exe,mapped=true,viewable=true,enabled=true,renderable=true,surface=false,application=true,keyPress=true,keyRelease=true},point={id=16777246,parent=29360133,name=,class=,mapped=true,viewable=true,enabled=true,renderable=true,surface=false,application=false,keyPress=false,keyRelease=false}
184981 key_release_ancestor_target target={id=29360133,parent=25165831,name=Stardew Valley,class=stardew valley.exe,mapped=true,viewable=true,enabled=true,renderable=true,surface=false,application=true,keyPress=true,keyRelease=true}
184981 key_release_sent keycode=25,target={id=29360133,parent=25165831,name=Stardew Valley,class=stardew valley.exe,mapped=true,viewable=true,enabled=true,renderable=true,surface=false,application=true,keyPress=true,keyRelease=true}
184981 winhandler_keyboard_queued vkey=87,flags=2
184982 winhandler_keyboard_packet vkey=87,flags=2,sent=true
