9 session_start
109 wine_trace_capture enabled=true,channels=-all,+key,+keyboard,+input,+rawinput
892 wine_trace 0034:trace:keyboard:NtUserGetKeyboardLayoutName name 0x14012e860
892 wine_trace 0034:trace:keyboard:NtUserGetKeyboardLayoutName ret L"00000409"
1116 wine_trace 0048:trace:keyboard:NtUserGetKeyboardLayoutName name 0x14012e860
1117 wine_trace 0048:trace:keyboard:NtUserGetKeyboardLayoutName ret L"00000409"
1177 wine_trace 0048:trace:keyboard:X11DRV_KEYBOARD_DetectLayout Attempting to match against "United States keyboard layout"
1177 wine_trace 0048:trace:keyboard:X11DRV_KEYBOARD_DetectLayout matches=0, mismatches=0, seq=0, score=0
1177 wine_trace 0048:trace:keyboard:X11DRV_KEYBOARD_DetectLayout Attempting to match against "United States keyboard layout (phantom key version)"
1177 wine_trace 0048:trace:keyboard:X11DRV_KEYBOARD_DetectLayout matches=0, mismatches=0, seq=0, score=0
1177 wine_trace 0048:trace:keyboard:X11DRV_KEYBOARD_DetectLayout Attempting to match against "United States keyboard layout (dvorak)"
1177 wine_trace 0048:trace:keyboard:X11DRV_KEYBOARD_DetectLayout matches=0, mismatches=0, seq=0, score=0
1177 wine_trace 0048:trace:keyboard:X11DRV_KEYBOARD_DetectLayout Attempting to match against "United States keyboard layout (programmer dvorak)"
1178 wine_trace 0048:trace:keyboard:X11DRV_KEYBOARD_DetectLayout matches=0, mismatches=0, seq=0, score=0
1178 wine_trace 0048:trace:keyboard:X11DRV_KEYBOARD_DetectLayout Attempting to match against "United States keyboard layout (dvorak with phantom key)"
1178 wine_trace 0048:trace:keyboard:X11DRV_KEYBOARD_DetectLayout matches=0, mismatches=0, seq=0, score=0
1178 wine_trace 0048:trace:keyboard:X11DRV_KEYBOARD_DetectLayout Attempting to match against "United States International keyboard layout"
1178 wine_trace 0048:trace:keyboard:X11DRV_KEYBOARD_DetectLayout matches=0, mismatches=0, seq=0, score=0
1178 wine_trace 0048:trace:keyboard:X11DRV_KEYBOARD_DetectLayout Attempting to match against "British keyboard layout"
1179 wine_trace 0048:trace:keyboard:X11DRV_KEYBOARD_DetectLayout matches=0, mismatches=0, seq=0, score=0
1179 wine_trace 0048:trace:keyboard:X11DRV_KEYBOARD_DetectLayout Attempting to match against "German keyboard layout"
1179 wine_trace 0048:trace:keyboard:X11DRV_KEYBOARD_DetectLayout matches=0, mismatches=0, seq=0, score=0
1179 wine_trace 0048:trace:keyboard:X11DRV_KEYBOARD_DetectLayout Attempting to match against "Swiss German keyboard layout"
1179 wine_trace 0048:trace:keyboard:X11DRV_KEYBOARD_DetectLayout matches=0, mismatches=0, seq=0, score=0
1179 wine_trace 0048:trace:keyboard:X11DRV_KEYBOARD_DetectLayout Attempting to match against "Swiss French keyboard layout"
1179 wine_trace 0048:trace:keyboard:X11DRV_KEYBOARD_DetectLayout matches=0, mismatches=0, seq=0, score=0
1179 wine_trace 0048:trace:keyboard:X11DRV_KEYBOARD_DetectLayout Attempting to match against "Swedish keyboard layout"
1180 wine_trace 0048:trace:keyboard:X11DRV_KEYBOARD_DetectLayout matches=0, mismatches=0, seq=0, score=0
1180 wine_trace 0048:trace:keyboard:X11DRV_KEYBOARD_DetectLayout Attempting to match against "Estonian keyboard layout"
1180 wine_trace 0048:trace:keyboard:X11DRV_KEYBOARD_DetectLayout matches=0, mismatches=0, seq=0, score=0
1180 wine_trace 0048:trace:keyboard:X11DRV_KEYBOARD_DetectLayout Attempting to match against "Norwegian keyboard layout"
1180 wine_trace 0048:trace:keyboard:X11DRV_KEYBOARD_DetectLayout matches=0, mismatches=0, seq=0, score=0
1180 wine_trace 0048:trace:keyboard:X11DRV_KEYBOARD_DetectLayout Attempting to match against "Danish keyboard layout"
1180 wine_trace 0048:trace:keyboard:X11DRV_KEYBOARD_DetectLayout matches=0, mismatches=0, seq=0, score=0
1181 wine_trace 0048:trace:keyboard:X11DRV_KEYBOARD_DetectLayout Attempting to match against "French keyboard layout"
1181 wine_trace 0048:trace:keyboard:X11DRV_KEYBOARD_DetectLayout matches=0, mismatches=0, seq=0, score=0
1181 wine_trace 0048:trace:keyboard:X11DRV_KEYBOARD_DetectLayout Attempting to match against "Canadian French keyboard layout"
1181 wine_trace 0048:trace:keyboard:X11DRV_KEYBOARD_DetectLayout matches=0, mismatches=0, seq=0, score=0
1181 wine_trace 0048:trace:keyboard:X11DRV_KEYBOARD_DetectLayout Attempting to match against "Canadian French keyboard layout (CA_fr)"
1181 wine_trace 0048:trace:keyboard:X11DRV_KEYBOARD_DetectLayout matches=0, mismatches=0, seq=0, score=0
1181 wine_trace 0048:trace:keyboard:X11DRV_KEYBOARD_DetectLayout Attempting to match against "Canadian keyboard layout"
1181 wine_trace 0048:trace:keyboard:X11DRV_KEYBOARD_DetectLayout matches=0, mismatches=0, seq=0, score=0
1181 wine_trace 0048:trace:keyboard:X11DRV_KEYBOARD_DetectLayout Attempting to match against "Belgian keyboard layout"
1182 wine_trace 0048:trace:keyboard:X11DRV_KEYBOARD_DetectLayout matches=0, mismatches=0, seq=0, score=0
1182 wine_trace 0048:trace:keyboard:X11DRV_KEYBOARD_DetectLayout Attempting to match against "Portuguese keyboard layout"
1182 wine_trace 0048:trace:keyboard:X11DRV_KEYBOARD_DetectLayout matches=0, mismatches=0, seq=0, score=0
1182 wine_trace 0048:trace:keyboard:X11DRV_KEYBOARD_DetectLayout Attempting to match against "Brazilian ABNT-2 keyboard layout"
1182 wine_trace 0048:trace:keyboard:X11DRV_KEYBOARD_DetectLayout matches=0, mismatches=0, seq=0, score=0
1182 wine_trace 0048:trace:keyboard:X11DRV_KEYBOARD_DetectLayout Attempting to match against "Brazilian ABNT-2 keyboard layout ALT GR"
1182 wine_trace 0048:trace:keyboard:X11DRV_KEYBOARD_DetectLayout matches=0, mismatches=0, seq=0, score=0
1182 wine_trace 0048:trace:keyboard:X11DRV_KEYBOARD_DetectLayout Attempting to match against "Finnish keyboard layout"
1182 wine_trace 0048:trace:keyboard:X11DRV_KEYBOARD_DetectLayout matches=0, mismatches=0, seq=0, score=0
1182 wine_trace 0048:trace:keyboard:X11DRV_KEYBOARD_DetectLayout Attempting to match against "Bulgarian bds keyboard layout"
1182 wine_trace 0048:trace:keyboard:X11DRV_KEYBOARD_DetectLayout matches=0, mismatches=0, seq=0, score=0
1183 wine_trace 0048:trace:keyboard:X11DRV_KEYBOARD_DetectLayout Attempting to match against "Bulgarian phonetic keyboard layout"
1183 wine_trace 0048:trace:keyboard:X11DRV_KEYBOARD_DetectLayout matches=0, mismatches=0, seq=0, score=0
1183 wine_trace 0048:trace:keyboard:X11DRV_KEYBOARD_DetectLayout Attempting to match against "Belarusian keyboard layout"
1183 wine_trace 0048:trace:keyboard:X11DRV_KEYBOARD_DetectLayout matches=0, mismatches=0, seq=0, score=0
1183 wine_trace 0048:trace:keyboard:X11DRV_KEYBOARD_DetectLayout Attempting to match against "Russian keyboard layout"
1183 wine_trace 0048:trace:keyboard:X11DRV_KEYBOARD_DetectLayout matches=0, mismatches=0, seq=0, score=0
1183 wine_trace 0048:trace:keyboard:X11DRV_KEYBOARD_DetectLayout Attempting to match against "Russian keyboard layout (phantom key version)"
1183 wine_trace 0048:trace:keyboard:X11DRV_KEYBOARD_DetectLayout matches=0, mismatches=0, seq=0, score=0
1183 wine_trace 0048:trace:keyboard:X11DRV_KEYBOARD_DetectLayout Attempting to match against "Russian keyboard layout KOI8-R"
1183 wine_trace 0048:trace:keyboard:X11DRV_KEYBOARD_DetectLayout matches=0, mismatches=0, seq=0, score=0
1183 wine_trace 0048:trace:keyboard:X11DRV_KEYBOARD_DetectLayout Attempting to match against "Russian keyboard layout cp1251"
1184 wine_trace 0048:trace:keyboard:X11DRV_KEYBOARD_DetectLayout matches=0, mismatches=0, seq=0, score=0
1184 wine_trace 0048:trace:keyboard:X11DRV_KEYBOARD_DetectLayout Attempting to match against "Russian phonetic keyboard layout"
1184 wine_trace 0048:trace:keyboard:X11DRV_KEYBOARD_DetectLayout matches=0, mismatches=0, seq=0, score=0
1184 wine_trace 0048:trace:keyboard:X11DRV_KEYBOARD_DetectLayout Attempting to match against "Ukrainian keyboard layout KOI8-U"
1184 wine_trace 0048:trace:keyboard:X11DRV_KEYBOARD_DetectLayout matches=0, mismatches=0, seq=0, score=0
1184 wine_trace 0048:trace:keyboard:X11DRV_KEYBOARD_DetectLayout Attempting to match against "Ukrainian keyboard layout (standard)"
1184 wine_trace 0048:trace:keyboard:X11DRV_KEYBOARD_DetectLayout matches=0, mismatches=0, seq=0, score=0
1184 wine_trace 0048:trace:keyboard:X11DRV_KEYBOARD_DetectLayout Attempting to match against "Russian keyboard layout (standard)"
1184 wine_trace 0048:trace:keyboard:X11DRV_KEYBOARD_DetectLayout matches=0, mismatches=0, seq=0, score=0
1184 wine_trace 0048:trace:keyboard:X11DRV_KEYBOARD_DetectLayout Attempting to match against "Spanish keyboard layout"
1184 wine_trace 0048:trace:keyboard:X11DRV_KEYBOARD_DetectLayout matches=0, mismatches=0, seq=0, score=0
1184 wine_trace 0048:trace:keyboard:X11DRV_KEYBOARD_DetectLayout Attempting to match against "Italian keyboard layout"
1185 wine_trace 0048:trace:keyboard:X11DRV_KEYBOARD_DetectLayout matches=0, mismatches=0, seq=0, score=0
1185 wine_trace 0048:trace:keyboard:X11DRV_KEYBOARD_DetectLayout Attempting to match against "Icelandic keyboard layout"
1185 wine_trace 0048:trace:keyboard:X11DRV_KEYBOARD_DetectLayout matches=0, mismatches=0, seq=0, score=0
1185 wine_trace 0048:trace:keyboard:X11DRV_KEYBOARD_DetectLayout Attempting to match against "Hungarian keyboard layout"
1185 wine_trace 0048:trace:keyboard:X11DRV_KEYBOARD_DetectLayout matches=0, mismatches=0, seq=0, score=0
1185 wine_trace 0048:trace:keyboard:X11DRV_KEYBOARD_DetectLayout Attempting to match against "Polish (programmer's) keyboard layout"
1185 wine_trace 0048:trace:keyboard:X11DRV_KEYBOARD_DetectLayout matches=0, mismatches=0, seq=0, score=0
1185 wine_trace 0048:trace:keyboard:X11DRV_KEYBOARD_DetectLayout Attempting to match against "Slovenian keyboard layout"
1185 wine_trace 0048:trace:keyboard:X11DRV_KEYBOARD_DetectLayout matches=0, mismatches=0, seq=0, score=0
1185 wine_trace 0048:trace:keyboard:X11DRV_KEYBOARD_DetectLayout Attempting to match against "Serbian keyboard layout sr"
1185 wine_trace 0048:trace:keyboard:X11DRV_KEYBOARD_DetectLayout matches=0, mismatches=0, seq=0, score=0
1186 wine_trace 0048:trace:keyboard:X11DRV_KEYBOARD_DetectLayout Attempting to match against "Serbian keyboard layout us,sr"
1186 wine_trace 0048:trace:keyboard:X11DRV_KEYBOARD_DetectLayout matches=0, mismatches=0, seq=0, score=0
1186 wine_trace 0048:trace:keyboard:X11DRV_KEYBOARD_DetectLayout Attempting to match against "Croatian keyboard layout"
1186 wine_trace 0048:trace:keyboard:X11DRV_KEYBOARD_DetectLayout matches=0, mismatches=0, seq=0, score=0
1186 wine_trace 0048:trace:keyboard:X11DRV_KEYBOARD_DetectLayout Attempting to match against "Croatian keyboard layout (specific)"
1186 wine_trace 0048:trace:keyboard:X11DRV_KEYBOARD_DetectLayout matches=0, mismatches=0, seq=0, score=0
1186 wine_trace 0048:trace:keyboard:X11DRV_KEYBOARD_DetectLayout Attempting to match against "Japanese 106 keyboard layout"
1186 wine_trace 0048:trace:keyboard:X11DRV_KEYBOARD_DetectLayout matches=0, mismatches=0, seq=0, score=0
1186 wine_trace 0048:trace:keyboard:X11DRV_KEYBOARD_DetectLayout Attempting to match against "Japanese Mac keyboard layout"
1187 wine_trace 0048:trace:keyboard:X11DRV_KEYBOARD_DetectLayout matches=0, mismatches=0, seq=0, score=0
1187 wine_trace 0048:trace:keyboard:X11DRV_KEYBOARD_DetectLayout Attempting to match against "Japanese pc98x1 keyboard layout"
1187 wine_trace 0048:trace:keyboard:X11DRV_KEYBOARD_DetectLayout matches=0, mismatches=0, seq=0, score=0
1187 wine_trace 0048:trace:keyboard:X11DRV_KEYBOARD_DetectLayout Attempting to match against "Slovak keyboard layout"
1187 wine_trace 0048:trace:keyboard:X11DRV_KEYBOARD_DetectLayout matches=0, mismatches=0, seq=0, score=0
1187 wine_trace 0048:trace:keyboard:X11DRV_KEYBOARD_DetectLayout Attempting to match against "Slovak and Czech keyboard layout without dead keys"
1187 wine_trace 0048:trace:keyboard:X11DRV_KEYBOARD_DetectLayout matches=0, mismatches=0, seq=0, score=0
1187 wine_trace 0048:trace:keyboard:X11DRV_KEYBOARD_DetectLayout Attempting to match against "Czech keyboard layout"
1187 wine_trace 0048:trace:keyboard:X11DRV_KEYBOARD_DetectLayout matches=0, mismatches=0, seq=0, score=0
1188 wine_trace 0048:trace:keyboard:X11DRV_KEYBOARD_DetectLayout Attempting to match against "Czech keyboard layout cz"
1188 wine_trace 0048:trace:keyboard:X11DRV_KEYBOARD_DetectLayout matches=0, mismatches=0, seq=0, score=0
1188 wine_trace 0048:trace:keyboard:X11DRV_KEYBOARD_DetectLayout Attempting to match against "Czech keyboard layout cz_qwerty"
1188 wine_trace 0048:trace:keyboard:X11DRV_KEYBOARD_DetectLayout matches=0, mismatches=0, seq=0, score=0
1188 wine_trace 0048:trace:keyboard:X11DRV_KEYBOARD_DetectLayout Attempting to match against "Latin American keyboard layout"
1188 wine_trace 0048:trace:keyboard:X11DRV_KEYBOARD_DetectLayout matches=0, mismatches=0, seq=0, score=0
1188 wine_trace 0048:trace:keyboard:X11DRV_KEYBOARD_DetectLayout Attempting to match against "Lithuanian (Baltic) keyboard layout"
1188 wine_trace 0048:trace:keyboard:X11DRV_KEYBOARD_DetectLayout matches=0, mismatches=0, seq=0, score=0
1188 wine_trace 0048:trace:keyboard:X11DRV_KEYBOARD_DetectLayout Attempting to match against "Turkish keyboard layout"
1188 wine_trace 0048:trace:keyboard:X11DRV_KEYBOARD_DetectLayout matches=0, mismatches=0, seq=0, score=0
1189 wine_trace 0048:trace:keyboard:X11DRV_KEYBOARD_DetectLayout Attempting to match against "Turkish keyboard layout tr"
1189 wine_trace 0048:trace:keyboard:X11DRV_KEYBOARD_DetectLayout matches=0, mismatches=0, seq=0, score=0
1189 wine_trace 0048:trace:keyboard:X11DRV_KEYBOARD_DetectLayout Attempting to match against "Turkish keyboard layout trf"
1189 wine_trace 0048:trace:keyboard:X11DRV_KEYBOARD_DetectLayout matches=0, mismatches=0, seq=0, score=0
1189 wine_trace 0048:trace:keyboard:X11DRV_KEYBOARD_DetectLayout Attempting to match against "Israelian keyboard layout"
1189 wine_trace 0048:trace:keyboard:X11DRV_KEYBOARD_DetectLayout matches=0, mismatches=0, seq=0, score=0
1189 wine_trace 0048:trace:keyboard:X11DRV_KEYBOARD_DetectLayout Attempting to match against "Israelian phonetic keyboard layout"
1189 wine_trace 0048:trace:keyboard:X11DRV_KEYBOARD_DetectLayout matches=0, mismatches=0, seq=0, score=0
1189 wine_trace 0048:trace:keyboard:X11DRV_KEYBOARD_DetectLayout Attempting to match against "Israelian Saharon keyboard layout"
1190 wine_trace 0048:trace:keyboard:X11DRV_KEYBOARD_DetectLayout matches=0, mismatches=0, seq=0, score=0
1190 wine_trace 0048:trace:keyboard:X11DRV_KEYBOARD_DetectLayout Attempting to match against "VNC keyboard layout"
1190 wine_trace 0048:trace:keyboard:X11DRV_KEYBOARD_DetectLayout matches=0, mismatches=0, seq=0, score=0
1190 wine_trace 0048:trace:keyboard:X11DRV_KEYBOARD_DetectLayout Attempting to match against "Greek keyboard layout"
1190 wine_trace 0048:trace:keyboard:X11DRV_KEYBOARD_DetectLayout matches=0, mismatches=0, seq=0, score=0
1190 wine_trace 0048:trace:keyboard:X11DRV_KEYBOARD_DetectLayout Attempting to match against "Thai (Kedmanee)  keyboard layout"
1190 wine_trace 0048:trace:keyboard:X11DRV_KEYBOARD_DetectLayout matches=0, mismatches=0, seq=0, score=0
1190 wine_trace 0048:trace:keyboard:X11DRV_KEYBOARD_DetectLayout Attempting to match against "Dutch keyboard layout"
1190 wine_trace 0048:trace:keyboard:X11DRV_KEYBOARD_DetectLayout matches=0, mismatches=0, seq=0, score=0
1190 wine_trace 0048:trace:keyboard:X11DRV_KEYBOARD_DetectLayout detected layout is "United States keyboard layout"
1190 wine_trace 0048:trace:keyboard:X11DRV_InitKeyboard keycode 8 => vkey 0000
1191 wine_trace 0048:trace:keyboard:X11DRV_InitKeyboard keycode 9 => vkey 001B
1191 wine_trace 0048:trace:keyboard:X11DRV_InitKeyboard keycode 10 => vkey 0000
1191 wine_trace 0048:trace:keyboard:X11DRV_InitKeyboard keycode 11 => vkey 0000
1191 wine_trace 0048:trace:keyboard:X11DRV_InitKeyboard keycode 12 => vkey 0000
1191 wine_trace 0048:trace:keyboard:X11DRV_InitKeyboard keycode 13 => vkey 0000
1191 wine_trace 0048:trace:keyboard:X11DRV_InitKeyboard keycode 14 => vkey 0000
1191 wine_trace 0048:trace:keyboard:X11DRV_InitKeyboard keycode 15 => vkey 0000
1191 wine_trace 0048:trace:keyboard:X11DRV_InitKeyboard keycode 16 => vkey 0000
1191 wine_trace 0048:trace:keyboard:X11DRV_InitKeyboard keycode 17 => vkey 0000
1192 wine_trace 0048:trace:keyboard:X11DRV_InitKeyboard keycode 18 => vkey 0000
1192 wine_trace 0048:trace:keyboard:X11DRV_InitKeyboard keycode 19 => vkey 0000
1192 wine_trace 0048:trace:keyboard:X11DRV_InitKeyboard keycode 20 => vkey 0000
1192 wine_trace 0048:trace:keyboard:X11DRV_InitKeyboard keycode 21 => vkey 0000
1192 wine_trace 0048:trace:keyboard:X11DRV_InitKeyboard keycode 22 => vkey 0008
1192 wine_trace 0048:trace:keyboard:X11DRV_InitKeyboard keycode 23 => vkey 0009
1192 wine_trace 0048:trace:keyboard:X11DRV_InitKeyboard keycode 24 => vkey 0000
1192 wine_trace 0048:trace:keyboard:X11DRV_InitKeyboard keycode 25 => vkey 0000
1192 wine_trace 0048:trace:keyboard:X11DRV_InitKeyboard keycode 26 => vkey 0000
1192 wine_trace 0048:trace:keyboard:X11DRV_InitKeyboard keycode 27 => vkey 0000
1192 wine_trace 0048:trace:keyboard:X11DRV_InitKeyboard keycode 28 => vkey 0000
1192 wine_trace 0048:trace:keyboard:X11DRV_InitKeyboard keycode 29 => vkey 0000
1193 wine_trace 0048:trace:keyboard:X11DRV_InitKeyboard keycode 30 => vkey 0000
1193 wine_trace 0048:trace:keyboard:X11DRV_InitKeyboard keycode 31 => vkey 0000
1193 wine_trace 0048:trace:keyboard:X11DRV_InitKeyboard keycode 32 => vkey 0000
1193 wine_trace 0048:trace:keyboard:X11DRV_InitKeyboard keycode 33 => vkey 0000
1193 wine_trace 0048:trace:keyboard:X11DRV_InitKeyboard keycode 34 => vkey 0000
1193 wine_trace 0048:trace:keyboard:X11DRV_InitKeyboard keycode 35 => vkey 0000
1193 wine_trace 0048:trace:keyboard:X11DRV_InitKeyboard keycode 36 => vkey 000D
1193 wine_trace 0048:trace:keyboard:X11DRV_InitKeyboard keycode 37 => vkey 00A2
1193 wine_trace 0048:trace:keyboard:X11DRV_InitKeyboard keycode 38 => vkey 0000
1193 wine_trace 0048:trace:keyboard:X11DRV_InitKeyboard keycode 39 => vkey 0000
1193 wine_trace 0048:trace:keyboard:X11DRV_InitKeyboard keycode 40 => vkey 0000
1193 wine_trace 0048:trace:keyboard:X11DRV_InitKeyboard keycode 41 => vkey 0000
1193 wine_trace 0048:trace:keyboard:X11DRV_InitKeyboard keycode 42 => vkey 0000
1194 wine_trace 0048:trace:keyboard:X11DRV_InitKeyboard keycode 43 => vkey 0000
1194 wine_trace 0048:trace:keyboard:X11DRV_InitKeyboard keycode 44 => vkey 0000
1194 wine_trace 0048:trace:keyboard:X11DRV_InitKeyboard keycode 45 => vkey 0000
1194 wine_trace 0048:trace:keyboard:X11DRV_InitKeyboard keycode 46 => vkey 0000
1194 wine_trace 0048:trace:keyboard:X11DRV_InitKeyboard keycode 47 => vkey 0000
1194 wine_trace 0048:trace:keyboard:X11DRV_InitKeyboard keycode 48 => vkey 0000
1194 wine_trace 0048:trace:keyboard:X11DRV_InitKeyboard keycode 49 => vkey 0000
1194 wine_trace 0048:trace:keyboard:X11DRV_InitKeyboard keycode 50 => vkey 00A0
1194 wine_trace 0048:trace:keyboard:X11DRV_InitKeyboard keycode 51 => vkey 0000
1194 wine_trace 0048:trace:keyboard:X11DRV_InitKeyboard keycode 52 => vkey 0000
1194 wine_trace 0048:trace:keyboard:X11DRV_InitKeyboard keycode 53 => vkey 0000
1194 wine_trace 0048:trace:keyboard:X11DRV_InitKeyboard keycode 54 => vkey 0000
1195 wine_trace 0048:trace:keyboard:X11DRV_InitKeyboard keycode 55 => vkey 0000
1195 wine_trace 0048:trace:keyboard:X11DRV_InitKeyboard keycode 56 => vkey 0000
1195 wine_trace 0048:trace:keyboard:X11DRV_InitKeyboard keycode 57 => vkey 0000
1195 wine_trace 0048:trace:keyboard:X11DRV_InitKeyboard keycode 58 => vkey 0000
1196 wine_trace 0048:trace:keyboard:X11DRV_InitKeyboard keycode 59 => vkey 0000
1196 wine_trace 0048:trace:keyboard:X11DRV_InitKeyboard keycode 60 => vkey 0000
1197 wine_trace 0048:trace:keyboard:X11DRV_InitKeyboard keycode 61 => vkey 0000
1197 wine_trace 0048:trace:keyboard:X11DRV_InitKeyboard keycode 62 => vkey 01A1
1198 wine_trace 0048:trace:keyboard:X11DRV_InitKeyboard keycode 63 => vkey 006A
1198 wine_trace 0048:trace:keyboard:X11DRV_InitKeyboard keycode 64 => vkey 00A4
1199 wine_trace 0048:trace:keyboard:X11DRV_InitKeyboard keycode 65 => vkey 0020
1199 wine_trace 0048:trace:keyboard:X11DRV_InitKeyboard keycode 66 => vkey 0000
1199 wine_trace 0048:trace:keyboard:X11DRV_InitKeyboard keycode 67 => vkey 0070
1200 wine_trace 0048:trace:keyboard:X11DRV_InitKeyboard keycode 68 => vkey 0071
1200 wine_trace 0048:trace:keyboard:X11DRV_InitKeyboard keycode 69 => vkey 0072
1200 wine_trace 0048:trace:keyboard:X11DRV_InitKeyboard keycode 70 => vkey 0073
1200 wine_trace 0048:trace:keyboard:X11DRV_InitKeyboard keycode 71 => vkey 0074
1200 wine_trace 0048:trace:keyboard:X11DRV_InitKeyboard keycode 72 => vkey 0075
1200 wine_trace 0048:trace:keyboard:X11DRV_InitKeyboard keycode 73 => vkey 0076
1200 wine_trace 0048:trace:keyboard:X11DRV_InitKeyboard keycode 74 => vkey 0077
1200 wine_trace 0048:trace:keyboard:X11DRV_InitKeyboard keycode 75 => vkey 0078
1200 wine_trace 0048:trace:keyboard:X11DRV_InitKeyboard keycode 76 => vkey 0079
1200 wine_trace 0048:trace:keyboard:X11DRV_InitKeyboard keycode 77 => vkey 0000
1200 wine_trace 0048:trace:keyboard:X11DRV_InitKeyboard keycode 78 => vkey 0000
1201 wine_trace 0048:trace:keyboard:X11DRV_InitKeyboard keycode 79 => vkey 0067
1201 wine_trace 0048:trace:keyboard:X11DRV_InitKeyboard keycode 80 => vkey 0068
1201 wine_trace 0048:trace:keyboard:X11DRV_InitKeyboard keycode 81 => vkey 0069
1201 wine_trace 0048:trace:keyboard:X11DRV_InitKeyboard keycode 82 => vkey 006D
1201 wine_trace 0048:trace:keyboard:X11DRV_InitKeyboard keycode 83 => vkey 0064
1201 wine_trace 0048:trace:keyboard:X11DRV_InitKeyboard keycode 84 => vkey 0065
1201 wine_trace 0048:trace:keyboard:X11DRV_InitKeyboard keycode 85 => vkey 0066
1201 wine_trace 0048:trace:keyboard:X11DRV_InitKeyboard keycode 86 => vkey 006B
1201 wine_trace 0048:trace:keyboard:X11DRV_InitKeyboard keycode 87 => vkey 0061
1201 wine_trace 0048:trace:keyboard:X11DRV_InitKeyboard keycode 88 => vkey 0062
1201 wine_trace 0048:trace:keyboard:X11DRV_InitKeyboard keycode 89 => vkey 0063
1201 wine_trace 0048:trace:keyboard:X11DRV_InitKeyboard keycode 90 => vkey 0060
1201 wine_trace 0048:trace:keyboard:X11DRV_InitKeyboard keycode 91 => vkey 002E
1202 wine_trace 0048:trace:keyboard:X11DRV_InitKeyboard keycode 92 => vkey 0000
1202 wine_trace 0048:trace:keyboard:X11DRV_InitKeyboard keycode 93 => vkey 0000
1202 wine_trace 0048:trace:keyboard:X11DRV_InitKeyboard keycode 94 => vkey 0000
1202 wine_trace 0048:trace:keyboard:X11DRV_InitKeyboard keycode 95 => vkey 007A
1202 wine_trace 0048:trace:keyboard:X11DRV_InitKeyboard keycode 96 => vkey 007B
1202 wine_trace 0048:trace:keyboard:X11DRV_InitKeyboard keycode 97 => vkey 0000
1202 wine_trace 0048:trace:keyboard:X11DRV_InitKeyboard keycode 98 => vkey 0000
1202 wine_trace 0048:trace:keyboard:X11DRV_InitKeyboard keycode 99 => vkey 0000
1202 wine_trace 0048:trace:keyboard:X11DRV_InitKeyboard keycode 100 => vkey 0000
1202 wine_trace 0048:trace:keyboard:X11DRV_InitKeyboard keycode 101 => vkey 0000
1203 wine_trace 0048:trace:keyboard:X11DRV_InitKeyboard keycode 102 => vkey 0000
1203 wine_trace 0048:trace:keyboard:X11DRV_InitKeyboard keycode 103 => vkey 0000
1203 wine_trace 0048:trace:keyboard:X11DRV_InitKeyboard keycode 104 => vkey 0000
1203 wine_trace 0048:trace:keyboard:X11DRV_InitKeyboard keycode 105 => vkey 01A3
1203 wine_trace 0048:trace:keyboard:X11DRV_InitKeyboard keycode 106 => vkey 016F
1203 wine_trace 0048:trace:keyboard:X11DRV_InitKeyboard keycode 107 => vkey 0000
1203 wine_trace 0048:trace:keyboard:X11DRV_InitKeyboard keycode 108 => vkey 01A5
1203 wine_trace 0048:trace:keyboard:X11DRV_InitKeyboard keycode 109 => vkey 0000
1203 wine_trace 0048:trace:keyboard:X11DRV_InitKeyboard keycode 110 => vkey 0124
1203 wine_trace 0048:trace:keyboard:X11DRV_InitKeyboard keycode 111 => vkey 0126
1204 wine_trace 0048:trace:keyboard:X11DRV_InitKeyboard keycode 112 => vkey 0121
1204 wine_trace 0048:trace:keyboard:X11DRV_InitKeyboard keycode 113 => vkey 0125
1204 wine_trace 0048:trace:keyboard:X11DRV_InitKeyboard keycode 114 => vkey 0127
1204 wine_trace 0048:trace:keyboard:X11DRV_InitKeyboard keycode 115 => vkey 0123
1204 wine_trace 0048:trace:keyboard:X11DRV_InitKeyboard keycode 116 => vkey 0128
1204 wine_trace 0048:trace:keyboard:X11DRV_InitKeyboard keycode 117 => vkey 0122
1204 wine_trace 0048:trace:keyboard:X11DRV_InitKeyboard keycode 118 => vkey 012D
1204 wine_trace 0048:trace:keyboard:X11DRV_InitKeyboard keycode 119 => vkey 012E
1204 wine_trace 0048:warn:keyboard:X11DRV_InitKeyboard vkey 012E is being used by more than one keycode
1204 wine_trace 0048:trace:keyboard:X11DRV_InitKeyboard keycode 120 => vkey 0000
1204 wine_trace 0048:trace:keyboard:X11DRV_InitKeyboard keycode 121 => vkey 0000
1204 wine_trace 0048:trace:keyboard:X11DRV_InitKeyboard keycode 122 => vkey 0000
1205 wine_trace 0048:trace:keyboard:X11DRV_InitKeyboard keycode 123 => vkey 0000
1205 wine_trace 0048:trace:keyboard:X11DRV_InitKeyboard keycode 124 => vkey 0000
1205 wine_trace 0048:trace:keyboard:X11DRV_InitKeyboard keycode 125 => vkey 0000
1205 wine_trace 0048:trace:keyboard:X11DRV_InitKeyboard keycode 126 => vkey 0000
1205 wine_trace 0048:trace:keyboard:X11DRV_InitKeyboard keycode 127 => vkey 0000
1205 wine_trace 0048:trace:keyboard:X11DRV_InitKeyboard keycode 128 => vkey 0000
1205 wine_trace 0048:trace:keyboard:X11DRV_InitKeyboard keycode 129 => vkey 0000
1205 wine_trace 0048:trace:keyboard:X11DRV_InitKeyboard keycode 130 => vkey 0000
1205 wine_trace 0048:trace:keyboard:X11DRV_InitKeyboard keycode 131 => vkey 0000
1205 wine_trace 0048:trace:keyboard:X11DRV_InitKeyboard keycode 132 => vkey 0000
1205 wine_trace 0048:trace:keyboard:X11DRV_InitKeyboard keycode 133 => vkey 0000
1205 wine_trace 0048:trace:keyboard:X11DRV_InitKeyboard keycode 134 => vkey 0000
1206 wine_trace 0048:trace:keyboard:X11DRV_InitKeyboard keycode 135 => vkey 0000
1206 wine_trace 0048:trace:keyboard:X11DRV_InitKeyboard keycode 136 => vkey 0000
1206 wine_trace 0048:trace:keyboard:X11DRV_InitKeyboard keycode 137 => vkey 0000
1206 wine_trace 0048:trace:keyboard:X11DRV_InitKeyboard keycode 138 => vkey 0000
1206 wine_trace 0048:trace:keyboard:X11DRV_InitKeyboard keycode 139 => vkey 0000
1206 wine_trace 0048:trace:keyboard:X11DRV_InitKeyboard keycode 140 => vkey 0000
1206 wine_trace 0048:trace:keyboard:X11DRV_InitKeyboard keycode 141 => vkey 0000
1206 wine_trace 0048:trace:keyboard:X11DRV_InitKeyboard keycode 142 => vkey 0000
1206 wine_trace 0048:trace:keyboard:X11DRV_InitKeyboard keycode 143 => vkey 0000
1206 wine_trace 0048:trace:keyboard:X11DRV_InitKeyboard keycode 144 => vkey 0000
1206 wine_trace 0048:trace:keyboard:X11DRV_InitKeyboard keycode 145 => vkey 0000
1207 wine_trace 0048:trace:keyboard:X11DRV_InitKeyboard keycode 146 => vkey 0000
1207 wine_trace 0048:trace:keyboard:X11DRV_InitKeyboard keycode 147 => vkey 0000
1207 wine_trace 0048:trace:keyboard:X11DRV_InitKeyboard keycode 148 => vkey 0000
1207 wine_trace 0048:trace:keyboard:X11DRV_InitKeyboard keycode 149 => vkey 0000
1207 wine_trace 0048:trace:keyboard:X11DRV_InitKeyboard keycode 150 => vkey 0000
1207 wine_trace 0048:trace:keyboard:X11DRV_InitKeyboard keycode 151 => vkey 0000
1207 wine_trace 0048:trace:keyboard:X11DRV_InitKeyboard keycode 152 => vkey 0000
1207 wine_trace 0048:trace:keyboard:X11DRV_InitKeyboard keycode 153 => vkey 0000
1207 wine_trace 0048:trace:keyboard:X11DRV_InitKeyboard keycode 154 => vkey 0000
1207 wine_trace 0048:trace:keyboard:X11DRV_InitKeyboard keycode 155 => vkey 0000
1207 wine_trace 0048:trace:keyboard:X11DRV_InitKeyboard keycode 156 => vkey 0000
1208 wine_trace 0048:trace:keyboard:X11DRV_InitKeyboard keycode 157 => vkey 0000
1208 wine_trace 0048:trace:keyboard:X11DRV_InitKeyboard keycode 158 => vkey 0000
1208 wine_trace 0048:trace:keyboard:X11DRV_InitKeyboard keycode 159 => vkey 0000
1208 wine_trace 0048:trace:keyboard:X11DRV_InitKeyboard keycode 160 => vkey 0000
1208 wine_trace 0048:trace:keyboard:X11DRV_InitKeyboard keycode 161 => vkey 0000
1208 wine_trace 0048:trace:keyboard:X11DRV_InitKeyboard keycode 162 => vkey 0000
1208 wine_trace 0048:trace:keyboard:X11DRV_InitKeyboard keycode 163 => vkey 0000
1208 wine_trace 0048:trace:keyboard:X11DRV_InitKeyboard keycode 164 => vkey 0000
1208 wine_trace 0048:trace:keyboard:X11DRV_InitKeyboard keycode 165 => vkey 0000
1208 wine_trace 0048:trace:keyboard:X11DRV_InitKeyboard keycode 166 => vkey 0000
1208 wine_trace 0048:trace:keyboard:X11DRV_InitKeyboard keycode 167 => vkey 0000
1209 wine_trace 0048:trace:keyboard:X11DRV_InitKeyboard keycode 168 => vkey 0000
1209 wine_trace 0048:trace:keyboard:X11DRV_InitKeyboard keycode 169 => vkey 0000
1209 wine_trace 0048:trace:keyboard:X11DRV_InitKeyboard keycode 170 => vkey 0000
1209 wine_trace 0048:trace:keyboard:X11DRV_InitKeyboard keycode 171 => vkey 0000
1209 wine_trace 0048:trace:keyboard:X11DRV_InitKeyboard keycode 172 => vkey 0000
1209 wine_trace 0048:trace:keyboard:X11DRV_InitKeyboard keycode 173 => vkey 0000
1209 wine_trace 0048:trace:keyboard:X11DRV_InitKeyboard keycode 174 => vkey 0000
1209 wine_trace 0048:trace:keyboard:X11DRV_InitKeyboard keycode 175 => vkey 0000
1209 wine_trace 0048:trace:keyboard:X11DRV_InitKeyboard keycode 176 => vkey 0000
1209 wine_trace 0048:trace:keyboard:X11DRV_InitKeyboard keycode 177 => vkey 0000
1209 wine_trace 0048:trace:keyboard:X11DRV_InitKeyboard keycode 178 => vkey 0000
1209 wine_trace 0048:trace:keyboard:X11DRV_InitKeyboard keycode 179 => vkey 0000
1210 wine_trace 0048:trace:keyboard:X11DRV_InitKeyboard keycode 180 => vkey 0000
1210 wine_trace 0048:trace:keyboard:X11DRV_InitKeyboard keycode 181 => vkey 0000
1210 wine_trace 0048:trace:keyboard:X11DRV_InitKeyboard keycode 182 => vkey 0000
1210 wine_trace 0048:trace:keyboard:X11DRV_InitKeyboard keycode 183 => vkey 0000
1210 wine_trace 0048:trace:keyboard:X11DRV_InitKeyboard keycode 184 => vkey 0000
1210 wine_trace 0048:trace:keyboard:X11DRV_InitKeyboard keycode 185 => vkey 0000
1210 wine_trace 0048:trace:keyboard:X11DRV_InitKeyboard keycode 186 => vkey 0000
1210 wine_trace 0048:trace:keyboard:X11DRV_InitKeyboard keycode 187 => vkey 0000
1210 wine_trace 0048:trace:keyboard:X11DRV_InitKeyboard keycode 188 => vkey 0000
1210 wine_trace 0048:trace:keyboard:X11DRV_InitKeyboard keycode 189 => vkey 0000
1210 wine_trace 0048:trace:keyboard:X11DRV_InitKeyboard keycode 190 => vkey 0000
1210 wine_trace 0048:trace:keyboard:X11DRV_InitKeyboard keycode 191 => vkey 0000
1211 wine_trace 0048:trace:keyboard:X11DRV_InitKeyboard keycode 192 => vkey 0000
1211 wine_trace 0048:trace:keyboard:X11DRV_InitKeyboard keycode 193 => vkey 0000
1211 wine_trace 0048:trace:keyboard:X11DRV_InitKeyboard keycode 194 => vkey 0000
1211 wine_trace 0048:trace:keyboard:X11DRV_InitKeyboard keycode 195 => vkey 0000
1211 wine_trace 0048:trace:keyboard:X11DRV_InitKeyboard keycode 196 => vkey 0000
1211 wine_trace 0048:trace:keyboard:X11DRV_InitKeyboard keycode 197 => vkey 0000
1211 wine_trace 0048:trace:keyboard:X11DRV_InitKeyboard keycode 198 => vkey 0000
1211 wine_trace 0048:trace:keyboard:X11DRV_InitKeyboard keycode 199 => vkey 0000
1211 wine_trace 0048:trace:keyboard:X11DRV_InitKeyboard keycode 200 => vkey 0000
1212 wine_trace 0048:trace:keyboard:X11DRV_InitKeyboard keycode 201 => vkey 0000
1212 wine_trace 0048:trace:keyboard:X11DRV_InitKeyboard keycode 202 => vkey 0000
1212 wine_trace 0048:trace:keyboard:X11DRV_InitKeyboard keycode 203 => vkey 0000
1212 wine_trace 0048:trace:keyboard:X11DRV_InitKeyboard keycode 204 => vkey 0000
1212 wine_trace 0048:trace:keyboard:X11DRV_InitKeyboard keycode 205 => vkey 0000
1213 wine_trace 0048:trace:keyboard:X11DRV_InitKeyboard keycode 206 => vkey 0000
1213 wine_trace 0048:trace:keyboard:X11DRV_InitKeyboard keycode 207 => vkey 0000
1213 wine_trace 0048:trace:keyboard:X11DRV_InitKeyboard keycode 208 => vkey 0000
1213 wine_trace 0048:trace:keyboard:X11DRV_InitKeyboard keycode 209 => vkey 0000
1213 wine_trace 0048:trace:keyboard:X11DRV_InitKeyboard keycode 210 => vkey 0000
1213 wine_trace 0048:trace:keyboard:X11DRV_InitKeyboard keycode 211 => vkey 0000
1213 wine_trace 0048:trace:keyboard:X11DRV_InitKeyboard keycode 212 => vkey 0000
1214 wine_trace 0048:trace:keyboard:X11DRV_InitKeyboard keycode 213 => vkey 0000
1214 wine_trace 0048:trace:keyboard:X11DRV_InitKeyboard keycode 214 => vkey 0000
1214 wine_trace 0048:trace:keyboard:X11DRV_InitKeyboard keycode 215 => vkey 0000
1214 wine_trace 0048:trace:keyboard:X11DRV_InitKeyboard keycode 216 => vkey 0000
1214 wine_trace 0048:trace:keyboard:X11DRV_InitKeyboard keycode 217 => vkey 0000
1214 wine_trace 0048:trace:keyboard:X11DRV_InitKeyboard keycode 218 => vkey 0000
1214 wine_trace 0048:trace:keyboard:X11DRV_InitKeyboard keycode 219 => vkey 0000
1214 wine_trace 0048:trace:keyboard:X11DRV_InitKeyboard keycode 220 => vkey 0000
1214 wine_trace 0048:trace:keyboard:X11DRV_InitKeyboard keycode 221 => vkey 0000
1214 wine_trace 0048:trace:keyboard:X11DRV_InitKeyboard keycode 222 => vkey 0000
1214 wine_trace 0048:trace:keyboard:X11DRV_InitKeyboard keycode 223 => vkey 0000
1214 wine_trace 0048:trace:keyboard:X11DRV_InitKeyboard keycode 224 => vkey 0000
1215 wine_trace 0048:trace:keyboard:X11DRV_InitKeyboard keycode 225 => vkey 0000
1215 wine_trace 0048:trace:keyboard:X11DRV_InitKeyboard keycode 226 => vkey 0000
1215 wine_trace 0048:trace:keyboard:X11DRV_InitKeyboard keycode 227 => vkey 0000
1215 wine_trace 0048:trace:keyboard:X11DRV_InitKeyboard keycode 228 => vkey 0000
1215 wine_trace 0048:trace:keyboard:X11DRV_InitKeyboard keycode 229 => vkey 0000
1215 wine_trace 0048:trace:keyboard:X11DRV_InitKeyboard keycode 230 => vkey 0000
1215 wine_trace 0048:trace:keyboard:X11DRV_InitKeyboard keycode 231 => vkey 0000
1215 wine_trace 0048:trace:keyboard:X11DRV_InitKeyboard keycode 232 => vkey 0000
1215 wine_trace 0048:trace:keyboard:X11DRV_InitKeyboard keycode 233 => vkey 0000
1215 wine_trace 0048:trace:keyboard:X11DRV_InitKeyboard keycode 234 => vkey 0000
1215 wine_trace 0048:trace:keyboard:X11DRV_InitKeyboard keycode 235 => vkey 0000
1216 wine_trace 0048:trace:keyboard:X11DRV_InitKeyboard keycode 236 => vkey 0000
1216 wine_trace 0048:trace:keyboard:X11DRV_InitKeyboard keycode 237 => vkey 0000
1216 wine_trace 0048:trace:keyboard:X11DRV_InitKeyboard keycode 238 => vkey 0000
1216 wine_trace 0048:trace:keyboard:X11DRV_InitKeyboard keycode 239 => vkey 0000
1216 wine_trace 0048:trace:keyboard:X11DRV_InitKeyboard keycode 240 => vkey 0000
1216 wine_trace 0048:trace:keyboard:X11DRV_InitKeyboard keycode 241 => vkey 0000
1216 wine_trace 0048:trace:keyboard:X11DRV_InitKeyboard keycode 242 => vkey 0000
1216 wine_trace 0048:trace:keyboard:X11DRV_InitKeyboard keycode 243 => vkey 0000
1216 wine_trace 0048:trace:keyboard:X11DRV_InitKeyboard keycode 244 => vkey 0000
1216 wine_trace 0048:trace:keyboard:X11DRV_InitKeyboard keycode 245 => vkey 0000
1216 wine_trace 0048:trace:keyboard:X11DRV_InitKeyboard keycode 246 => vkey 0000
1217 wine_trace 0048:trace:keyboard:X11DRV_InitKeyboard keycode 247 => vkey 0000
1217 wine_trace 0048:trace:keyboard:X11DRV_InitKeyboard keycode 248 => vkey 0000
1217 wine_trace 0048:trace:keyboard:X11DRV_InitKeyboard keycode 249 => vkey 0000
1217 wine_trace 0048:trace:keyboard:X11DRV_InitKeyboard keycode 250 => vkey 0000
1217 wine_trace 0048:trace:keyboard:X11DRV_InitKeyboard keycode 251 => vkey 0000
1217 wine_trace 0048:trace:keyboard:X11DRV_InitKeyboard keycode 252 => vkey 0000
1217 wine_trace 0048:trace:keyboard:X11DRV_InitKeyboard keycode 253 => vkey 0000
1217 wine_trace 0048:trace:keyboard:X11DRV_InitKeyboard keycode 254 => vkey 0000
1217 wine_trace 0048:trace:keyboard:X11DRV_InitKeyboard keycode 255 => vkey 0000
1217 wine_trace 0048:trace:keyboard:X11DRV_InitKeyboard keycode 10 => vkey 0031
1217 wine_trace 0048:trace:keyboard:X11DRV_InitKeyboard keycode 11 => vkey 0032
1217 wine_trace 0048:trace:keyboard:X11DRV_InitKeyboard keycode 12 => vkey 0033
1218 wine_trace 0048:trace:keyboard:X11DRV_InitKeyboard keycode 13 => vkey 0034
1218 wine_trace 0048:trace:keyboard:X11DRV_InitKeyboard keycode 14 => vkey 0035
1218 wine_trace 0048:trace:keyboard:X11DRV_InitKeyboard keycode 15 => vkey 0036
1218 wine_trace 0048:trace:keyboard:X11DRV_InitKeyboard keycode 16 => vkey 0037
1218 wine_trace 0048:trace:keyboard:X11DRV_InitKeyboard keycode 17 => vkey 0038
1218 wine_trace 0048:trace:keyboard:X11DRV_InitKeyboard keycode 18 => vkey 0039
1218 wine_trace 0048:trace:keyboard:X11DRV_InitKeyboard keycode 19 => vkey 0030
1218 wine_trace 0048:trace:keyboard:X11DRV_InitKeyboard keycode 20 => vkey 00BD
1218 wine_trace 0048:trace:keyboard:X11DRV_InitKeyboard keycode 21 => vkey 00BB
1218 wine_trace 0048:trace:keyboard:X11DRV_InitKeyboard keycode 24 => vkey 0051
1218 wine_trace 0048:trace:keyboard:X11DRV_InitKeyboard keycode 25 => vkey 0057
1218 wine_trace 0048:trace:keyboard:X11DRV_InitKeyboard keycode 26 => vkey 0045
1219 wine_trace 0048:trace:keyboard:X11DRV_InitKeyboard keycode 27 => vkey 0052
1219 wine_trace 0048:trace:keyboard:X11DRV_InitKeyboard keycode 28 => vkey 0054
1219 wine_trace 0048:trace:keyboard:X11DRV_InitKeyboard keycode 29 => vkey 0059
1219 wine_trace 0048:trace:keyboard:X11DRV_InitKeyboard keycode 30 => vkey 0055
1219 wine_trace 0048:trace:keyboard:X11DRV_InitKeyboard keycode 31 => vkey 0049
1219 wine_trace 0048:trace:keyboard:X11DRV_InitKeyboard keycode 32 => vkey 004F
1219 wine_trace 0048:trace:keyboard:X11DRV_InitKeyboard keycode 33 => vkey 0050
1219 wine_trace 0048:trace:keyboard:X11DRV_InitKeyboard keycode 34 => vkey 00DB
1219 wine_trace 0048:trace:keyboard:X11DRV_InitKeyboard keycode 35 => vkey 00DD
1219 wine_trace 0048:trace:keyboard:X11DRV_InitKeyboard keycode 38 => vkey 0041
1219 wine_trace 0048:trace:keyboard:X11DRV_InitKeyboard keycode 39 => vkey 0053
1220 wine_trace 0048:trace:keyboard:X11DRV_InitKeyboard keycode 40 => vkey 0044
1220 wine_trace 0048:trace:keyboard:X11DRV_InitKeyboard keycode 41 => vkey 0046
1220 wine_trace 0048:trace:keyboard:X11DRV_InitKeyboard keycode 42 => vkey 0047
1220 wine_trace 0048:trace:keyboard:X11DRV_InitKeyboard keycode 43 => vkey 0048
1220 wine_trace 0048:trace:keyboard:X11DRV_InitKeyboard keycode 44 => vkey 004A
1220 wine_trace 0048:trace:keyboard:X11DRV_InitKeyboard keycode 45 => vkey 004B
1220 wine_trace 0048:trace:keyboard:X11DRV_InitKeyboard keycode 46 => vkey 004C
1220 wine_trace 0048:trace:keyboard:X11DRV_InitKeyboard keycode 47 => vkey 00BA
1220 wine_trace 0048:trace:keyboard:X11DRV_InitKeyboard keycode 48 => vkey 00DE
1220 wine_trace 0048:trace:keyboard:X11DRV_InitKeyboard keycode 49 => vkey 00C0
1220 wine_trace 0048:trace:keyboard:X11DRV_InitKeyboard keycode 51 => vkey 00DC
1220 wine_trace 0048:trace:keyboard:X11DRV_InitKeyboard keycode 52 => vkey 005A
1221 wine_trace 0048:trace:keyboard:X11DRV_InitKeyboard keycode 53 => vkey 0058
1221 wine_trace 0048:trace:keyboard:X11DRV_InitKeyboard keycode 54 => vkey 0043
1221 wine_trace 0048:trace:keyboard:X11DRV_InitKeyboard keycode 55 => vkey 0056
1221 wine_trace 0048:trace:keyboard:X11DRV_InitKeyboard keycode 56 => vkey 0042
1221 wine_trace 0048:trace:keyboard:X11DRV_InitKeyboard keycode 57 => vkey 004E
1221 wine_trace 0048:trace:keyboard:X11DRV_InitKeyboard keycode 58 => vkey 004D
1221 wine_trace 0048:trace:keyboard:X11DRV_InitKeyboard keycode 59 => vkey 00BC
1221 wine_trace 0048:trace:keyboard:X11DRV_InitKeyboard keycode 60 => vkey 00BE
1221 wine_trace 0048:trace:keyboard:X11DRV_InitKeyboard keycode 61 => vkey 00BF
1221 wine_trace 0048:trace:keyboard:X11DRV_InitKeyboard spare virtual key 00DF assigned to keycode 134:
1221 wine_trace 0048:trace:keyboard:X11DRV_InitKeyboard (5c60a04d (NoSymbol) 5c60a057 (NoSymbol) )
1221 wine_trace 0048:trace:keyboard:X11DRV_InitKeyboard keycode 134 => vkey 00DF
1221 wine_trace 0048:trace:keyboard:X11DRV_InitKeyboard spare virtual key 00E1 assigned to keycode 135:
1222 wine_trace 0048:trace:keyboard:X11DRV_InitKeyboard (5c60a064 (NoSymbol) 5c60a071 (NoSymbol) )
1222 wine_trace 0048:trace:keyboard:X11DRV_InitKeyboard keycode 135 => vkey 00E1
1222 wine_trace 0048:trace:keyboard:X11DRV_InitKeyboard spare virtual key 00E2 assigned to keycode 136:
1222 wine_trace 0048:trace:keyboard:X11DRV_InitKeyboard (5c60a07b (NoSymbol) 5c60a088 (NoSymbol) )
1222 wine_trace 0048:trace:keyboard:X11DRV_InitKeyboard keycode 136 => vkey 00E2
1222 wine_trace 0048:trace:keyboard:X11DRV_InitKeyboard spare virtual key 00E3 assigned to keycode 137:
1222 wine_trace 0048:trace:keyboard:X11DRV_InitKeyboard (5c60a092 (NoSymbol) 5c60a09f (NoSymbol) )
1222 wine_trace 0048:trace:keyboard:X11DRV_InitKeyboard keycode 137 => vkey 00E3
1222 wine_trace 0048:trace:keyboard:X11DRV_InitKeyboard spare virtual key 00E4 assigned to keycode 138:
1222 wine_trace 0048:trace:keyboard:X11DRV_InitKeyboard (5c60a0a9 (NoSymbol) 5c60a0b6 (NoSymbol) )
1222 wine_trace 0048:trace:keyboard:X11DRV_InitKeyboard keycode 138 => vkey 00E4
1223 wine_trace 0048:trace:keyboard:X11DRV_InitKeyboard spare virtual key 00E6 assigned to keycode 139:
1223 wine_trace 0048:trace:keyboard:X11DRV_InitKeyboard (5c60a0c0 (NoSymbol) 5c60a0cd (NoSymbol) )
1223 wine_trace 0048:trace:keyboard:X11DRV_InitKeyboard keycode 139 => vkey 00E6
1223 wine_trace 0048:trace:keyboard:X11DRV_InitKeyboard spare virtual key 00E9 assigned to keycode 140:
1223 wine_trace 0048:trace:keyboard:X11DRV_InitKeyboard (5c60a0d7 (NoSymbol) 5c60a0e4 (NoSymbol) )
1223 wine_trace 0048:trace:keyboard:X11DRV_InitKeyboard keycode 140 => vkey 00E9
1223 wine_trace 0048:trace:keyboard:X11DRV_InitKeyboard spare virtual key 00EA assigned to keycode 141:
1223 wine_trace 0048:trace:keyboard:X11DRV_InitKeyboard (5c60a0ee (NoSymbol) 5c60a0fb (NoSymbol) )
1223 wine_trace 0048:trace:keyboard:X11DRV_InitKeyboard keycode 141 => vkey 00EA
1223 wine_trace 0048:trace:keyboard:X11DRV_InitKeyboard spare virtual key 00EB assigned to keycode 142:
1223 wine_trace 0048:trace:keyboard:X11DRV_InitKeyboard (5c60a105 (NoSymbol) 5c60a112 (NoSymbol) )
1223 wine_trace 0048:trace:keyboard:X11DRV_InitKeyboard keycode 142 => vkey 00EB
1224 wine_trace 0048:trace:keyboard:X11DRV_InitKeyboard spare virtual key 00EC assigned to keycode 143:
1224 wine_trace 0048:trace:keyboard:X11DRV_InitKeyboard (5c60a11c (NoSymbol) 5c60a12a (NoSymbol) )
1224 wine_trace 0048:trace:keyboard:X11DRV_InitKeyboard keycode 143 => vkey 00EC
1224 wine_trace 0048:trace:keyboard:X11DRV_InitKeyboard spare virtual key 00ED assigned to keycode 144:
1224 wine_trace 0048:trace:keyboard:X11DRV_InitKeyboard (5c60a135 (NoSymbol) 5c60a143 (NoSymbol) )
1224 wine_trace 0048:trace:keyboard:X11DRV_InitKeyboard keycode 144 => vkey 00ED
1224 wine_trace 0048:trace:keyboard:X11DRV_InitKeyboard spare virtual key 00EE assigned to keycode 145:
1224 wine_trace 0048:trace:keyboard:X11DRV_InitKeyboard (5c60a14e (NoSymbol) 5c60a15c (NoSymbol) )
1224 wine_trace 0048:trace:keyboard:X11DRV_InitKeyboard keycode 145 => vkey 00EE
1224 wine_trace 0048:trace:keyboard:X11DRV_InitKeyboard spare virtual key 00EF assigned to keycode 146:
1224 wine_trace 0048:trace:keyboard:X11DRV_InitKeyboard (5c60a167 (NoSymbol) 5c60a175 (NoSymbol) )
1224 wine_trace 0048:trace:keyboard:X11DRV_InitKeyboard keycode 146 => vkey 00EF
1225 wine_trace 0048:trace:keyboard:X11DRV_InitKeyboard spare virtual key 00F0 assigned to keycode 147:
1225 wine_trace 0048:trace:keyboard:X11DRV_InitKeyboard (5c60a180 (NoSymbol) 5c60a18e (NoSymbol) )
1225 wine_trace 0048:trace:keyboard:X11DRV_InitKeyboard keycode 147 => vkey 00F0
1225 wine_trace 0048:trace:keyboard:X11DRV_InitKeyboard spare virtual key 00F1 assigned to keycode 148:
1225 wine_trace 0048:trace:keyboard:X11DRV_InitKeyboard (5c60a199 (NoSymbol) 5c60a1a7 (NoSymbol) )
1225 wine_trace 0048:trace:keyboard:X11DRV_InitKeyboard keycode 148 => vkey 00F1
1225 wine_trace 0048:trace:keyboard:X11DRV_InitKeyboard spare virtual key 00F2 assigned to keycode 149:
1225 wine_trace 0048:trace:keyboard:X11DRV_InitKeyboard (5c60a1b2 (NoSymbol) 5c60a1c5 (NoSymbol) )
1225 wine_trace 0048:trace:keyboard:X11DRV_InitKeyboard keycode 149 => vkey 00F2
1225 wine_trace 0048:trace:keyboard:X11DRV_InitKeyboard spare virtual key 00F3 assigned to keycode 150:
1225 wine_trace 0048:trace:keyboard:X11DRV_InitKeyboard (5c60a1d5 (NoSymbol) 5c60a1e8 (NoSymbol) )
1225 wine_trace 0048:trace:keyboard:X11DRV_InitKeyboard keycode 150 => vkey 00F3
1225 wine_trace 0048:trace:keyboard:X11DRV_InitKeyboard spare virtual key 00F4 assigned to keycode 151:
1226 wine_trace 0048:trace:keyboard:X11DRV_InitKeyboard (5c60a1f9 (NoSymbol) 5c60a207 (NoSymbol) )
1226 wine_trace 0048:trace:keyboard:X11DRV_InitKeyboard keycode 151 => vkey 00F4
1226 wine_trace 0048:trace:keyboard:X11DRV_InitKeyboard spare virtual key 00F5 assigned to keycode 152:
1226 wine_trace 0048:trace:keyboard:X11DRV_InitKeyboard (5c60a218 (NoSymbol) 5c60a22b (NoSymbol) )
1226 wine_trace 0048:trace:keyboard:X11DRV_InitKeyboard keycode 152 => vkey 00F5
1226 wine_trace 0048:trace:keyboard:X11DRV_InitKeyboard spare virtual key 0092 assigned to keycode 153:
1226 wine_trace 0048:trace:keyboard:X11DRV_InitKeyboard (5c60a23b (NoSymbol) 5c60a24e (NoSymbol) )
1226 wine_trace 0048:trace:keyboard:X11DRV_InitKeyboard keycode 153 => vkey 0092
1226 wine_trace 0048:trace:keyboard:X11DRV_InitKeyboard spare virtual key 007C assigned to keycode 154:
1226 wine_trace 0048:trace:keyboard:X11DRV_InitKeyboard (5c60a261 (NoSymbol) 5c60a271 (NoSymbol) )
1226 wine_trace 0048:trace:keyboard:X11DRV_InitKeyboard keycode 154 => vkey 007C
1226 wine_trace 0048:trace:keyboard:X11DRV_InitKeyboard spare virtual key 007D assigned to keycode 155:
1226 wine_trace 0048:trace:keyboard:X11DRV_InitKeyboard (5c60a284 (NoSymbol) 5c60a297 (NoSymbol) )
1227 wine_trace 0048:trace:keyboard:X11DRV_InitKeyboard keycode 155 => vkey 007D
1227 wine_trace 0048:trace:keyboard:X11DRV_InitKeyboard spare virtual key 007E assigned to keycode 156:
1227 wine_trace 0048:trace:keyboard:X11DRV_InitKeyboard (5c60a2a7 (NoSymbol) 5c60a2ba (NoSymbol) )
1227 wine_trace 0048:trace:keyboard:X11DRV_InitKeyboard keycode 156 => vkey 007E
1227 wine_trace 0048:trace:keyboard:X11DRV_InitKeyboard spare virtual key 007F assigned to keycode 157:
1227 wine_trace 0048:trace:keyboard:X11DRV_InitKeyboard (5c60a2cc (NoSymbol) 5c60a2db (NoSymbol) )
1227 wine_trace 0048:trace:keyboard:X11DRV_InitKeyboard keycode 157 => vkey 007F
1227 wine_trace 0048:trace:keyboard:X11DRV_InitKeyboard spare virtual key 0080 assigned to keycode 158:
1227 wine_trace 0048:trace:keyboard:X11DRV_InitKeyboard (5c60a2ed (NoSymbol) 5c60a300 (NoSymbol) )
1227 wine_trace 0048:trace:keyboard:X11DRV_InitKeyboard keycode 158 => vkey 0080
1228 wine_trace 0048:trace:keyboard:X11DRV_InitKeyboard spare virtual key 0081 assigned to keycode 159:
1228 wine_trace 0048:trace:keyboard:X11DRV_InitKeyboard (5c60a310 (NoSymbol) 5c60a323 (NoSymbol) )
1228 wine_trace 0048:trace:keyboard:X11DRV_InitKeyboard keycode 159 => vkey 0081
1228 wine_trace 0048:trace:keyboard:X11DRV_InitKeyboard spare virtual key 0082 assigned to keycode 160:
1228 wine_trace 0048:trace:keyboard:X11DRV_InitKeyboard (5c60a336 (NoSymbol) 5c60a346 (NoSymbol) )
1228 wine_trace 0048:trace:keyboard:X11DRV_InitKeyboard keycode 160 => vkey 0082
1228 wine_trace 0048:trace:keyboard:X11DRV_InitKeyboard spare virtual key 0083 assigned to keycode 161:
1228 wine_trace 0048:trace:keyboard:X11DRV_InitKeyboard (5c60a359 (NoSymbol) 5c60a36c (NoSymbol) )
1228 wine_trace 0048:trace:keyboard:X11DRV_InitKeyboard keycode 161 => vkey 0083
1228 wine_trace 0048:trace:keyboard:X11DRV_InitKeyboard spare virtual key 0084 assigned to keycode 162:
1229 wine_trace 0048:trace:keyboard:X11DRV_InitKeyboard (5c60a37c (NoSymbol) 5c60a38f (NoSymbol) )
1229 wine_trace 0048:trace:keyboard:X11DRV_InitKeyboard keycode 162 => vkey 0084
1229 wine_trace 0048:trace:keyboard:X11DRV_InitKeyboard spare virtual key 0085 assigned to keycode 163:
1229 wine_trace 0048:trace:keyboard:X11DRV_InitKeyboard (5c60a3a2 (NoSymbol) 5c60a3b2 (NoSymbol) )
1229 wine_trace 0048:trace:keyboard:X11DRV_InitKeyboard keycode 163 => vkey 0085
1229 wine_trace 0048:trace:keyboard:X11DRV_InitKeyboard spare virtual key 0086 assigned to keycode 164:
1229 wine_trace 0048:trace:keyboard:X11DRV_InitKeyboard (5c60a3c5 (NoSymbol) 5c60a3d8 (NoSymbol) )
1230 wine_trace 0048:trace:keyboard:X11DRV_InitKeyboard keycode 164 => vkey 0086
1230 wine_trace 0048:trace:keyboard:X11DRV_InitKeyboard spare virtual key 0087 assigned to keycode 165:
1230 wine_trace 0048:trace:keyboard:X11DRV_InitKeyboard (5c60a3e8 (NoSymbol) 5c60a3fb (NoSymbol) )
1230 wine_trace 0048:trace:keyboard:X11DRV_InitKeyboard keycode 165 => vkey 0087
1230 wine_trace 0048:warn:keyboard:X11DRV_InitKeyboard No more vkeys available!
1230 wine_trace 0048:trace:key:X11DRV_InitKeyboard assigning scancode 60 to unidentified keycode 10 (NoSymbol)
1230 wine_trace 0048:trace:key:X11DRV_InitKeyboard assigning scancode 61 to unidentified keycode 11 (NoSymbol)
1230 wine_trace 0048:trace:key:X11DRV_InitKeyboard assigning scancode 62 to unidentified keycode 12 (NoSymbol)
1230 wine_trace 0048:trace:key:X11DRV_InitKeyboard assigning scancode 63 to unidentified keycode 13 (NoSymbol)
1230 wine_trace 0048:trace:key:X11DRV_InitKeyboard assigning scancode 64 to unidentified keycode 14 (NoSymbol)
1230 wine_trace 0048:trace:key:X11DRV_InitKeyboard assigning scancode 65 to unidentified keycode 15 (NoSymbol)
1231 wine_trace 0048:trace:key:X11DRV_InitKeyboard assigning scancode 66 to unidentified keycode 16 (NoSymbol)
1231 wine_trace 0048:trace:key:X11DRV_InitKeyboard assigning scancode 67 to unidentified keycode 17 (NoSymbol)
1231 wine_trace 0048:trace:key:X11DRV_InitKeyboard assigning scancode 68 to unidentified keycode 18 (NoSymbol)
1231 wine_trace 0048:trace:key:X11DRV_InitKeyboard assigning scancode 69 to unidentified keycode 19 (NoSymbol)
1231 wine_trace 0048:trace:key:X11DRV_InitKeyboard assigning scancode 6a to unidentified keycode 20 (NoSymbol)
1231 wine_trace 0048:trace:key:X11DRV_InitKeyboard assigning scancode 6b to unidentified keycode 21 (NoSymbol)
1231 wine_trace 0048:trace:key:X11DRV_InitKeyboard assigning scancode 6c to unidentified keycode 24 (NoSymbol)
1231 wine_trace 0048:trace:key:X11DRV_InitKeyboard assigning scancode 6d to unidentified keycode 25 (NoSymbol)
1231 wine_trace 0048:trace:key:X11DRV_InitKeyboard assigning scancode 6e to unidentified keycode 26 (NoSymbol)
1231 wine_trace 0048:trace:key:X11DRV_InitKeyboard assigning scancode 6f to unidentified keycode 27 (NoSymbol)
1232 wine_trace 0048:trace:key:X11DRV_InitKeyboard assigning scancode 70 to unidentified keycode 28 (NoSymbol)
1232 wine_trace 0048:trace:key:X11DRV_InitKeyboard assigning scancode 71 to unidentified keycode 29 (NoSymbol)
1232 wine_trace 0048:trace:key:X11DRV_InitKeyboard assigning scancode 72 to unidentified keycode 30 (NoSymbol)
1232 wine_trace 0048:trace:key:X11DRV_InitKeyboard assigning scancode 73 to unidentified keycode 31 (NoSymbol)
1232 wine_trace 0048:trace:key:X11DRV_InitKeyboard assigning scancode 74 to unidentified keycode 32 (NoSymbol)
1232 wine_trace 0048:trace:key:X11DRV_InitKeyboard assigning scancode 75 to unidentified keycode 33 (NoSymbol)
1232 wine_trace 0048:trace:key:X11DRV_InitKeyboard assigning scancode 76 to unidentified keycode 34 (NoSymbol)
1232 wine_trace 0048:trace:key:X11DRV_InitKeyboard assigning scancode 77 to unidentified keycode 35 (NoSymbol)
1232 wine_trace 0048:trace:key:X11DRV_InitKeyboard assigning scancode 78 to unidentified keycode 38 (NoSymbol)
1232 wine_trace 0048:trace:key:X11DRV_InitKeyboard assigning scancode 79 to unidentified keycode 39 (NoSymbol)
1232 wine_trace 0048:trace:key:X11DRV_InitKeyboard assigning scancode 7a to unidentified keycode 40 (NoSymbol)
1232 wine_trace 0048:trace:key:X11DRV_InitKeyboard assigning scancode 7b to unidentified keycode 41 (NoSymbol)
1233 wine_trace 0048:trace:key:X11DRV_InitKeyboard assigning scancode 7c to unidentified keycode 42 (NoSymbol)
1233 wine_trace 0048:trace:key:X11DRV_InitKeyboard assigning scancode 7d to unidentified keycode 43 (NoSymbol)
1233 wine_trace 0048:trace:key:X11DRV_InitKeyboard assigning scancode 7e to unidentified keycode 44 (NoSymbol)
1233 wine_trace 0048:trace:key:X11DRV_InitKeyboard assigning scancode 7f to unidentified keycode 45 (NoSymbol)
1233 wine_trace 0048:trace:key:X11DRV_InitKeyboard assigning scancode 80 to unidentified keycode 46 (NoSymbol)
1233 wine_trace 0048:trace:key:X11DRV_InitKeyboard assigning scancode 81 to unidentified keycode 47 (NoSymbol)
1233 wine_trace 0048:trace:key:X11DRV_InitKeyboard assigning scancode 82 to unidentified keycode 48 (NoSymbol)
1233 wine_trace 0048:trace:key:X11DRV_InitKeyboard assigning scancode 83 to unidentified keycode 49 (NoSymbol)
1233 wine_trace 0048:trace:key:X11DRV_InitKeyboard assigning scancode 84 to unidentified keycode 51 (NoSymbol)
1233 wine_trace 0048:trace:key:X11DRV_InitKeyboard assigning scancode 85 to unidentified keycode 52 (NoSymbol)
1233 wine_trace 0048:trace:key:X11DRV_InitKeyboard assigning scancode 86 to unidentified keycode 53 (NoSymbol)
1233 wine_trace 0048:trace:key:X11DRV_InitKeyboard assigning scancode 87 to unidentified keycode 54 (NoSymbol)
1234 wine_trace 0048:trace:key:X11DRV_InitKeyboard assigning scancode 88 to unidentified keycode 55 (NoSymbol)
1234 wine_trace 0048:trace:key:X11DRV_InitKeyboard assigning scancode 89 to unidentified keycode 56 (NoSymbol)
1234 wine_trace 0048:trace:key:X11DRV_InitKeyboard assigning scancode 8a to unidentified keycode 57 (NoSymbol)
1234 wine_trace 0048:trace:key:X11DRV_InitKeyboard assigning scancode 8b to unidentified keycode 58 (NoSymbol)
1234 wine_trace 0048:trace:key:X11DRV_InitKeyboard assigning scancode 8c to unidentified keycode 59 (NoSymbol)
1234 wine_trace 0048:trace:key:X11DRV_InitKeyboard assigning scancode 8d to unidentified keycode 60 (NoSymbol)
1234 wine_trace 0048:trace:key:X11DRV_InitKeyboard assigning scancode 8e to unidentified keycode 61 (NoSymbol)
1234 wine_trace 0048:trace:key:X11DRV_InitKeyboard assigning scancode 8f to unidentified keycode 134 (NoSymbol)
1234 wine_trace 0048:trace:key:X11DRV_InitKeyboard assigning scancode 90 to unidentified keycode 135 (NoSymbol)
1234 wine_trace 0048:trace:key:X11DRV_InitKeyboard assigning scancode 91 to unidentified keycode 136 (NoSymbol)
1234 wine_trace 0048:trace:key:X11DRV_InitKeyboard assigning scancode 92 to unidentified keycode 137 (NoSymbol)
1234 wine_trace 0048:trace:key:X11DRV_InitKeyboard assigning scancode 93 to unidentified keycode 138 (NoSymbol)
1235 wine_trace 0048:trace:key:X11DRV_InitKeyboard assigning scancode 94 to unidentified keycode 139 (NoSymbol)
1235 wine_trace 0048:trace:key:X11DRV_InitKeyboard assigning scancode 95 to unidentified keycode 140 (NoSymbol)
1235 wine_trace 0048:trace:key:X11DRV_InitKeyboard assigning scancode 96 to unidentified keycode 141 (NoSymbol)
1235 wine_trace 0048:trace:key:X11DRV_InitKeyboard assigning scancode 97 to unidentified keycode 142 (NoSymbol)
1235 wine_trace 0048:trace:key:X11DRV_InitKeyboard assigning scancode 98 to unidentified keycode 143 (NoSymbol)
1235 wine_trace 0048:trace:key:X11DRV_InitKeyboard assigning scancode 99 to unidentified keycode 144 (NoSymbol)
1235 wine_trace 0048:trace:key:X11DRV_InitKeyboard assigning scancode 9a to unidentified keycode 145 (NoSymbol)
1235 wine_trace 0048:trace:key:X11DRV_InitKeyboard assigning scancode 9b to unidentified keycode 146 (NoSymbol)
1235 wine_trace 0048:trace:key:X11DRV_InitKeyboard assigning scancode 9c to unidentified keycode 147 (NoSymbol)
1235 wine_trace 0048:trace:key:X11DRV_InitKeyboard assigning scancode 9d to unidentified keycode 148 (NoSymbol)
1235 wine_trace 0048:trace:key:X11DRV_InitKeyboard assigning scancode 9e to unidentified keycode 149 (NoSymbol)
1235 wine_trace 0048:trace:key:X11DRV_InitKeyboard assigning scancode 9f to unidentified keycode 150 (NoSymbol)
1235 wine_trace 0048:trace:key:X11DRV_InitKeyboard assigning scancode a0 to unidentified keycode 151 (NoSymbol)
1236 wine_trace 0048:trace:key:X11DRV_InitKeyboard assigning scancode a1 to unidentified keycode 152 (NoSymbol)
1236 wine_trace 0048:trace:key:X11DRV_InitKeyboard assigning scancode a2 to unidentified keycode 153 (NoSymbol)
1236 wine_trace 0048:trace:key:X11DRV_InitKeyboard assigning scancode a3 to unidentified keycode 154 (NoSymbol)
1236 wine_trace 0048:trace:key:X11DRV_InitKeyboard assigning scancode a4 to unidentified keycode 155 (NoSymbol)
1236 wine_trace 0048:trace:key:X11DRV_InitKeyboard assigning scancode a5 to unidentified keycode 156 (NoSymbol)
1236 wine_trace 0048:trace:key:X11DRV_InitKeyboard assigning scancode a6 to unidentified keycode 157 (NoSymbol)
1236 wine_trace 0048:trace:key:X11DRV_InitKeyboard assigning scancode a7 to unidentified keycode 158 (NoSymbol)
1236 wine_trace 0048:trace:key:X11DRV_InitKeyboard assigning scancode a8 to unidentified keycode 159 (NoSymbol)
1236 wine_trace 0048:trace:key:X11DRV_InitKeyboard assigning scancode a9 to unidentified keycode 160 (NoSymbol)
1236 wine_trace 0048:trace:key:X11DRV_InitKeyboard assigning scancode aa to unidentified keycode 161 (NoSymbol)
1236 wine_trace 0048:trace:key:X11DRV_InitKeyboard assigning scancode ab to unidentified keycode 162 (NoSymbol)
1237 wine_trace 0048:trace:key:X11DRV_InitKeyboard assigning scancode ac to unidentified keycode 163 (NoSymbol)
1237 wine_trace 0048:trace:key:X11DRV_InitKeyboard assigning scancode ad to unidentified keycode 164 (NoSymbol)
1237 wine_trace 0048:trace:key:X11DRV_InitKeyboard assigning scancode ae to unidentified keycode 165 (NoSymbol)
1529 wine_trace 0034:trace:keyboard:X11DRV_KEYBOARD_DetectLayout Attempting to match against "United States keyboard layout"
1530 wine_trace 0034:trace:keyboard:X11DRV_KEYBOARD_DetectLayout matches=0, mismatches=0, seq=0, score=0
1530 wine_trace 0034:trace:keyboard:X11DRV_KEYBOARD_DetectLayout Attempting to match against "United States keyboard layout (phantom key version)"
1530 wine_trace 0034:trace:keyboard:X11DRV_KEYBOARD_DetectLayout matches=0, mismatches=0, seq=0, score=0
1531 wine_trace 0034:trace:keyboard:X11DRV_KEYBOARD_DetectLayout Attempting to match against "United States keyboard layout (dvorak)"
1531 wine_trace 0034:trace:keyboard:X11DRV_KEYBOARD_DetectLayout matches=0, mismatches=0, seq=0, score=0
1531 wine_trace 0034:trace:keyboard:X11DRV_KEYBOARD_DetectLayout Attempting to match against "United States keyboard layout (programmer dvorak)"
1531 wine_trace 0034:trace:keyboard:X11DRV_KEYBOARD_DetectLayout matches=0, mismatches=0, seq=0, score=0
1531 wine_trace 0034:trace:keyboard:X11DRV_KEYBOARD_DetectLayout Attempting to match against "United States keyboard layout (dvorak with phantom key)"
1531 wine_trace 0034:trace:keyboard:X11DRV_KEYBOARD_DetectLayout matches=0, mismatches=0, seq=0, score=0
1532 wine_trace 0034:trace:keyboard:X11DRV_KEYBOARD_DetectLayout Attempting to match against "United States International keyboard layout"
1532 wine_trace 0034:trace:keyboard:X11DRV_KEYBOARD_DetectLayout matches=0, mismatches=0, seq=0, score=0
1532 wine_trace 0034:trace:keyboard:X11DRV_KEYBOARD_DetectLayout Attempting to match against "British keyboard layout"
1532 wine_trace 0034:trace:keyboard:X11DRV_KEYBOARD_DetectLayout matches=0, mismatches=0, seq=0, score=0
1532 wine_trace 0034:trace:keyboard:X11DRV_KEYBOARD_DetectLayout Attempting to match against "German keyboard layout"
1532 wine_trace 0034:trace:keyboard:X11DRV_KEYBOARD_DetectLayout matches=0, mismatches=0, seq=0, score=0
1533 wine_trace 0034:trace:keyboard:X11DRV_KEYBOARD_DetectLayout Attempting to match against "Swiss German keyboard layout"
1533 wine_trace 0034:trace:keyboard:X11DRV_KEYBOARD_DetectLayout matches=0, mismatches=0, seq=0, score=0
1533 wine_trace 0034:trace:keyboard:X11DRV_KEYBOARD_DetectLayout Attempting to match against "Swiss French keyboard layout"
1533 wine_trace 0034:trace:keyboard:X11DRV_KEYBOARD_DetectLayout matches=0, mismatches=0, seq=0, score=0
1533 wine_trace 0034:trace:keyboard:X11DRV_KEYBOARD_DetectLayout Attempting to match against "Swedish keyboard layout"
1533 wine_trace 0034:trace:keyboard:X11DRV_KEYBOARD_DetectLayout matches=0, mismatches=0, seq=0, score=0
1533 wine_trace 0034:trace:keyboard:X11DRV_KEYBOARD_DetectLayout Attempting to match against "Estonian keyboard layout"
1534 wine_trace 0034:trace:keyboard:X11DRV_KEYBOARD_DetectLayout matches=0, mismatches=0, seq=0, score=0
1534 wine_trace 0034:trace:keyboard:X11DRV_KEYBOARD_DetectLayout Attempting to match against "Norwegian keyboard layout"
1534 wine_trace 0034:trace:keyboard:X11DRV_KEYBOARD_DetectLayout matches=0, mismatches=0, seq=0, score=0
1534 wine_trace 0034:trace:keyboard:X11DRV_KEYBOARD_DetectLayout Attempting to match against "Danish keyboard layout"
1535 wine_trace 0034:trace:keyboard:X11DRV_KEYBOARD_DetectLayout matches=0, mismatches=0, seq=0, score=0
1535 wine_trace 0034:trace:keyboard:X11DRV_KEYBOARD_DetectLayout Attempting to match against "French keyboard layout"
1535 wine_trace 0034:trace:keyboard:X11DRV_KEYBOARD_DetectLayout matches=0, mismatches=0, seq=0, score=0
1535 wine_trace 0034:trace:keyboard:X11DRV_KEYBOARD_DetectLayout Attempting to match against "Canadian French keyboard layout"
1535 wine_trace 0034:trace:keyboard:X11DRV_KEYBOARD_DetectLayout matches=0, mismatches=0, seq=0, score=0
1536 wine_trace 0034:trace:keyboard:X11DRV_KEYBOARD_DetectLayout Attempting to match against "Canadian French keyboard layout (CA_fr)"
1536 wine_trace 0034:trace:keyboard:X11DRV_KEYBOARD_DetectLayout matches=0, mismatches=0, seq=0, score=0
1536 wine_trace 0034:trace:keyboard:X11DRV_KEYBOARD_DetectLayout Attempting to match against "Canadian keyboard layout"
1536 wine_trace 0034:trace:keyboard:X11DRV_KEYBOARD_DetectLayout matches=0, mismatches=0, seq=0, score=0
1536 wine_trace 0034:trace:keyboard:X11DRV_KEYBOARD_DetectLayout Attempting to match against "Belgian keyboard layout"
1536 wine_trace 0034:trace:keyboard:X11DRV_KEYBOARD_DetectLayout matches=0, mismatches=0, seq=0, score=0
1537 wine_trace 0034:trace:keyboard:X11DRV_KEYBOARD_DetectLayout Attempting to match against "Portuguese keyboard layout"
1537 wine_trace 0034:trace:keyboard:X11DRV_KEYBOARD_DetectLayout matches=0, mismatches=0, seq=0, score=0
1537 wine_trace 0034:trace:keyboard:X11DRV_KEYBOARD_DetectLayout Attempting to match against "Brazilian ABNT-2 keyboard layout"
1537 wine_trace 0034:trace:keyboard:X11DRV_KEYBOARD_DetectLayout matches=0, mismatches=0, seq=0, score=0
1537 wine_trace 0034:trace:keyboard:X11DRV_KEYBOARD_DetectLayout Attempting to match against "Brazilian ABNT-2 keyboard layout ALT GR"
1537 wine_trace 0034:trace:keyboard:X11DRV_KEYBOARD_DetectLayout matches=0, mismatches=0, seq=0, score=0
1537 wine_trace 0034:trace:keyboard:X11DRV_KEYBOARD_DetectLayout Attempting to match against "Finnish keyboard layout"
1538 wine_trace 0034:trace:keyboard:X11DRV_KEYBOARD_DetectLayout matches=0, mismatches=0, seq=0, score=0
1538 wine_trace 0034:trace:keyboard:X11DRV_KEYBOARD_DetectLayout Attempting to match against "Bulgarian bds keyboard layout"
1538 wine_trace 0034:trace:keyboard:X11DRV_KEYBOARD_DetectLayout matches=0, mismatches=0, seq=0, score=0
1538 wine_trace 0034:trace:keyboard:X11DRV_KEYBOARD_DetectLayout Attempting to match against "Bulgarian phonetic keyboard layout"
1538 wine_trace 0034:trace:keyboard:X11DRV_KEYBOARD_DetectLayout matches=0, mismatches=0, seq=0, score=0
1538 wine_trace 0034:trace:keyboard:X11DRV_KEYBOARD_DetectLayout Attempting to match against "Belarusian keyboard layout"
1538 wine_trace 0034:trace:keyboard:X11DRV_KEYBOARD_DetectLayout matches=0, mismatches=0, seq=0, score=0
1539 wine_trace 0034:trace:keyboard:X11DRV_KEYBOARD_DetectLayout Attempting to match against "Russian keyboard layout"
1539 wine_trace 0034:trace:keyboard:X11DRV_KEYBOARD_DetectLayout matches=0, mismatches=0, seq=0, score=0
1539 wine_trace 0034:trace:keyboard:X11DRV_KEYBOARD_DetectLayout Attempting to match against "Russian keyboard layout (phantom key version)"
1539 wine_trace 0034:trace:keyboard:X11DRV_KEYBOARD_DetectLayout matches=0, mismatches=0, seq=0, score=0
1539 wine_trace 0034:trace:keyboard:X11DRV_KEYBOARD_DetectLayout Attempting to match against "Russian keyboard layout KOI8-R"
1540 wine_trace 0034:trace:keyboard:X11DRV_KEYBOARD_DetectLayout matches=0, mismatches=0, seq=0, score=0
1540 wine_trace 0034:trace:keyboard:X11DRV_KEYBOARD_DetectLayout Attempting to match against "Russian keyboard layout cp1251"
1540 wine_trace 0034:trace:keyboard:X11DRV_KEYBOARD_DetectLayout matches=0, mismatches=0, seq=0, score=0
1540 wine_trace 0034:trace:keyboard:X11DRV_KEYBOARD_DetectLayout Attempting to match against "Russian phonetic keyboard layout"
1540 wine_trace 0034:trace:keyboard:X11DRV_KEYBOARD_DetectLayout matches=0, mismatches=0, seq=0, score=0
1540 wine_trace 0034:trace:keyboard:X11DRV_KEYBOARD_DetectLayout Attempting to match against "Ukrainian keyboard layout KOI8-U"
1540 wine_trace 0034:trace:keyboard:X11DRV_KEYBOARD_DetectLayout matches=0, mismatches=0, seq=0, score=0
1540 wine_trace 0034:trace:keyboard:X11DRV_KEYBOARD_DetectLayout Attempting to match against "Ukrainian keyboard layout (standard)"
1541 wine_trace 0034:trace:keyboard:X11DRV_KEYBOARD_DetectLayout matches=0, mismatches=0, seq=0, score=0
1541 wine_trace 0034:trace:keyboard:X11DRV_KEYBOARD_DetectLayout Attempting to match against "Russian keyboard layout (standard)"
1541 wine_trace 0034:trace:keyboard:X11DRV_KEYBOARD_DetectLayout matches=0, mismatches=0, seq=0, score=0
1541 wine_trace 0034:trace:keyboard:X11DRV_KEYBOARD_DetectLayout Attempting to match against "Spanish keyboard layout"
1541 wine_trace 0034:trace:keyboard:X11DRV_KEYBOARD_DetectLayout matches=0, mismatches=0, seq=0, score=0
1541 wine_trace 0034:trace:keyboard:X11DRV_KEYBOARD_DetectLayout Attempting to match against "Italian keyboard layout"
1541 wine_trace 0034:trace:keyboard:X11DRV_KEYBOARD_DetectLayout matches=0, mismatches=0, seq=0, score=0
1541 wine_trace 0034:trace:keyboard:X11DRV_KEYBOARD_DetectLayout Attempting to match against "Icelandic keyboard layout"
1541 wine_trace 0034:trace:keyboard:X11DRV_KEYBOARD_DetectLayout matches=0, mismatches=0, seq=0, score=0
1541 wine_trace 0034:trace:keyboard:X11DRV_KEYBOARD_DetectLayout Attempting to match against "Hungarian keyboard layout"
1541 wine_trace 0034:trace:keyboard:X11DRV_KEYBOARD_DetectLayout matches=0, mismatches=0, seq=0, score=0
1542 wine_trace 0034:trace:keyboard:X11DRV_KEYBOARD_DetectLayout Attempting to match against "Polish (programmer's) keyboard layout"
1542 wine_trace 0034:trace:keyboard:X11DRV_KEYBOARD_DetectLayout matches=0, mismatches=0, seq=0, score=0
1542 wine_trace 0034:trace:keyboard:X11DRV_KEYBOARD_DetectLayout Attempting to match against "Slovenian keyboard layout"
1542 wine_trace 0034:trace:keyboard:X11DRV_KEYBOARD_DetectLayout matches=0, mismatches=0, seq=0, score=0
1542 wine_trace 0034:trace:keyboard:X11DRV_KEYBOARD_DetectLayout Attempting to match against "Serbian keyboard layout sr"
1542 wine_trace 0034:trace:keyboard:X11DRV_KEYBOARD_DetectLayout matches=0, mismatches=0, seq=0, score=0
1542 wine_trace 0034:trace:keyboard:X11DRV_KEYBOARD_DetectLayout Attempting to match against "Serbian keyboard layout us,sr"
1542 wine_trace 0034:trace:keyboard:X11DRV_KEYBOARD_DetectLayout matches=0, mismatches=0, seq=0, score=0
1542 wine_trace 0034:trace:keyboard:X11DRV_KEYBOARD_DetectLayout Attempting to match against "Croatian keyboard layout"
1542 wine_trace 0034:trace:keyboard:X11DRV_KEYBOARD_DetectLayout matches=0, mismatches=0, seq=0, score=0
1542 wine_trace 0034:trace:keyboard:X11DRV_KEYBOARD_DetectLayout Attempting to match against "Croatian keyboard layout (specific)"
1542 wine_trace 0034:trace:keyboard:X11DRV_KEYBOARD_DetectLayout matches=0, mismatches=0, seq=0, score=0
1543 wine_trace 0034:trace:keyboard:X11DRV_KEYBOARD_DetectLayout Attempting to match against "Japanese 106 keyboard layout"
1543 wine_trace 0034:trace:keyboard:X11DRV_KEYBOARD_DetectLayout matches=0, mismatches=0, seq=0, score=0
1543 wine_trace 0034:trace:keyboard:X11DRV_KEYBOARD_DetectLayout Attempting to match against "Japanese Mac keyboard layout"
1543 wine_trace 0034:trace:keyboard:X11DRV_KEYBOARD_DetectLayout matches=0, mismatches=0, seq=0, score=0
1543 wine_trace 0034:trace:keyboard:X11DRV_KEYBOARD_DetectLayout Attempting to match against "Japanese pc98x1 keyboard layout"
1543 wine_trace 0034:trace:keyboard:X11DRV_KEYBOARD_DetectLayout matches=0, mismatches=0, seq=0, score=0
1543 wine_trace 0034:trace:keyboard:X11DRV_KEYBOARD_DetectLayout Attempting to match against "Slovak keyboard layout"
1543 wine_trace 0034:trace:keyboard:X11DRV_KEYBOARD_DetectLayout matches=0, mismatches=0, seq=0, score=0
1543 wine_trace 0034:trace:keyboard:X11DRV_KEYBOARD_DetectLayout Attempting to match against "Slovak and Czech keyboard layout without dead keys"
1543 wine_trace 0034:trace:keyboard:X11DRV_KEYBOARD_DetectLayout matches=0, mismatches=0, seq=0, score=0
1544 wine_trace 0034:trace:keyboard:X11DRV_KEYBOARD_DetectLayout Attempting to match against "Czech keyboard layout"
1544 wine_trace 0034:trace:keyboard:X11DRV_KEYBOARD_DetectLayout matches=0, mismatches=0, seq=0, score=0
1544 wine_trace 0034:trace:keyboard:X11DRV_KEYBOARD_DetectLayout Attempting to match against "Czech keyboard layout cz"
1544 wine_trace 0034:trace:keyboard:X11DRV_KEYBOARD_DetectLayout matches=0, mismatches=0, seq=0, score=0
1544 wine_trace 0034:trace:keyboard:X11DRV_KEYBOARD_DetectLayout Attempting to match against "Czech keyboard layout cz_qwerty"
1544 wine_trace 0034:trace:keyboard:X11DRV_KEYBOARD_DetectLayout matches=0, mismatches=0, seq=0, score=0
1544 wine_trace 0034:trace:keyboard:X11DRV_KEYBOARD_DetectLayout Attempting to match against "Latin American keyboard layout"
1544 wine_trace 0034:trace:keyboard:X11DRV_KEYBOARD_DetectLayout matches=0, mismatches=0, seq=0, score=0
1544 wine_trace 0034:trace:keyboard:X11DRV_KEYBOARD_DetectLayout Attempting to match against "Lithuanian (Baltic) keyboard layout"
1544 wine_trace 0034:trace:keyboard:X11DRV_KEYBOARD_DetectLayout matches=0, mismatches=0, seq=0, score=0
1544 wine_trace 0034:trace:keyboard:X11DRV_KEYBOARD_DetectLayout Attempting to match against "Turkish keyboard layout"
1544 wine_trace 0034:trace:keyboard:X11DRV_KEYBOARD_DetectLayout matches=0, mismatches=0, seq=0, score=0
1545 wine_trace 0034:trace:keyboard:X11DRV_KEYBOARD_DetectLayout Attempting to match against "Turkish keyboard layout tr"
1545 wine_trace 0034:trace:keyboard:X11DRV_KEYBOARD_DetectLayout matches=0, mismatches=0, seq=0, score=0
1545 wine_trace 0034:trace:keyboard:X11DRV_KEYBOARD_DetectLayout Attempting to match against "Turkish keyboard layout trf"
1545 wine_trace 0034:trace:keyboard:X11DRV_KEYBOARD_DetectLayout matches=0, mismatches=0, seq=0, score=0
1545 wine_trace 0034:trace:keyboard:X11DRV_KEYBOARD_DetectLayout Attempting to match against "Israelian keyboard layout"
1545 wine_trace 0034:trace:keyboard:X11DRV_KEYBOARD_DetectLayout matches=0, mismatches=0, seq=0, score=0
1545 wine_trace 0034:trace:keyboard:X11DRV_KEYBOARD_DetectLayout Attempting to match against "Israelian phonetic keyboard layout"
1545 wine_trace 0034:trace:keyboard:X11DRV_KEYBOARD_DetectLayout matches=0, mismatches=0, seq=0, score=0
1545 wine_trace 0034:trace:keyboard:X11DRV_KEYBOARD_DetectLayout Attempting to match against "Israelian Saharon keyboard layout"
1545 wine_trace 0034:trace:keyboard:X11DRV_KEYBOARD_DetectLayout matches=0, mismatches=0, seq=0, score=0
1545 wine_trace 0034:trace:keyboard:X11DRV_KEYBOARD_DetectLayout Attempting to match against "VNC keyboard layout"
1545 wine_trace 0034:trace:keyboard:X11DRV_KEYBOARD_DetectLayout matches=0, mismatches=0, seq=0, score=0
1546 wine_trace 0034:trace:keyboard:X11DRV_KEYBOARD_DetectLayout Attempting to match against "Greek keyboard layout"
1546 wine_trace 0034:trace:keyboard:X11DRV_KEYBOARD_DetectLayout matches=0, mismatches=0, seq=0, score=0
1546 wine_trace 0034:trace:keyboard:X11DRV_KEYBOARD_DetectLayout Attempting to match against "Thai (Kedmanee)  keyboard layout"
1546 wine_trace 0034:trace:keyboard:X11DRV_KEYBOARD_DetectLayout matches=0, mismatches=0, seq=0, score=0
1546 wine_trace 0034:trace:keyboard:X11DRV_KEYBOARD_DetectLayout Attempting to match against "Dutch keyboard layout"
1546 wine_trace 0034:trace:keyboard:X11DRV_KEYBOARD_DetectLayout matches=0, mismatches=0, seq=0, score=0
1546 wine_trace 0034:trace:keyboard:X11DRV_KEYBOARD_DetectLayout detected layout is "United States keyboard layout"
1546 wine_trace 0034:trace:keyboard:X11DRV_InitKeyboard keycode 8 => vkey 0000
1546 wine_trace 0034:trace:keyboard:X11DRV_InitKeyboard keycode 9 => vkey 001B
1546 wine_trace 0034:trace:keyboard:X11DRV_InitKeyboard keycode 10 => vkey 0000
1546 wine_trace 0034:trace:keyboard:X11DRV_InitKeyboard keycode 11 => vkey 0000
1546 wine_trace 0034:trace:keyboard:X11DRV_InitKeyboard keycode 12 => vkey 0000
1547 wine_trace 0034:trace:keyboard:X11DRV_InitKeyboard keycode 13 => vkey 0000
1547 wine_trace 0034:trace:keyboard:X11DRV_InitKeyboard keycode 14 => vkey 0000
1547 wine_trace 0034:trace:keyboard:X11DRV_InitKeyboard keycode 15 => vkey 0000
1547 wine_trace 0034:trace:keyboard:X11DRV_InitKeyboard keycode 16 => vkey 0000
1547 wine_trace 0034:trace:keyboard:X11DRV_InitKeyboard keycode 17 => vkey 0000
1547 wine_trace 0034:trace:keyboard:X11DRV_InitKeyboard keycode 18 => vkey 0000
1547 wine_trace 0034:trace:keyboard:X11DRV_InitKeyboard keycode 19 => vkey 0000
1547 wine_trace 0034:trace:keyboard:X11DRV_InitKeyboard keycode 20 => vkey 0000
1547 wine_trace 0034:trace:keyboard:X11DRV_InitKeyboard keycode 21 => vkey 0000
1547 wine_trace 0034:trace:keyboard:X11DRV_InitKeyboard keycode 22 => vkey 0008
1547 wine_trace 0034:trace:keyboard:X11DRV_InitKeyboard keycode 23 => vkey 0009
1547 wine_trace 0034:trace:keyboard:X11DRV_InitKeyboard keycode 24 => vkey 0000
1548 wine_trace 0034:trace:keyboard:X11DRV_InitKeyboard keycode 25 => vkey 0000
1548 wine_trace 0034:trace:keyboard:X11DRV_InitKeyboard keycode 26 => vkey 0000
1548 wine_trace 0034:trace:keyboard:X11DRV_InitKeyboard keycode 27 => vkey 0000
1548 wine_trace 0034:trace:keyboard:X11DRV_InitKeyboard keycode 28 => vkey 0000
1548 wine_trace 0034:trace:keyboard:X11DRV_InitKeyboard keycode 29 => vkey 0000
1548 wine_trace 0034:trace:keyboard:X11DRV_InitKeyboard keycode 30 => vkey 0000
1548 wine_trace 0034:trace:keyboard:X11DRV_InitKeyboard keycode 31 => vkey 0000
1548 wine_trace 0034:trace:keyboard:X11DRV_InitKeyboard keycode 32 => vkey 0000
1548 wine_trace 0034:trace:keyboard:X11DRV_InitKeyboard keycode 33 => vkey 0000
1548 wine_trace 0034:trace:keyboard:X11DRV_InitKeyboard keycode 34 => vkey 0000
1548 wine_trace 0034:trace:keyboard:X11DRV_InitKeyboard keycode 35 => vkey 0000
1548 wine_trace 0034:trace:keyboard:X11DRV_InitKeyboard keycode 36 => vkey 000D
1549 wine_trace 0034:trace:keyboard:X11DRV_InitKeyboard keycode 37 => vkey 00A2
1549 wine_trace 0034:trace:keyboard:X11DRV_InitKeyboard keycode 38 => vkey 0000
1549 wine_trace 0034:trace:keyboard:X11DRV_InitKeyboard keycode 39 => vkey 0000
1549 wine_trace 0034:trace:keyboard:X11DRV_InitKeyboard keycode 40 => vkey 0000
1549 wine_trace 0034:trace:keyboard:X11DRV_InitKeyboard keycode 41 => vkey 0000
1549 wine_trace 0034:trace:keyboard:X11DRV_InitKeyboard keycode 42 => vkey 0000
1549 wine_trace 0034:trace:keyboard:X11DRV_InitKeyboard keycode 43 => vkey 0000
1549 wine_trace 0034:trace:keyboard:X11DRV_InitKeyboard keycode 44 => vkey 0000
1549 wine_trace 0034:trace:keyboard:X11DRV_InitKeyboard keycode 45 => vkey 0000
1549 wine_trace 0034:trace:keyboard:X11DRV_InitKeyboard keycode 46 => vkey 0000
1549 wine_trace 0034:trace:keyboard:X11DRV_InitKeyboard keycode 47 => vkey 0000
1549 wine_trace 0034:trace:keyboard:X11DRV_InitKeyboard keycode 48 => vkey 0000
1549 wine_trace 0034:trace:keyboard:X11DRV_InitKeyboard keycode 49 => vkey 0000
1550 wine_trace 0034:trace:keyboard:X11DRV_InitKeyboard keycode 50 => vkey 00A0
1550 wine_trace 0034:trace:keyboard:X11DRV_InitKeyboard keycode 51 => vkey 0000
1550 wine_trace 0034:trace:keyboard:X11DRV_InitKeyboard keycode 52 => vkey 0000
1550 wine_trace 0034:trace:keyboard:X11DRV_InitKeyboard keycode 53 => vkey 0000
1550 wine_trace 0034:trace:keyboard:X11DRV_InitKeyboard keycode 54 => vkey 0000
1550 wine_trace 0034:trace:keyboard:X11DRV_InitKeyboard keycode 55 => vkey 0000
1550 wine_trace 0034:trace:keyboard:X11DRV_InitKeyboard keycode 56 => vkey 0000
1550 wine_trace 0034:trace:keyboard:X11DRV_InitKeyboard keycode 57 => vkey 0000
1550 wine_trace 0034:trace:keyboard:X11DRV_InitKeyboard keycode 58 => vkey 0000
1550 wine_trace 0034:trace:keyboard:X11DRV_InitKeyboard keycode 59 => vkey 0000
1550 wine_trace 0034:trace:keyboard:X11DRV_InitKeyboard keycode 60 => vkey 0000
1550 wine_trace 0034:trace:keyboard:X11DRV_InitKeyboard keycode 61 => vkey 0000
1550 wine_trace 0034:trace:keyboard:X11DRV_InitKeyboard keycode 62 => vkey 01A1
1551 wine_trace 0034:trace:keyboard:X11DRV_InitKeyboard keycode 63 => vkey 006A
1551 wine_trace 0034:trace:keyboard:X11DRV_InitKeyboard keycode 64 => vkey 00A4
1551 wine_trace 0034:trace:keyboard:X11DRV_InitKeyboard keycode 65 => vkey 0020
1551 wine_trace 0034:trace:keyboard:X11DRV_InitKeyboard keycode 66 => vkey 0000
1551 wine_trace 0034:trace:keyboard:X11DRV_InitKeyboard keycode 67 => vkey 0070
1551 wine_trace 0034:trace:keyboard:X11DRV_InitKeyboard keycode 68 => vkey 0071
1551 wine_trace 0034:trace:keyboard:X11DRV_InitKeyboard keycode 69 => vkey 0072
1551 wine_trace 0034:trace:keyboard:X11DRV_InitKeyboard keycode 70 => vkey 0073
1551 wine_trace 0034:trace:keyboard:X11DRV_InitKeyboard keycode 71 => vkey 0074
1551 wine_trace 0034:trace:keyboard:X11DRV_InitKeyboard keycode 72 => vkey 0075
1551 wine_trace 0034:trace:keyboard:X11DRV_InitKeyboard keycode 73 => vkey 0076
1551 wine_trace 0034:trace:keyboard:X11DRV_InitKeyboard keycode 74 => vkey 0077
1552 wine_trace 0034:trace:keyboard:X11DRV_InitKeyboard keycode 75 => vkey 0078
1552 wine_trace 0034:trace:keyboard:X11DRV_InitKeyboard keycode 76 => vkey 0079
1552 wine_trace 0034:trace:keyboard:X11DRV_InitKeyboard keycode 77 => vkey 0000
1552 wine_trace 0034:trace:keyboard:X11DRV_InitKeyboard keycode 78 => vkey 0000
1552 wine_trace 0034:trace:keyboard:X11DRV_InitKeyboard keycode 79 => vkey 0067
1552 wine_trace 0034:trace:keyboard:X11DRV_InitKeyboard keycode 80 => vkey 0068
1552 wine_trace 0034:trace:keyboard:X11DRV_InitKeyboard keycode 81 => vkey 0069
1552 wine_trace 0034:trace:keyboard:X11DRV_InitKeyboard keycode 82 => vkey 006D
1552 wine_trace 0034:trace:keyboard:X11DRV_InitKeyboard keycode 83 => vkey 0064
1552 wine_trace 0034:trace:keyboard:X11DRV_InitKeyboard keycode 84 => vkey 0065
1552 wine_trace 0034:trace:keyboard:X11DRV_InitKeyboard keycode 85 => vkey 0066
1552 wine_trace 0034:trace:keyboard:X11DRV_InitKeyboard keycode 86 => vkey 006B
1552 wine_trace 0034:trace:keyboard:X11DRV_InitKeyboard keycode 87 => vkey 0061
1553 wine_trace 0034:trace:keyboard:X11DRV_InitKeyboard keycode 88 => vkey 0062
1553 wine_trace 0034:trace:keyboard:X11DRV_InitKeyboard keycode 89 => vkey 0063
1553 wine_trace 0034:trace:keyboard:X11DRV_InitKeyboard keycode 90 => vkey 0060
1553 wine_trace 0034:trace:keyboard:X11DRV_InitKeyboard keycode 91 => vkey 002E
1553 wine_trace 0034:trace:keyboard:X11DRV_InitKeyboard keycode 92 => vkey 0000
1553 wine_trace 0034:trace:keyboard:X11DRV_InitKeyboard keycode 93 => vkey 0000
1553 wine_trace 0034:trace:keyboard:X11DRV_InitKeyboard keycode 94 => vkey 0000
1553 wine_trace 0034:trace:keyboard:X11DRV_InitKeyboard keycode 95 => vkey 007A
1553 wine_trace 0034:trace:keyboard:X11DRV_InitKeyboard keycode 96 => vkey 007B
1553 wine_trace 0034:trace:keyboard:X11DRV_InitKeyboard keycode 97 => vkey 0000
1553 wine_trace 0034:trace:keyboard:X11DRV_InitKeyboard keycode 98 => vkey 0000
1553 wine_trace 0034:trace:keyboard:X11DRV_InitKeyboard keycode 99 => vkey 0000
1553 wine_trace 0034:trace:keyboard:X11DRV_InitKeyboard keycode 100 => vkey 0000
1554 wine_trace 0034:trace:keyboard:X11DRV_InitKeyboard keycode 101 => vkey 0000
1554 wine_trace 0034:trace:keyboard:X11DRV_InitKeyboard keycode 102 => vkey 0000
1554 wine_trace 0034:trace:keyboard:X11DRV_InitKeyboard keycode 103 => vkey 0000
1554 wine_trace 0034:trace:keyboard:X11DRV_InitKeyboard keycode 104 => vkey 0000
1554 wine_trace 0034:trace:keyboard:X11DRV_InitKeyboard keycode 105 => vkey 01A3
1554 wine_trace 0034:trace:keyboard:X11DRV_InitKeyboard keycode 106 => vkey 016F
1554 wine_trace 0034:trace:keyboard:X11DRV_InitKeyboard keycode 107 => vkey 0000
1554 wine_trace 0034:trace:keyboard:X11DRV_InitKeyboard keycode 108 => vkey 01A5
1554 wine_trace 0034:trace:keyboard:X11DRV_InitKeyboard keycode 109 => vkey 0000
1554 wine_trace 0034:trace:keyboard:X11DRV_InitKeyboard keycode 110 => vkey 0124
1554 wine_trace 0034:trace:keyboard:X11DRV_InitKeyboard keycode 111 => vkey 0126
1554 wine_trace 0034:trace:keyboard:X11DRV_InitKeyboard keycode 112 => vkey 0121
1554 wine_trace 0034:trace:keyboard:X11DRV_InitKeyboard keycode 113 => vkey 0125
1555 wine_trace 0034:trace:keyboard:X11DRV_InitKeyboard keycode 114 => vkey 0127
1555 wine_trace 0034:trace:keyboard:X11DRV_InitKeyboard keycode 115 => vkey 0123
1555 wine_trace 0034:trace:keyboard:X11DRV_InitKeyboard keycode 116 => vkey 0128
1555 wine_trace 0034:trace:keyboard:X11DRV_InitKeyboard keycode 117 => vkey 0122
1555 wine_trace 0034:trace:keyboard:X11DRV_InitKeyboard keycode 118 => vkey 012D
1555 wine_trace 0034:trace:keyboard:X11DRV_InitKeyboard keycode 119 => vkey 012E
1555 wine_trace 0034:warn:keyboard:X11DRV_InitKeyboard vkey 012E is being used by more than one keycode
1555 wine_trace 0034:trace:keyboard:X11DRV_InitKeyboard keycode 120 => vkey 0000
1555 wine_trace 0034:trace:keyboard:X11DRV_InitKeyboard keycode 121 => vkey 0000
1555 wine_trace 0034:trace:keyboard:X11DRV_InitKeyboard keycode 122 => vkey 0000
1555 wine_trace 0034:trace:keyboard:X11DRV_InitKeyboard keycode 123 => vkey 0000
1556 wine_trace 0034:trace:keyboard:X11DRV_InitKeyboard keycode 124 => vkey 0000
1556 wine_trace 0034:trace:keyboard:X11DRV_InitKeyboard keycode 125 => vkey 0000
1556 wine_trace 0034:trace:keyboard:X11DRV_InitKeyboard keycode 126 => vkey 0000
1556 wine_trace 0034:trace:keyboard:X11DRV_InitKeyboard keycode 127 => vkey 0000
1556 wine_trace 0034:trace:keyboard:X11DRV_InitKeyboard keycode 128 => vkey 0000
1556 wine_trace 0034:trace:keyboard:X11DRV_InitKeyboard keycode 129 => vkey 0000
1556 wine_trace 0034:trace:keyboard:X11DRV_InitKeyboard keycode 130 => vkey 0000
1556 wine_trace 0034:trace:keyboard:X11DRV_InitKeyboard keycode 131 => vkey 0000
1556 wine_trace 0034:trace:keyboard:X11DRV_InitKeyboard keycode 132 => vkey 0000
1556 wine_trace 0034:trace:keyboard:X11DRV_InitKeyboard keycode 133 => vkey 0000
1556 wine_trace 0034:trace:keyboard:X11DRV_InitKeyboard keycode 134 => vkey 0000
1557 wine_trace 0034:trace:keyboard:X11DRV_InitKeyboard keycode 135 => vkey 0000
1557 wine_trace 0034:trace:keyboard:X11DRV_InitKeyboard keycode 136 => vkey 0000
1557 wine_trace 0034:trace:keyboard:X11DRV_InitKeyboard keycode 137 => vkey 0000
1557 wine_trace 0034:trace:keyboard:X11DRV_InitKeyboard keycode 138 => vkey 0000
1557 wine_trace 0034:trace:keyboard:X11DRV_InitKeyboard keycode 139 => vkey 0000
1557 wine_trace 0034:trace:keyboard:X11DRV_InitKeyboard keycode 140 => vkey 0000
1557 wine_trace 0034:trace:keyboard:X11DRV_InitKeyboard keycode 141 => vkey 0000
1557 wine_trace 0034:trace:keyboard:X11DRV_InitKeyboard keycode 142 => vkey 0000
1557 wine_trace 0034:trace:keyboard:X11DRV_InitKeyboard keycode 143 => vkey 0000
1557 wine_trace 0034:trace:keyboard:X11DRV_InitKeyboard keycode 144 => vkey 0000
1557 wine_trace 0034:trace:keyboard:X11DRV_InitKeyboard keycode 145 => vkey 0000
1557 wine_trace 0034:trace:keyboard:X11DRV_InitKeyboard keycode 146 => vkey 0000
1557 wine_trace 0034:trace:keyboard:X11DRV_InitKeyboard keycode 147 => vkey 0000
1558 wine_trace 0034:trace:keyboard:X11DRV_InitKeyboard keycode 148 => vkey 0000
1558 wine_trace 0034:trace:keyboard:X11DRV_InitKeyboard keycode 149 => vkey 0000
1558 wine_trace 0034:trace:keyboard:X11DRV_InitKeyboard keycode 150 => vkey 0000
1558 wine_trace 0034:trace:keyboard:X11DRV_InitKeyboard keycode 151 => vkey 0000
1558 wine_trace 0034:trace:keyboard:X11DRV_InitKeyboard keycode 152 => vkey 0000
1558 wine_trace 0034:trace:keyboard:X11DRV_InitKeyboard keycode 153 => vkey 0000
1558 wine_trace 0034:trace:keyboard:X11DRV_InitKeyboard keycode 154 => vkey 0000
1558 wine_trace 0034:trace:keyboard:X11DRV_InitKeyboard keycode 155 => vkey 0000
1558 wine_trace 0034:trace:keyboard:X11DRV_InitKeyboard keycode 156 => vkey 0000
1558 wine_trace 0034:trace:keyboard:X11DRV_InitKeyboard keycode 157 => vkey 0000
1558 wine_trace 0034:trace:keyboard:X11DRV_InitKeyboard keycode 158 => vkey 0000
1558 wine_trace 0034:trace:keyboard:X11DRV_InitKeyboard keycode 159 => vkey 0000
1558 wine_trace 0034:trace:keyboard:X11DRV_InitKeyboard keycode 160 => vkey 0000
1559 wine_trace 0034:trace:keyboard:X11DRV_InitKeyboard keycode 161 => vkey 0000
1559 wine_trace 0034:trace:keyboard:X11DRV_InitKeyboard keycode 162 => vkey 0000
1559 wine_trace 0034:trace:keyboard:X11DRV_InitKeyboard keycode 163 => vkey 0000
1559 wine_trace 0034:trace:keyboard:X11DRV_InitKeyboard keycode 164 => vkey 0000
1559 wine_trace 0034:trace:keyboard:X11DRV_InitKeyboard keycode 165 => vkey 0000
1559 wine_trace 0034:trace:keyboard:X11DRV_InitKeyboard keycode 166 => vkey 0000
1559 wine_trace 0034:trace:keyboard:X11DRV_InitKeyboard keycode 167 => vkey 0000
1559 wine_trace 0034:trace:keyboard:X11DRV_InitKeyboard keycode 168 => vkey 0000
1559 wine_trace 0034:trace:keyboard:X11DRV_InitKeyboard keycode 169 => vkey 0000
1559 wine_trace 0034:trace:keyboard:X11DRV_InitKeyboard keycode 170 => vkey 0000
1559 wine_trace 0034:trace:keyboard:X11DRV_InitKeyboard keycode 171 => vkey 0000
1559 wine_trace 0034:trace:keyboard:X11DRV_InitKeyboard keycode 172 => vkey 0000
1559 wine_trace 0034:trace:keyboard:X11DRV_InitKeyboard keycode 173 => vkey 0000
1560 wine_trace 0034:trace:keyboard:X11DRV_InitKeyboard keycode 174 => vkey 0000
1560 wine_trace 0034:trace:keyboard:X11DRV_InitKeyboard keycode 175 => vkey 0000
1560 wine_trace 0034:trace:keyboard:X11DRV_InitKeyboard keycode 176 => vkey 0000
1560 wine_trace 0034:trace:keyboard:X11DRV_InitKeyboard keycode 177 => vkey 0000
1560 wine_trace 0034:trace:keyboard:X11DRV_InitKeyboard keycode 178 => vkey 0000
1560 wine_trace 0034:trace:keyboard:X11DRV_InitKeyboard keycode 179 => vkey 0000
1560 wine_trace 0034:trace:keyboard:X11DRV_InitKeyboard keycode 180 => vkey 0000
1560 wine_trace 0034:trace:keyboard:X11DRV_InitKeyboard keycode 181 => vkey 0000
1560 wine_trace 0034:trace:keyboard:X11DRV_InitKeyboard keycode 182 => vkey 0000
1560 wine_trace 0034:trace:keyboard:X11DRV_InitKeyboard keycode 183 => vkey 0000
1560 wine_trace 0034:trace:keyboard:X11DRV_InitKeyboard keycode 184 => vkey 0000
1560 wine_trace 0034:trace:keyboard:X11DRV_InitKeyboard keycode 185 => vkey 0000
1561 wine_trace 0034:trace:keyboard:X11DRV_InitKeyboard keycode 186 => vkey 0000
1561 wine_trace 0034:trace:keyboard:X11DRV_InitKeyboard keycode 187 => vkey 0000
1561 wine_trace 0034:trace:keyboard:X11DRV_InitKeyboard keycode 188 => vkey 0000
1561 wine_trace 0034:trace:keyboard:X11DRV_InitKeyboard keycode 189 => vkey 0000
1561 wine_trace 0034:trace:keyboard:X11DRV_InitKeyboard keycode 190 => vkey 0000
1561 wine_trace 0034:trace:keyboard:X11DRV_InitKeyboard keycode 191 => vkey 0000
1561 wine_trace 0034:trace:keyboard:X11DRV_InitKeyboard keycode 192 => vkey 0000
1561 wine_trace 0034:trace:keyboard:X11DRV_InitKeyboard keycode 193 => vkey 0000
1561 wine_trace 0034:trace:keyboard:X11DRV_InitKeyboard keycode 194 => vkey 0000
1561 wine_trace 0034:trace:keyboard:X11DRV_InitKeyboard keycode 195 => vkey 0000
1561 wine_trace 0034:trace:keyboard:X11DRV_InitKeyboard keycode 196 => vkey 0000
1561 wine_trace 0034:trace:keyboard:X11DRV_InitKeyboard keycode 197 => vkey 0000
1562 wine_trace 0034:trace:keyboard:X11DRV_InitKeyboard keycode 198 => vkey 0000
1562 wine_trace 0034:trace:keyboard:X11DRV_InitKeyboard keycode 199 => vkey 0000
1562 wine_trace 0034:trace:keyboard:X11DRV_InitKeyboard keycode 200 => vkey 0000
1562 wine_trace 0034:trace:keyboard:X11DRV_InitKeyboard keycode 201 => vkey 0000
1562 wine_trace 0034:trace:keyboard:X11DRV_InitKeyboard keycode 202 => vkey 0000
1562 wine_trace 0034:trace:keyboard:X11DRV_InitKeyboard keycode 203 => vkey 0000
1562 wine_trace 0034:trace:keyboard:X11DRV_InitKeyboard keycode 204 => vkey 0000
1562 wine_trace 0034:trace:keyboard:X11DRV_InitKeyboard keycode 205 => vkey 0000
1562 wine_trace 0034:trace:keyboard:X11DRV_InitKeyboard keycode 206 => vkey 0000
1563 wine_trace 0034:trace:keyboard:X11DRV_InitKeyboard keycode 207 => vkey 0000
1563 wine_trace 0034:trace:keyboard:X11DRV_InitKeyboard keycode 208 => vkey 0000
1563 wine_trace 0034:trace:keyboard:X11DRV_InitKeyboard keycode 209 => vkey 0000
1563 wine_trace 0034:trace:keyboard:X11DRV_InitKeyboard keycode 210 => vkey 0000
1563 wine_trace 0034:trace:keyboard:X11DRV_InitKeyboard keycode 211 => vkey 0000
1563 wine_trace 0034:trace:keyboard:X11DRV_InitKeyboard keycode 212 => vkey 0000
1563 wine_trace 0034:trace:keyboard:X11DRV_InitKeyboard keycode 213 => vkey 0000
1563 wine_trace 0034:trace:keyboard:X11DRV_InitKeyboard keycode 214 => vkey 0000
1563 wine_trace 0034:trace:keyboard:X11DRV_InitKeyboard keycode 215 => vkey 0000
1563 wine_trace 0034:trace:keyboard:X11DRV_InitKeyboard keycode 216 => vkey 0000
1563 wine_trace 0034:trace:keyboard:X11DRV_InitKeyboard keycode 217 => vkey 0000
1564 wine_trace 0034:trace:keyboard:X11DRV_InitKeyboard keycode 218 => vkey 0000
1564 wine_trace 0034:trace:keyboard:X11DRV_InitKeyboard keycode 219 => vkey 0000
1564 wine_trace 0034:trace:keyboard:X11DRV_InitKeyboard keycode 220 => vkey 0000
1564 wine_trace 0034:trace:keyboard:X11DRV_InitKeyboard keycode 221 => vkey 0000
1564 wine_trace 0034:trace:keyboard:X11DRV_InitKeyboard keycode 222 => vkey 0000
1564 wine_trace 0034:trace:keyboard:X11DRV_InitKeyboard keycode 223 => vkey 0000
1564 wine_trace 0034:trace:keyboard:X11DRV_InitKeyboard keycode 224 => vkey 0000
1564 wine_trace 0034:trace:keyboard:X11DRV_InitKeyboard keycode 225 => vkey 0000
1564 wine_trace 0034:trace:keyboard:X11DRV_InitKeyboard keycode 226 => vkey 0000
1564 wine_trace 0034:trace:keyboard:X11DRV_InitKeyboard keycode 227 => vkey 0000
1564 wine_trace 0034:trace:keyboard:X11DRV_InitKeyboard keycode 228 => vkey 0000
1565 wine_trace 0034:trace:keyboard:X11DRV_InitKeyboard keycode 229 => vkey 0000
1565 wine_trace 0034:trace:keyboard:X11DRV_InitKeyboard keycode 230 => vkey 0000
1565 wine_trace 0034:trace:keyboard:X11DRV_InitKeyboard keycode 231 => vkey 0000
1565 wine_trace 0034:trace:keyboard:X11DRV_InitKeyboard keycode 232 => vkey 0000
1565 wine_trace 0034:trace:keyboard:X11DRV_InitKeyboard keycode 233 => vkey 0000
1565 wine_trace 0034:trace:keyboard:X11DRV_InitKeyboard keycode 234 => vkey 0000
1565 wine_trace 0034:trace:keyboard:X11DRV_InitKeyboard keycode 235 => vkey 0000
1565 wine_trace 0034:trace:keyboard:X11DRV_InitKeyboard keycode 236 => vkey 0000
1565 wine_trace 0034:trace:keyboard:X11DRV_InitKeyboard keycode 237 => vkey 0000
1565 wine_trace 0034:trace:keyboard:X11DRV_InitKeyboard keycode 238 => vkey 0000
1565 wine_trace 0034:trace:keyboard:X11DRV_InitKeyboard keycode 239 => vkey 0000
1566 wine_trace 0034:trace:keyboard:X11DRV_InitKeyboard keycode 240 => vkey 0000
1566 wine_trace 0034:trace:keyboard:X11DRV_InitKeyboard keycode 241 => vkey 0000
1566 wine_trace 0034:trace:keyboard:X11DRV_InitKeyboard keycode 242 => vkey 0000
1566 wine_trace 0034:trace:keyboard:X11DRV_InitKeyboard keycode 243 => vkey 0000
1566 wine_trace 0034:trace:keyboard:X11DRV_InitKeyboard keycode 244 => vkey 0000
1566 wine_trace 0034:trace:keyboard:X11DRV_InitKeyboard keycode 245 => vkey 0000
1566 wine_trace 0034:trace:keyboard:X11DRV_InitKeyboard keycode 246 => vkey 0000
1566 wine_trace 0034:trace:keyboard:X11DRV_InitKeyboard keycode 247 => vkey 0000
1566 wine_trace 0034:trace:keyboard:X11DRV_InitKeyboard keycode 248 => vkey 0000
1566 wine_trace 0034:trace:keyboard:X11DRV_InitKeyboard keycode 249 => vkey 0000
1566 wine_trace 0034:trace:keyboard:X11DRV_InitKeyboard keycode 250 => vkey 0000
1566 wine_trace 0034:trace:keyboard:X11DRV_InitKeyboard keycode 251 => vkey 0000
1566 wine_trace 0034:trace:keyboard:X11DRV_InitKeyboard keycode 252 => vkey 0000
1567 wine_trace 0034:trace:keyboard:X11DRV_InitKeyboard keycode 253 => vkey 0000
1567 wine_trace 0034:trace:keyboard:X11DRV_InitKeyboard keycode 254 => vkey 0000
1567 wine_trace 0034:trace:keyboard:X11DRV_InitKeyboard keycode 255 => vkey 0000
1567 wine_trace 0034:trace:keyboard:X11DRV_InitKeyboard keycode 10 => vkey 0031
1567 wine_trace 0034:trace:keyboard:X11DRV_InitKeyboard keycode 11 => vkey 0032
1567 wine_trace 0034:trace:keyboard:X11DRV_InitKeyboard keycode 12 => vkey 0033
1567 wine_trace 0034:trace:keyboard:X11DRV_InitKeyboard keycode 13 => vkey 0034
1567 wine_trace 0034:trace:keyboard:X11DRV_InitKeyboard keycode 14 => vkey 0035
1567 wine_trace 0034:trace:keyboard:X11DRV_InitKeyboard keycode 15 => vkey 0036
1567 wine_trace 0034:trace:keyboard:X11DRV_InitKeyboard keycode 16 => vkey 0037
1567 wine_trace 0034:trace:keyboard:X11DRV_InitKeyboard keycode 17 => vkey 0038
1567 wine_trace 0034:trace:keyboard:X11DRV_InitKeyboard keycode 18 => vkey 0039
1568 wine_trace 0034:trace:keyboard:X11DRV_InitKeyboard keycode 19 => vkey 0030
1568 wine_trace 0034:trace:keyboard:X11DRV_InitKeyboard keycode 20 => vkey 00BD
1568 wine_trace 0034:trace:keyboard:X11DRV_InitKeyboard keycode 21 => vkey 00BB
1568 wine_trace 0034:trace:keyboard:X11DRV_InitKeyboard keycode 24 => vkey 0051
1568 wine_trace 0034:trace:keyboard:X11DRV_InitKeyboard keycode 25 => vkey 0057
1568 wine_trace 0034:trace:keyboard:X11DRV_InitKeyboard keycode 26 => vkey 0045
1568 wine_trace 0034:trace:keyboard:X11DRV_InitKeyboard keycode 27 => vkey 0052
1568 wine_trace 0034:trace:keyboard:X11DRV_InitKeyboard keycode 28 => vkey 0054
1568 wine_trace 0034:trace:keyboard:X11DRV_InitKeyboard keycode 29 => vkey 0059
1568 wine_trace 0034:trace:keyboard:X11DRV_InitKeyboard keycode 30 => vkey 0055
1568 wine_trace 0034:trace:keyboard:X11DRV_InitKeyboard keycode 31 => vkey 0049
1568 wine_trace 0034:trace:keyboard:X11DRV_InitKeyboard keycode 32 => vkey 004F
1568 wine_trace 0034:trace:keyboard:X11DRV_InitKeyboard keycode 33 => vkey 0050
1569 wine_trace 0034:trace:keyboard:X11DRV_InitKeyboard keycode 34 => vkey 00DB
1569 wine_trace 0034:trace:keyboard:X11DRV_InitKeyboard keycode 35 => vkey 00DD
1569 wine_trace 0034:trace:keyboard:X11DRV_InitKeyboard keycode 38 => vkey 0041
1569 wine_trace 0034:trace:keyboard:X11DRV_InitKeyboard keycode 39 => vkey 0053
1569 wine_trace 0034:trace:keyboard:X11DRV_InitKeyboard keycode 40 => vkey 0044
1569 wine_trace 0034:trace:keyboard:X11DRV_InitKeyboard keycode 41 => vkey 0046
1569 wine_trace 0034:trace:keyboard:X11DRV_InitKeyboard keycode 42 => vkey 0047
1569 wine_trace 0034:trace:keyboard:X11DRV_InitKeyboard keycode 43 => vkey 0048
1569 wine_trace 0034:trace:keyboard:X11DRV_InitKeyboard keycode 44 => vkey 004A
1569 wine_trace 0034:trace:keyboard:X11DRV_InitKeyboard keycode 45 => vkey 004B
1569 wine_trace 0034:trace:keyboard:X11DRV_InitKeyboard keycode 46 => vkey 004C
1569 wine_trace 0034:trace:keyboard:X11DRV_InitKeyboard keycode 47 => vkey 00BA
1569 wine_trace 0034:trace:keyboard:X11DRV_InitKeyboard keycode 48 => vkey 00DE
1570 wine_trace 0034:trace:keyboard:X11DRV_InitKeyboard keycode 49 => vkey 00C0
1570 wine_trace 0034:trace:keyboard:X11DRV_InitKeyboard keycode 51 => vkey 00DC
1570 wine_trace 0034:trace:keyboard:X11DRV_InitKeyboard keycode 52 => vkey 005A
1570 wine_trace 0034:trace:keyboard:X11DRV_InitKeyboard keycode 53 => vkey 0058
1570 wine_trace 0034:trace:keyboard:X11DRV_InitKeyboard keycode 54 => vkey 0043
1570 wine_trace 0034:trace:keyboard:X11DRV_InitKeyboard keycode 55 => vkey 0056
1570 wine_trace 0034:trace:keyboard:X11DRV_InitKeyboard keycode 56 => vkey 0042
1570 wine_trace 0034:trace:keyboard:X11DRV_InitKeyboard keycode 57 => vkey 004E
1570 wine_trace 0034:trace:keyboard:X11DRV_InitKeyboard keycode 58 => vkey 004D
1570 wine_trace 0034:trace:keyboard:X11DRV_InitKeyboard keycode 59 => vkey 00BC
1570 wine_trace 0034:trace:keyboard:X11DRV_InitKeyboard keycode 60 => vkey 00BE
1570 wine_trace 0034:trace:keyboard:X11DRV_InitKeyboard keycode 61 => vkey 00BF
1571 wine_trace 0034:trace:keyboard:X11DRV_InitKeyboard spare virtual key 00DF assigned to keycode 134:
1571 wine_trace 0034:trace:keyboard:X11DRV_InitKeyboard (52090d1d (NoSymbol) 52090d27 (NoSymbol) )
1571 wine_trace 0034:trace:keyboard:X11DRV_InitKeyboard keycode 134 => vkey 00DF
1571 wine_trace 0034:trace:keyboard:X11DRV_InitKeyboard spare virtual key 00E1 assigned to keycode 135:
1571 wine_trace 0034:trace:keyboard:X11DRV_InitKeyboard (52090d34 (NoSymbol) 52090d41 (NoSymbol) )
1571 wine_trace 0034:trace:keyboard:X11DRV_InitKeyboard keycode 135 => vkey 00E1
1571 wine_trace 0034:trace:keyboard:X11DRV_InitKeyboard spare virtual key 00E2 assigned to keycode 136:
1571 wine_trace 0034:trace:keyboard:X11DRV_InitKeyboard (52090d4b (NoSymbol) 52090d58 (NoSymbol) )
1571 wine_trace 0034:trace:keyboard:X11DRV_InitKeyboard keycode 136 => vkey 00E2
1571 wine_trace 0034:trace:keyboard:X11DRV_InitKeyboard spare virtual key 00E3 assigned to keycode 137:
1571 wine_trace 0034:trace:keyboard:X11DRV_InitKeyboard (52090d62 (NoSymbol) 52090d6f (NoSymbol) )
1571 wine_trace 0034:trace:keyboard:X11DRV_InitKeyboard keycode 137 => vkey 00E3
1572 wine_trace 0034:trace:keyboard:X11DRV_InitKeyboard spare virtual key 00E4 assigned to keycode 138:
1572 wine_trace 0034:trace:keyboard:X11DRV_InitKeyboard (52090d79 (NoSymbol) 52090d86 (NoSymbol) )
1572 wine_trace 0034:trace:keyboard:X11DRV_InitKeyboard keycode 138 => vkey 00E4
1572 wine_trace 0034:trace:keyboard:X11DRV_InitKeyboard spare virtual key 00E6 assigned to keycode 139:
1572 wine_trace 0034:trace:keyboard:X11DRV_InitKeyboard (52090d90 (NoSymbol) 52090d9d (NoSymbol) )
1572 wine_trace 0034:trace:keyboard:X11DRV_InitKeyboard keycode 139 => vkey 00E6
1572 wine_trace 0034:trace:keyboard:X11DRV_InitKeyboard spare virtual key 00E9 assigned to keycode 140:
1572 wine_trace 0034:trace:keyboard:X11DRV_InitKeyboard (52090da7 (NoSymbol) 52090db4 (NoSymbol) )
1572 wine_trace 0034:trace:keyboard:X11DRV_InitKeyboard keycode 140 => vkey 00E9
1572 wine_trace 0034:trace:keyboard:X11DRV_InitKeyboard spare virtual key 00EA assigned to keycode 141:
1572 wine_trace 0034:trace:keyboard:X11DRV_InitKeyboard (52090dbe (NoSymbol) 52090dcb (NoSymbol) )
1572 wine_trace 0034:trace:keyboard:X11DRV_InitKeyboard keycode 141 => vkey 00EA
1573 wine_trace 0034:trace:keyboard:X11DRV_InitKeyboard spare virtual key 00EB assigned to keycode 142:
1573 wine_trace 0034:trace:keyboard:X11DRV_InitKeyboard (52090dd5 (NoSymbol) 52090de2 (NoSymbol) )
1573 wine_trace 0034:trace:keyboard:X11DRV_InitKeyboard keycode 142 => vkey 00EB
1573 wine_trace 0034:trace:keyboard:X11DRV_InitKeyboard spare virtual key 00EC assigned to keycode 143:
1573 wine_trace 0034:trace:keyboard:X11DRV_InitKeyboard (52090dec (NoSymbol) 52090dfa (NoSymbol) )
1573 wine_trace 0034:trace:keyboard:X11DRV_InitKeyboard keycode 143 => vkey 00EC
1573 wine_trace 0034:trace:keyboard:X11DRV_InitKeyboard spare virtual key 00ED assigned to keycode 144:
1573 wine_trace 0034:trace:keyboard:X11DRV_InitKeyboard (52090e05 (NoSymbol) 52090e13 (NoSymbol) )
1573 wine_trace 0034:trace:keyboard:X11DRV_InitKeyboard keycode 144 => vkey 00ED
1573 wine_trace 0034:trace:keyboard:X11DRV_InitKeyboard spare virtual key 00EE assigned to keycode 145:
1573 wine_trace 0034:trace:keyboard:X11DRV_InitKeyboard (52090e1e (NoSymbol) 52090e2c (NoSymbol) )
1573 wine_trace 0034:trace:keyboard:X11DRV_InitKeyboard keycode 145 => vkey 00EE
1573 wine_trace 0034:trace:keyboard:X11DRV_InitKeyboard spare virtual key 00EF assigned to keycode 146:
1574 wine_trace 0034:trace:keyboard:X11DRV_InitKeyboard (52090e37 (NoSymbol) 52090e45 (NoSymbol) )
1574 wine_trace 0034:trace:keyboard:X11DRV_InitKeyboard keycode 146 => vkey 00EF
1574 wine_trace 0034:trace:keyboard:X11DRV_InitKeyboard spare virtual key 00F0 assigned to keycode 147:
1574 wine_trace 0034:trace:keyboard:X11DRV_InitKeyboard (52090e50 (NoSymbol) 52090e5e (NoSymbol) )
1574 wine_trace 0034:trace:keyboard:X11DRV_InitKeyboard keycode 147 => vkey 00F0
1574 wine_trace 0034:trace:keyboard:X11DRV_InitKeyboard spare virtual key 00F1 assigned to keycode 148:
1574 wine_trace 0034:trace:keyboard:X11DRV_InitKeyboard (52090e69 (NoSymbol) 52090e77 (NoSymbol) )
1574 wine_trace 0034:trace:keyboard:X11DRV_InitKeyboard keycode 148 => vkey 00F1
1574 wine_trace 0034:trace:keyboard:X11DRV_InitKeyboard spare virtual key 00F2 assigned to keycode 149:
1574 wine_trace 0034:trace:keyboard:X11DRV_InitKeyboard (52090e82 (NoSymbol) 52090e95 (NoSymbol) )
1574 wine_trace 0034:trace:keyboard:X11DRV_InitKeyboard keycode 149 => vkey 00F2
1574 wine_trace 0034:trace:keyboard:X11DRV_InitKeyboard spare virtual key 00F3 assigned to keycode 150:
1574 wine_trace 0034:trace:keyboard:X11DRV_InitKeyboard (52090ea5 (NoSymbol) 52090eb8 (NoSymbol) )
1575 wine_trace 0034:trace:keyboard:X11DRV_InitKeyboard keycode 150 => vkey 00F3
1575 wine_trace 0034:trace:keyboard:X11DRV_InitKeyboard spare virtual key 00F4 assigned to keycode 151:
1575 wine_trace 0034:trace:keyboard:X11DRV_InitKeyboard (52090ec9 (NoSymbol) 52090ed7 (NoSymbol) )
1575 wine_trace 0034:trace:keyboard:X11DRV_InitKeyboard keycode 151 => vkey 00F4
1575 wine_trace 0034:trace:keyboard:X11DRV_InitKeyboard spare virtual key 00F5 assigned to keycode 152:
1575 wine_trace 0034:trace:keyboard:X11DRV_InitKeyboard (52090ee8 (NoSymbol) 52090efb (NoSymbol) )
1575 wine_trace 0034:trace:keyboard:X11DRV_InitKeyboard keycode 152 => vkey 00F5
1575 wine_trace 0034:trace:keyboard:X11DRV_InitKeyboard spare virtual key 0092 assigned to keycode 153:
1575 wine_trace 0034:trace:keyboard:X11DRV_InitKeyboard (52090f0b (NoSymbol) 52090f1e (NoSymbol) )
1575 wine_trace 0034:trace:keyboard:X11DRV_InitKeyboard keycode 153 => vkey 0092
1575 wine_trace 0034:trace:keyboard:X11DRV_InitKeyboard spare virtual key 007C assigned to keycode 154:
1575 wine_trace 0034:trace:keyboard:X11DRV_InitKeyboard (52090f31 (NoSymbol) 52090f41 (NoSymbol) )
1576 wine_trace 0034:trace:keyboard:X11DRV_InitKeyboard keycode 154 => vkey 007C
1576 wine_trace 0034:trace:keyboard:X11DRV_InitKeyboard spare virtual key 007D assigned to keycode 155:
1576 wine_trace 0034:trace:keyboard:X11DRV_InitKeyboard (52090f54 (NoSymbol) 52090f67 (NoSymbol) )
1576 wine_trace 0034:trace:keyboard:X11DRV_InitKeyboard keycode 155 => vkey 007D
1576 wine_trace 0034:trace:keyboard:X11DRV_InitKeyboard spare virtual key 007E assigned to keycode 156:
1576 wine_trace 0034:trace:keyboard:X11DRV_InitKeyboard (52090f77 (NoSymbol) 52090f8a (NoSymbol) )
1576 wine_trace 0034:trace:keyboard:X11DRV_InitKeyboard keycode 156 => vkey 007E
1576 wine_trace 0034:trace:keyboard:X11DRV_InitKeyboard spare virtual key 007F assigned to keycode 157:
1576 wine_trace 0034:trace:keyboard:X11DRV_InitKeyboard (52090f9c (NoSymbol) 52090fab (NoSymbol) )
1577 wine_trace 0034:trace:keyboard:X11DRV_InitKeyboard keycode 157 => vkey 007F
1577 wine_trace 0034:trace:keyboard:X11DRV_InitKeyboard spare virtual key 0080 assigned to keycode 158:
1577 wine_trace 0034:trace:keyboard:X11DRV_InitKeyboard (52090fbd (NoSymbol) 52090fd0 (NoSymbol) )
1577 wine_trace 0034:trace:keyboard:X11DRV_InitKeyboard keycode 158 => vkey 0080
1577 wine_trace 0034:trace:keyboard:X11DRV_InitKeyboard spare virtual key 0081 assigned to keycode 159:
1577 wine_trace 0034:trace:keyboard:X11DRV_InitKeyboard (52090fe0 (NoSymbol) 52090ff3 (NoSymbol) )
1577 wine_trace 0034:trace:keyboard:X11DRV_InitKeyboard keycode 159 => vkey 0081
1577 wine_trace 0034:trace:keyboard:X11DRV_InitKeyboard spare virtual key 0082 assigned to keycode 160:
1578 wine_trace 0034:trace:keyboard:X11DRV_InitKeyboard (52091006 (NoSymbol) 52091016 (NoSymbol) )
1579 wine_trace 0034:trace:keyboard:X11DRV_InitKeyboard keycode 160 => vkey 0082
1579 wine_trace 0034:trace:keyboard:X11DRV_InitKeyboard spare virtual key 0083 assigned to keycode 161:
1579 wine_trace 0034:trace:keyboard:X11DRV_InitKeyboard (52091029 (NoSymbol) 5209103c (NoSymbol) )
1580 wine_trace 0034:trace:keyboard:X11DRV_InitKeyboard keycode 161 => vkey 0083
1580 wine_trace 0034:trace:keyboard:X11DRV_InitKeyboard spare virtual key 0084 assigned to keycode 162:
1580 wine_trace 0034:trace:keyboard:X11DRV_InitKeyboard (5209104c (NoSymbol) 5209105f (NoSymbol) )
1580 wine_trace 0034:trace:keyboard:X11DRV_InitKeyboard keycode 162 => vkey 0084
1580 wine_trace 0034:trace:keyboard:X11DRV_InitKeyboard spare virtual key 0085 assigned to keycode 163:
1580 wine_trace 0034:trace:keyboard:X11DRV_InitKeyboard (52091072 (NoSymbol) 52091082 (NoSymbol) )
1581 wine_trace 0034:trace:keyboard:X11DRV_InitKeyboard keycode 163 => vkey 0085
1581 wine_trace 0034:trace:keyboard:X11DRV_InitKeyboard spare virtual key 0086 assigned to keycode 164:
1581 wine_trace 0034:trace:keyboard:X11DRV_InitKeyboard (52091095 (NoSymbol) 520910a8 (NoSymbol) )
1581 wine_trace 0034:trace:keyboard:X11DRV_InitKeyboard keycode 164 => vkey 0086
1581 wine_trace 0034:trace:keyboard:X11DRV_InitKeyboard spare virtual key 0087 assigned to keycode 165:
1581 wine_trace 0034:trace:keyboard:X11DRV_InitKeyboard (520910b8 (NoSymbol) 520910cb (NoSymbol) )
1581 wine_trace 0034:trace:keyboard:X11DRV_InitKeyboard keycode 165 => vkey 0087
1581 wine_trace 0034:warn:keyboard:X11DRV_InitKeyboard No more vkeys available!
1581 wine_trace 0034:trace:key:X11DRV_InitKeyboard assigning scancode 60 to unidentified keycode 10 (NoSymbol)
1581 wine_trace 0034:trace:key:X11DRV_InitKeyboard assigning scancode 61 to unidentified keycode 11 (NoSymbol)
1581 wine_trace 0034:trace:key:X11DRV_InitKeyboard assigning scancode 62 to unidentified keycode 12 (NoSymbol)
1581 wine_trace 0034:trace:key:X11DRV_InitKeyboard assigning scancode 63 to unidentified keycode 13 (NoSymbol)
1582 wine_trace 0034:trace:key:X11DRV_InitKeyboard assigning scancode 64 to unidentified keycode 14 (NoSymbol)
1582 wine_trace 0034:trace:key:X11DRV_InitKeyboard assigning scancode 65 to unidentified keycode 15 (NoSymbol)
1582 wine_trace 0034:trace:key:X11DRV_InitKeyboard assigning scancode 66 to unidentified keycode 16 (NoSymbol)
1582 wine_trace 0034:trace:key:X11DRV_InitKeyboard assigning scancode 67 to unidentified keycode 17 (NoSymbol)
1582 wine_trace 0034:trace:key:X11DRV_InitKeyboard assigning scancode 68 to unidentified keycode 18 (NoSymbol)
1582 wine_trace 0034:trace:key:X11DRV_InitKeyboard assigning scancode 69 to unidentified keycode 19 (NoSymbol)
1582 wine_trace 0034:trace:key:X11DRV_InitKeyboard assigning scancode 6a to unidentified keycode 20 (NoSymbol)
1582 wine_trace 0034:trace:key:X11DRV_InitKeyboard assigning scancode 6b to unidentified keycode 21 (NoSymbol)
1582 wine_trace 0034:trace:key:X11DRV_InitKeyboard assigning scancode 6c to unidentified keycode 24 (NoSymbol)
1582 wine_trace 0034:trace:key:X11DRV_InitKeyboard assigning scancode 6d to unidentified keycode 25 (NoSymbol)
1582 wine_trace 0034:trace:key:X11DRV_InitKeyboard assigning scancode 6e to unidentified keycode 26 (NoSymbol)
1583 wine_trace 0034:trace:key:X11DRV_InitKeyboard assigning scancode 6f to unidentified keycode 27 (NoSymbol)
1583 wine_trace 0034:trace:key:X11DRV_InitKeyboard assigning scancode 70 to unidentified keycode 28 (NoSymbol)
1583 wine_trace 0034:trace:key:X11DRV_InitKeyboard assigning scancode 71 to unidentified keycode 29 (NoSymbol)
1583 wine_trace 0034:trace:key:X11DRV_InitKeyboard assigning scancode 72 to unidentified keycode 30 (NoSymbol)
1583 wine_trace 0034:trace:key:X11DRV_InitKeyboard assigning scancode 73 to unidentified keycode 31 (NoSymbol)
1583 wine_trace 0034:trace:key:X11DRV_InitKeyboard assigning scancode 74 to unidentified keycode 32 (NoSymbol)
1583 wine_trace 0034:trace:key:X11DRV_InitKeyboard assigning scancode 75 to unidentified keycode 33 (NoSymbol)
1583 wine_trace 0034:trace:key:X11DRV_InitKeyboard assigning scancode 76 to unidentified keycode 34 (NoSymbol)
1583 wine_trace 0034:trace:key:X11DRV_InitKeyboard assigning scancode 77 to unidentified keycode 35 (NoSymbol)
1583 wine_trace 0034:trace:key:X11DRV_InitKeyboard assigning scancode 78 to unidentified keycode 38 (NoSymbol)
1583 wine_trace 0034:trace:key:X11DRV_InitKeyboard assigning scancode 79 to unidentified keycode 39 (NoSymbol)
1583 wine_trace 0034:trace:key:X11DRV_InitKeyboard assigning scancode 7a to unidentified keycode 40 (NoSymbol)
1584 wine_trace 0034:trace:key:X11DRV_InitKeyboard assigning scancode 7b to unidentified keycode 41 (NoSymbol)
1584 wine_trace 0034:trace:key:X11DRV_InitKeyboard assigning scancode 7c to unidentified keycode 42 (NoSymbol)
1584 wine_trace 0034:trace:key:X11DRV_InitKeyboard assigning scancode 7d to unidentified keycode 43 (NoSymbol)
1584 wine_trace 0034:trace:key:X11DRV_InitKeyboard assigning scancode 7e to unidentified keycode 44 (NoSymbol)
1584 wine_trace 0034:trace:key:X11DRV_InitKeyboard assigning scancode 7f to unidentified keycode 45 (NoSymbol)
1584 wine_trace 0034:trace:key:X11DRV_InitKeyboard assigning scancode 80 to unidentified keycode 46 (NoSymbol)
1584 wine_trace 0034:trace:key:X11DRV_InitKeyboard assigning scancode 81 to unidentified keycode 47 (NoSymbol)
1584 wine_trace 0034:trace:key:X11DRV_InitKeyboard assigning scancode 82 to unidentified keycode 48 (NoSymbol)
1584 wine_trace 0034:trace:key:X11DRV_InitKeyboard assigning scancode 83 to unidentified keycode 49 (NoSymbol)
1584 wine_trace 0034:trace:key:X11DRV_InitKeyboard assigning scancode 84 to unidentified keycode 51 (NoSymbol)
1584 wine_trace 0034:trace:key:X11DRV_InitKeyboard assigning scancode 85 to unidentified keycode 52 (NoSymbol)
1584 wine_trace 0034:trace:key:X11DRV_InitKeyboard assigning scancode 86 to unidentified keycode 53 (NoSymbol)
1584 wine_trace 0034:trace:key:X11DRV_InitKeyboard assigning scancode 87 to unidentified keycode 54 (NoSymbol)
1585 wine_trace 0034:trace:key:X11DRV_InitKeyboard assigning scancode 88 to unidentified keycode 55 (NoSymbol)
1585 wine_trace 0034:trace:key:X11DRV_InitKeyboard assigning scancode 89 to unidentified keycode 56 (NoSymbol)
1585 wine_trace 0034:trace:key:X11DRV_InitKeyboard assigning scancode 8a to unidentified keycode 57 (NoSymbol)
1585 wine_trace 0034:trace:key:X11DRV_InitKeyboard assigning scancode 8b to unidentified keycode 58 (NoSymbol)
1585 wine_trace 0034:trace:key:X11DRV_InitKeyboard assigning scancode 8c to unidentified keycode 59 (NoSymbol)
1585 wine_trace 0034:trace:key:X11DRV_InitKeyboard assigning scancode 8d to unidentified keycode 60 (NoSymbol)
1585 wine_trace 0034:trace:key:X11DRV_InitKeyboard assigning scancode 8e to unidentified keycode 61 (NoSymbol)
1585 wine_trace 0034:trace:key:X11DRV_InitKeyboard assigning scancode 8f to unidentified keycode 134 (NoSymbol)
1585 wine_trace 0034:trace:key:X11DRV_InitKeyboard assigning scancode 90 to unidentified keycode 135 (NoSymbol)
1585 wine_trace 0034:trace:key:X11DRV_InitKeyboard assigning scancode 91 to unidentified keycode 136 (NoSymbol)
1585 wine_trace 0034:trace:key:X11DRV_InitKeyboard assigning scancode 92 to unidentified keycode 137 (NoSymbol)
1585 wine_trace 0034:trace:key:X11DRV_InitKeyboard assigning scancode 93 to unidentified keycode 138 (NoSymbol)
1585 wine_trace 0034:trace:key:X11DRV_InitKeyboard assigning scancode 94 to unidentified keycode 139 (NoSymbol)
1586 wine_trace 0034:trace:key:X11DRV_InitKeyboard assigning scancode 95 to unidentified keycode 140 (NoSymbol)
1586 wine_trace 0034:trace:key:X11DRV_InitKeyboard assigning scancode 96 to unidentified keycode 141 (NoSymbol)
1586 wine_trace 0034:trace:key:X11DRV_InitKeyboard assigning scancode 97 to unidentified keycode 142 (NoSymbol)
1586 wine_trace 0034:trace:key:X11DRV_InitKeyboard assigning scancode 98 to unidentified keycode 143 (NoSymbol)
1586 wine_trace 0034:trace:key:X11DRV_InitKeyboard assigning scancode 99 to unidentified keycode 144 (NoSymbol)
1586 wine_trace 0034:trace:key:X11DRV_InitKeyboard assigning scancode 9a to unidentified keycode 145 (NoSymbol)
1586 wine_trace 0034:trace:key:X11DRV_InitKeyboard assigning scancode 9b to unidentified keycode 146 (NoSymbol)
1586 wine_trace 0034:trace:key:X11DRV_InitKeyboard assigning scancode 9c to unidentified keycode 147 (NoSymbol)
1586 wine_trace 0034:trace:key:X11DRV_InitKeyboard assigning scancode 9d to unidentified keycode 148 (NoSymbol)
1586 wine_trace 0034:trace:key:X11DRV_InitKeyboard assigning scancode 9e to unidentified keycode 149 (NoSymbol)
1586 wine_trace 0034:trace:key:X11DRV_InitKeyboard assigning scancode 9f to unidentified keycode 150 (NoSymbol)
1587 wine_trace 0034:trace:key:X11DRV_InitKeyboard assigning scancode a0 to unidentified keycode 151 (NoSymbol)
1587 wine_trace 0034:trace:key:X11DRV_InitKeyboard assigning scancode a1 to unidentified keycode 152 (NoSymbol)
1587 wine_trace 0034:trace:key:X11DRV_InitKeyboard assigning scancode a2 to unidentified keycode 153 (NoSymbol)
1587 wine_trace 0034:trace:key:X11DRV_InitKeyboard assigning scancode a3 to unidentified keycode 154 (NoSymbol)
1587 wine_trace 0034:trace:key:X11DRV_InitKeyboard assigning scancode a4 to unidentified keycode 155 (NoSymbol)
1587 wine_trace 0034:trace:key:X11DRV_InitKeyboard assigning scancode a5 to unidentified keycode 156 (NoSymbol)
1587 wine_trace 0034:trace:key:X11DRV_InitKeyboard assigning scancode a6 to unidentified keycode 157 (NoSymbol)
1587 wine_trace 0034:trace:key:X11DRV_InitKeyboard assigning scancode a7 to unidentified keycode 158 (NoSymbol)
1587 wine_trace 0034:trace:key:X11DRV_InitKeyboard assigning scancode a8 to unidentified keycode 159 (NoSymbol)
1587 wine_trace 0034:trace:key:X11DRV_InitKeyboard assigning scancode a9 to unidentified keycode 160 (NoSymbol)
1587 wine_trace 0034:trace:key:X11DRV_InitKeyboard assigning scancode aa to unidentified keycode 161 (NoSymbol)
1587 wine_trace 0034:trace:key:X11DRV_InitKeyboard assigning scancode ab to unidentified keycode 162 (NoSymbol)
1588 wine_trace 0034:trace:key:X11DRV_InitKeyboard assigning scancode ac to unidentified keycode 163 (NoSymbol)
1588 wine_trace 0034:trace:key:X11DRV_InitKeyboard assigning scancode ad to unidentified keycode 164 (NoSymbol)
1588 wine_trace 0034:trace:key:X11DRV_InitKeyboard assigning scancode ae to unidentified keycode 165 (NoSymbol)
1746 wine_trace 002c:trace:keyboard:NtUserGetKeyboardLayoutName name 0x14012e860
1746 wine_trace 002c:trace:keyboard:NtUserGetKeyboardLayoutName ret L"00000409"
2095 wine_trace 0024:trace:keyboard:NtUserGetKeyboardLayoutName name 0x10010e860
2096 wine_trace 0024:trace:keyboard:NtUserGetKeyboardLayoutName ret L"00000409"
2313 wine_trace 00c8:trace:keyboard:NtUserGetKeyboardLayoutName name 0x14012e860
2313 wine_trace 00c8:trace:keyboard:NtUserGetKeyboardLayoutName ret L"00000409"
2348 wine_trace 00c8:trace:keyboard:X11DRV_KEYBOARD_DetectLayout Attempting to match against "United States keyboard layout"
2348 wine_trace 00c8:trace:keyboard:X11DRV_KEYBOARD_DetectLayout matches=0, mismatches=0, seq=0, score=0
2349 wine_trace 00c8:trace:keyboard:X11DRV_KEYBOARD_DetectLayout Attempting to match against "United States keyboard layout (phantom key version)"
2349 wine_trace 00c8:trace:keyboard:X11DRV_KEYBOARD_DetectLayout matches=0, mismatches=0, seq=0, score=0
2349 wine_trace 00c8:trace:keyboard:X11DRV_KEYBOARD_DetectLayout Attempting to match against "United States keyboard layout (dvorak)"
2349 wine_trace 00c8:trace:keyboard:X11DRV_KEYBOARD_DetectLayout matches=0, mismatches=0, seq=0, score=0
2349 wine_trace 00c8:trace:keyboard:X11DRV_KEYBOARD_DetectLayout Attempting to match against "United States keyboard layout (programmer dvorak)"
2350 wine_trace 00c8:trace:keyboard:X11DRV_KEYBOARD_DetectLayout matches=0, mismatches=0, seq=0, score=0
2350 wine_trace 00c8:trace:keyboard:X11DRV_KEYBOARD_DetectLayout Attempting to match against "United States keyboard layout (dvorak with phantom key)"
2350 wine_trace 00c8:trace:keyboard:X11DRV_KEYBOARD_DetectLayout matches=0, mismatches=0, seq=0, score=0
2350 wine_trace 00c8:trace:keyboard:X11DRV_KEYBOARD_DetectLayout Attempting to match against "United States International keyboard layout"
2351 wine_trace 00c8:trace:keyboard:X11DRV_KEYBOARD_DetectLayout matches=0, mismatches=0, seq=0, score=0
2351 wine_trace 00c8:trace:keyboard:X11DRV_KEYBOARD_DetectLayout Attempting to match against "British keyboard layout"
2351 wine_trace 00c8:trace:keyboard:X11DRV_KEYBOARD_DetectLayout matches=0, mismatches=0, seq=0, score=0
2351 wine_trace 00c8:trace:keyboard:X11DRV_KEYBOARD_DetectLayout Attempting to match against "German keyboard layout"
2351 wine_trace 00c8:trace:keyboard:X11DRV_KEYBOARD_DetectLayout matches=0, mismatches=0, seq=0, score=0
2352 wine_trace 00c8:trace:keyboard:X11DRV_KEYBOARD_DetectLayout Attempting to match against "Swiss German keyboard layout"
2352 wine_trace 00c8:trace:keyboard:X11DRV_KEYBOARD_DetectLayout matches=0, mismatches=0, seq=0, score=0
2352 wine_trace 00c8:trace:keyboard:X11DRV_KEYBOARD_DetectLayout Attempting to match against "Swiss French keyboard layout"
2352 wine_trace 00c8:trace:keyboard:X11DRV_KEYBOARD_DetectLayout matches=0, mismatches=0, seq=0, score=0
2352 wine_trace 00c8:trace:keyboard:X11DRV_KEYBOARD_DetectLayout Attempting to match against "Swedish keyboard layout"
2353 wine_trace 00c8:trace:keyboard:X11DRV_KEYBOARD_DetectLayout matches=0, mismatches=0, seq=0, score=0
2353 wine_trace 00c8:trace:keyboard:X11DRV_KEYBOARD_DetectLayout Attempting to match against "Estonian keyboard layout"
2353 wine_trace 00c8:trace:keyboard:X11DRV_KEYBOARD_DetectLayout matches=0, mismatches=0, seq=0, score=0
2353 wine_trace 00c8:trace:keyboard:X11DRV_KEYBOARD_DetectLayout Attempting to match against "Norwegian keyboard layout"
2354 wine_trace 00c8:trace:keyboard:X11DRV_KEYBOARD_DetectLayout matches=0, mismatches=0, seq=0, score=0
2354 wine_trace 00c8:trace:keyboard:X11DRV_KEYBOARD_DetectLayout Attempting to match against "Danish keyboard layout"
2354 wine_trace 00c8:trace:keyboard:X11DRV_KEYBOARD_DetectLayout matches=0, mismatches=0, seq=0, score=0
2354 wine_trace 00c8:trace:keyboard:X11DRV_KEYBOARD_DetectLayout Attempting to match against "French keyboard layout"
2354 wine_trace 00c8:trace:keyboard:X11DRV_KEYBOARD_DetectLayout matches=0, mismatches=0, seq=0, score=0
2355 wine_trace 00c8:trace:keyboard:X11DRV_KEYBOARD_DetectLayout Attempting to match against "Canadian French keyboard layout"
2355 wine_trace 00c8:trace:keyboard:X11DRV_KEYBOARD_DetectLayout matches=0, mismatches=0, seq=0, score=0
2355 wine_trace 00c8:trace:keyboard:X11DRV_KEYBOARD_DetectLayout Attempting to match against "Canadian French keyboard layout (CA_fr)"
2355 wine_trace 00c8:trace:keyboard:X11DRV_KEYBOARD_DetectLayout matches=0, mismatches=0, seq=0, score=0
2356 wine_trace 00c8:trace:keyboard:X11DRV_KEYBOARD_DetectLayout Attempting to match against "Canadian keyboard layout"
2356 wine_trace 00c8:trace:keyboard:X11DRV_KEYBOARD_DetectLayout matches=0, mismatches=0, seq=0, score=0
2356 wine_trace 00c8:trace:keyboard:X11DRV_KEYBOARD_DetectLayout Attempting to match against "Belgian keyboard layout"
2356 wine_trace 00c8:trace:keyboard:X11DRV_KEYBOARD_DetectLayout matches=0, mismatches=0, seq=0, score=0
2356 wine_trace 00c8:trace:keyboard:X11DRV_KEYBOARD_DetectLayout Attempting to match against "Portuguese keyboard layout"
2356 wine_trace 00c8:trace:keyboard:X11DRV_KEYBOARD_DetectLayout matches=0, mismatches=0, seq=0, score=0
2357 wine_trace 00c8:trace:keyboard:X11DRV_KEYBOARD_DetectLayout Attempting to match against "Brazilian ABNT-2 keyboard layout"
2357 wine_trace 00c8:trace:keyboard:X11DRV_KEYBOARD_DetectLayout matches=0, mismatches=0, seq=0, score=0
2357 wine_trace 00c8:trace:keyboard:X11DRV_KEYBOARD_DetectLayout Attempting to match against "Brazilian ABNT-2 keyboard layout ALT GR"
2357 wine_trace 00c8:trace:keyboard:X11DRV_KEYBOARD_DetectLayout matches=0, mismatches=0, seq=0, score=0
2357 wine_trace 00c8:trace:keyboard:X11DRV_KEYBOARD_DetectLayout Attempting to match against "Finnish keyboard layout"
2357 wine_trace 00c8:trace:keyboard:X11DRV_KEYBOARD_DetectLayout matches=0, mismatches=0, seq=0, score=0
2357 wine_trace 00c8:trace:keyboard:X11DRV_KEYBOARD_DetectLayout Attempting to match against "Bulgarian bds keyboard layout"
2357 wine_trace 00c8:trace:keyboard:X11DRV_KEYBOARD_DetectLayout matches=0, mismatches=0, seq=0, score=0
2358 wine_trace 00c8:trace:keyboard:X11DRV_KEYBOARD_DetectLayout Attempting to match against "Bulgarian phonetic keyboard layout"
2358 wine_trace 00c8:trace:keyboard:X11DRV_KEYBOARD_DetectLayout matches=0, mismatches=0, seq=0, score=0
2358 wine_trace 00c8:trace:keyboard:X11DRV_KEYBOARD_DetectLayout Attempting to match against "Belarusian keyboard layout"
2358 wine_trace 00c8:trace:keyboard:X11DRV_KEYBOARD_DetectLayout matches=0, mismatches=0, seq=0, score=0
2358 wine_trace 00c8:trace:keyboard:X11DRV_KEYBOARD_DetectLayout Attempting to match against "Russian keyboard layout"
2358 wine_trace 00c8:trace:keyboard:X11DRV_KEYBOARD_DetectLayout matches=0, mismatches=0, seq=0, score=0
2358 wine_trace 00c8:trace:keyboard:X11DRV_KEYBOARD_DetectLayout Attempting to match against "Russian keyboard layout (phantom key version)"
2358 wine_trace 00c8:trace:keyboard:X11DRV_KEYBOARD_DetectLayout matches=0, mismatches=0, seq=0, score=0
2359 wine_trace 00c8:trace:keyboard:X11DRV_KEYBOARD_DetectLayout Attempting to match against "Russian keyboard layout KOI8-R"
2359 wine_trace 00c8:trace:keyboard:X11DRV_KEYBOARD_DetectLayout matches=0, mismatches=0, seq=0, score=0
2359 wine_trace 00c8:trace:keyboard:X11DRV_KEYBOARD_DetectLayout Attempting to match against "Russian keyboard layout cp1251"
2359 wine_trace 00c8:trace:keyboard:X11DRV_KEYBOARD_DetectLayout matches=0, mismatches=0, seq=0, score=0
2359 wine_trace 00c8:trace:keyboard:X11DRV_KEYBOARD_DetectLayout Attempting to match against "Russian phonetic keyboard layout"
2359 wine_trace 00c8:trace:keyboard:X11DRV_KEYBOARD_DetectLayout matches=0, mismatches=0, seq=0, score=0
2359 wine_trace 00c8:trace:keyboard:X11DRV_KEYBOARD_DetectLayout Attempting to match against "Ukrainian keyboard layout KOI8-U"
2360 wine_trace 00c8:trace:keyboard:X11DRV_KEYBOARD_DetectLayout matches=0, mismatches=0, seq=0, score=0
2360 wine_trace 00c8:trace:keyboard:X11DRV_KEYBOARD_DetectLayout Attempting to match against "Ukrainian keyboard layout (standard)"
2360 wine_trace 00c8:trace:keyboard:X11DRV_KEYBOARD_DetectLayout matches=0, mismatches=0, seq=0, score=0
2360 wine_trace 00c8:trace:keyboard:X11DRV_KEYBOARD_DetectLayout Attempting to match against "Russian keyboard layout (standard)"
2360 wine_trace 00c8:trace:keyboard:X11DRV_KEYBOARD_DetectLayout matches=0, mismatches=0, seq=0, score=0
2360 wine_trace 00c8:trace:keyboard:X11DRV_KEYBOARD_DetectLayout Attempting to match against "Spanish keyboard layout"
2360 wine_trace 00c8:trace:keyboard:X11DRV_KEYBOARD_DetectLayout matches=0, mismatches=0, seq=0, score=0
2360 wine_trace 00c8:trace:keyboard:X11DRV_KEYBOARD_DetectLayout Attempting to match against "Italian keyboard layout"
2360 wine_trace 00c8:trace:keyboard:X11DRV_KEYBOARD_DetectLayout matches=0, mismatches=0, seq=0, score=0
2361 wine_trace 00c8:trace:keyboard:X11DRV_KEYBOARD_DetectLayout Attempting to match against "Icelandic keyboard layout"
2361 wine_trace 00c8:trace:keyboard:X11DRV_KEYBOARD_DetectLayout matches=0, mismatches=0, seq=0, score=0
2361 wine_trace 00c8:trace:keyboard:X11DRV_KEYBOARD_DetectLayout Attempting to match against "Hungarian keyboard layout"
2361 wine_trace 00c8:trace:keyboard:X11DRV_KEYBOARD_DetectLayout matches=0, mismatches=0, seq=0, score=0
2361 wine_trace 00c8:trace:keyboard:X11DRV_KEYBOARD_DetectLayout Attempting to match against "Polish (programmer's) keyboard layout"
2361 wine_trace 00c8:trace:keyboard:X11DRV_KEYBOARD_DetectLayout matches=0, mismatches=0, seq=0, score=0
2361 wine_trace 00c8:trace:keyboard:X11DRV_KEYBOARD_DetectLayout Attempting to match against "Slovenian keyboard layout"
2361 wine_trace 00c8:trace:keyboard:X11DRV_KEYBOARD_DetectLayout matches=0, mismatches=0, seq=0, score=0
2362 wine_trace 00c8:trace:keyboard:X11DRV_KEYBOARD_DetectLayout Attempting to match against "Serbian keyboard layout sr"
2362 wine_trace 00c8:trace:keyboard:X11DRV_KEYBOARD_DetectLayout matches=0, mismatches=0, seq=0, score=0
2362 wine_trace 00c8:trace:keyboard:X11DRV_KEYBOARD_DetectLayout Attempting to match against "Serbian keyboard layout us,sr"
2362 wine_trace 00c8:trace:keyboard:X11DRV_KEYBOARD_DetectLayout matches=0, mismatches=0, seq=0, score=0
2362 wine_trace 00c8:trace:keyboard:X11DRV_KEYBOARD_DetectLayout Attempting to match against "Croatian keyboard layout"
2362 wine_trace 00c8:trace:keyboard:X11DRV_KEYBOARD_DetectLayout matches=0, mismatches=0, seq=0, score=0
2362 wine_trace 00c8:trace:keyboard:X11DRV_KEYBOARD_DetectLayout Attempting to match against "Croatian keyboard layout (specific)"
2362 wine_trace 00c8:trace:keyboard:X11DRV_KEYBOARD_DetectLayout matches=0, mismatches=0, seq=0, score=0
2363 wine_trace 00c8:trace:keyboard:X11DRV_KEYBOARD_DetectLayout Attempting to match against "Japanese 106 keyboard layout"
2363 wine_trace 00c8:trace:keyboard:X11DRV_KEYBOARD_DetectLayout matches=0, mismatches=0, seq=0, score=0
2363 wine_trace 00c8:trace:keyboard:X11DRV_KEYBOARD_DetectLayout Attempting to match against "Japanese Mac keyboard layout"
2364 wine_trace 00c8:trace:keyboard:X11DRV_KEYBOARD_DetectLayout matches=0, mismatches=0, seq=0, score=0
2364 wine_trace 00c8:trace:keyboard:X11DRV_KEYBOARD_DetectLayout Attempting to match against "Japanese pc98x1 keyboard layout"
2364 wine_trace 00c8:trace:keyboard:X11DRV_KEYBOARD_DetectLayout matches=0, mismatches=0, seq=0, score=0
2365 wine_trace 00c8:trace:keyboard:X11DRV_KEYBOARD_DetectLayout Attempting to match against "Slovak keyboard layout"
2365 wine_trace 00c8:trace:keyboard:X11DRV_KEYBOARD_DetectLayout matches=0, mismatches=0, seq=0, score=0
2365 wine_trace 00c8:trace:keyboard:X11DRV_KEYBOARD_DetectLayout Attempting to match against "Slovak and Czech keyboard layout without dead keys"
2365 wine_trace 00c8:trace:keyboard:X11DRV_KEYBOARD_DetectLayout matches=0, mismatches=0, seq=0, score=0
2365 wine_trace 00c8:trace:keyboard:X11DRV_KEYBOARD_DetectLayout Attempting to match against "Czech keyboard layout"
2366 wine_trace 00c8:trace:keyboard:X11DRV_KEYBOARD_DetectLayout matches=0, mismatches=0, seq=0, score=0
2366 wine_trace 00c8:trace:keyboard:X11DRV_KEYBOARD_DetectLayout Attempting to match against "Czech keyboard layout cz"
2366 wine_trace 00c8:trace:keyboard:X11DRV_KEYBOARD_DetectLayout matches=0, mismatches=0, seq=0, score=0
2366 wine_trace 00c8:trace:keyboard:X11DRV_KEYBOARD_DetectLayout Attempting to match against "Czech keyboard layout cz_qwerty"
2366 wine_trace 00c8:trace:keyboard:X11DRV_KEYBOARD_DetectLayout matches=0, mismatches=0, seq=0, score=0
2367 wine_trace 00c8:trace:keyboard:X11DRV_KEYBOARD_DetectLayout Attempting to match against "Latin American keyboard layout"
2367 wine_trace 00c8:trace:keyboard:X11DRV_KEYBOARD_DetectLayout matches=0, mismatches=0, seq=0, score=0
2367 wine_trace 00c8:trace:keyboard:X11DRV_KEYBOARD_DetectLayout Attempting to match against "Lithuanian (Baltic) keyboard layout"
2367 wine_trace 00c8:trace:keyboard:X11DRV_KEYBOARD_DetectLayout matches=0, mismatches=0, seq=0, score=0
2368 wine_trace 00c8:trace:keyboard:X11DRV_KEYBOARD_DetectLayout Attempting to match against "Turkish keyboard layout"
2368 wine_trace 00c8:trace:keyboard:X11DRV_KEYBOARD_DetectLayout matches=0, mismatches=0, seq=0, score=0
2368 wine_trace 00c8:trace:keyboard:X11DRV_KEYBOARD_DetectLayout Attempting to match against "Turkish keyboard layout tr"
2368 wine_trace 00c8:trace:keyboard:X11DRV_KEYBOARD_DetectLayout matches=0, mismatches=0, seq=0, score=0
2368 wine_trace 00c8:trace:keyboard:X11DRV_KEYBOARD_DetectLayout Attempting to match against "Turkish keyboard layout trf"
2369 wine_trace 00c8:trace:keyboard:X11DRV_KEYBOARD_DetectLayout matches=0, mismatches=0, seq=0, score=0
2369 wine_trace 00c8:trace:keyboard:X11DRV_KEYBOARD_DetectLayout Attempting to match against "Israelian keyboard layout"
2369 wine_trace 00c8:trace:keyboard:X11DRV_KEYBOARD_DetectLayout matches=0, mismatches=0, seq=0, score=0
2369 wine_trace 00c8:trace:keyboard:X11DRV_KEYBOARD_DetectLayout Attempting to match against "Israelian phonetic keyboard layout"
2369 wine_trace 00c8:trace:keyboard:X11DRV_KEYBOARD_DetectLayout matches=0, mismatches=0, seq=0, score=0
2370 wine_trace 00c8:trace:keyboard:X11DRV_KEYBOARD_DetectLayout Attempting to match against "Israelian Saharon keyboard layout"
2370 wine_trace 00c8:trace:keyboard:X11DRV_KEYBOARD_DetectLayout matches=0, mismatches=0, seq=0, score=0
2370 wine_trace 00c8:trace:keyboard:X11DRV_KEYBOARD_DetectLayout Attempting to match against "VNC keyboard layout"
2370 wine_trace 00c8:trace:keyboard:X11DRV_KEYBOARD_DetectLayout matches=0, mismatches=0, seq=0, score=0
2370 wine_trace 00c8:trace:keyboard:X11DRV_KEYBOARD_DetectLayout Attempting to match against "Greek keyboard layout"
2371 wine_trace 00c8:trace:keyboard:X11DRV_KEYBOARD_DetectLayout matches=0, mismatches=0, seq=0, score=0
2371 wine_trace 00c8:trace:keyboard:X11DRV_KEYBOARD_DetectLayout Attempting to match against "Thai (Kedmanee)  keyboard layout"
2371 wine_trace 00c8:trace:keyboard:X11DRV_KEYBOARD_DetectLayout matches=0, mismatches=0, seq=0, score=0
2372 wine_trace 00c8:trace:keyboard:X11DRV_KEYBOARD_DetectLayout Attempting to match against "Dutch keyboard layout"
2372 wine_trace 00c8:trace:keyboard:X11DRV_KEYBOARD_DetectLayout matches=0, mismatches=0, seq=0, score=0
2372 wine_trace 00c8:trace:keyboard:X11DRV_KEYBOARD_DetectLayout detected layout is "United States keyboard layout"
2372 wine_trace 00c8:trace:keyboard:X11DRV_InitKeyboard keycode 8 => vkey 0000
2372 wine_trace 00c8:trace:keyboard:X11DRV_InitKeyboard keycode 9 => vkey 001B
2373 wine_trace 00c8:trace:keyboard:X11DRV_InitKeyboard keycode 10 => vkey 0000
2373 wine_trace 00c8:trace:keyboard:X11DRV_InitKeyboard keycode 11 => vkey 0000
2373 wine_trace 00c8:trace:keyboard:X11DRV_InitKeyboard keycode 12 => vkey 0000
2373 wine_trace 00c8:trace:keyboard:X11DRV_InitKeyboard keycode 13 => vkey 0000
2373 wine_trace 00c8:trace:keyboard:X11DRV_InitKeyboard keycode 14 => vkey 0000
2374 wine_trace 00c8:trace:keyboard:X11DRV_InitKeyboard keycode 15 => vkey 0000
2374 wine_trace 00c8:trace:keyboard:X11DRV_InitKeyboard keycode 16 => vkey 0000
2374 wine_trace 00c8:trace:keyboard:X11DRV_InitKeyboard keycode 17 => vkey 0000
2374 wine_trace 00c8:trace:keyboard:X11DRV_InitKeyboard keycode 18 => vkey 0000
2374 wine_trace 00c8:trace:keyboard:X11DRV_InitKeyboard keycode 19 => vkey 0000
2374 wine_trace 00c8:trace:keyboard:X11DRV_InitKeyboard keycode 20 => vkey 0000
2375 wine_trace 00c8:trace:keyboard:X11DRV_InitKeyboard keycode 21 => vkey 0000
2375 wine_trace 00c8:trace:keyboard:X11DRV_InitKeyboard keycode 22 => vkey 0008
2375 wine_trace 00c8:trace:keyboard:X11DRV_InitKeyboard keycode 23 => vkey 0009
2375 wine_trace 00c8:trace:keyboard:X11DRV_InitKeyboard keycode 24 => vkey 0000
2375 wine_trace 00c8:trace:keyboard:X11DRV_InitKeyboard keycode 25 => vkey 0000
2375 wine_trace 00c8:trace:keyboard:X11DRV_InitKeyboard keycode 26 => vkey 0000
2375 wine_trace 00c8:trace:keyboard:X11DRV_InitKeyboard keycode 27 => vkey 0000
2375 wine_trace 00c8:trace:keyboard:X11DRV_InitKeyboard keycode 28 => vkey 0000
2376 wine_trace 00c8:trace:keyboard:X11DRV_InitKeyboard keycode 29 => vkey 0000
2376 wine_trace 00c8:trace:keyboard:X11DRV_InitKeyboard keycode 30 => vkey 0000
2376 wine_trace 00c8:trace:keyboard:X11DRV_InitKeyboard keycode 31 => vkey 0000
2376 wine_trace 00c8:trace:keyboard:X11DRV_InitKeyboard keycode 32 => vkey 0000
2376 wine_trace 00c8:trace:keyboard:X11DRV_InitKeyboard keycode 33 => vkey 0000
2376 wine_trace 00c8:trace:keyboard:X11DRV_InitKeyboard keycode 34 => vkey 0000
2376 wine_trace 00c8:trace:keyboard:X11DRV_InitKeyboard keycode 35 => vkey 0000
2376 wine_trace 00c8:trace:keyboard:X11DRV_InitKeyboard keycode 36 => vkey 000D
2377 wine_trace 00c8:trace:keyboard:X11DRV_InitKeyboard keycode 37 => vkey 00A2
2377 wine_trace 00c8:trace:keyboard:X11DRV_InitKeyboard keycode 38 => vkey 0000
2377 wine_trace 00c8:trace:keyboard:X11DRV_InitKeyboard keycode 39 => vkey 0000
2377 wine_trace 00c8:trace:keyboard:X11DRV_InitKeyboard keycode 40 => vkey 0000
2377 wine_trace 00c8:trace:keyboard:X11DRV_InitKeyboard keycode 41 => vkey 0000
2377 wine_trace 00c8:trace:keyboard:X11DRV_InitKeyboard keycode 42 => vkey 0000
2377 wine_trace 00c8:trace:keyboard:X11DRV_InitKeyboard keycode 43 => vkey 0000
2377 wine_trace 00c8:trace:keyboard:X11DRV_InitKeyboard keycode 44 => vkey 0000
2377 wine_trace 00c8:trace:keyboard:X11DRV_InitKeyboard keycode 45 => vkey 0000
2377 wine_trace 00c8:trace:keyboard:X11DRV_InitKeyboard keycode 46 => vkey 0000
2378 wine_trace 00c8:trace:keyboard:X11DRV_InitKeyboard keycode 47 => vkey 0000
2378 wine_trace 00c8:trace:keyboard:X11DRV_InitKeyboard keycode 48 => vkey 0000
2378 wine_trace 00c8:trace:keyboard:X11DRV_InitKeyboard keycode 49 => vkey 0000
2378 wine_trace 00c8:trace:keyboard:X11DRV_InitKeyboard keycode 50 => vkey 00A0
2378 wine_trace 00c8:trace:keyboard:X11DRV_InitKeyboard keycode 51 => vkey 0000
2378 wine_trace 00c8:trace:keyboard:X11DRV_InitKeyboard keycode 52 => vkey 0000
2378 wine_trace 00c8:trace:keyboard:X11DRV_InitKeyboard keycode 53 => vkey 0000
2378 wine_trace 00c8:trace:keyboard:X11DRV_InitKeyboard keycode 54 => vkey 0000
2379 wine_trace 00c8:trace:keyboard:X11DRV_InitKeyboard keycode 55 => vkey 0000
2379 wine_trace 00c8:trace:keyboard:X11DRV_InitKeyboard keycode 56 => vkey 0000
2379 wine_trace 00c8:trace:keyboard:X11DRV_InitKeyboard keycode 57 => vkey 0000
2379 wine_trace 00c8:trace:keyboard:X11DRV_InitKeyboard keycode 58 => vkey 0000
2379 wine_trace 00c8:trace:keyboard:X11DRV_InitKeyboard keycode 59 => vkey 0000
2379 wine_trace 00c8:trace:keyboard:X11DRV_InitKeyboard keycode 60 => vkey 0000
2379 wine_trace 00c8:trace:keyboard:X11DRV_InitKeyboard keycode 61 => vkey 0000
2379 wine_trace 00c8:trace:keyboard:X11DRV_InitKeyboard keycode 62 => vkey 01A1
2380 wine_trace 00c8:trace:keyboard:X11DRV_InitKeyboard keycode 63 => vkey 006A
2380 wine_trace 00c8:trace:keyboard:X11DRV_InitKeyboard keycode 64 => vkey 00A4
2380 wine_trace 00c8:trace:keyboard:X11DRV_InitKeyboard keycode 65 => vkey 0020
2380 wine_trace 00c8:trace:keyboard:X11DRV_InitKeyboard keycode 66 => vkey 0000
2380 wine_trace 00c8:trace:keyboard:X11DRV_InitKeyboard keycode 67 => vkey 0070
2380 wine_trace 00c8:trace:keyboard:X11DRV_InitKeyboard keycode 68 => vkey 0071
2380 wine_trace 00c8:trace:keyboard:X11DRV_InitKeyboard keycode 69 => vkey 0072
2381 wine_trace 00c8:trace:keyboard:X11DRV_InitKeyboard keycode 70 => vkey 0073
2381 wine_trace 00c8:trace:keyboard:X11DRV_InitKeyboard keycode 71 => vkey 0074
2381 wine_trace 00c8:trace:keyboard:X11DRV_InitKeyboard keycode 72 => vkey 0075
2381 wine_trace 00c8:trace:keyboard:X11DRV_InitKeyboard keycode 73 => vkey 0076
2381 wine_trace 00c8:trace:keyboard:X11DRV_InitKeyboard keycode 74 => vkey 0077
2381 wine_trace 00c8:trace:keyboard:X11DRV_InitKeyboard keycode 75 => vkey 0078
2381 wine_trace 00c8:trace:keyboard:X11DRV_InitKeyboard keycode 76 => vkey 0079
2381 wine_trace 00c8:trace:keyboard:X11DRV_InitKeyboard keycode 77 => vkey 0000
2381 wine_trace 00c8:trace:keyboard:X11DRV_InitKeyboard keycode 78 => vkey 0000
2381 wine_trace 00c8:trace:keyboard:X11DRV_InitKeyboard keycode 79 => vkey 0067
2382 wine_trace 00c8:trace:keyboard:X11DRV_InitKeyboard keycode 80 => vkey 0068
2382 wine_trace 00c8:trace:keyboard:X11DRV_InitKeyboard keycode 81 => vkey 0069
2382 wine_trace 00c8:trace:keyboard:X11DRV_InitKeyboard keycode 82 => vkey 006D
2382 wine_trace 00c8:trace:keyboard:X11DRV_InitKeyboard keycode 83 => vkey 0064
2382 wine_trace 00c8:trace:keyboard:X11DRV_InitKeyboard keycode 84 => vkey 0065
2382 wine_trace 00c8:trace:keyboard:X11DRV_InitKeyboard keycode 85 => vkey 0066
2382 wine_trace 00c8:trace:keyboard:X11DRV_InitKeyboard keycode 86 => vkey 006B
2382 wine_trace 00c8:trace:keyboard:X11DRV_InitKeyboard keycode 87 => vkey 0061
2383 wine_trace 00c8:trace:keyboard:X11DRV_InitKeyboard keycode 88 => vkey 0062
2383 wine_trace 00c8:trace:keyboard:X11DRV_InitKeyboard keycode 89 => vkey 0063
2383 wine_trace 00c8:trace:keyboard:X11DRV_InitKeyboard keycode 90 => vkey 0060
2383 wine_trace 00c8:trace:keyboard:X11DRV_InitKeyboard keycode 91 => vkey 002E
2383 wine_trace 00c8:trace:keyboard:X11DRV_InitKeyboard keycode 92 => vkey 0000
2383 wine_trace 00c8:trace:keyboard:X11DRV_InitKeyboard keycode 93 => vkey 0000
2383 wine_trace 00c8:trace:keyboard:X11DRV_InitKeyboard keycode 94 => vkey 0000
2383 wine_trace 00c8:trace:keyboard:X11DRV_InitKeyboard keycode 95 => vkey 007A
2383 wine_trace 00c8:trace:keyboard:X11DRV_InitKeyboard keycode 96 => vkey 007B
2383 wine_trace 00c8:trace:keyboard:X11DRV_InitKeyboard keycode 97 => vkey 0000
2384 wine_trace 00c8:trace:keyboard:X11DRV_InitKeyboard keycode 98 => vkey 0000
2384 wine_trace 00c8:trace:keyboard:X11DRV_InitKeyboard keycode 99 => vkey 0000
2384 wine_trace 00c8:trace:keyboard:X11DRV_InitKeyboard keycode 100 => vkey 0000
2384 wine_trace 00c8:trace:keyboard:X11DRV_InitKeyboard keycode 101 => vkey 0000
2384 wine_trace 00c8:trace:keyboard:X11DRV_InitKeyboard keycode 102 => vkey 0000
2384 wine_trace 00c8:trace:keyboard:X11DRV_InitKeyboard keycode 103 => vkey 0000
2384 wine_trace 00c8:trace:keyboard:X11DRV_InitKeyboard keycode 104 => vkey 0000
2384 wine_trace 00c8:trace:keyboard:X11DRV_InitKeyboard keycode 105 => vkey 01A3
2384 wine_trace 00c8:trace:keyboard:X11DRV_InitKeyboard keycode 106 => vkey 016F
2385 wine_trace 00c8:trace:keyboard:X11DRV_InitKeyboard keycode 107 => vkey 0000
2385 wine_trace 00c8:trace:keyboard:X11DRV_InitKeyboard keycode 108 => vkey 01A5
2385 wine_trace 00c8:trace:keyboard:X11DRV_InitKeyboard keycode 109 => vkey 0000
2385 wine_trace 00c8:trace:keyboard:X11DRV_InitKeyboard keycode 110 => vkey 0124
2385 wine_trace 00c8:trace:keyboard:X11DRV_InitKeyboard keycode 111 => vkey 0126
2385 wine_trace 00c8:trace:keyboard:X11DRV_InitKeyboard keycode 112 => vkey 0121
2385 wine_trace 00c8:trace:keyboard:X11DRV_InitKeyboard keycode 113 => vkey 0125
2385 wine_trace 00c8:trace:keyboard:X11DRV_InitKeyboard keycode 114 => vkey 0127
2385 wine_trace 00c8:trace:keyboard:X11DRV_InitKeyboard keycode 115 => vkey 0123
2386 wine_trace 00c8:trace:keyboard:X11DRV_InitKeyboard keycode 116 => vkey 0128
2386 wine_trace 00c8:trace:keyboard:X11DRV_InitKeyboard keycode 117 => vkey 0122
2386 wine_trace 00c8:trace:keyboard:X11DRV_InitKeyboard keycode 118 => vkey 012D
2386 wine_trace 00c8:trace:keyboard:X11DRV_InitKeyboard keycode 119 => vkey 012E
2386 wine_trace 00c8:warn:keyboard:X11DRV_InitKeyboard vkey 012E is being used by more than one keycode
2386 wine_trace 00c8:trace:keyboard:X11DRV_InitKeyboard keycode 120 => vkey 0000
2386 wine_trace 00c8:trace:keyboard:X11DRV_InitKeyboard keycode 121 => vkey 0000
2386 wine_trace 00c8:trace:keyboard:X11DRV_InitKeyboard keycode 122 => vkey 0000
2386 wine_trace 00c8:trace:keyboard:X11DRV_InitKeyboard keycode 123 => vkey 0000
2387 wine_trace 00c8:trace:keyboard:X11DRV_InitKeyboard keycode 124 => vkey 0000
2387 wine_trace 00c8:trace:keyboard:X11DRV_InitKeyboard keycode 125 => vkey 0000
2387 wine_trace 00c8:trace:keyboard:X11DRV_InitKeyboard keycode 126 => vkey 0000
2387 wine_trace 00c8:trace:keyboard:X11DRV_InitKeyboard keycode 127 => vkey 0000
2387 wine_trace 00c8:trace:keyboard:X11DRV_InitKeyboard keycode 128 => vkey 0000
2387 wine_trace 00c8:trace:keyboard:X11DRV_InitKeyboard keycode 129 => vkey 0000
2387 wine_trace 00c8:trace:keyboard:X11DRV_InitKeyboard keycode 130 => vkey 0000
2387 wine_trace 00c8:trace:keyboard:X11DRV_InitKeyboard keycode 131 => vkey 0000
2388 wine_trace 00c8:trace:keyboard:X11DRV_InitKeyboard keycode 132 => vkey 0000
2388 wine_trace 00c8:trace:keyboard:X11DRV_InitKeyboard keycode 133 => vkey 0000
2388 wine_trace 00c8:trace:keyboard:X11DRV_InitKeyboard keycode 134 => vkey 0000
2388 wine_trace 00c8:trace:keyboard:X11DRV_InitKeyboard keycode 135 => vkey 0000
2388 wine_trace 00c8:trace:keyboard:X11DRV_InitKeyboard keycode 136 => vkey 0000
2388 wine_trace 00c8:trace:keyboard:X11DRV_InitKeyboard keycode 137 => vkey 0000
2388 wine_trace 00c8:trace:keyboard:X11DRV_InitKeyboard keycode 138 => vkey 0000
2388 wine_trace 00c8:trace:keyboard:X11DRV_InitKeyboard keycode 139 => vkey 0000
2389 wine_trace 00c8:trace:keyboard:X11DRV_InitKeyboard keycode 140 => vkey 0000
2389 wine_trace 00c8:trace:keyboard:X11DRV_InitKeyboard keycode 141 => vkey 0000
2389 wine_trace 00c8:trace:keyboard:X11DRV_InitKeyboard keycode 142 => vkey 0000
2389 wine_trace 00c8:trace:keyboard:X11DRV_InitKeyboard keycode 143 => vkey 0000
2389 wine_trace 00c8:trace:keyboard:X11DRV_InitKeyboard keycode 144 => vkey 0000
2389 wine_trace 00c8:trace:keyboard:X11DRV_InitKeyboard keycode 145 => vkey 0000
2389 wine_trace 00c8:trace:keyboard:X11DRV_InitKeyboard keycode 146 => vkey 0000
2389 wine_trace 00c8:trace:keyboard:X11DRV_InitKeyboard keycode 147 => vkey 0000
2389 wine_trace 00c8:trace:keyboard:X11DRV_InitKeyboard keycode 148 => vkey 0000
2390 wine_trace 00c8:trace:keyboard:X11DRV_InitKeyboard keycode 149 => vkey 0000
2390 wine_trace 00c8:trace:keyboard:X11DRV_InitKeyboard keycode 150 => vkey 0000
2390 wine_trace 00c8:trace:keyboard:X11DRV_InitKeyboard keycode 151 => vkey 0000
2390 wine_trace 00c8:trace:keyboard:X11DRV_InitKeyboard keycode 152 => vkey 0000
2390 wine_trace 00c8:trace:keyboard:X11DRV_InitKeyboard keycode 153 => vkey 0000
2390 wine_trace 00c8:trace:keyboard:X11DRV_InitKeyboard keycode 154 => vkey 0000
2390 wine_trace 00c8:trace:keyboard:X11DRV_InitKeyboard keycode 155 => vkey 0000
2390 wine_trace 00c8:trace:keyboard:X11DRV_InitKeyboard keycode 156 => vkey 0000
2390 wine_trace 00c8:trace:keyboard:X11DRV_InitKeyboard keycode 157 => vkey 0000
2390 wine_trace 00c8:trace:keyboard:X11DRV_InitKeyboard keycode 158 => vkey 0000
2391 wine_trace 00c8:trace:keyboard:X11DRV_InitKeyboard keycode 159 => vkey 0000
2391 wine_trace 00c8:trace:keyboard:X11DRV_InitKeyboard keycode 160 => vkey 0000
2391 wine_trace 00c8:trace:keyboard:X11DRV_InitKeyboard keycode 161 => vkey 0000
2391 wine_trace 00c8:trace:keyboard:X11DRV_InitKeyboard keycode 162 => vkey 0000
2391 wine_trace 00c8:trace:keyboard:X11DRV_InitKeyboard keycode 163 => vkey 0000
2391 wine_trace 00c8:trace:keyboard:X11DRV_InitKeyboard keycode 164 => vkey 0000
2391 wine_trace 00c8:trace:keyboard:X11DRV_InitKeyboard keycode 165 => vkey 0000
2391 wine_trace 00c8:trace:keyboard:X11DRV_InitKeyboard keycode 166 => vkey 0000
2392 wine_trace 00c8:trace:keyboard:X11DRV_InitKeyboard keycode 167 => vkey 0000
2392 wine_trace 00c8:trace:keyboard:X11DRV_InitKeyboard keycode 168 => vkey 0000
2392 wine_trace 00c8:trace:keyboard:X11DRV_InitKeyboard keycode 169 => vkey 0000
2392 wine_trace 00c8:trace:keyboard:X11DRV_InitKeyboard keycode 170 => vkey 0000
2392 wine_trace 00c8:trace:keyboard:X11DRV_InitKeyboard keycode 171 => vkey 0000
2392 wine_trace 00c8:trace:keyboard:X11DRV_InitKeyboard keycode 172 => vkey 0000
2392 wine_trace 00c8:trace:keyboard:X11DRV_InitKeyboard keycode 173 => vkey 0000
2392 wine_trace 00c8:trace:keyboard:X11DRV_InitKeyboard keycode 174 => vkey 0000
2392 wine_trace 00c8:trace:keyboard:X11DRV_InitKeyboard keycode 175 => vkey 0000
2393 wine_trace 00c8:trace:keyboard:X11DRV_InitKeyboard keycode 176 => vkey 0000
2393 wine_trace 00c8:trace:keyboard:X11DRV_InitKeyboard keycode 177 => vkey 0000
2393 wine_trace 00c8:trace:keyboard:X11DRV_InitKeyboard keycode 178 => vkey 0000
2393 wine_trace 00c8:trace:keyboard:X11DRV_InitKeyboard keycode 179 => vkey 0000
2393 wine_trace 00c8:trace:keyboard:X11DRV_InitKeyboard keycode 180 => vkey 0000
2393 wine_trace 00c8:trace:keyboard:X11DRV_InitKeyboard keycode 181 => vkey 0000
2393 wine_trace 00c8:trace:keyboard:X11DRV_InitKeyboard keycode 182 => vkey 0000
2393 wine_trace 00c8:trace:keyboard:X11DRV_InitKeyboard keycode 183 => vkey 0000
2394 wine_trace 00c8:trace:keyboard:X11DRV_InitKeyboard keycode 184 => vkey 0000
2394 wine_trace 00c8:trace:keyboard:X11DRV_InitKeyboard keycode 185 => vkey 0000
2394 wine_trace 00c8:trace:keyboard:X11DRV_InitKeyboard keycode 186 => vkey 0000
2394 wine_trace 00c8:trace:keyboard:X11DRV_InitKeyboard keycode 187 => vkey 0000
2394 wine_trace 00c8:trace:keyboard:X11DRV_InitKeyboard keycode 188 => vkey 0000
2394 wine_trace 00c8:trace:keyboard:X11DRV_InitKeyboard keycode 189 => vkey 0000
2394 wine_trace 00c8:trace:keyboard:X11DRV_InitKeyboard keycode 190 => vkey 0000
2394 wine_trace 00c8:trace:keyboard:X11DRV_InitKeyboard keycode 191 => vkey 0000
2394 wine_trace 00c8:trace:keyboard:X11DRV_InitKeyboard keycode 192 => vkey 0000
2395 wine_trace 00c8:trace:keyboard:X11DRV_InitKeyboard keycode 193 => vkey 0000
2395 wine_trace 00c8:trace:keyboard:X11DRV_InitKeyboard keycode 194 => vkey 0000
2395 wine_trace 00c8:trace:keyboard:X11DRV_InitKeyboard keycode 195 => vkey 0000
2395 wine_trace 00c8:trace:keyboard:X11DRV_InitKeyboard keycode 196 => vkey 0000
2395 wine_trace 00c8:trace:keyboard:X11DRV_InitKeyboard keycode 197 => vkey 0000
2395 wine_trace 00c8:trace:keyboard:X11DRV_InitKeyboard keycode 198 => vkey 0000
2395 wine_trace 00c8:trace:keyboard:X11DRV_InitKeyboard keycode 199 => vkey 0000
2396 wine_trace 00c8:trace:keyboard:X11DRV_InitKeyboard keycode 200 => vkey 0000
2396 wine_trace 00c8:trace:keyboard:X11DRV_InitKeyboard keycode 201 => vkey 0000
2396 wine_trace 00c8:trace:keyboard:X11DRV_InitKeyboard keycode 202 => vkey 0000
2396 wine_trace 00c8:trace:keyboard:X11DRV_InitKeyboard keycode 203 => vkey 0000
2396 wine_trace 00c8:trace:keyboard:X11DRV_InitKeyboard keycode 204 => vkey 0000
2396 wine_trace 00c8:trace:keyboard:X11DRV_InitKeyboard keycode 205 => vkey 0000
2396 wine_trace 00c8:trace:keyboard:X11DRV_InitKeyboard keycode 206 => vkey 0000
2396 wine_trace 00c8:trace:keyboard:X11DRV_InitKeyboard keycode 207 => vkey 0000
2397 wine_trace 00c8:trace:keyboard:X11DRV_InitKeyboard keycode 208 => vkey 0000
2397 wine_trace 00c8:trace:keyboard:X11DRV_InitKeyboard keycode 209 => vkey 0000
2397 wine_trace 00c8:trace:keyboard:X11DRV_InitKeyboard keycode 210 => vkey 0000
2397 wine_trace 00c8:trace:keyboard:X11DRV_InitKeyboard keycode 211 => vkey 0000
2397 wine_trace 00c8:trace:keyboard:X11DRV_InitKeyboard keycode 212 => vkey 0000
2397 wine_trace 00c8:trace:keyboard:X11DRV_InitKeyboard keycode 213 => vkey 0000
2397 wine_trace 00c8:trace:keyboard:X11DRV_InitKeyboard keycode 214 => vkey 0000
2397 wine_trace 00c8:trace:keyboard:X11DRV_InitKeyboard keycode 215 => vkey 0000
2398 wine_trace 00c8:trace:keyboard:X11DRV_InitKeyboard keycode 216 => vkey 0000
2398 wine_trace 00c8:trace:keyboard:X11DRV_InitKeyboard keycode 217 => vkey 0000
2398 wine_trace 00c8:trace:keyboard:X11DRV_InitKeyboard keycode 218 => vkey 0000
2398 wine_trace 00c8:trace:keyboard:X11DRV_InitKeyboard keycode 219 => vkey 0000
2398 wine_trace 00c8:trace:keyboard:X11DRV_InitKeyboard keycode 220 => vkey 0000
2398 wine_trace 00c8:trace:keyboard:X11DRV_InitKeyboard keycode 221 => vkey 0000
2398 wine_trace 00c8:trace:keyboard:X11DRV_InitKeyboard keycode 222 => vkey 0000
2398 wine_trace 00c8:trace:keyboard:X11DRV_InitKeyboard keycode 223 => vkey 0000
2398 wine_trace 00c8:trace:keyboard:X11DRV_InitKeyboard keycode 224 => vkey 0000
2399 wine_trace 00c8:trace:keyboard:X11DRV_InitKeyboard keycode 225 => vkey 0000
2399 wine_trace 00c8:trace:keyboard:X11DRV_InitKeyboard keycode 226 => vkey 0000
2399 wine_trace 00c8:trace:keyboard:X11DRV_InitKeyboard keycode 227 => vkey 0000
2399 wine_trace 00c8:trace:keyboard:X11DRV_InitKeyboard keycode 228 => vkey 0000
2399 wine_trace 00c8:trace:keyboard:X11DRV_InitKeyboard keycode 229 => vkey 0000
2399 wine_trace 00c8:trace:keyboard:X11DRV_InitKeyboard keycode 230 => vkey 0000
2399 wine_trace 00c8:trace:keyboard:X11DRV_InitKeyboard keycode 231 => vkey 0000
2399 wine_trace 00c8:trace:keyboard:X11DRV_InitKeyboard keycode 232 => vkey 0000
2399 wine_trace 00c8:trace:keyboard:X11DRV_InitKeyboard keycode 233 => vkey 0000
2400 wine_trace 00c8:trace:keyboard:X11DRV_InitKeyboard keycode 234 => vkey 0000
2400 wine_trace 00c8:trace:keyboard:X11DRV_InitKeyboard keycode 235 => vkey 0000
2400 wine_trace 00c8:trace:keyboard:X11DRV_InitKeyboard keycode 236 => vkey 0000
2400 wine_trace 00c8:trace:keyboard:X11DRV_InitKeyboard keycode 237 => vkey 0000
2400 wine_trace 00c8:trace:keyboard:X11DRV_InitKeyboard keycode 238 => vkey 0000
2400 wine_trace 00c8:trace:keyboard:X11DRV_InitKeyboard keycode 239 => vkey 0000
2400 wine_trace 00c8:trace:keyboard:X11DRV_InitKeyboard keycode 240 => vkey 0000
2400 wine_trace 00c8:trace:keyboard:X11DRV_InitKeyboard keycode 241 => vkey 0000
2401 wine_trace 00c8:trace:keyboard:X11DRV_InitKeyboard keycode 242 => vkey 0000
2401 wine_trace 00c8:trace:keyboard:X11DRV_InitKeyboard keycode 243 => vkey 0000
2401 wine_trace 00c8:trace:keyboard:X11DRV_InitKeyboard keycode 244 => vkey 0000
2401 wine_trace 00c8:trace:keyboard:X11DRV_InitKeyboard keycode 245 => vkey 0000
2401 wine_trace 00c8:trace:keyboard:X11DRV_InitKeyboard keycode 246 => vkey 0000
2401 wine_trace 00c8:trace:keyboard:X11DRV_InitKeyboard keycode 247 => vkey 0000
2401 wine_trace 00c8:trace:keyboard:X11DRV_InitKeyboard keycode 248 => vkey 0000
2401 wine_trace 00c8:trace:keyboard:X11DRV_InitKeyboard keycode 249 => vkey 0000
2402 wine_trace 00c8:trace:keyboard:X11DRV_InitKeyboard keycode 250 => vkey 0000
2402 wine_trace 00c8:trace:keyboard:X11DRV_InitKeyboard keycode 251 => vkey 0000
2402 wine_trace 00c8:trace:keyboard:X11DRV_InitKeyboard keycode 252 => vkey 0000
2402 wine_trace 00c8:trace:keyboard:X11DRV_InitKeyboard keycode 253 => vkey 0000
2402 wine_trace 00c8:trace:keyboard:X11DRV_InitKeyboard keycode 254 => vkey 0000
2402 wine_trace 00c8:trace:keyboard:X11DRV_InitKeyboard keycode 255 => vkey 0000
2402 wine_trace 00c8:trace:keyboard:X11DRV_InitKeyboard keycode 10 => vkey 0031
2402 wine_trace 00c8:trace:keyboard:X11DRV_InitKeyboard keycode 11 => vkey 0032
2402 wine_trace 00c8:trace:keyboard:X11DRV_InitKeyboard keycode 12 => vkey 0033
2402 wine_trace 00c8:trace:keyboard:X11DRV_InitKeyboard keycode 13 => vkey 0034
2403 wine_trace 00c8:trace:keyboard:X11DRV_InitKeyboard keycode 14 => vkey 0035
2403 wine_trace 00c8:trace:keyboard:X11DRV_InitKeyboard keycode 15 => vkey 0036
2403 wine_trace 00c8:trace:keyboard:X11DRV_InitKeyboard keycode 16 => vkey 0037
2403 wine_trace 00c8:trace:keyboard:X11DRV_InitKeyboard keycode 17 => vkey 0038
2403 wine_trace 00c8:trace:keyboard:X11DRV_InitKeyboard keycode 18 => vkey 0039
2403 wine_trace 00c8:trace:keyboard:X11DRV_InitKeyboard keycode 19 => vkey 0030
2403 wine_trace 00c8:trace:keyboard:X11DRV_InitKeyboard keycode 20 => vkey 00BD
2403 wine_trace 00c8:trace:keyboard:X11DRV_InitKeyboard keycode 21 => vkey 00BB
2404 wine_trace 00c8:trace:keyboard:X11DRV_InitKeyboard keycode 24 => vkey 0051
2404 wine_trace 00c8:trace:keyboard:X11DRV_InitKeyboard keycode 25 => vkey 0057
2404 wine_trace 00c8:trace:keyboard:X11DRV_InitKeyboard keycode 26 => vkey 0045
2404 wine_trace 00c8:trace:keyboard:X11DRV_InitKeyboard keycode 27 => vkey 0052
2404 wine_trace 00c8:trace:keyboard:X11DRV_InitKeyboard keycode 28 => vkey 0054
2404 wine_trace 00c8:trace:keyboard:X11DRV_InitKeyboard keycode 29 => vkey 0059
2404 wine_trace 00c8:trace:keyboard:X11DRV_InitKeyboard keycode 30 => vkey 0055
2404 wine_trace 00c8:trace:keyboard:X11DRV_InitKeyboard keycode 31 => vkey 0049
2404 wine_trace 00c8:trace:keyboard:X11DRV_InitKeyboard keycode 32 => vkey 004F
2405 wine_trace 00c8:trace:keyboard:X11DRV_InitKeyboard keycode 33 => vkey 0050
2405 wine_trace 00c8:trace:keyboard:X11DRV_InitKeyboard keycode 34 => vkey 00DB
2405 wine_trace 00c8:trace:keyboard:X11DRV_InitKeyboard keycode 35 => vkey 00DD
2405 wine_trace 00c8:trace:keyboard:X11DRV_InitKeyboard keycode 38 => vkey 0041
2405 wine_trace 00c8:trace:keyboard:X11DRV_InitKeyboard keycode 39 => vkey 0053
2405 wine_trace 00c8:trace:keyboard:X11DRV_InitKeyboard keycode 40 => vkey 0044
2405 wine_trace 00c8:trace:keyboard:X11DRV_InitKeyboard keycode 41 => vkey 0046
2405 wine_trace 00c8:trace:keyboard:X11DRV_InitKeyboard keycode 42 => vkey 0047
2405 wine_trace 00c8:trace:keyboard:X11DRV_InitKeyboard keycode 43 => vkey 0048
2406 wine_trace 00c8:trace:keyboard:X11DRV_InitKeyboard keycode 44 => vkey 004A
2406 wine_trace 00c8:trace:keyboard:X11DRV_InitKeyboard keycode 45 => vkey 004B
2406 wine_trace 00c8:trace:keyboard:X11DRV_InitKeyboard keycode 46 => vkey 004C
2406 wine_trace 00c8:trace:keyboard:X11DRV_InitKeyboard keycode 47 => vkey 00BA
2406 wine_trace 00c8:trace:keyboard:X11DRV_InitKeyboard keycode 48 => vkey 00DE
2406 wine_trace 00c8:trace:keyboard:X11DRV_InitKeyboard keycode 49 => vkey 00C0
2406 wine_trace 00c8:trace:keyboard:X11DRV_InitKeyboard keycode 51 => vkey 00DC
2406 wine_trace 00c8:trace:keyboard:X11DRV_InitKeyboard keycode 52 => vkey 005A
2406 wine_trace 00c8:trace:keyboard:X11DRV_InitKeyboard keycode 53 => vkey 0058
2407 wine_trace 00c8:trace:keyboard:X11DRV_InitKeyboard keycode 54 => vkey 0043
2407 wine_trace 00c8:trace:keyboard:X11DRV_InitKeyboard keycode 55 => vkey 0056
2407 wine_trace 00c8:trace:keyboard:X11DRV_InitKeyboard keycode 56 => vkey 0042
2407 wine_trace 00c8:trace:keyboard:X11DRV_InitKeyboard keycode 57 => vkey 004E
2407 wine_trace 00c8:trace:keyboard:X11DRV_InitKeyboard keycode 58 => vkey 004D
2407 wine_trace 00c8:trace:keyboard:X11DRV_InitKeyboard keycode 59 => vkey 00BC
2407 wine_trace 00c8:trace:keyboard:X11DRV_InitKeyboard keycode 60 => vkey 00BE
2407 wine_trace 00c8:trace:keyboard:X11DRV_InitKeyboard keycode 61 => vkey 00BF
2407 wine_trace 00c8:trace:keyboard:X11DRV_InitKeyboard spare virtual key 00DF assigned to keycode 134:
2408 wine_trace 00c8:trace:keyboard:X11DRV_InitKeyboard (661df14d (NoSymbol) 661df157 (NoSymbol) )
2408 wine_trace 00c8:trace:keyboard:X11DRV_InitKeyboard keycode 134 => vkey 00DF
2408 wine_trace 00c8:trace:keyboard:X11DRV_InitKeyboard spare virtual key 00E1 assigned to keycode 135:
2408 wine_trace 00c8:trace:keyboard:X11DRV_InitKeyboard (661df164 (NoSymbol) 661df171 (NoSymbol) )
2408 wine_trace 00c8:trace:keyboard:X11DRV_InitKeyboard keycode 135 => vkey 00E1
2408 wine_trace 00c8:trace:keyboard:X11DRV_InitKeyboard spare virtual key 00E2 assigned to keycode 136:
2408 wine_trace 00c8:trace:keyboard:X11DRV_InitKeyboard (661df17b (NoSymbol) 661df188 (NoSymbol) )
2408 wine_trace 00c8:trace:keyboard:X11DRV_InitKeyboard keycode 136 => vkey 00E2
2408 wine_trace 00c8:trace:keyboard:X11DRV_InitKeyboard spare virtual key 00E3 assigned to keycode 137:
2409 wine_trace 00c8:trace:keyboard:X11DRV_InitKeyboard (661df192 (NoSymbol) 661df19f (NoSymbol) )
2409 wine_trace 00c8:trace:keyboard:X11DRV_InitKeyboard keycode 137 => vkey 00E3
2409 wine_trace 00c8:trace:keyboard:X11DRV_InitKeyboard spare virtual key 00E4 assigned to keycode 138:
2409 wine_trace 00c8:trace:keyboard:X11DRV_InitKeyboard (661df1a9 (NoSymbol) 661df1b6 (NoSymbol) )
2409 wine_trace 00c8:trace:keyboard:X11DRV_InitKeyboard keycode 138 => vkey 00E4
2409 wine_trace 00c8:trace:keyboard:X11DRV_InitKeyboard spare virtual key 00E6 assigned to keycode 139:
2409 wine_trace 00c8:trace:keyboard:X11DRV_InitKeyboard (661df1c0 (NoSymbol) 661df1cd (NoSymbol) )
2409 wine_trace 00c8:trace:keyboard:X11DRV_InitKeyboard keycode 139 => vkey 00E6
2410 wine_trace 00c8:trace:keyboard:X11DRV_InitKeyboard spare virtual key 00E9 assigned to keycode 140:
2410 wine_trace 00c8:trace:keyboard:X11DRV_InitKeyboard (661df1d7 (NoSymbol) 661df1e4 (NoSymbol) )
2410 wine_trace 00c8:trace:keyboard:X11DRV_InitKeyboard keycode 140 => vkey 00E9
2410 wine_trace 00c8:trace:keyboard:X11DRV_InitKeyboard spare virtual key 00EA assigned to keycode 141:
2410 wine_trace 00c8:trace:keyboard:X11DRV_InitKeyboard (661df1ee (NoSymbol) 661df1fb (NoSymbol) )
2410 wine_trace 00c8:trace:keyboard:X11DRV_InitKeyboard keycode 141 => vkey 00EA
2410 wine_trace 00c8:trace:keyboard:X11DRV_InitKeyboard spare virtual key 00EB assigned to keycode 142:
2410 wine_trace 00c8:trace:keyboard:X11DRV_InitKeyboard (661df205 (NoSymbol) 661df212 (NoSymbol) )
2410 wine_trace 00c8:trace:keyboard:X11DRV_InitKeyboard keycode 142 => vkey 00EB
2411 wine_trace 00c8:trace:keyboard:X11DRV_InitKeyboard spare virtual key 00EC assigned to keycode 143:
2411 wine_trace 00c8:trace:keyboard:X11DRV_InitKeyboard (661df21c (NoSymbol) 661df22a (NoSymbol) )
2411 wine_trace 00c8:trace:keyboard:X11DRV_InitKeyboard keycode 143 => vkey 00EC
2411 wine_trace 00c8:trace:keyboard:X11DRV_InitKeyboard spare virtual key 00ED assigned to keycode 144:
2411 wine_trace 00c8:trace:keyboard:X11DRV_InitKeyboard (661df235 (NoSymbol) 661df243 (NoSymbol) )
2411 wine_trace 00c8:trace:keyboard:X11DRV_InitKeyboard keycode 144 => vkey 00ED
2411 wine_trace 00c8:trace:keyboard:X11DRV_InitKeyboard spare virtual key 00EE assigned to keycode 145:
2412 wine_trace 00c8:trace:keyboard:X11DRV_InitKeyboard (661df24e (NoSymbol) 661df25c (NoSymbol) )
2412 wine_trace 00c8:trace:keyboard:X11DRV_InitKeyboard keycode 145 => vkey 00EE
2412 wine_trace 00c8:trace:keyboard:X11DRV_InitKeyboard spare virtual key 00EF assigned to keycode 146:
2412 wine_trace 00c8:trace:keyboard:X11DRV_InitKeyboard (661df267 (NoSymbol) 661df275 (NoSymbol) )
2412 wine_trace 00c8:trace:keyboard:X11DRV_InitKeyboard keycode 146 => vkey 00EF
2412 wine_trace 00c8:trace:keyboard:X11DRV_InitKeyboard spare virtual key 00F0 assigned to keycode 147:
2412 wine_trace 00c8:trace:keyboard:X11DRV_InitKeyboard (661df280 (NoSymbol) 661df28e (NoSymbol) )
2412 wine_trace 00c8:trace:keyboard:X11DRV_InitKeyboard keycode 147 => vkey 00F0
2412 wine_trace 00c8:trace:keyboard:X11DRV_InitKeyboard spare virtual key 00F1 assigned to keycode 148:
2413 wine_trace 00c8:trace:keyboard:X11DRV_InitKeyboard (661df299 (NoSymbol) 661df2a7 (NoSymbol) )
2413 wine_trace 00c8:trace:keyboard:X11DRV_InitKeyboard keycode 148 => vkey 00F1
2413 wine_trace 00c8:trace:keyboard:X11DRV_InitKeyboard spare virtual key 00F2 assigned to keycode 149:
2413 wine_trace 00c8:trace:keyboard:X11DRV_InitKeyboard (661df2b2 (NoSymbol) 661df2c5 (NoSymbol) )
2413 wine_trace 00c8:trace:keyboard:X11DRV_InitKeyboard keycode 149 => vkey 00F2
2413 wine_trace 00c8:trace:keyboard:X11DRV_InitKeyboard spare virtual key 00F3 assigned to keycode 150:
2413 wine_trace 00c8:trace:keyboard:X11DRV_InitKeyboard (661df2d5 (NoSymbol) 661df2e8 (NoSymbol) )
2413 wine_trace 00c8:trace:keyboard:X11DRV_InitKeyboard keycode 150 => vkey 00F3
2413 wine_trace 00c8:trace:keyboard:X11DRV_InitKeyboard spare virtual key 00F4 assigned to keycode 151:
2414 wine_trace 00c8:trace:keyboard:X11DRV_InitKeyboard (661df2f9 (NoSymbol) 661df307 (NoSymbol) )
2414 wine_trace 00c8:trace:keyboard:X11DRV_InitKeyboard keycode 151 => vkey 00F4
2414 wine_trace 00c8:trace:keyboard:X11DRV_InitKeyboard spare virtual key 00F5 assigned to keycode 152:
2414 wine_trace 00c8:trace:keyboard:X11DRV_InitKeyboard (661df318 (NoSymbol) 661df32b (NoSymbol) )
2414 wine_trace 00c8:trace:keyboard:X11DRV_InitKeyboard keycode 152 => vkey 00F5
2414 wine_trace 00c8:trace:keyboard:X11DRV_InitKeyboard spare virtual key 0092 assigned to keycode 153:
2414 wine_trace 00c8:trace:keyboard:X11DRV_InitKeyboard (661df33b (NoSymbol) 661df34e (NoSymbol) )
2414 wine_trace 00c8:trace:keyboard:X11DRV_InitKeyboard keycode 153 => vkey 0092
2414 wine_trace 00c8:trace:keyboard:X11DRV_InitKeyboard spare virtual key 007C assigned to keycode 154:
2415 wine_trace 00c8:trace:keyboard:X11DRV_InitKeyboard (661df361 (NoSymbol) 661df371 (NoSymbol) )
2415 wine_trace 00c8:trace:keyboard:X11DRV_InitKeyboard keycode 154 => vkey 007C
2415 wine_trace 00c8:trace:keyboard:X11DRV_InitKeyboard spare virtual key 007D assigned to keycode 155:
2415 wine_trace 00c8:trace:keyboard:X11DRV_InitKeyboard (661df384 (NoSymbol) 661df397 (NoSymbol) )
2415 wine_trace 00c8:trace:keyboard:X11DRV_InitKeyboard keycode 155 => vkey 007D
2415 wine_trace 00c8:trace:keyboard:X11DRV_InitKeyboard spare virtual key 007E assigned to keycode 156:
2415 wine_trace 00c8:trace:keyboard:X11DRV_InitKeyboard (661df3a7 (NoSymbol) 661df3ba (NoSymbol) )
2415 wine_trace 00c8:trace:keyboard:X11DRV_InitKeyboard keycode 156 => vkey 007E
2415 wine_trace 00c8:trace:keyboard:X11DRV_InitKeyboard spare virtual key 007F assigned to keycode 157:
2416 wine_trace 00c8:trace:keyboard:X11DRV_InitKeyboard (661df3cc (NoSymbol) 661df3db (NoSymbol) )
2416 wine_trace 00c8:trace:keyboard:X11DRV_InitKeyboard keycode 157 => vkey 007F
2416 wine_trace 00c8:trace:keyboard:X11DRV_InitKeyboard spare virtual key 0080 assigned to keycode 158:
2416 wine_trace 00c8:trace:keyboard:X11DRV_InitKeyboard (661df3ed (NoSymbol) 661df400 (NoSymbol) )
2416 wine_trace 00c8:trace:keyboard:X11DRV_InitKeyboard keycode 158 => vkey 0080
2416 wine_trace 00c8:trace:keyboard:X11DRV_InitKeyboard spare virtual key 0081 assigned to keycode 159:
2416 wine_trace 00c8:trace:keyboard:X11DRV_InitKeyboard (661df410 (NoSymbol) 661df423 (NoSymbol) )
2416 wine_trace 00c8:trace:keyboard:X11DRV_InitKeyboard keycode 159 => vkey 0081
2416 wine_trace 00c8:trace:keyboard:X11DRV_InitKeyboard spare virtual key 0082 assigned to keycode 160:
2417 wine_trace 00c8:trace:keyboard:X11DRV_InitKeyboard (661df436 (NoSymbol) 661df446 (NoSymbol) )
2417 wine_trace 00c8:trace:keyboard:X11DRV_InitKeyboard keycode 160 => vkey 0082
2417 wine_trace 00c8:trace:keyboard:X11DRV_InitKeyboard spare virtual key 0083 assigned to keycode 161:
2417 wine_trace 00c8:trace:keyboard:X11DRV_InitKeyboard (661df459 (NoSymbol) 661df46c (NoSymbol) )
2417 wine_trace 00c8:trace:keyboard:X11DRV_InitKeyboard keycode 161 => vkey 0083
2417 wine_trace 00c8:trace:keyboard:X11DRV_InitKeyboard spare virtual key 0084 assigned to keycode 162:
2417 wine_trace 00c8:trace:keyboard:X11DRV_InitKeyboard (661df47c (NoSymbol) 661df48f (NoSymbol) )
2417 wine_trace 00c8:trace:keyboard:X11DRV_InitKeyboard keycode 162 => vkey 0084
2417 wine_trace 00c8:trace:keyboard:X11DRV_InitKeyboard spare virtual key 0085 assigned to keycode 163:
2418 wine_trace 00c8:trace:keyboard:X11DRV_InitKeyboard (661df4a2 (NoSymbol) 661df4b2 (NoSymbol) )
2418 wine_trace 00c8:trace:keyboard:X11DRV_InitKeyboard keycode 163 => vkey 0085
2418 wine_trace 00c8:trace:keyboard:X11DRV_InitKeyboard spare virtual key 0086 assigned to keycode 164:
2418 wine_trace 00c8:trace:keyboard:X11DRV_InitKeyboard (661df4c5 (NoSymbol) 661df4d8 (NoSymbol) )
2418 wine_trace 00c8:trace:keyboard:X11DRV_InitKeyboard keycode 164 => vkey 0086
2418 wine_trace 00c8:trace:keyboard:X11DRV_InitKeyboard spare virtual key 0087 assigned to keycode 165:
2418 wine_trace 00c8:trace:keyboard:X11DRV_InitKeyboard (661df4e8 (NoSymbol) 661df4fb (NoSymbol) )
2418 wine_trace 00c8:trace:keyboard:X11DRV_InitKeyboard keycode 165 => vkey 0087
2418 wine_trace 00c8:warn:keyboard:X11DRV_InitKeyboard No more vkeys available!
2418 wine_trace 00c8:trace:key:X11DRV_InitKeyboard assigning scancode 60 to unidentified keycode 10 (NoSymbol)
2419 wine_trace 00c8:trace:key:X11DRV_InitKeyboard assigning scancode 61 to unidentified keycode 11 (NoSymbol)
2419 wine_trace 00c8:trace:key:X11DRV_InitKeyboard assigning scancode 62 to unidentified keycode 12 (NoSymbol)
2419 wine_trace 00c8:trace:key:X11DRV_InitKeyboard assigning scancode 63 to unidentified keycode 13 (NoSymbol)
2419 wine_trace 00c8:trace:key:X11DRV_InitKeyboard assigning scancode 64 to unidentified keycode 14 (NoSymbol)
2419 wine_trace 00c8:trace:key:X11DRV_InitKeyboard assigning scancode 65 to unidentified keycode 15 (NoSymbol)
2419 wine_trace 00c8:trace:key:X11DRV_InitKeyboard assigning scancode 66 to unidentified keycode 16 (NoSymbol)
2419 wine_trace 00c8:trace:key:X11DRV_InitKeyboard assigning scancode 67 to unidentified keycode 17 (NoSymbol)
2419 wine_trace 00c8:trace:key:X11DRV_InitKeyboard assigning scancode 68 to unidentified keycode 18 (NoSymbol)
2420 wine_trace 00c8:trace:key:X11DRV_InitKeyboard assigning scancode 69 to unidentified keycode 19 (NoSymbol)
2420 wine_trace 00c8:trace:key:X11DRV_InitKeyboard assigning scancode 6a to unidentified keycode 20 (NoSymbol)
2420 wine_trace 00c8:trace:key:X11DRV_InitKeyboard assigning scancode 6b to unidentified keycode 21 (NoSymbol)
2420 wine_trace 00c8:trace:key:X11DRV_InitKeyboard assigning scancode 6c to unidentified keycode 24 (NoSymbol)
2420 wine_trace 00c8:trace:key:X11DRV_InitKeyboard assigning scancode 6d to unidentified keycode 25 (NoSymbol)
2420 wine_trace 00c8:trace:key:X11DRV_InitKeyboard assigning scancode 6e to unidentified keycode 26 (NoSymbol)
2420 wine_trace 00c8:trace:key:X11DRV_InitKeyboard assigning scancode 6f to unidentified keycode 27 (NoSymbol)
2420 wine_trace 00c8:trace:key:X11DRV_InitKeyboard assigning scancode 70 to unidentified keycode 28 (NoSymbol)
2421 wine_trace 00c8:trace:key:X11DRV_InitKeyboard assigning scancode 71 to unidentified keycode 29 (NoSymbol)
2421 wine_trace 00c8:trace:key:X11DRV_InitKeyboard assigning scancode 72 to unidentified keycode 30 (NoSymbol)
2421 wine_trace 00c8:trace:key:X11DRV_InitKeyboard assigning scancode 73 to unidentified keycode 31 (NoSymbol)
2421 wine_trace 00c8:trace:key:X11DRV_InitKeyboard assigning scancode 74 to unidentified keycode 32 (NoSymbol)
2421 wine_trace 00c8:trace:key:X11DRV_InitKeyboard assigning scancode 75 to unidentified keycode 33 (NoSymbol)
2421 wine_trace 00c8:trace:key:X11DRV_InitKeyboard assigning scancode 76 to unidentified keycode 34 (NoSymbol)
2421 wine_trace 00c8:trace:key:X11DRV_InitKeyboard assigning scancode 77 to unidentified keycode 35 (NoSymbol)
2422 wine_trace 00c8:trace:key:X11DRV_InitKeyboard assigning scancode 78 to unidentified keycode 38 (NoSymbol)
2422 wine_trace 00c8:trace:key:X11DRV_InitKeyboard assigning scancode 79 to unidentified keycode 39 (NoSymbol)
2422 wine_trace 00c8:trace:key:X11DRV_InitKeyboard assigning scancode 7a to unidentified keycode 40 (NoSymbol)
2422 wine_trace 00c8:trace:key:X11DRV_InitKeyboard assigning scancode 7b to unidentified keycode 41 (NoSymbol)
2422 wine_trace 00c8:trace:key:X11DRV_InitKeyboard assigning scancode 7c to unidentified keycode 42 (NoSymbol)
2422 wine_trace 00c8:trace:key:X11DRV_InitKeyboard assigning scancode 7d to unidentified keycode 43 (NoSymbol)
2422 wine_trace 00c8:trace:key:X11DRV_InitKeyboard assigning scancode 7e to unidentified keycode 44 (NoSymbol)
2422 wine_trace 00c8:trace:key:X11DRV_InitKeyboard assigning scancode 7f to unidentified keycode 45 (NoSymbol)
2422 wine_trace 00c8:trace:key:X11DRV_InitKeyboard assigning scancode 80 to unidentified keycode 46 (NoSymbol)
2423 wine_trace 00c8:trace:key:X11DRV_InitKeyboard assigning scancode 81 to unidentified keycode 47 (NoSymbol)
2423 wine_trace 00c8:trace:key:X11DRV_InitKeyboard assigning scancode 82 to unidentified keycode 48 (NoSymbol)
2423 wine_trace 00c8:trace:key:X11DRV_InitKeyboard assigning scancode 83 to unidentified keycode 49 (NoSymbol)
2423 wine_trace 00c8:trace:key:X11DRV_InitKeyboard assigning scancode 84 to unidentified keycode 51 (NoSymbol)
2423 wine_trace 00c8:trace:key:X11DRV_InitKeyboard assigning scancode 85 to unidentified keycode 52 (NoSymbol)
2423 wine_trace 00c8:trace:key:X11DRV_InitKeyboard assigning scancode 86 to unidentified keycode 53 (NoSymbol)
2423 wine_trace 00c8:trace:key:X11DRV_InitKeyboard assigning scancode 87 to unidentified keycode 54 (NoSymbol)
2423 wine_trace 00c8:trace:key:X11DRV_InitKeyboard assigning scancode 88 to unidentified keycode 55 (NoSymbol)
2423 wine_trace 00c8:trace:key:X11DRV_InitKeyboard assigning scancode 89 to unidentified keycode 56 (NoSymbol)
2424 wine_trace 00c8:trace:key:X11DRV_InitKeyboard assigning scancode 8a to unidentified keycode 57 (NoSymbol)
2424 wine_trace 00c8:trace:key:X11DRV_InitKeyboard assigning scancode 8b to unidentified keycode 58 (NoSymbol)
2424 wine_trace 00c8:trace:key:X11DRV_InitKeyboard assigning scancode 8c to unidentified keycode 59 (NoSymbol)
2424 wine_trace 00c8:trace:key:X11DRV_InitKeyboard assigning scancode 8d to unidentified keycode 60 (NoSymbol)
2424 wine_trace 00c8:trace:key:X11DRV_InitKeyboard assigning scancode 8e to unidentified keycode 61 (NoSymbol)
2424 wine_trace 00c8:trace:key:X11DRV_InitKeyboard assigning scancode 8f to unidentified keycode 134 (NoSymbol)
2424 wine_trace 00c8:trace:key:X11DRV_InitKeyboard assigning scancode 90 to unidentified keycode 135 (NoSymbol)
2424 wine_trace 00c8:trace:key:X11DRV_InitKeyboard assigning scancode 91 to unidentified keycode 136 (NoSymbol)
2424 wine_trace 00c8:trace:key:X11DRV_InitKeyboard assigning scancode 92 to unidentified keycode 137 (NoSymbol)
2425 wine_trace 00c8:trace:key:X11DRV_InitKeyboard assigning scancode 93 to unidentified keycode 138 (NoSymbol)
2425 wine_trace 00c8:trace:key:X11DRV_InitKeyboard assigning scancode 94 to unidentified keycode 139 (NoSymbol)
2425 wine_trace 00c8:trace:key:X11DRV_InitKeyboard assigning scancode 95 to unidentified keycode 140 (NoSymbol)
2425 wine_trace 00c8:trace:key:X11DRV_InitKeyboard assigning scancode 96 to unidentified keycode 141 (NoSymbol)
2425 wine_trace 00c8:trace:key:X11DRV_InitKeyboard assigning scancode 97 to unidentified keycode 142 (NoSymbol)
2425 wine_trace 00c8:trace:key:X11DRV_InitKeyboard assigning scancode 98 to unidentified keycode 143 (NoSymbol)
2425 wine_trace 00c8:trace:key:X11DRV_InitKeyboard assigning scancode 99 to unidentified keycode 144 (NoSymbol)
2425 wine_trace 00c8:trace:key:X11DRV_InitKeyboard assigning scancode 9a to unidentified keycode 145 (NoSymbol)
2425 wine_trace 00c8:trace:key:X11DRV_InitKeyboard assigning scancode 9b to unidentified keycode 146 (NoSymbol)
2426 wine_trace 00c8:trace:key:X11DRV_InitKeyboard assigning scancode 9c to unidentified keycode 147 (NoSymbol)
2426 wine_trace 00c8:trace:key:X11DRV_InitKeyboard assigning scancode 9d to unidentified keycode 148 (NoSymbol)
2426 wine_trace 00c8:trace:key:X11DRV_InitKeyboard assigning scancode 9e to unidentified keycode 149 (NoSymbol)
2426 wine_trace 00c8:trace:key:X11DRV_InitKeyboard assigning scancode 9f to unidentified keycode 150 (NoSymbol)
2426 wine_trace 00c8:trace:key:X11DRV_InitKeyboard assigning scancode a0 to unidentified keycode 151 (NoSymbol)
2426 wine_trace 00c8:trace:key:X11DRV_InitKeyboard assigning scancode a1 to unidentified keycode 152 (NoSymbol)
2426 wine_trace 00c8:trace:key:X11DRV_InitKeyboard assigning scancode a2 to unidentified keycode 153 (NoSymbol)
2426 wine_trace 00c8:trace:key:X11DRV_InitKeyboard assigning scancode a3 to unidentified keycode 154 (NoSymbol)
2426 wine_trace 00c8:trace:key:X11DRV_InitKeyboard assigning scancode a4 to unidentified keycode 155 (NoSymbol)
2427 wine_trace 00c8:trace:key:X11DRV_InitKeyboard assigning scancode a5 to unidentified keycode 156 (NoSymbol)
2427 wine_trace 00c8:trace:key:X11DRV_InitKeyboard assigning scancode a6 to unidentified keycode 157 (NoSymbol)
2427 wine_trace 00c8:trace:key:X11DRV_InitKeyboard assigning scancode a7 to unidentified keycode 158 (NoSymbol)
2427 wine_trace 00c8:trace:key:X11DRV_InitKeyboard assigning scancode a8 to unidentified keycode 159 (NoSymbol)
2427 wine_trace 00c8:trace:key:X11DRV_InitKeyboard assigning scancode a9 to unidentified keycode 160 (NoSymbol)
2427 wine_trace 00c8:trace:key:X11DRV_InitKeyboard assigning scancode aa to unidentified keycode 161 (NoSymbol)
2427 wine_trace 00c8:trace:key:X11DRV_InitKeyboard assigning scancode ab to unidentified keycode 162 (NoSymbol)
2427 wine_trace 00c8:trace:key:X11DRV_InitKeyboard assigning scancode ac to unidentified keycode 163 (NoSymbol)
2428 wine_trace 00c8:trace:key:X11DRV_InitKeyboard assigning scancode ad to unidentified keycode 164 (NoSymbol)
2428 wine_trace 00c8:trace:key:X11DRV_InitKeyboard assigning scancode ae to unidentified keycode 165 (NoSymbol)
2554 window_map id=20971527,parent=3,name=nogui - Wine Desktop,class=explorer.exe,mapped=true,viewable=false,enabled=false,renderable=true,surface=false,application=true,keyPress=true,keyRelease=true,focusChange=true,focus_before={null}
2555 focus_notify previous={null},focused={id=20971527,parent=3,name=nogui - Wine Desktop,class=explorer.exe,mapped=true,viewable=false,enabled=false,renderable=true,surface=false,application=true,keyPress=true,keyRelease=true,focusChange=true},outDetail=NONE,inDetail=NONE,outSelected=false,inSelected=true
2555 window_map_result id=20971527,focus_after={id=20971527,parent=3,name=nogui - Wine Desktop,class=explorer.exe,mapped=true,viewable=false,enabled=false,renderable=true,surface=false,application=true,keyPress=true,keyRelease=true,focusChange=true}
2959 wine_trace 00dc:trace:keyboard:NtUserGetKeyboardLayoutName name 0x14011e860
2959 wine_trace 00dc:trace:keyboard:NtUserGetKeyboardLayoutName ret L"00000409"
3059 winhandler_init_received port=7946
3175 wine_trace 00ec:trace:keyboard:NtUserGetKeyboardLayoutName name 0x14012e860
3176 wine_trace 00ec:trace:keyboard:NtUserGetKeyboardLayoutName ret L"00000409"
4260 wine_trace 00ec:trace:keyboard:X11DRV_KEYBOARD_DetectLayout Attempting to match against "United States keyboard layout"
4260 wine_trace 00ec:trace:keyboard:X11DRV_KEYBOARD_DetectLayout matches=0, mismatches=0, seq=0, score=0
4260 wine_trace 00ec:trace:keyboard:X11DRV_KEYBOARD_DetectLayout Attempting to match against "United States keyboard layout (phantom key version)"
4261 wine_trace 00ec:trace:keyboard:X11DRV_KEYBOARD_DetectLayout matches=0, mismatches=0, seq=0, score=0
4261 wine_trace 00ec:trace:keyboard:X11DRV_KEYBOARD_DetectLayout Attempting to match against "United States keyboard layout (dvorak)"
4261 wine_trace 00ec:trace:keyboard:X11DRV_KEYBOARD_DetectLayout matches=0, mismatches=0, seq=0, score=0
4261 wine_trace 00ec:trace:keyboard:X11DRV_KEYBOARD_DetectLayout Attempting to match against "United States keyboard layout (programmer dvorak)"
4262 wine_trace 00ec:trace:keyboard:X11DRV_KEYBOARD_DetectLayout matches=0, mismatches=0, seq=0, score=0
4262 wine_trace 00ec:trace:keyboard:X11DRV_KEYBOARD_DetectLayout Attempting to match against "United States keyboard layout (dvorak with phantom key)"
4262 wine_trace 00ec:trace:keyboard:X11DRV_KEYBOARD_DetectLayout matches=0, mismatches=0, seq=0, score=0
4262 wine_trace 00ec:trace:keyboard:X11DRV_KEYBOARD_DetectLayout Attempting to match against "United States International keyboard layout"
4262 wine_trace 00ec:trace:keyboard:X11DRV_KEYBOARD_DetectLayout matches=0, mismatches=0, seq=0, score=0
4263 wine_trace 00ec:trace:keyboard:X11DRV_KEYBOARD_DetectLayout Attempting to match against "British keyboard layout"
4263 wine_trace 00ec:trace:keyboard:X11DRV_KEYBOARD_DetectLayout matches=0, mismatches=0, seq=0, score=0
4263 wine_trace 00ec:trace:keyboard:X11DRV_KEYBOARD_DetectLayout Attempting to match against "German keyboard layout"
4263 wine_trace 00ec:trace:keyboard:X11DRV_KEYBOARD_DetectLayout matches=0, mismatches=0, seq=0, score=0
4264 wine_trace 00ec:trace:keyboard:X11DRV_KEYBOARD_DetectLayout Attempting to match against "Swiss German keyboard layout"
4264 wine_trace 00ec:trace:keyboard:X11DRV_KEYBOARD_DetectLayout matches=0, mismatches=0, seq=0, score=0
4264 wine_trace 00ec:trace:keyboard:X11DRV_KEYBOARD_DetectLayout Attempting to match against "Swiss French keyboard layout"
4264 wine_trace 00ec:trace:keyboard:X11DRV_KEYBOARD_DetectLayout matches=0, mismatches=0, seq=0, score=0
4264 wine_trace 00ec:trace:keyboard:X11DRV_KEYBOARD_DetectLayout Attempting to match against "Swedish keyboard layout"
4265 wine_trace 00ec:trace:keyboard:X11DRV_KEYBOARD_DetectLayout matches=0, mismatches=0, seq=0, score=0
4265 wine_trace 00ec:trace:keyboard:X11DRV_KEYBOARD_DetectLayout Attempting to match against "Estonian keyboard layout"
4265 wine_trace 00ec:trace:keyboard:X11DRV_KEYBOARD_DetectLayout matches=0, mismatches=0, seq=0, score=0
4265 wine_trace 00ec:trace:keyboard:X11DRV_KEYBOARD_DetectLayout Attempting to match against "Norwegian keyboard layout"
4265 wine_trace 00ec:trace:keyboard:X11DRV_KEYBOARD_DetectLayout matches=0, mismatches=0, seq=0, score=0
4266 wine_trace 00ec:trace:keyboard:X11DRV_KEYBOARD_DetectLayout Attempting to match against "Danish keyboard layout"
4266 wine_trace 00ec:trace:keyboard:X11DRV_KEYBOARD_DetectLayout matches=0, mismatches=0, seq=0, score=0
4266 wine_trace 00ec:trace:keyboard:X11DRV_KEYBOARD_DetectLayout Attempting to match against "French keyboard layout"
4266 wine_trace 00ec:trace:keyboard:X11DRV_KEYBOARD_DetectLayout matches=0, mismatches=0, seq=0, score=0
4266 wine_trace 00ec:trace:keyboard:X11DRV_KEYBOARD_DetectLayout Attempting to match against "Canadian French keyboard layout"
4267 wine_trace 00ec:trace:keyboard:X11DRV_KEYBOARD_DetectLayout matches=0, mismatches=0, seq=0, score=0
4267 wine_trace 00ec:trace:keyboard:X11DRV_KEYBOARD_DetectLayout Attempting to match against "Canadian French keyboard layout (CA_fr)"
4267 wine_trace 00ec:trace:keyboard:X11DRV_KEYBOARD_DetectLayout matches=0, mismatches=0, seq=0, score=0
4268 wine_trace 00ec:trace:keyboard:X11DRV_KEYBOARD_DetectLayout Attempting to match against "Canadian keyboard layout"
4268 wine_trace 00ec:trace:keyboard:X11DRV_KEYBOARD_DetectLayout matches=0, mismatches=0, seq=0, score=0
4268 wine_trace 00ec:trace:keyboard:X11DRV_KEYBOARD_DetectLayout Attempting to match against "Belgian keyboard layout"
4268 wine_trace 00ec:trace:keyboard:X11DRV_KEYBOARD_DetectLayout matches=0, mismatches=0, seq=0, score=0
4268 wine_trace 00ec:trace:keyboard:X11DRV_KEYBOARD_DetectLayout Attempting to match against "Portuguese keyboard layout"
4268 wine_trace 00ec:trace:keyboard:X11DRV_KEYBOARD_DetectLayout matches=0, mismatches=0, seq=0, score=0
4268 wine_trace 00ec:trace:keyboard:X11DRV_KEYBOARD_DetectLayout Attempting to match against "Brazilian ABNT-2 keyboard layout"
4268 wine_trace 00ec:trace:keyboard:X11DRV_KEYBOARD_DetectLayout matches=0, mismatches=0, seq=0, score=0
4269 wine_trace 00ec:trace:keyboard:X11DRV_KEYBOARD_DetectLayout Attempting to match against "Brazilian ABNT-2 keyboard layout ALT GR"
4269 wine_trace 00ec:trace:keyboard:X11DRV_KEYBOARD_DetectLayout matches=0, mismatches=0, seq=0, score=0
4269 wine_trace 00ec:trace:keyboard:X11DRV_KEYBOARD_DetectLayout Attempting to match against "Finnish keyboard layout"
4269 wine_trace 00ec:trace:keyboard:X11DRV_KEYBOARD_DetectLayout matches=0, mismatches=0, seq=0, score=0
4269 wine_trace 00ec:trace:keyboard:X11DRV_KEYBOARD_DetectLayout Attempting to match against "Bulgarian bds keyboard layout"
4269 wine_trace 00ec:trace:keyboard:X11DRV_KEYBOARD_DetectLayout matches=0, mismatches=0, seq=0, score=0
4269 wine_trace 00ec:trace:keyboard:X11DRV_KEYBOARD_DetectLayout Attempting to match against "Bulgarian phonetic keyboard layout"
4269 wine_trace 00ec:trace:keyboard:X11DRV_KEYBOARD_DetectLayout matches=0, mismatches=0, seq=0, score=0
4269 wine_trace 00ec:trace:keyboard:X11DRV_KEYBOARD_DetectLayout Attempting to match against "Belarusian keyboard layout"
4270 wine_trace 00ec:trace:keyboard:X11DRV_KEYBOARD_DetectLayout matches=0, mismatches=0, seq=0, score=0
4270 wine_trace 00ec:trace:keyboard:X11DRV_KEYBOARD_DetectLayout Attempting to match against "Russian keyboard layout"
4270 wine_trace 00ec:trace:keyboard:X11DRV_KEYBOARD_DetectLayout matches=0, mismatches=0, seq=0, score=0
4270 wine_trace 00ec:trace:keyboard:X11DRV_KEYBOARD_DetectLayout Attempting to match against "Russian keyboard layout (phantom key version)"
4270 wine_trace 00ec:trace:keyboard:X11DRV_KEYBOARD_DetectLayout matches=0, mismatches=0, seq=0, score=0
4270 wine_trace 00ec:trace:keyboard:X11DRV_KEYBOARD_DetectLayout Attempting to match against "Russian keyboard layout KOI8-R"
4270 wine_trace 00ec:trace:keyboard:X11DRV_KEYBOARD_DetectLayout matches=0, mismatches=0, seq=0, score=0
4270 wine_trace 00ec:trace:keyboard:X11DRV_KEYBOARD_DetectLayout Attempting to match against "Russian keyboard layout cp1251"
4270 wine_trace 00ec:trace:keyboard:X11DRV_KEYBOARD_DetectLayout matches=0, mismatches=0, seq=0, score=0
4271 wine_trace 00ec:trace:keyboard:X11DRV_KEYBOARD_DetectLayout Attempting to match against "Russian phonetic keyboard layout"
4271 wine_trace 00ec:trace:keyboard:X11DRV_KEYBOARD_DetectLayout matches=0, mismatches=0, seq=0, score=0
4271 wine_trace 00ec:trace:keyboard:X11DRV_KEYBOARD_DetectLayout Attempting to match against "Ukrainian keyboard layout KOI8-U"
4271 wine_trace 00ec:trace:keyboard:X11DRV_KEYBOARD_DetectLayout matches=0, mismatches=0, seq=0, score=0
4271 wine_trace 00ec:trace:keyboard:X11DRV_KEYBOARD_DetectLayout Attempting to match against "Ukrainian keyboard layout (standard)"
4271 wine_trace 00ec:trace:keyboard:X11DRV_KEYBOARD_DetectLayout matches=0, mismatches=0, seq=0, score=0
4271 wine_trace 00ec:trace:keyboard:X11DRV_KEYBOARD_DetectLayout Attempting to match against "Russian keyboard layout (standard)"
4271 wine_trace 00ec:trace:keyboard:X11DRV_KEYBOARD_DetectLayout matches=0, mismatches=0, seq=0, score=0
4271 wine_trace 00ec:trace:keyboard:X11DRV_KEYBOARD_DetectLayout Attempting to match against "Spanish keyboard layout"
4272 wine_trace 00ec:trace:keyboard:X11DRV_KEYBOARD_DetectLayout matches=0, mismatches=0, seq=0, score=0
4272 wine_trace 00ec:trace:keyboard:X11DRV_KEYBOARD_DetectLayout Attempting to match against "Italian keyboard layout"
4272 wine_trace 00ec:trace:keyboard:X11DRV_KEYBOARD_DetectLayout matches=0, mismatches=0, seq=0, score=0
4272 wine_trace 00ec:trace:keyboard:X11DRV_KEYBOARD_DetectLayout Attempting to match against "Icelandic keyboard layout"
4272 wine_trace 00ec:trace:keyboard:X11DRV_KEYBOARD_DetectLayout matches=0, mismatches=0, seq=0, score=0
4272 wine_trace 00ec:trace:keyboard:X11DRV_KEYBOARD_DetectLayout Attempting to match against "Hungarian keyboard layout"
4272 wine_trace 00ec:trace:keyboard:X11DRV_KEYBOARD_DetectLayout matches=0, mismatches=0, seq=0, score=0
4272 wine_trace 00ec:trace:keyboard:X11DRV_KEYBOARD_DetectLayout Attempting to match against "Polish (programmer's) keyboard layout"
4272 wine_trace 00ec:trace:keyboard:X11DRV_KEYBOARD_DetectLayout matches=0, mismatches=0, seq=0, score=0
4273 wine_trace 00ec:trace:keyboard:X11DRV_KEYBOARD_DetectLayout Attempting to match against "Slovenian keyboard layout"
4273 wine_trace 00ec:trace:keyboard:X11DRV_KEYBOARD_DetectLayout matches=0, mismatches=0, seq=0, score=0
4273 wine_trace 00ec:trace:keyboard:X11DRV_KEYBOARD_DetectLayout Attempting to match against "Serbian keyboard layout sr"
4273 wine_trace 00ec:trace:keyboard:X11DRV_KEYBOARD_DetectLayout matches=0, mismatches=0, seq=0, score=0
4273 wine_trace 00ec:trace:keyboard:X11DRV_KEYBOARD_DetectLayout Attempting to match against "Serbian keyboard layout us,sr"
4273 wine_trace 00ec:trace:keyboard:X11DRV_KEYBOARD_DetectLayout matches=0, mismatches=0, seq=0, score=0
4273 wine_trace 00ec:trace:keyboard:X11DRV_KEYBOARD_DetectLayout Attempting to match against "Croatian keyboard layout"
4273 wine_trace 00ec:trace:keyboard:X11DRV_KEYBOARD_DetectLayout matches=0, mismatches=0, seq=0, score=0
4274 wine_trace 00ec:trace:keyboard:X11DRV_KEYBOARD_DetectLayout Attempting to match against "Croatian keyboard layout (specific)"
4274 wine_trace 00ec:trace:keyboard:X11DRV_KEYBOARD_DetectLayout matches=0, mismatches=0, seq=0, score=0
4274 wine_trace 00ec:trace:keyboard:X11DRV_KEYBOARD_DetectLayout Attempting to match against "Japanese 106 keyboard layout"
4274 wine_trace 00ec:trace:keyboard:X11DRV_KEYBOARD_DetectLayout matches=0, mismatches=0, seq=0, score=0
4274 wine_trace 00ec:trace:keyboard:X11DRV_KEYBOARD_DetectLayout Attempting to match against "Japanese Mac keyboard layout"
4274 wine_trace 00ec:trace:keyboard:X11DRV_KEYBOARD_DetectLayout matches=0, mismatches=0, seq=0, score=0
4274 wine_trace 00ec:trace:keyboard:X11DRV_KEYBOARD_DetectLayout Attempting to match against "Japanese pc98x1 keyboard layout"
4274 wine_trace 00ec:trace:keyboard:X11DRV_KEYBOARD_DetectLayout matches=0, mismatches=0, seq=0, score=0
4274 wine_trace 00ec:trace:keyboard:X11DRV_KEYBOARD_DetectLayout Attempting to match against "Slovak keyboard layout"
4275 wine_trace 00ec:trace:keyboard:X11DRV_KEYBOARD_DetectLayout matches=0, mismatches=0, seq=0, score=0
4275 wine_trace 00ec:trace:keyboard:X11DRV_KEYBOARD_DetectLayout Attempting to match against "Slovak and Czech keyboard layout without dead keys"
4275 wine_trace 00ec:trace:keyboard:X11DRV_KEYBOARD_DetectLayout matches=0, mismatches=0, seq=0, score=0
4275 wine_trace 00ec:trace:keyboard:X11DRV_KEYBOARD_DetectLayout Attempting to match against "Czech keyboard layout"
4275 wine_trace 00ec:trace:keyboard:X11DRV_KEYBOARD_DetectLayout matches=0, mismatches=0, seq=0, score=0
4275 wine_trace 00ec:trace:keyboard:X11DRV_KEYBOARD_DetectLayout Attempting to match against "Czech keyboard layout cz"
4275 wine_trace 00ec:trace:keyboard:X11DRV_KEYBOARD_DetectLayout matches=0, mismatches=0, seq=0, score=0
4275 wine_trace 00ec:trace:keyboard:X11DRV_KEYBOARD_DetectLayout Attempting to match against "Czech keyboard layout cz_qwerty"
4276 wine_trace 00ec:trace:keyboard:X11DRV_KEYBOARD_DetectLayout matches=0, mismatches=0, seq=0, score=0
4276 wine_trace 00ec:trace:keyboard:X11DRV_KEYBOARD_DetectLayout Attempting to match against "Latin American keyboard layout"
4276 wine_trace 00ec:trace:keyboard:X11DRV_KEYBOARD_DetectLayout matches=0, mismatches=0, seq=0, score=0
4276 wine_trace 00ec:trace:keyboard:X11DRV_KEYBOARD_DetectLayout Attempting to match against "Lithuanian (Baltic) keyboard layout"
4276 wine_trace 00ec:trace:keyboard:X11DRV_KEYBOARD_DetectLayout matches=0, mismatches=0, seq=0, score=0
4276 wine_trace 00ec:trace:keyboard:X11DRV_KEYBOARD_DetectLayout Attempting to match against "Turkish keyboard layout"
4276 wine_trace 00ec:trace:keyboard:X11DRV_KEYBOARD_DetectLayout matches=0, mismatches=0, seq=0, score=0
4276 wine_trace 00ec:trace:keyboard:X11DRV_KEYBOARD_DetectLayout Attempting to match against "Turkish keyboard layout tr"
4277 wine_trace 00ec:trace:keyboard:X11DRV_KEYBOARD_DetectLayout matches=0, mismatches=0, seq=0, score=0
4277 wine_trace 00ec:trace:keyboard:X11DRV_KEYBOARD_DetectLayout Attempting to match against "Turkish keyboard layout trf"
4277 wine_trace 00ec:trace:keyboard:X11DRV_KEYBOARD_DetectLayout matches=0, mismatches=0, seq=0, score=0
4277 wine_trace 00ec:trace:keyboard:X11DRV_KEYBOARD_DetectLayout Attempting to match against "Israelian keyboard layout"
4277 wine_trace 00ec:trace:keyboard:X11DRV_KEYBOARD_DetectLayout matches=0, mismatches=0, seq=0, score=0
4277 wine_trace 00ec:trace:keyboard:X11DRV_KEYBOARD_DetectLayout Attempting to match against "Israelian phonetic keyboard layout"
4277 wine_trace 00ec:trace:keyboard:X11DRV_KEYBOARD_DetectLayout matches=0, mismatches=0, seq=0, score=0
4277 wine_trace 00ec:trace:keyboard:X11DRV_KEYBOARD_DetectLayout Attempting to match against "Israelian Saharon keyboard layout"
4277 wine_trace 00ec:trace:keyboard:X11DRV_KEYBOARD_DetectLayout matches=0, mismatches=0, seq=0, score=0
4278 wine_trace 00ec:trace:keyboard:X11DRV_KEYBOARD_DetectLayout Attempting to match against "VNC keyboard layout"
4278 wine_trace 00ec:trace:keyboard:X11DRV_KEYBOARD_DetectLayout matches=0, mismatches=0, seq=0, score=0
4278 wine_trace 00ec:trace:keyboard:X11DRV_KEYBOARD_DetectLayout Attempting to match against "Greek keyboard layout"
4278 wine_trace 00ec:trace:keyboard:X11DRV_KEYBOARD_DetectLayout matches=0, mismatches=0, seq=0, score=0
4278 wine_trace 00ec:trace:keyboard:X11DRV_KEYBOARD_DetectLayout Attempting to match against "Thai (Kedmanee)  keyboard layout"
4278 wine_trace 00ec:trace:keyboard:X11DRV_KEYBOARD_DetectLayout matches=0, mismatches=0, seq=0, score=0
4278 wine_trace 00ec:trace:keyboard:X11DRV_KEYBOARD_DetectLayout Attempting to match against "Dutch keyboard layout"
4278 wine_trace 00ec:trace:keyboard:X11DRV_KEYBOARD_DetectLayout matches=0, mismatches=0, seq=0, score=0
4279 wine_trace 00ec:trace:keyboard:X11DRV_KEYBOARD_DetectLayout detected layout is "United States keyboard layout"
4279 wine_trace 00ec:trace:keyboard:X11DRV_InitKeyboard keycode 8 => vkey 0000
4279 wine_trace 00ec:trace:keyboard:X11DRV_InitKeyboard keycode 9 => vkey 001B
4279 wine_trace 00ec:trace:keyboard:X11DRV_InitKeyboard keycode 10 => vkey 0000
4279 wine_trace 00ec:trace:keyboard:X11DRV_InitKeyboard keycode 11 => vkey 0000
4279 wine_trace 00ec:trace:keyboard:X11DRV_InitKeyboard keycode 12 => vkey 0000
4279 wine_trace 00ec:trace:keyboard:X11DRV_InitKeyboard keycode 13 => vkey 0000
4279 wine_trace 00ec:trace:keyboard:X11DRV_InitKeyboard keycode 14 => vkey 0000
4279 wine_trace 00ec:trace:keyboard:X11DRV_InitKeyboard keycode 15 => vkey 0000
4280 wine_trace 00ec:trace:keyboard:X11DRV_InitKeyboard keycode 16 => vkey 0000
4280 wine_trace 00ec:trace:keyboard:X11DRV_InitKeyboard keycode 17 => vkey 0000
4280 wine_trace 00ec:trace:keyboard:X11DRV_InitKeyboard keycode 18 => vkey 0000
4280 wine_trace 00ec:trace:keyboard:X11DRV_InitKeyboard keycode 19 => vkey 0000
4280 wine_trace 00ec:trace:keyboard:X11DRV_InitKeyboard keycode 20 => vkey 0000
4280 wine_trace 00ec:trace:keyboard:X11DRV_InitKeyboard keycode 21 => vkey 0000
4280 wine_trace 00ec:trace:keyboard:X11DRV_InitKeyboard keycode 22 => vkey 0008
4280 wine_trace 00ec:trace:keyboard:X11DRV_InitKeyboard keycode 23 => vkey 0009
4280 wine_trace 00ec:trace:keyboard:X11DRV_InitKeyboard keycode 24 => vkey 0000
4281 wine_trace 00ec:trace:keyboard:X11DRV_InitKeyboard keycode 25 => vkey 0000
4281 wine_trace 00ec:trace:keyboard:X11DRV_InitKeyboard keycode 26 => vkey 0000
4281 wine_trace 00ec:trace:keyboard:X11DRV_InitKeyboard keycode 27 => vkey 0000
4281 wine_trace 00ec:trace:keyboard:X11DRV_InitKeyboard keycode 28 => vkey 0000
4281 wine_trace 00ec:trace:keyboard:X11DRV_InitKeyboard keycode 29 => vkey 0000
4281 wine_trace 00ec:trace:keyboard:X11DRV_InitKeyboard keycode 30 => vkey 0000
4281 wine_trace 00ec:trace:keyboard:X11DRV_InitKeyboard keycode 31 => vkey 0000
4281 wine_trace 00ec:trace:keyboard:X11DRV_InitKeyboard keycode 32 => vkey 0000
4281 wine_trace 00ec:trace:keyboard:X11DRV_InitKeyboard keycode 33 => vkey 0000
4282 wine_trace 00ec:trace:keyboard:X11DRV_InitKeyboard keycode 34 => vkey 0000
4282 wine_trace 00ec:trace:keyboard:X11DRV_InitKeyboard keycode 35 => vkey 0000
4282 wine_trace 00ec:trace:keyboard:X11DRV_InitKeyboard keycode 36 => vkey 000D
4282 wine_trace 00ec:trace:keyboard:X11DRV_InitKeyboard keycode 37 => vkey 00A2
4282 wine_trace 00ec:trace:keyboard:X11DRV_InitKeyboard keycode 38 => vkey 0000
4282 wine_trace 00ec:trace:keyboard:X11DRV_InitKeyboard keycode 39 => vkey 0000
4282 wine_trace 00ec:trace:keyboard:X11DRV_InitKeyboard keycode 40 => vkey 0000
4282 wine_trace 00ec:trace:keyboard:X11DRV_InitKeyboard keycode 41 => vkey 0000
4282 wine_trace 00ec:trace:keyboard:X11DRV_InitKeyboard keycode 42 => vkey 0000
4282 wine_trace 00ec:trace:keyboard:X11DRV_InitKeyboard keycode 43 => vkey 0000
4283 wine_trace 00ec:trace:keyboard:X11DRV_InitKeyboard keycode 44 => vkey 0000
4283 wine_trace 00ec:trace:keyboard:X11DRV_InitKeyboard keycode 45 => vkey 0000
4283 wine_trace 00ec:trace:keyboard:X11DRV_InitKeyboard keycode 46 => vkey 0000
4283 wine_trace 00ec:trace:keyboard:X11DRV_InitKeyboard keycode 47 => vkey 0000
4283 wine_trace 00ec:trace:keyboard:X11DRV_InitKeyboard keycode 48 => vkey 0000
4283 wine_trace 00ec:trace:keyboard:X11DRV_InitKeyboard keycode 49 => vkey 0000
4283 wine_trace 00ec:trace:keyboard:X11DRV_InitKeyboard keycode 50 => vkey 00A0
4283 wine_trace 00ec:trace:keyboard:X11DRV_InitKeyboard keycode 51 => vkey 0000
4284 wine_trace 00ec:trace:keyboard:X11DRV_InitKeyboard keycode 52 => vkey 0000
4284 wine_trace 00ec:trace:keyboard:X11DRV_InitKeyboard keycode 53 => vkey 0000
4284 wine_trace 00ec:trace:keyboard:X11DRV_InitKeyboard keycode 54 => vkey 0000
4284 wine_trace 00ec:trace:keyboard:X11DRV_InitKeyboard keycode 55 => vkey 0000
4284 wine_trace 00ec:trace:keyboard:X11DRV_InitKeyboard keycode 56 => vkey 0000
4284 wine_trace 00ec:trace:keyboard:X11DRV_InitKeyboard keycode 57 => vkey 0000
4284 wine_trace 00ec:trace:keyboard:X11DRV_InitKeyboard keycode 58 => vkey 0000
4284 wine_trace 00ec:trace:keyboard:X11DRV_InitKeyboard keycode 59 => vkey 0000
4284 wine_trace 00ec:trace:keyboard:X11DRV_InitKeyboard keycode 60 => vkey 0000
4285 wine_trace 00ec:trace:keyboard:X11DRV_InitKeyboard keycode 61 => vkey 0000
4285 wine_trace 00ec:trace:keyboard:X11DRV_InitKeyboard keycode 62 => vkey 01A1
4285 wine_trace 00ec:trace:keyboard:X11DRV_InitKeyboard keycode 63 => vkey 006A
4285 wine_trace 00ec:trace:keyboard:X11DRV_InitKeyboard keycode 64 => vkey 00A4
4285 wine_trace 00ec:trace:keyboard:X11DRV_InitKeyboard keycode 65 => vkey 0020
4285 wine_trace 00ec:trace:keyboard:X11DRV_InitKeyboard keycode 66 => vkey 0000
4285 wine_trace 00ec:trace:keyboard:X11DRV_InitKeyboard keycode 67 => vkey 0070
4285 wine_trace 00ec:trace:keyboard:X11DRV_InitKeyboard keycode 68 => vkey 0071
4286 wine_trace 00ec:trace:keyboard:X11DRV_InitKeyboard keycode 69 => vkey 0072
4286 wine_trace 00ec:trace:keyboard:X11DRV_InitKeyboard keycode 70 => vkey 0073
4286 wine_trace 00ec:trace:keyboard:X11DRV_InitKeyboard keycode 71 => vkey 0074
4286 wine_trace 00ec:trace:keyboard:X11DRV_InitKeyboard keycode 72 => vkey 0075
4286 wine_trace 00ec:trace:keyboard:X11DRV_InitKeyboard keycode 73 => vkey 0076
4286 wine_trace 00ec:trace:keyboard:X11DRV_InitKeyboard keycode 74 => vkey 0077
4286 wine_trace 00ec:trace:keyboard:X11DRV_InitKeyboard keycode 75 => vkey 0078
4286 wine_trace 00ec:trace:keyboard:X11DRV_InitKeyboard keycode 76 => vkey 0079
4286 wine_trace 00ec:trace:keyboard:X11DRV_InitKeyboard keycode 77 => vkey 0000
4286 wine_trace 00ec:trace:keyboard:X11DRV_InitKeyboard keycode 78 => vkey 0000
4287 wine_trace 00ec:trace:keyboard:X11DRV_InitKeyboard keycode 79 => vkey 0067
4287 wine_trace 00ec:trace:keyboard:X11DRV_InitKeyboard keycode 80 => vkey 0068
4287 wine_trace 00ec:trace:keyboard:X11DRV_InitKeyboard keycode 81 => vkey 0069
4287 wine_trace 00ec:trace:keyboard:X11DRV_InitKeyboard keycode 82 => vkey 006D
4287 wine_trace 00ec:trace:keyboard:X11DRV_InitKeyboard keycode 83 => vkey 0064
4287 wine_trace 00ec:trace:keyboard:X11DRV_InitKeyboard keycode 84 => vkey 0065
4287 wine_trace 00ec:trace:keyboard:X11DRV_InitKeyboard keycode 85 => vkey 0066
4287 wine_trace 00ec:trace:keyboard:X11DRV_InitKeyboard keycode 86 => vkey 006B
4287 wine_trace 00ec:trace:keyboard:X11DRV_InitKeyboard keycode 87 => vkey 0061
4288 wine_trace 00ec:trace:keyboard:X11DRV_InitKeyboard keycode 88 => vkey 0062
4288 wine_trace 00ec:trace:keyboard:X11DRV_InitKeyboard keycode 89 => vkey 0063
4288 wine_trace 00ec:trace:keyboard:X11DRV_InitKeyboard keycode 90 => vkey 0060
4288 wine_trace 00ec:trace:keyboard:X11DRV_InitKeyboard keycode 91 => vkey 002E
4288 wine_trace 00ec:trace:keyboard:X11DRV_InitKeyboard keycode 92 => vkey 0000
4288 wine_trace 00ec:trace:keyboard:X11DRV_InitKeyboard keycode 93 => vkey 0000
4288 wine_trace 00ec:trace:keyboard:X11DRV_InitKeyboard keycode 94 => vkey 0000
4288 wine_trace 00ec:trace:keyboard:X11DRV_InitKeyboard keycode 95 => vkey 007A
4289 wine_trace 00ec:trace:keyboard:X11DRV_InitKeyboard keycode 96 => vkey 007B
4289 wine_trace 00ec:trace:keyboard:X11DRV_InitKeyboard keycode 97 => vkey 0000
4289 wine_trace 00ec:trace:keyboard:X11DRV_InitKeyboard keycode 98 => vkey 0000
4289 wine_trace 00ec:trace:keyboard:X11DRV_InitKeyboard keycode 99 => vkey 0000
4289 wine_trace 00ec:trace:keyboard:X11DRV_InitKeyboard keycode 100 => vkey 0000
4289 wine_trace 00ec:trace:keyboard:X11DRV_InitKeyboard keycode 101 => vkey 0000
4289 wine_trace 00ec:trace:keyboard:X11DRV_InitKeyboard keycode 102 => vkey 0000
4289 wine_trace 00ec:trace:keyboard:X11DRV_InitKeyboard keycode 103 => vkey 0000
4289 wine_trace 00ec:trace:keyboard:X11DRV_InitKeyboard keycode 104 => vkey 0000
4290 wine_trace 00ec:trace:keyboard:X11DRV_InitKeyboard keycode 105 => vkey 01A3
4290 wine_trace 00ec:trace:keyboard:X11DRV_InitKeyboard keycode 106 => vkey 016F
4290 wine_trace 00ec:trace:keyboard:X11DRV_InitKeyboard keycode 107 => vkey 0000
4290 wine_trace 00ec:trace:keyboard:X11DRV_InitKeyboard keycode 108 => vkey 01A5
4290 wine_trace 00ec:trace:keyboard:X11DRV_InitKeyboard keycode 109 => vkey 0000
4290 wine_trace 00ec:trace:keyboard:X11DRV_InitKeyboard keycode 110 => vkey 0124
4290 wine_trace 00ec:trace:keyboard:X11DRV_InitKeyboard keycode 111 => vkey 0126
4290 wine_trace 00ec:trace:keyboard:X11DRV_InitKeyboard keycode 112 => vkey 0121
4290 wine_trace 00ec:trace:keyboard:X11DRV_InitKeyboard keycode 113 => vkey 0125
4291 wine_trace 00ec:trace:keyboard:X11DRV_InitKeyboard keycode 114 => vkey 0127
4291 wine_trace 00ec:trace:keyboard:X11DRV_InitKeyboard keycode 115 => vkey 0123
4291 wine_trace 00ec:trace:keyboard:X11DRV_InitKeyboard keycode 116 => vkey 0128
4291 wine_trace 00ec:trace:keyboard:X11DRV_InitKeyboard keycode 117 => vkey 0122
4291 wine_trace 00ec:trace:keyboard:X11DRV_InitKeyboard keycode 118 => vkey 012D
4291 wine_trace 00ec:trace:keyboard:X11DRV_InitKeyboard keycode 119 => vkey 012E
4291 wine_trace 00ec:warn:keyboard:X11DRV_InitKeyboard vkey 012E is being used by more than one keycode
4291 wine_trace 00ec:trace:keyboard:X11DRV_InitKeyboard keycode 120 => vkey 0000
4292 wine_trace 00ec:trace:keyboard:X11DRV_InitKeyboard keycode 121 => vkey 0000
4292 wine_trace 00ec:trace:keyboard:X11DRV_InitKeyboard keycode 122 => vkey 0000
4292 wine_trace 00ec:trace:keyboard:X11DRV_InitKeyboard keycode 123 => vkey 0000
4292 wine_trace 00ec:trace:keyboard:X11DRV_InitKeyboard keycode 124 => vkey 0000
4292 wine_trace 00ec:trace:keyboard:X11DRV_InitKeyboard keycode 125 => vkey 0000
4292 wine_trace 00ec:trace:keyboard:X11DRV_InitKeyboard keycode 126 => vkey 0000
4292 wine_trace 00ec:trace:keyboard:X11DRV_InitKeyboard keycode 127 => vkey 0000
4292 wine_trace 00ec:trace:keyboard:X11DRV_InitKeyboard keycode 128 => vkey 0000
4292 wine_trace 00ec:trace:keyboard:X11DRV_InitKeyboard keycode 129 => vkey 0000
4293 wine_trace 00ec:trace:keyboard:X11DRV_InitKeyboard keycode 130 => vkey 0000
4293 wine_trace 00ec:trace:keyboard:X11DRV_InitKeyboard keycode 131 => vkey 0000
4293 wine_trace 00ec:trace:keyboard:X11DRV_InitKeyboard keycode 132 => vkey 0000
4293 wine_trace 00ec:trace:keyboard:X11DRV_InitKeyboard keycode 133 => vkey 0000
4293 wine_trace 00ec:trace:keyboard:X11DRV_InitKeyboard keycode 134 => vkey 0000
4293 wine_trace 00ec:trace:keyboard:X11DRV_InitKeyboard keycode 135 => vkey 0000
4293 wine_trace 00ec:trace:keyboard:X11DRV_InitKeyboard keycode 136 => vkey 0000
4293 wine_trace 00ec:trace:keyboard:X11DRV_InitKeyboard keycode 137 => vkey 0000
4293 wine_trace 00ec:trace:keyboard:X11DRV_InitKeyboard keycode 138 => vkey 0000
4294 wine_trace 00ec:trace:keyboard:X11DRV_InitKeyboard keycode 139 => vkey 0000
4294 wine_trace 00ec:trace:keyboard:X11DRV_InitKeyboard keycode 140 => vkey 0000
4294 wine_trace 00ec:trace:keyboard:X11DRV_InitKeyboard keycode 141 => vkey 0000
4294 wine_trace 00ec:trace:keyboard:X11DRV_InitKeyboard keycode 142 => vkey 0000
4294 wine_trace 00ec:trace:keyboard:X11DRV_InitKeyboard keycode 143 => vkey 0000
4294 wine_trace 00ec:trace:keyboard:X11DRV_InitKeyboard keycode 144 => vkey 0000
4294 wine_trace 00ec:trace:keyboard:X11DRV_InitKeyboard keycode 145 => vkey 0000
4294 wine_trace 00ec:trace:keyboard:X11DRV_InitKeyboard keycode 146 => vkey 0000
4294 wine_trace 00ec:trace:keyboard:X11DRV_InitKeyboard keycode 147 => vkey 0000
4294 wine_trace 00ec:trace:keyboard:X11DRV_InitKeyboard keycode 148 => vkey 0000
4295 wine_trace 00ec:trace:keyboard:X11DRV_InitKeyboard keycode 149 => vkey 0000
4295 wine_trace 00ec:trace:keyboard:X11DRV_InitKeyboard keycode 150 => vkey 0000
4295 wine_trace 00ec:trace:keyboard:X11DRV_InitKeyboard keycode 151 => vkey 0000
4295 wine_trace 00ec:trace:keyboard:X11DRV_InitKeyboard keycode 152 => vkey 0000
4295 wine_trace 00ec:trace:keyboard:X11DRV_InitKeyboard keycode 153 => vkey 0000
4295 wine_trace 00ec:trace:keyboard:X11DRV_InitKeyboard keycode 154 => vkey 0000
4295 wine_trace 00ec:trace:keyboard:X11DRV_InitKeyboard keycode 155 => vkey 0000
4295 wine_trace 00ec:trace:keyboard:X11DRV_InitKeyboard keycode 156 => vkey 0000
4295 wine_trace 00ec:trace:keyboard:X11DRV_InitKeyboard keycode 157 => vkey 0000
4296 wine_trace 00ec:trace:keyboard:X11DRV_InitKeyboard keycode 158 => vkey 0000
4296 wine_trace 00ec:trace:keyboard:X11DRV_InitKeyboard keycode 159 => vkey 0000
4296 wine_trace 00ec:trace:keyboard:X11DRV_InitKeyboard keycode 160 => vkey 0000
4296 wine_trace 00ec:trace:keyboard:X11DRV_InitKeyboard keycode 161 => vkey 0000
4296 wine_trace 00ec:trace:keyboard:X11DRV_InitKeyboard keycode 162 => vkey 0000
4296 wine_trace 00ec:trace:keyboard:X11DRV_InitKeyboard keycode 163 => vkey 0000
4296 wine_trace 00ec:trace:keyboard:X11DRV_InitKeyboard keycode 164 => vkey 0000
4296 wine_trace 00ec:trace:keyboard:X11DRV_InitKeyboard keycode 165 => vkey 0000
4296 wine_trace 00ec:trace:keyboard:X11DRV_InitKeyboard keycode 166 => vkey 0000
4296 wine_trace 00ec:trace:keyboard:X11DRV_InitKeyboard keycode 167 => vkey 0000
4297 wine_trace 00ec:trace:keyboard:X11DRV_InitKeyboard keycode 168 => vkey 0000
4297 wine_trace 00ec:trace:keyboard:X11DRV_InitKeyboard keycode 169 => vkey 0000
4297 wine_trace 00ec:trace:keyboard:X11DRV_InitKeyboard keycode 170 => vkey 0000
4297 wine_trace 00ec:trace:keyboard:X11DRV_InitKeyboard keycode 171 => vkey 0000
4297 wine_trace 00ec:trace:keyboard:X11DRV_InitKeyboard keycode 172 => vkey 0000
4297 wine_trace 00ec:trace:keyboard:X11DRV_InitKeyboard keycode 173 => vkey 0000
4297 wine_trace 00ec:trace:keyboard:X11DRV_InitKeyboard keycode 174 => vkey 0000
4297 wine_trace 00ec:trace:keyboard:X11DRV_InitKeyboard keycode 175 => vkey 0000
4297 wine_trace 00ec:trace:keyboard:X11DRV_InitKeyboard keycode 176 => vkey 0000
4297 wine_trace 00ec:trace:keyboard:X11DRV_InitKeyboard keycode 177 => vkey 0000
4298 wine_trace 00ec:trace:keyboard:X11DRV_InitKeyboard keycode 178 => vkey 0000
4298 wine_trace 00ec:trace:keyboard:X11DRV_InitKeyboard keycode 179 => vkey 0000
4298 wine_trace 00ec:trace:keyboard:X11DRV_InitKeyboard keycode 180 => vkey 0000
4298 wine_trace 00ec:trace:keyboard:X11DRV_InitKeyboard keycode 181 => vkey 0000
4298 wine_trace 00ec:trace:keyboard:X11DRV_InitKeyboard keycode 182 => vkey 0000
4298 wine_trace 00ec:trace:keyboard:X11DRV_InitKeyboard keycode 183 => vkey 0000
4298 wine_trace 00ec:trace:keyboard:X11DRV_InitKeyboard keycode 184 => vkey 0000
4298 wine_trace 00ec:trace:keyboard:X11DRV_InitKeyboard keycode 185 => vkey 0000
4298 wine_trace 00ec:trace:keyboard:X11DRV_InitKeyboard keycode 186 => vkey 0000
4299 wine_trace 00ec:trace:keyboard:X11DRV_InitKeyboard keycode 187 => vkey 0000
4299 wine_trace 00ec:trace:keyboard:X11DRV_InitKeyboard keycode 188 => vkey 0000
4299 wine_trace 00ec:trace:keyboard:X11DRV_InitKeyboard keycode 189 => vkey 0000
4299 wine_trace 00ec:trace:keyboard:X11DRV_InitKeyboard keycode 190 => vkey 0000
4299 wine_trace 00ec:trace:keyboard:X11DRV_InitKeyboard keycode 191 => vkey 0000
4299 wine_trace 00ec:trace:keyboard:X11DRV_InitKeyboard keycode 192 => vkey 0000
4299 wine_trace 00ec:trace:keyboard:X11DRV_InitKeyboard keycode 193 => vkey 0000
4299 wine_trace 00ec:trace:keyboard:X11DRV_InitKeyboard keycode 194 => vkey 0000
4299 wine_trace 00ec:trace:keyboard:X11DRV_InitKeyboard keycode 195 => vkey 0000
4300 wine_trace 00ec:trace:keyboard:X11DRV_InitKeyboard keycode 196 => vkey 0000
4300 wine_trace 00ec:trace:keyboard:X11DRV_InitKeyboard keycode 197 => vkey 0000
4300 wine_trace 00ec:trace:keyboard:X11DRV_InitKeyboard keycode 198 => vkey 0000
4300 wine_trace 00ec:trace:keyboard:X11DRV_InitKeyboard keycode 199 => vkey 0000
4300 wine_trace 00ec:trace:keyboard:X11DRV_InitKeyboard keycode 200 => vkey 0000
4300 wine_trace 00ec:trace:keyboard:X11DRV_InitKeyboard keycode 201 => vkey 0000
4300 wine_trace 00ec:trace:keyboard:X11DRV_InitKeyboard keycode 202 => vkey 0000
4300 wine_trace 00ec:trace:keyboard:X11DRV_InitKeyboard keycode 203 => vkey 0000
4300 wine_trace 00ec:trace:keyboard:X11DRV_InitKeyboard keycode 204 => vkey 0000
4301 wine_trace 00ec:trace:keyboard:X11DRV_InitKeyboard keycode 205 => vkey 0000
4301 wine_trace 00ec:trace:keyboard:X11DRV_InitKeyboard keycode 206 => vkey 0000
4301 wine_trace 00ec:trace:keyboard:X11DRV_InitKeyboard keycode 207 => vkey 0000
4301 wine_trace 00ec:trace:keyboard:X11DRV_InitKeyboard keycode 208 => vkey 0000
4301 wine_trace 00ec:trace:keyboard:X11DRV_InitKeyboard keycode 209 => vkey 0000
4301 wine_trace 00ec:trace:keyboard:X11DRV_InitKeyboard keycode 210 => vkey 0000
4301 wine_trace 00ec:trace:keyboard:X11DRV_InitKeyboard keycode 211 => vkey 0000
4301 wine_trace 00ec:trace:keyboard:X11DRV_InitKeyboard keycode 212 => vkey 0000
4301 wine_trace 00ec:trace:keyboard:X11DRV_InitKeyboard keycode 213 => vkey 0000
4302 wine_trace 00ec:trace:keyboard:X11DRV_InitKeyboard keycode 214 => vkey 0000
4302 wine_trace 00ec:trace:keyboard:X11DRV_InitKeyboard keycode 215 => vkey 0000
4302 wine_trace 00ec:trace:keyboard:X11DRV_InitKeyboard keycode 216 => vkey 0000
4302 wine_trace 00ec:trace:keyboard:X11DRV_InitKeyboard keycode 217 => vkey 0000
4302 wine_trace 00ec:trace:keyboard:X11DRV_InitKeyboard keycode 218 => vkey 0000
4302 wine_trace 00ec:trace:keyboard:X11DRV_InitKeyboard keycode 219 => vkey 0000
4302 wine_trace 00ec:trace:keyboard:X11DRV_InitKeyboard keycode 220 => vkey 0000
4302 wine_trace 00ec:trace:keyboard:X11DRV_InitKeyboard keycode 221 => vkey 0000
4302 wine_trace 00ec:trace:keyboard:X11DRV_InitKeyboard keycode 222 => vkey 0000
4302 wine_trace 00ec:trace:keyboard:X11DRV_InitKeyboard keycode 223 => vkey 0000
4303 wine_trace 00ec:trace:keyboard:X11DRV_InitKeyboard keycode 224 => vkey 0000
4303 wine_trace 00ec:trace:keyboard:X11DRV_InitKeyboard keycode 225 => vkey 0000
4303 wine_trace 00ec:trace:keyboard:X11DRV_InitKeyboard keycode 226 => vkey 0000
4303 wine_trace 00ec:trace:keyboard:X11DRV_InitKeyboard keycode 227 => vkey 0000
4303 wine_trace 00ec:trace:keyboard:X11DRV_InitKeyboard keycode 228 => vkey 0000
4303 wine_trace 00ec:trace:keyboard:X11DRV_InitKeyboard keycode 229 => vkey 0000
4303 wine_trace 00ec:trace:keyboard:X11DRV_InitKeyboard keycode 230 => vkey 0000
4303 wine_trace 00ec:trace:keyboard:X11DRV_InitKeyboard keycode 231 => vkey 0000
4304 wine_trace 00ec:trace:keyboard:X11DRV_InitKeyboard keycode 232 => vkey 0000
4304 wine_trace 00ec:trace:keyboard:X11DRV_InitKeyboard keycode 233 => vkey 0000
4304 wine_trace 00ec:trace:keyboard:X11DRV_InitKeyboard keycode 234 => vkey 0000
4304 wine_trace 00ec:trace:keyboard:X11DRV_InitKeyboard keycode 235 => vkey 0000
4304 wine_trace 00ec:trace:keyboard:X11DRV_InitKeyboard keycode 236 => vkey 0000
4304 wine_trace 00ec:trace:keyboard:X11DRV_InitKeyboard keycode 237 => vkey 0000
4304 wine_trace 00ec:trace:keyboard:X11DRV_InitKeyboard keycode 238 => vkey 0000
4304 wine_trace 00ec:trace:keyboard:X11DRV_InitKeyboard keycode 239 => vkey 0000
4304 wine_trace 00ec:trace:keyboard:X11DRV_InitKeyboard keycode 240 => vkey 0000
4304 wine_trace 00ec:trace:keyboard:X11DRV_InitKeyboard keycode 241 => vkey 0000
4305 wine_trace 00ec:trace:keyboard:X11DRV_InitKeyboard keycode 242 => vkey 0000
4305 wine_trace 00ec:trace:keyboard:X11DRV_InitKeyboard keycode 243 => vkey 0000
4305 wine_trace 00ec:trace:keyboard:X11DRV_InitKeyboard keycode 244 => vkey 0000
4305 wine_trace 00ec:trace:keyboard:X11DRV_InitKeyboard keycode 245 => vkey 0000
4305 wine_trace 00ec:trace:keyboard:X11DRV_InitKeyboard keycode 246 => vkey 0000
4305 wine_trace 00ec:trace:keyboard:X11DRV_InitKeyboard keycode 247 => vkey 0000
4305 wine_trace 00ec:trace:keyboard:X11DRV_InitKeyboard keycode 248 => vkey 0000
4305 wine_trace 00ec:trace:keyboard:X11DRV_InitKeyboard keycode 249 => vkey 0000
4305 wine_trace 00ec:trace:keyboard:X11DRV_InitKeyboard keycode 250 => vkey 0000
4306 wine_trace 00ec:trace:keyboard:X11DRV_InitKeyboard keycode 251 => vkey 0000
4306 wine_trace 00ec:trace:keyboard:X11DRV_InitKeyboard keycode 252 => vkey 0000
4306 wine_trace 00ec:trace:keyboard:X11DRV_InitKeyboard keycode 253 => vkey 0000
4306 wine_trace 00ec:trace:keyboard:X11DRV_InitKeyboard keycode 254 => vkey 0000
4306 wine_trace 00ec:trace:keyboard:X11DRV_InitKeyboard keycode 255 => vkey 0000
4306 wine_trace 00ec:trace:keyboard:X11DRV_InitKeyboard keycode 10 => vkey 0031
4306 wine_trace 00ec:trace:keyboard:X11DRV_InitKeyboard keycode 11 => vkey 0032
4306 wine_trace 00ec:trace:keyboard:X11DRV_InitKeyboard keycode 12 => vkey 0033
4306 wine_trace 00ec:trace:keyboard:X11DRV_InitKeyboard keycode 13 => vkey 0034
4306 wine_trace 00ec:trace:keyboard:X11DRV_InitKeyboard keycode 14 => vkey 0035
4307 wine_trace 00ec:trace:keyboard:X11DRV_InitKeyboard keycode 15 => vkey 0036
4307 wine_trace 00ec:trace:keyboard:X11DRV_InitKeyboard keycode 16 => vkey 0037
4307 wine_trace 00ec:trace:keyboard:X11DRV_InitKeyboard keycode 17 => vkey 0038
4307 wine_trace 00ec:trace:keyboard:X11DRV_InitKeyboard keycode 18 => vkey 0039
4307 wine_trace 00ec:trace:keyboard:X11DRV_InitKeyboard keycode 19 => vkey 0030
4307 wine_trace 00ec:trace:keyboard:X11DRV_InitKeyboard keycode 20 => vkey 00BD
4307 wine_trace 00ec:trace:keyboard:X11DRV_InitKeyboard keycode 21 => vkey 00BB
4307 wine_trace 00ec:trace:keyboard:X11DRV_InitKeyboard keycode 24 => vkey 0051
4307 wine_trace 00ec:trace:keyboard:X11DRV_InitKeyboard keycode 25 => vkey 0057
4308 wine_trace 00ec:trace:keyboard:X11DRV_InitKeyboard keycode 26 => vkey 0045
4308 wine_trace 00ec:trace:keyboard:X11DRV_InitKeyboard keycode 27 => vkey 0052
4308 wine_trace 00ec:trace:keyboard:X11DRV_InitKeyboard keycode 28 => vkey 0054
4308 wine_trace 00ec:trace:keyboard:X11DRV_InitKeyboard keycode 29 => vkey 0059
4308 wine_trace 00ec:trace:keyboard:X11DRV_InitKeyboard keycode 30 => vkey 0055
4308 wine_trace 00ec:trace:keyboard:X11DRV_InitKeyboard keycode 31 => vkey 0049
4308 wine_trace 00ec:trace:keyboard:X11DRV_InitKeyboard keycode 32 => vkey 004F
4308 wine_trace 00ec:trace:keyboard:X11DRV_InitKeyboard keycode 33 => vkey 0050
4308 wine_trace 00ec:trace:keyboard:X11DRV_InitKeyboard keycode 34 => vkey 00DB
4308 wine_trace 00ec:trace:keyboard:X11DRV_InitKeyboard keycode 35 => vkey 00DD
4309 wine_trace 00ec:trace:keyboard:X11DRV_InitKeyboard keycode 38 => vkey 0041
4309 wine_trace 00ec:trace:keyboard:X11DRV_InitKeyboard keycode 39 => vkey 0053
4309 wine_trace 00ec:trace:keyboard:X11DRV_InitKeyboard keycode 40 => vkey 0044
4309 wine_trace 00ec:trace:keyboard:X11DRV_InitKeyboard keycode 41 => vkey 0046
4309 wine_trace 00ec:trace:keyboard:X11DRV_InitKeyboard keycode 42 => vkey 0047
4309 wine_trace 00ec:trace:keyboard:X11DRV_InitKeyboard keycode 43 => vkey 0048
4309 wine_trace 00ec:trace:keyboard:X11DRV_InitKeyboard keycode 44 => vkey 004A
4309 wine_trace 00ec:trace:keyboard:X11DRV_InitKeyboard keycode 45 => vkey 004B
4309 wine_trace 00ec:trace:keyboard:X11DRV_InitKeyboard keycode 46 => vkey 004C
4309 wine_trace 00ec:trace:keyboard:X11DRV_InitKeyboard keycode 47 => vkey 00BA
4310 wine_trace 00ec:trace:keyboard:X11DRV_InitKeyboard keycode 48 => vkey 00DE
4310 wine_trace 00ec:trace:keyboard:X11DRV_InitKeyboard keycode 49 => vkey 00C0
4310 wine_trace 00ec:trace:keyboard:X11DRV_InitKeyboard keycode 51 => vkey 00DC
4310 wine_trace 00ec:trace:keyboard:X11DRV_InitKeyboard keycode 52 => vkey 005A
4310 wine_trace 00ec:trace:keyboard:X11DRV_InitKeyboard keycode 53 => vkey 0058
4310 wine_trace 00ec:trace:keyboard:X11DRV_InitKeyboard keycode 54 => vkey 0043
4310 wine_trace 00ec:trace:keyboard:X11DRV_InitKeyboard keycode 55 => vkey 0056
4310 wine_trace 00ec:trace:keyboard:X11DRV_InitKeyboard keycode 56 => vkey 0042
4310 wine_trace 00ec:trace:keyboard:X11DRV_InitKeyboard keycode 57 => vkey 004E
4311 wine_trace 00ec:trace:keyboard:X11DRV_InitKeyboard keycode 58 => vkey 004D
4311 wine_trace 00ec:trace:keyboard:X11DRV_InitKeyboard keycode 59 => vkey 00BC
4311 wine_trace 00ec:trace:keyboard:X11DRV_InitKeyboard keycode 60 => vkey 00BE
4311 wine_trace 00ec:trace:keyboard:X11DRV_InitKeyboard keycode 61 => vkey 00BF
4311 wine_trace 00ec:trace:keyboard:X11DRV_InitKeyboard spare virtual key 00DF assigned to keycode 134:
4311 wine_trace 00ec:trace:keyboard:X11DRV_InitKeyboard (6cea452d (NoSymbol) 6cea4537 (NoSymbol) )
4311 wine_trace 00ec:trace:keyboard:X11DRV_InitKeyboard keycode 134 => vkey 00DF
4311 wine_trace 00ec:trace:keyboard:X11DRV_InitKeyboard spare virtual key 00E1 assigned to keycode 135:
4311 wine_trace 00ec:trace:keyboard:X11DRV_InitKeyboard (6cea4544 (NoSymbol) 6cea4551 (NoSymbol) )
4311 wine_trace 00ec:trace:keyboard:X11DRV_InitKeyboard keycode 135 => vkey 00E1
4312 wine_trace 00ec:trace:keyboard:X11DRV_InitKeyboard spare virtual key 00E2 assigned to keycode 136:
4312 wine_trace 00ec:trace:keyboard:X11DRV_InitKeyboard (6cea455b (NoSymbol) 6cea4568 (NoSymbol) )
4312 wine_trace 00ec:trace:keyboard:X11DRV_InitKeyboard keycode 136 => vkey 00E2
4312 wine_trace 00ec:trace:keyboard:X11DRV_InitKeyboard spare virtual key 00E3 assigned to keycode 137:
4312 wine_trace 00ec:trace:keyboard:X11DRV_InitKeyboard (6cea4572 (NoSymbol) 6cea457f (NoSymbol) )
4312 wine_trace 00ec:trace:keyboard:X11DRV_InitKeyboard keycode 137 => vkey 00E3
4312 wine_trace 00ec:trace:keyboard:X11DRV_InitKeyboard spare virtual key 00E4 assigned to keycode 138:
4312 wine_trace 00ec:trace:keyboard:X11DRV_InitKeyboard (6cea4589 (NoSymbol) 6cea4596 (NoSymbol) )
4312 wine_trace 00ec:trace:keyboard:X11DRV_InitKeyboard keycode 138 => vkey 00E4
4313 wine_trace 00ec:trace:keyboard:X11DRV_InitKeyboard spare virtual key 00E6 assigned to keycode 139:
4313 wine_trace 00ec:trace:keyboard:X11DRV_InitKeyboard (6cea45a0 (NoSymbol) 6cea45ad (NoSymbol) )
4313 wine_trace 00ec:trace:keyboard:X11DRV_InitKeyboard keycode 139 => vkey 00E6
4313 wine_trace 00ec:trace:keyboard:X11DRV_InitKeyboard spare virtual key 00E9 assigned to keycode 140:
4313 wine_trace 00ec:trace:keyboard:X11DRV_InitKeyboard (6cea45b7 (NoSymbol) 6cea45c4 (NoSymbol) )
4313 wine_trace 00ec:trace:keyboard:X11DRV_InitKeyboard keycode 140 => vkey 00E9
4313 wine_trace 00ec:trace:keyboard:X11DRV_InitKeyboard spare virtual key 00EA assigned to keycode 141:
4313 wine_trace 00ec:trace:keyboard:X11DRV_InitKeyboard (6cea45ce (NoSymbol) 6cea45db (NoSymbol) )
4313 wine_trace 00ec:trace:keyboard:X11DRV_InitKeyboard keycode 141 => vkey 00EA
4313 wine_trace 00ec:trace:keyboard:X11DRV_InitKeyboard spare virtual key 00EB assigned to keycode 142:
4314 wine_trace 00ec:trace:keyboard:X11DRV_InitKeyboard (6cea45e5 (NoSymbol) 6cea45f2 (NoSymbol) )
4314 wine_trace 00ec:trace:keyboard:X11DRV_InitKeyboard keycode 142 => vkey 00EB
4314 wine_trace 00ec:trace:keyboard:X11DRV_InitKeyboard spare virtual key 00EC assigned to keycode 143:
4314 wine_trace 00ec:trace:keyboard:X11DRV_InitKeyboard (6cea45fc (NoSymbol) 6cea460a (NoSymbol) )
4314 wine_trace 00ec:trace:keyboard:X11DRV_InitKeyboard keycode 143 => vkey 00EC
4314 wine_trace 00ec:trace:keyboard:X11DRV_InitKeyboard spare virtual key 00ED assigned to keycode 144:
4314 wine_trace 00ec:trace:keyboard:X11DRV_InitKeyboard (6cea4615 (NoSymbol) 6cea4623 (NoSymbol) )
4314 wine_trace 00ec:trace:keyboard:X11DRV_InitKeyboard keycode 144 => vkey 00ED
4314 wine_trace 00ec:trace:keyboard:X11DRV_InitKeyboard spare virtual key 00EE assigned to keycode 145:
4314 wine_trace 00ec:trace:keyboard:X11DRV_InitKeyboard (6cea462e (NoSymbol) 6cea463c (NoSymbol) )
4315 wine_trace 00ec:trace:keyboard:X11DRV_InitKeyboard keycode 145 => vkey 00EE
4315 wine_trace 00ec:trace:keyboard:X11DRV_InitKeyboard spare virtual key 00EF assigned to keycode 146:
4315 wine_trace 00ec:trace:keyboard:X11DRV_InitKeyboard (6cea4647 (NoSymbol) 6cea4655 (NoSymbol) )
4315 wine_trace 00ec:trace:keyboard:X11DRV_InitKeyboard keycode 146 => vkey 00EF
4315 wine_trace 00ec:trace:keyboard:X11DRV_InitKeyboard spare virtual key 00F0 assigned to keycode 147:
4315 wine_trace 00ec:trace:keyboard:X11DRV_InitKeyboard (6cea4660 (NoSymbol) 6cea466e (NoSymbol) )
4315 wine_trace 00ec:trace:keyboard:X11DRV_InitKeyboard keycode 147 => vkey 00F0
4315 wine_trace 00ec:trace:keyboard:X11DRV_InitKeyboard spare virtual key 00F1 assigned to keycode 148:
4315 wine_trace 00ec:trace:keyboard:X11DRV_InitKeyboard (6cea4679 (NoSymbol) 6cea4687 (NoSymbol) )
4316 wine_trace 00ec:trace:keyboard:X11DRV_InitKeyboard keycode 148 => vkey 00F1
4316 wine_trace 00ec:trace:keyboard:X11DRV_InitKeyboard spare virtual key 00F2 assigned to keycode 149:
4316 wine_trace 00ec:trace:keyboard:X11DRV_InitKeyboard (6cea4692 (NoSymbol) 6cea46a5 (NoSymbol) )
4316 wine_trace 00ec:trace:keyboard:X11DRV_InitKeyboard keycode 149 => vkey 00F2
4316 wine_trace 00ec:trace:keyboard:X11DRV_InitKeyboard spare virtual key 00F3 assigned to keycode 150:
4316 wine_trace 00ec:trace:keyboard:X11DRV_InitKeyboard (6cea46b5 (NoSymbol) 6cea46c8 (NoSymbol) )
4316 wine_trace 00ec:trace:keyboard:X11DRV_InitKeyboard keycode 150 => vkey 00F3
4316 wine_trace 00ec:trace:keyboard:X11DRV_InitKeyboard spare virtual key 00F4 assigned to keycode 151:
4316 wine_trace 00ec:trace:keyboard:X11DRV_InitKeyboard (6cea46d9 (NoSymbol) 6cea46e7 (NoSymbol) )
4317 wine_trace 00ec:trace:keyboard:X11DRV_InitKeyboard keycode 151 => vkey 00F4
4317 wine_trace 00ec:trace:keyboard:X11DRV_InitKeyboard spare virtual key 00F5 assigned to keycode 152:
4317 wine_trace 00ec:trace:keyboard:X11DRV_InitKeyboard (6cea46f8 (NoSymbol) 6cea470b (NoSymbol) )
4317 wine_trace 00ec:trace:keyboard:X11DRV_InitKeyboard keycode 152 => vkey 00F5
4317 wine_trace 00ec:trace:keyboard:X11DRV_InitKeyboard spare virtual key 0092 assigned to keycode 153:
4317 wine_trace 00ec:trace:keyboard:X11DRV_InitKeyboard (6cea471b (NoSymbol) 6cea472e (NoSymbol) )
4317 wine_trace 00ec:trace:keyboard:X11DRV_InitKeyboard keycode 153 => vkey 0092
4317 wine_trace 00ec:trace:keyboard:X11DRV_InitKeyboard spare virtual key 007C assigned to keycode 154:
4317 wine_trace 00ec:trace:keyboard:X11DRV_InitKeyboard (6cea4741 (NoSymbol) 6cea4751 (NoSymbol) )
4317 wine_trace 00ec:trace:keyboard:X11DRV_InitKeyboard keycode 154 => vkey 007C
4318 wine_trace 00ec:trace:keyboard:X11DRV_InitKeyboard spare virtual key 007D assigned to keycode 155:
4318 wine_trace 00ec:trace:keyboard:X11DRV_InitKeyboard (6cea4764 (NoSymbol) 6cea4777 (NoSymbol) )
4318 wine_trace 00ec:trace:keyboard:X11DRV_InitKeyboard keycode 155 => vkey 007D
4318 wine_trace 00ec:trace:keyboard:X11DRV_InitKeyboard spare virtual key 007E assigned to keycode 156:
4318 wine_trace 00ec:trace:keyboard:X11DRV_InitKeyboard (6cea4787 (NoSymbol) 6cea479a (NoSymbol) )
4318 wine_trace 00ec:trace:keyboard:X11DRV_InitKeyboard keycode 156 => vkey 007E
4318 wine_trace 00ec:trace:keyboard:X11DRV_InitKeyboard spare virtual key 007F assigned to keycode 157:
4318 wine_trace 00ec:trace:keyboard:X11DRV_InitKeyboard (6cea47ac (NoSymbol) 6cea47bb (NoSymbol) )
4318 wine_trace 00ec:trace:keyboard:X11DRV_InitKeyboard keycode 157 => vkey 007F
4319 wine_trace 00ec:trace:keyboard:X11DRV_InitKeyboard spare virtual key 0080 assigned to keycode 158:
4319 wine_trace 00ec:trace:keyboard:X11DRV_InitKeyboard (6cea47cd (NoSymbol) 6cea47e0 (NoSymbol) )
4319 wine_trace 00ec:trace:keyboard:X11DRV_InitKeyboard keycode 158 => vkey 0080
4319 wine_trace 00ec:trace:keyboard:X11DRV_InitKeyboard spare virtual key 0081 assigned to keycode 159:
4319 wine_trace 00ec:trace:keyboard:X11DRV_InitKeyboard (6cea47f0 (NoSymbol) 6cea4803 (NoSymbol) )
4319 wine_trace 00ec:trace:keyboard:X11DRV_InitKeyboard keycode 159 => vkey 0081
4319 wine_trace 00ec:trace:keyboard:X11DRV_InitKeyboard spare virtual key 0082 assigned to keycode 160:
4319 wine_trace 00ec:trace:keyboard:X11DRV_InitKeyboard (6cea4816 (NoSymbol) 6cea4826 (NoSymbol) )
4320 wine_trace 00ec:trace:keyboard:X11DRV_InitKeyboard keycode 160 => vkey 0082
4320 wine_trace 00ec:trace:keyboard:X11DRV_InitKeyboard spare virtual key 0083 assigned to keycode 161:
4320 wine_trace 00ec:trace:keyboard:X11DRV_InitKeyboard (6cea4839 (NoSymbol) 6cea484c (NoSymbol) )
4320 wine_trace 00ec:trace:keyboard:X11DRV_InitKeyboard keycode 161 => vkey 0083
4320 wine_trace 00ec:trace:keyboard:X11DRV_InitKeyboard spare virtual key 0084 assigned to keycode 162:
4320 wine_trace 00ec:trace:keyboard:X11DRV_InitKeyboard (6cea485c (NoSymbol) 6cea486f (NoSymbol) )
4320 wine_trace 00ec:trace:keyboard:X11DRV_InitKeyboard keycode 162 => vkey 0084
4320 wine_trace 00ec:trace:keyboard:X11DRV_InitKeyboard spare virtual key 0085 assigned to keycode 163:
4320 wine_trace 00ec:trace:keyboard:X11DRV_InitKeyboard (6cea4882 (NoSymbol) 6cea4892 (NoSymbol) )
4321 wine_trace 00ec:trace:keyboard:X11DRV_InitKeyboard keycode 163 => vkey 0085
4321 wine_trace 00ec:trace:keyboard:X11DRV_InitKeyboard spare virtual key 0086 assigned to keycode 164:
4321 wine_trace 00ec:trace:keyboard:X11DRV_InitKeyboard (6cea48a5 (NoSymbol) 6cea48b8 (NoSymbol) )
4321 wine_trace 00ec:trace:keyboard:X11DRV_InitKeyboard keycode 164 => vkey 0086
4321 wine_trace 00ec:trace:keyboard:X11DRV_InitKeyboard spare virtual key 0087 assigned to keycode 165:
4321 wine_trace 00ec:trace:keyboard:X11DRV_InitKeyboard (6cea48c8 (NoSymbol) 6cea48db (NoSymbol) )
4321 wine_trace 00ec:trace:keyboard:X11DRV_InitKeyboard keycode 165 => vkey 0087
4321 wine_trace 00ec:warn:keyboard:X11DRV_InitKeyboard No more vkeys available!
4321 wine_trace 00ec:trace:key:X11DRV_InitKeyboard assigning scancode 60 to unidentified keycode 10 (NoSymbol)
4321 wine_trace 00ec:trace:key:X11DRV_InitKeyboard assigning scancode 61 to unidentified keycode 11 (NoSymbol)
4322 wine_trace 00ec:trace:key:X11DRV_InitKeyboard assigning scancode 62 to unidentified keycode 12 (NoSymbol)
4322 wine_trace 00ec:trace:key:X11DRV_InitKeyboard assigning scancode 63 to unidentified keycode 13 (NoSymbol)
4322 wine_trace 00ec:trace:key:X11DRV_InitKeyboard assigning scancode 64 to unidentified keycode 14 (NoSymbol)
4322 wine_trace 00ec:trace:key:X11DRV_InitKeyboard assigning scancode 65 to unidentified keycode 15 (NoSymbol)
4322 wine_trace 00ec:trace:key:X11DRV_InitKeyboard assigning scancode 66 to unidentified keycode 16 (NoSymbol)
4322 wine_trace 00ec:trace:key:X11DRV_InitKeyboard assigning scancode 67 to unidentified keycode 17 (NoSymbol)
4322 wine_trace 00ec:trace:key:X11DRV_InitKeyboard assigning scancode 68 to unidentified keycode 18 (NoSymbol)
4322 wine_trace 00ec:trace:key:X11DRV_InitKeyboard assigning scancode 69 to unidentified keycode 19 (NoSymbol)
4322 wine_trace 00ec:trace:key:X11DRV_InitKeyboard assigning scancode 6a to unidentified keycode 20 (NoSymbol)
4322 wine_trace 00ec:trace:key:X11DRV_InitKeyboard assigning scancode 6b to unidentified keycode 21 (NoSymbol)
4323 wine_trace 00ec:trace:key:X11DRV_InitKeyboard assigning scancode 6c to unidentified keycode 24 (NoSymbol)
4323 wine_trace 00ec:trace:key:X11DRV_InitKeyboard assigning scancode 6d to unidentified keycode 25 (NoSymbol)
4323 wine_trace 00ec:trace:key:X11DRV_InitKeyboard assigning scancode 6e to unidentified keycode 26 (NoSymbol)
4323 wine_trace 00ec:trace:key:X11DRV_InitKeyboard assigning scancode 6f to unidentified keycode 27 (NoSymbol)
4323 wine_trace 00ec:trace:key:X11DRV_InitKeyboard assigning scancode 70 to unidentified keycode 28 (NoSymbol)
4323 wine_trace 00ec:trace:key:X11DRV_InitKeyboard assigning scancode 71 to unidentified keycode 29 (NoSymbol)
4323 wine_trace 00ec:trace:key:X11DRV_InitKeyboard assigning scancode 72 to unidentified keycode 30 (NoSymbol)
4323 wine_trace 00ec:trace:key:X11DRV_InitKeyboard assigning scancode 73 to unidentified keycode 31 (NoSymbol)
4324 wine_trace 00ec:trace:key:X11DRV_InitKeyboard assigning scancode 74 to unidentified keycode 32 (NoSymbol)
4324 wine_trace 00ec:trace:key:X11DRV_InitKeyboard assigning scancode 75 to unidentified keycode 33 (NoSymbol)
4324 wine_trace 00ec:trace:key:X11DRV_InitKeyboard assigning scancode 76 to unidentified keycode 34 (NoSymbol)
4324 wine_trace 00ec:trace:key:X11DRV_InitKeyboard assigning scancode 77 to unidentified keycode 35 (NoSymbol)
4324 wine_trace 00ec:trace:key:X11DRV_InitKeyboard assigning scancode 78 to unidentified keycode 38 (NoSymbol)
4324 wine_trace 00ec:trace:key:X11DRV_InitKeyboard assigning scancode 79 to unidentified keycode 39 (NoSymbol)
4324 wine_trace 00ec:trace:key:X11DRV_InitKeyboard assigning scancode 7a to unidentified keycode 40 (NoSymbol)
4324 wine_trace 00ec:trace:key:X11DRV_InitKeyboard assigning scancode 7b to unidentified keycode 41 (NoSymbol)
4325 wine_trace 00ec:trace:key:X11DRV_InitKeyboard assigning scancode 7c to unidentified keycode 42 (NoSymbol)
4325 wine_trace 00ec:trace:key:X11DRV_InitKeyboard assigning scancode 7d to unidentified keycode 43 (NoSymbol)
4325 wine_trace 00ec:trace:key:X11DRV_InitKeyboard assigning scancode 7e to unidentified keycode 44 (NoSymbol)
4325 wine_trace 00ec:trace:key:X11DRV_InitKeyboard assigning scancode 7f to unidentified keycode 45 (NoSymbol)
4325 wine_trace 00ec:trace:key:X11DRV_InitKeyboard assigning scancode 80 to unidentified keycode 46 (NoSymbol)
4325 wine_trace 00ec:trace:key:X11DRV_InitKeyboard assigning scancode 81 to unidentified keycode 47 (NoSymbol)
4325 wine_trace 00ec:trace:key:X11DRV_InitKeyboard assigning scancode 82 to unidentified keycode 48 (NoSymbol)
4325 wine_trace 00ec:trace:key:X11DRV_InitKeyboard assigning scancode 83 to unidentified keycode 49 (NoSymbol)
4325 wine_trace 00ec:trace:key:X11DRV_InitKeyboard assigning scancode 84 to unidentified keycode 51 (NoSymbol)
4326 wine_trace 00ec:trace:key:X11DRV_InitKeyboard assigning scancode 85 to unidentified keycode 52 (NoSymbol)
4326 wine_trace 00ec:trace:key:X11DRV_InitKeyboard assigning scancode 86 to unidentified keycode 53 (NoSymbol)
4326 wine_trace 00ec:trace:key:X11DRV_InitKeyboard assigning scancode 87 to unidentified keycode 54 (NoSymbol)
4326 wine_trace 00ec:trace:key:X11DRV_InitKeyboard assigning scancode 88 to unidentified keycode 55 (NoSymbol)
4326 wine_trace 00ec:trace:key:X11DRV_InitKeyboard assigning scancode 89 to unidentified keycode 56 (NoSymbol)
4326 wine_trace 00ec:trace:key:X11DRV_InitKeyboard assigning scancode 8a to unidentified keycode 57 (NoSymbol)
4326 wine_trace 00ec:trace:key:X11DRV_InitKeyboard assigning scancode 8b to unidentified keycode 58 (NoSymbol)
4326 wine_trace 00ec:trace:key:X11DRV_InitKeyboard assigning scancode 8c to unidentified keycode 59 (NoSymbol)
4326 wine_trace 00ec:trace:key:X11DRV_InitKeyboard assigning scancode 8d to unidentified keycode 60 (NoSymbol)
4327 wine_trace 00ec:trace:key:X11DRV_InitKeyboard assigning scancode 8e to unidentified keycode 61 (NoSymbol)
4327 wine_trace 00ec:trace:key:X11DRV_InitKeyboard assigning scancode 8f to unidentified keycode 134 (NoSymbol)
4327 wine_trace 00ec:trace:key:X11DRV_InitKeyboard assigning scancode 90 to unidentified keycode 135 (NoSymbol)
4327 wine_trace 00ec:trace:key:X11DRV_InitKeyboard assigning scancode 91 to unidentified keycode 136 (NoSymbol)
4327 wine_trace 00ec:trace:key:X11DRV_InitKeyboard assigning scancode 92 to unidentified keycode 137 (NoSymbol)
4327 wine_trace 00ec:trace:key:X11DRV_InitKeyboard assigning scancode 93 to unidentified keycode 138 (NoSymbol)
4327 wine_trace 00ec:trace:key:X11DRV_InitKeyboard assigning scancode 94 to unidentified keycode 139 (NoSymbol)
4327 wine_trace 00ec:trace:key:X11DRV_InitKeyboard assigning scancode 95 to unidentified keycode 140 (NoSymbol)
4327 wine_trace 00ec:trace:key:X11DRV_InitKeyboard assigning scancode 96 to unidentified keycode 141 (NoSymbol)
4328 wine_trace 00ec:trace:key:X11DRV_InitKeyboard assigning scancode 97 to unidentified keycode 142 (NoSymbol)
4328 wine_trace 00ec:trace:key:X11DRV_InitKeyboard assigning scancode 98 to unidentified keycode 143 (NoSymbol)
4328 wine_trace 00ec:trace:key:X11DRV_InitKeyboard assigning scancode 99 to unidentified keycode 144 (NoSymbol)
4328 wine_trace 00ec:trace:key:X11DRV_InitKeyboard assigning scancode 9a to unidentified keycode 145 (NoSymbol)
4328 wine_trace 00ec:trace:key:X11DRV_InitKeyboard assigning scancode 9b to unidentified keycode 146 (NoSymbol)
4328 wine_trace 00ec:trace:key:X11DRV_InitKeyboard assigning scancode 9c to unidentified keycode 147 (NoSymbol)
4328 wine_trace 00ec:trace:key:X11DRV_InitKeyboard assigning scancode 9d to unidentified keycode 148 (NoSymbol)
4328 wine_trace 00ec:trace:key:X11DRV_InitKeyboard assigning scancode 9e to unidentified keycode 149 (NoSymbol)
4328 wine_trace 00ec:trace:key:X11DRV_InitKeyboard assigning scancode 9f to unidentified keycode 150 (NoSymbol)
4328 wine_trace 00ec:trace:key:X11DRV_InitKeyboard assigning scancode a0 to unidentified keycode 151 (NoSymbol)
4329 wine_trace 00ec:trace:key:X11DRV_InitKeyboard assigning scancode a1 to unidentified keycode 152 (NoSymbol)
4329 wine_trace 00ec:trace:key:X11DRV_InitKeyboard assigning scancode a2 to unidentified keycode 153 (NoSymbol)
4329 wine_trace 00ec:trace:key:X11DRV_InitKeyboard assigning scancode a3 to unidentified keycode 154 (NoSymbol)
4329 wine_trace 00ec:trace:key:X11DRV_InitKeyboard assigning scancode a4 to unidentified keycode 155 (NoSymbol)
4329 wine_trace 00ec:trace:key:X11DRV_InitKeyboard assigning scancode a5 to unidentified keycode 156 (NoSymbol)
4329 wine_trace 00ec:trace:key:X11DRV_InitKeyboard assigning scancode a6 to unidentified keycode 157 (NoSymbol)
4329 wine_trace 00ec:trace:key:X11DRV_InitKeyboard assigning scancode a7 to unidentified keycode 158 (NoSymbol)
4329 wine_trace 00ec:trace:key:X11DRV_InitKeyboard assigning scancode a8 to unidentified keycode 159 (NoSymbol)
4329 wine_trace 00ec:trace:key:X11DRV_InitKeyboard assigning scancode a9 to unidentified keycode 160 (NoSymbol)
4330 wine_trace 00ec:trace:key:X11DRV_InitKeyboard assigning scancode aa to unidentified keycode 161 (NoSymbol)
4330 wine_trace 00ec:trace:key:X11DRV_InitKeyboard assigning scancode ab to unidentified keycode 162 (NoSymbol)
4330 wine_trace 00ec:trace:key:X11DRV_InitKeyboard assigning scancode ac to unidentified keycode 163 (NoSymbol)
4330 wine_trace 00ec:trace:key:X11DRV_InitKeyboard assigning scancode ad to unidentified keycode 164 (NoSymbol)
4330 wine_trace 00ec:trace:key:X11DRV_InitKeyboard assigning scancode ae to unidentified keycode 165 (NoSymbol)
4378 wine_trace 00ec:trace:keyboard:NtUserMapVirtualKeyEx code 1, type 1, layout 0x4090409.
4402 wine_trace 00ec:trace:keyboard:X11DRV_MapVirtualKeyEx wCode=0x1, wMapType=1, hkl 0x4090409
4403 wine_trace 00ec:trace:keyboard:X11DRV_MapVirtualKeyEx returning 0x1b.
4403 wine_trace 00ec:trace:keyboard:NtUserMapVirtualKeyEx code 27, type 2, layout 0x4090409.
4403 wine_trace 00ec:trace:keyboard:X11DRV_MapVirtualKeyEx wCode=0x1b, wMapType=2, hkl 0x4090409
4403 wine_trace 00ec:trace:key:EVENT_event_to_vkey e->keycode = 9
4403 wine_trace 00ec:trace:keyboard:X11DRV_MapVirtualKeyEx Found keycode 9
4403 wine_trace 00ec:trace:keyboard:X11DRV_MapVirtualKeyEx returning 0x1b.
4403 wine_trace 00ec:trace:keyboard:NtUserMapVirtualKeyEx code 12, type 1, layout 0x4090409.
4403 wine_trace 00ec:trace:keyboard:X11DRV_MapVirtualKeyEx wCode=0xc, wMapType=1, hkl 0x4090409
4404 wine_trace 00ec:trace:keyboard:X11DRV_MapVirtualKeyEx returning 0x0.
4404 wine_trace 00ec:trace:keyboard:NtUserMapVirtualKeyEx code 13, type 1, layout 0x4090409.
4404 wine_trace 00ec:trace:keyboard:X11DRV_MapVirtualKeyEx wCode=0xd, wMapType=1, hkl 0x4090409
4404 wine_trace 00ec:trace:keyboard:X11DRV_MapVirtualKeyEx returning 0x0.
4404 wine_trace 00ec:trace:keyboard:NtUserMapVirtualKeyEx code 14, type 1, layout 0x4090409.
4404 wine_trace 00ec:trace:keyboard:X11DRV_MapVirtualKeyEx wCode=0xe, wMapType=1, hkl 0x4090409
4404 wine_trace 00ec:trace:keyboard:X11DRV_MapVirtualKeyEx returning 0x8.
4404 wine_trace 00ec:trace:keyboard:NtUserMapVirtualKeyEx code 8, type 2, layout 0x4090409.
4404 wine_trace 00ec:trace:keyboard:X11DRV_MapVirtualKeyEx wCode=0x8, wMapType=2, hkl 0x4090409
4404 wine_trace 00ec:trace:key:EVENT_event_to_vkey e->keycode = 22
4405 wine_trace 00ec:trace:keyboard:X11DRV_MapVirtualKeyEx Found keycode 22
4405 wine_trace 00ec:trace:keyboard:X11DRV_MapVirtualKeyEx returning 0x8.
4405 wine_trace 00ec:trace:keyboard:NtUserMapVirtualKeyEx code 15, type 1, layout 0x4090409.
4405 wine_trace 00ec:trace:keyboard:X11DRV_MapVirtualKeyEx wCode=0xf, wMapType=1, hkl 0x4090409
4405 wine_trace 00ec:trace:keyboard:X11DRV_MapVirtualKeyEx returning 0x9.
4405 wine_trace 00ec:trace:keyboard:NtUserMapVirtualKeyEx code 9, type 2, layout 0x4090409.
4405 wine_trace 00ec:trace:keyboard:X11DRV_MapVirtualKeyEx wCode=0x9, wMapType=2, hkl 0x4090409
4405 wine_trace 00ec:trace:key:EVENT_event_to_vkey e->keycode = 23
4405 wine_trace 00ec:trace:keyboard:X11DRV_MapVirtualKeyEx Found keycode 23
4406 wine_trace 00ec:trace:keyboard:X11DRV_MapVirtualKeyEx returning 0x9.
4406 wine_trace 00ec:trace:keyboard:NtUserMapVirtualKeyEx code 16, type 1, layout 0x4090409.
4406 wine_trace 00ec:trace:keyboard:X11DRV_MapVirtualKeyEx wCode=0x10, wMapType=1, hkl 0x4090409
4406 wine_trace 00ec:trace:keyboard:X11DRV_MapVirtualKeyEx returning 0x0.
4406 wine_trace 00ec:trace:keyboard:NtUserMapVirtualKeyEx code 17, type 1, layout 0x4090409.
4406 wine_trace 00ec:trace:keyboard:X11DRV_MapVirtualKeyEx wCode=0x11, wMapType=1, hkl 0x4090409
4406 wine_trace 00ec:trace:keyboard:X11DRV_MapVirtualKeyEx returning 0x0.
4406 wine_trace 00ec:trace:keyboard:NtUserMapVirtualKeyEx code 18, type 1, layout 0x4090409.
4406 wine_trace 00ec:trace:keyboard:X11DRV_MapVirtualKeyEx wCode=0x12, wMapType=1, hkl 0x4090409
4406 wine_trace 00ec:trace:keyboard:X11DRV_MapVirtualKeyEx returning 0x0.
4407 wine_trace 00ec:trace:keyboard:NtUserMapVirtualKeyEx code 19, type 1, layout 0x4090409.
4407 wine_trace 00ec:trace:keyboard:X11DRV_MapVirtualKeyEx wCode=0x13, wMapType=1, hkl 0x4090409
4407 wine_trace 00ec:trace:keyboard:X11DRV_MapVirtualKeyEx returning 0x0.
4407 wine_trace 00ec:trace:keyboard:NtUserMapVirtualKeyEx code 20, type 1, layout 0x4090409.
4407 wine_trace 00ec:trace:keyboard:X11DRV_MapVirtualKeyEx wCode=0x14, wMapType=1, hkl 0x4090409
4407 wine_trace 00ec:trace:keyboard:X11DRV_MapVirtualKeyEx returning 0x0.
4407 wine_trace 00ec:trace:keyboard:NtUserMapVirtualKeyEx code 21, type 1, layout 0x4090409.
4407 wine_trace 00ec:trace:keyboard:X11DRV_MapVirtualKeyEx wCode=0x15, wMapType=1, hkl 0x4090409
4407 wine_trace 00ec:trace:keyboard:X11DRV_MapVirtualKeyEx returning 0x0.
4408 wine_trace 00ec:trace:keyboard:NtUserMapVirtualKeyEx code 22, type 1, layout 0x4090409.
4408 wine_trace 00ec:trace:keyboard:X11DRV_MapVirtualKeyEx wCode=0x16, wMapType=1, hkl 0x4090409
4408 wine_trace 00ec:trace:keyboard:X11DRV_MapVirtualKeyEx returning 0x0.
4408 wine_trace 00ec:trace:keyboard:NtUserMapVirtualKeyEx code 23, type 1, layout 0x4090409.
4408 wine_trace 00ec:trace:keyboard:X11DRV_MapVirtualKeyEx wCode=0x17, wMapType=1, hkl 0x4090409
4408 wine_trace 00ec:trace:keyboard:X11DRV_MapVirtualKeyEx returning 0x0.
4408 wine_trace 00ec:trace:keyboard:NtUserMapVirtualKeyEx code 24, type 1, layout 0x4090409.
4408 wine_trace 00ec:trace:keyboard:X11DRV_MapVirtualKeyEx wCode=0x18, wMapType=1, hkl 0x4090409
4408 wine_trace 00ec:trace:keyboard:X11DRV_MapVirtualKeyEx returning 0x0.
4409 wine_trace 00ec:trace:keyboard:NtUserMapVirtualKeyEx code 25, type 1, layout 0x4090409.
4409 wine_trace 00ec:trace:keyboard:X11DRV_MapVirtualKeyEx wCode=0x19, wMapType=1, hkl 0x4090409
4409 wine_trace 00ec:trace:keyboard:X11DRV_MapVirtualKeyEx returning 0x0.
4409 wine_trace 00ec:trace:keyboard:NtUserMapVirtualKeyEx code 26, type 1, layout 0x4090409.
4409 wine_trace 00ec:trace:keyboard:X11DRV_MapVirtualKeyEx wCode=0x1a, wMapType=1, hkl 0x4090409
4409 wine_trace 00ec:trace:keyboard:X11DRV_MapVirtualKeyEx returning 0x0.
4409 wine_trace 00ec:trace:keyboard:NtUserMapVirtualKeyEx code 27, type 1, layout 0x4090409.
4409 wine_trace 00ec:trace:keyboard:X11DRV_MapVirtualKeyEx wCode=0x1b, wMapType=1, hkl 0x4090409
4409 wine_trace 00ec:trace:keyboard:X11DRV_MapVirtualKeyEx returning 0x0.
4409 wine_trace 00ec:trace:keyboard:NtUserMapVirtualKeyEx code 28, type 1, layout 0x4090409.
4410 wine_trace 00ec:trace:keyboard:X11DRV_MapVirtualKeyEx wCode=0x1c, wMapType=1, hkl 0x4090409
4410 wine_trace 00ec:trace:keyboard:X11DRV_MapVirtualKeyEx returning 0xd.
4410 wine_trace 00ec:trace:keyboard:NtUserMapVirtualKeyEx code 13, type 2, layout 0x4090409.
4410 wine_trace 00ec:trace:keyboard:X11DRV_MapVirtualKeyEx wCode=0xd, wMapType=2, hkl 0x4090409
4410 wine_trace 00ec:trace:key:EVENT_event_to_vkey e->keycode = 36
4410 wine_trace 00ec:trace:keyboard:X11DRV_MapVirtualKeyEx Found keycode 36
4410 wine_trace 00ec:trace:keyboard:X11DRV_MapVirtualKeyEx returning 0xd.
4410 wine_trace 00ec:trace:keyboard:NtUserMapVirtualKeyEx code 30, type 1, layout 0x4090409.
4410 wine_trace 00ec:trace:keyboard:X11DRV_MapVirtualKeyEx wCode=0x1e, wMapType=1, hkl 0x4090409
4411 wine_trace 00ec:trace:keyboard:X11DRV_MapVirtualKeyEx returning 0x0.
4411 wine_trace 00ec:trace:keyboard:NtUserMapVirtualKeyEx code 31, type 1, layout 0x4090409.
4411 wine_trace 00ec:trace:keyboard:X11DRV_MapVirtualKeyEx wCode=0x1f, wMapType=1, hkl 0x4090409
4411 wine_trace 00ec:trace:keyboard:X11DRV_MapVirtualKeyEx returning 0x0.
4411 wine_trace 00ec:trace:keyboard:NtUserMapVirtualKeyEx code 32, type 1, layout 0x4090409.
4411 wine_trace 00ec:trace:keyboard:X11DRV_MapVirtualKeyEx wCode=0x20, wMapType=1, hkl 0x4090409
4411 wine_trace 00ec:trace:keyboard:X11DRV_MapVirtualKeyEx returning 0x0.
4411 wine_trace 00ec:trace:keyboard:NtUserMapVirtualKeyEx code 33, type 1, layout 0x4090409.
4411 wine_trace 00ec:trace:keyboard:X11DRV_MapVirtualKeyEx wCode=0x21, wMapType=1, hkl 0x4090409
4412 wine_trace 00ec:trace:keyboard:X11DRV_MapVirtualKeyEx returning 0x0.
4412 wine_trace 00ec:trace:keyboard:NtUserMapVirtualKeyEx code 34, type 1, layout 0x4090409.
4412 wine_trace 00ec:trace:keyboard:X11DRV_MapVirtualKeyEx wCode=0x22, wMapType=1, hkl 0x4090409
4412 wine_trace 00ec:trace:keyboard:X11DRV_MapVirtualKeyEx returning 0x0.
4412 wine_trace 00ec:trace:keyboard:NtUserMapVirtualKeyEx code 35, type 1, layout 0x4090409.
4412 wine_trace 00ec:trace:keyboard:X11DRV_MapVirtualKeyEx wCode=0x23, wMapType=1, hkl 0x4090409
4412 wine_trace 00ec:trace:keyboard:X11DRV_MapVirtualKeyEx returning 0x0.
4412 wine_trace 00ec:trace:keyboard:NtUserMapVirtualKeyEx code 36, type 1, layout 0x4090409.
4412 wine_trace 00ec:trace:keyboard:X11DRV_MapVirtualKeyEx wCode=0x24, wMapType=1, hkl 0x4090409
4413 wine_trace 00ec:trace:keyboard:X11DRV_MapVirtualKeyEx returning 0x0.
4413 wine_trace 00ec:trace:keyboard:NtUserMapVirtualKeyEx code 37, type 1, layout 0x4090409.
4413 wine_trace 00ec:trace:keyboard:X11DRV_MapVirtualKeyEx wCode=0x25, wMapType=1, hkl 0x4090409
4413 wine_trace 00ec:trace:keyboard:X11DRV_MapVirtualKeyEx returning 0x0.
4413 wine_trace 00ec:trace:keyboard:NtUserMapVirtualKeyEx code 38, type 1, layout 0x4090409.
4413 wine_trace 00ec:trace:keyboard:X11DRV_MapVirtualKeyEx wCode=0x26, wMapType=1, hkl 0x4090409
4413 wine_trace 00ec:trace:keyboard:X11DRV_MapVirtualKeyEx returning 0x0.
4413 wine_trace 00ec:trace:keyboard:NtUserMapVirtualKeyEx code 39, type 1, layout 0x4090409.
4413 wine_trace 00ec:trace:keyboard:X11DRV_MapVirtualKeyEx wCode=0x27, wMapType=1, hkl 0x4090409
4414 wine_trace 00ec:trace:keyboard:X11DRV_MapVirtualKeyEx returning 0x0.
4414 wine_trace 00ec:trace:keyboard:NtUserMapVirtualKeyEx code 40, type 1, layout 0x4090409.
4414 wine_trace 00ec:trace:keyboard:X11DRV_MapVirtualKeyEx wCode=0x28, wMapType=1, hkl 0x4090409
4414 wine_trace 00ec:trace:keyboard:X11DRV_MapVirtualKeyEx returning 0x0.
4414 wine_trace 00ec:trace:keyboard:NtUserMapVirtualKeyEx code 41, type 1, layout 0x4090409.
4414 wine_trace 00ec:trace:keyboard:X11DRV_MapVirtualKeyEx wCode=0x29, wMapType=1, hkl 0x4090409
4414 wine_trace 00ec:trace:keyboard:X11DRV_MapVirtualKeyEx returning 0x0.
4414 wine_trace 00ec:trace:keyboard:NtUserMapVirtualKeyEx code 43, type 1, layout 0x4090409.
4414 wine_trace 00ec:trace:keyboard:X11DRV_MapVirtualKeyEx wCode=0x2b, wMapType=1, hkl 0x4090409
4414 wine_trace 00ec:trace:keyboard:X11DRV_MapVirtualKeyEx returning 0x0.
4415 wine_trace 00ec:trace:keyboard:NtUserMapVirtualKeyEx code 44, type 1, layout 0x4090409.
4415 wine_trace 00ec:trace:keyboard:X11DRV_MapVirtualKeyEx wCode=0x2c, wMapType=1, hkl 0x4090409
4415 wine_trace 00ec:trace:keyboard:X11DRV_MapVirtualKeyEx returning 0x0.
4415 wine_trace 00ec:trace:keyboard:NtUserMapVirtualKeyEx code 45, type 1, layout 0x4090409.
4415 wine_trace 00ec:trace:keyboard:X11DRV_MapVirtualKeyEx wCode=0x2d, wMapType=1, hkl 0x4090409
4415 wine_trace 00ec:trace:keyboard:X11DRV_MapVirtualKeyEx returning 0x0.
4415 wine_trace 00ec:trace:keyboard:NtUserMapVirtualKeyEx code 46, type 1, layout 0x4090409.
4415 wine_trace 00ec:trace:keyboard:X11DRV_MapVirtualKeyEx wCode=0x2e, wMapType=1, hkl 0x4090409
4416 wine_trace 00ec:trace:keyboard:X11DRV_MapVirtualKeyEx returning 0x0.
4416 wine_trace 00ec:trace:keyboard:NtUserMapVirtualKeyEx code 47, type 1, layout 0x4090409.
4416 wine_trace 00ec:trace:keyboard:X11DRV_MapVirtualKeyEx wCode=0x2f, wMapType=1, hkl 0x4090409
4416 wine_trace 00ec:trace:keyboard:X11DRV_MapVirtualKeyEx returning 0x0.
4416 wine_trace 00ec:trace:keyboard:NtUserMapVirtualKeyEx code 48, type 1, layout 0x4090409.
4416 wine_trace 00ec:trace:keyboard:X11DRV_MapVirtualKeyEx wCode=0x30, wMapType=1, hkl 0x4090409
4416 wine_trace 00ec:trace:keyboard:X11DRV_MapVirtualKeyEx returning 0x0.
4416 wine_trace 00ec:trace:keyboard:NtUserMapVirtualKeyEx code 49, type 1, layout 0x4090409.
4416 wine_trace 00ec:trace:keyboard:X11DRV_MapVirtualKeyEx wCode=0x31, wMapType=1, hkl 0x4090409
4416 wine_trace 00ec:trace:keyboard:X11DRV_MapVirtualKeyEx returning 0x0.
4417 wine_trace 00ec:trace:keyboard:NtUserMapVirtualKeyEx code 50, type 1, layout 0x4090409.
4417 wine_trace 00ec:trace:keyboard:X11DRV_MapVirtualKeyEx wCode=0x32, wMapType=1, hkl 0x4090409
4417 wine_trace 00ec:trace:keyboard:X11DRV_MapVirtualKeyEx returning 0x0.
4417 wine_trace 00ec:trace:keyboard:NtUserMapVirtualKeyEx code 51, type 1, layout 0x4090409.
4417 wine_trace 00ec:trace:keyboard:X11DRV_MapVirtualKeyEx wCode=0x33, wMapType=1, hkl 0x4090409
4417 wine_trace 00ec:trace:keyboard:X11DRV_MapVirtualKeyEx returning 0x0.
4417 wine_trace 00ec:trace:keyboard:NtUserMapVirtualKeyEx code 52, type 1, layout 0x4090409.
4417 wine_trace 00ec:trace:keyboard:X11DRV_MapVirtualKeyEx wCode=0x34, wMapType=1, hkl 0x4090409
4417 wine_trace 00ec:trace:keyboard:X11DRV_MapVirtualKeyEx returning 0x0.
4417 wine_trace 00ec:trace:keyboard:NtUserMapVirtualKeyEx code 53, type 1, layout 0x4090409.
4418 wine_trace 00ec:trace:keyboard:X11DRV_MapVirtualKeyEx wCode=0x35, wMapType=1, hkl 0x4090409
4418 wine_trace 00ec:trace:keyboard:X11DRV_MapVirtualKeyEx returning 0x6f.
4418 wine_trace 00ec:trace:keyboard:NtUserMapVirtualKeyEx code 111, type 2, layout 0x4090409.
4418 wine_trace 00ec:trace:keyboard:X11DRV_MapVirtualKeyEx wCode=0x6f, wMapType=2, hkl 0x4090409
4418 wine_trace 00ec:trace:key:EVENT_event_to_vkey e->keycode = 106
4418 wine_trace 00ec:trace:keyboard:X11DRV_MapVirtualKeyEx Found keycode 106
4418 wine_trace 00ec:trace:keyboard:X11DRV_MapVirtualKeyEx returning 0x2f.
4418 wine_trace 00ec:trace:keyboard:NtUserMapVirtualKeyEx code 57, type 1, layout 0x4090409.
4418 wine_trace 00ec:trace:keyboard:X11DRV_MapVirtualKeyEx wCode=0x39, wMapType=1, hkl 0x4090409
4418 wine_trace 00ec:trace:keyboard:X11DRV_MapVirtualKeyEx returning 0x20.
4419 wine_trace 00ec:trace:keyboard:NtUserMapVirtualKeyEx code 32, type 2, layout 0x4090409.
4419 wine_trace 00ec:trace:keyboard:X11DRV_MapVirtualKeyEx wCode=0x20, wMapType=2, hkl 0x4090409
4419 wine_trace 00ec:trace:key:EVENT_event_to_vkey e->keycode = 65
4419 wine_trace 00ec:trace:keyboard:X11DRV_MapVirtualKeyEx Found keycode 65
4419 wine_trace 00ec:trace:keyboard:X11DRV_MapVirtualKeyEx returning 0x20.
4419 wine_trace 00ec:trace:keyboard:NtUserMapVirtualKeyEx code 83, type 1, layout 0x4090409.
4419 wine_trace 00ec:trace:keyboard:X11DRV_MapVirtualKeyEx wCode=0x53, wMapType=1, hkl 0x4090409
4419 wine_trace 00ec:trace:keyboard:X11DRV_MapVirtualKeyEx returning 0x2e.
4420 wine_trace 00ec:trace:keyboard:NtUserMapVirtualKeyEx code 46, type 2, layout 0x4090409.
4420 wine_trace 00ec:trace:keyboard:X11DRV_MapVirtualKeyEx wCode=0x2e, wMapType=2, hkl 0x4090409
4420 wine_trace 00ec:trace:key:EVENT_event_to_vkey e->keycode = 91
4420 wine_trace 00ec:trace:keyboard:X11DRV_MapVirtualKeyEx Found keycode 91
4420 wine_trace 00ec:trace:keyboard:X11DRV_MapVirtualKeyEx returning 0x0.
4420 wine_trace 00ec:trace:keyboard:NtUserMapVirtualKeyEx code 86, type 1, layout 0x4090409.
4420 wine_trace 00ec:trace:keyboard:X11DRV_MapVirtualKeyEx wCode=0x56, wMapType=1, hkl 0x4090409
4420 wine_trace 00ec:trace:keyboard:X11DRV_MapVirtualKeyEx returning 0x0.
4420 wine_trace 00ec:trace:keyboard:NtUserMapVirtualKeyEx code 112, type 1, layout 0x4090409.
4421 wine_trace 00ec:trace:keyboard:X11DRV_MapVirtualKeyEx wCode=0x70, wMapType=1, hkl 0x4090409
4421 wine_trace 00ec:trace:keyboard:X11DRV_MapVirtualKeyEx returning 0x54.
4421 wine_trace 00ec:trace:keyboard:NtUserMapVirtualKeyEx code 84, type 2, layout 0x4090409.
4421 wine_trace 00ec:trace:keyboard:X11DRV_MapVirtualKeyEx wCode=0x54, wMapType=2, hkl 0x4090409
4421 wine_trace 00ec:trace:key:EVENT_event_to_vkey e->keycode = 28
4421 wine_trace 00ec:trace:keyboard:X11DRV_MapVirtualKeyEx Found keycode 28
4421 wine_trace 00ec:trace:keyboard:X11DRV_MapVirtualKeyEx returning 0x54.
4421 wine_trace 00ec:trace:keyboard:NtUserMapVirtualKeyEx code 115, type 1, layout 0x4090409.
4421 wine_trace 00ec:trace:keyboard:X11DRV_MapVirtualKeyEx wCode=0x73, wMapType=1, hkl 0x4090409
4422 wine_trace 00ec:trace:keyboard:X11DRV_MapVirtualKeyEx returning 0x49.
4422 wine_trace 00ec:trace:keyboard:NtUserMapVirtualKeyEx code 73, type 2, layout 0x4090409.
4422 wine_trace 00ec:trace:keyboard:X11DRV_MapVirtualKeyEx wCode=0x49, wMapType=2, hkl 0x4090409
4422 wine_trace 00ec:trace:key:EVENT_event_to_vkey e->keycode = 31
4422 wine_trace 00ec:trace:keyboard:X11DRV_MapVirtualKeyEx Found keycode 31
4422 wine_trace 00ec:trace:keyboard:X11DRV_MapVirtualKeyEx returning 0x49.
4422 wine_trace 00ec:trace:keyboard:NtUserMapVirtualKeyEx code 121, type 1, layout 0x4090409.
4422 wine_trace 00ec:trace:keyboard:X11DRV_MapVirtualKeyEx wCode=0x79, wMapType=1, hkl 0x4090409
4422 wine_trace 00ec:trace:keyboard:X11DRV_MapVirtualKeyEx returning 0x53.
4422 wine_trace 00ec:trace:keyboard:NtUserMapVirtualKeyEx code 83, type 2, layout 0x4090409.
4423 wine_trace 00ec:trace:keyboard:X11DRV_MapVirtualKeyEx wCode=0x53, wMapType=2, hkl 0x4090409
4423 wine_trace 00ec:trace:key:EVENT_event_to_vkey e->keycode = 39
4423 wine_trace 00ec:trace:keyboard:X11DRV_MapVirtualKeyEx Found keycode 39
4423 wine_trace 00ec:trace:keyboard:X11DRV_MapVirtualKeyEx returning 0x53.
4423 wine_trace 00ec:trace:keyboard:NtUserMapVirtualKeyEx code 123, type 1, layout 0x4090409.
4423 wine_trace 00ec:trace:keyboard:X11DRV_MapVirtualKeyEx wCode=0x7b, wMapType=1, hkl 0x4090409
4423 wine_trace 00ec:trace:keyboard:X11DRV_MapVirtualKeyEx returning 0x46.
4423 wine_trace 00ec:trace:keyboard:NtUserMapVirtualKeyEx code 70, type 2, layout 0x4090409.
4423 wine_trace 00ec:trace:keyboard:X11DRV_MapVirtualKeyEx wCode=0x46, wMapType=2, hkl 0x4090409
4424 wine_trace 00ec:trace:key:EVENT_event_to_vkey e->keycode = 41
4424 wine_trace 00ec:trace:keyboard:X11DRV_MapVirtualKeyEx Found keycode 41
4424 wine_trace 00ec:trace:keyboard:X11DRV_MapVirtualKeyEx returning 0x46.
4424 wine_trace 00ec:trace:keyboard:NtUserMapVirtualKeyEx code 125, type 1, layout 0x4090409.
4424 wine_trace 00ec:trace:keyboard:X11DRV_MapVirtualKeyEx wCode=0x7d, wMapType=1, hkl 0x4090409
4424 wine_trace 00ec:trace:keyboard:X11DRV_MapVirtualKeyEx returning 0x48.
4424 wine_trace 00ec:trace:keyboard:NtUserMapVirtualKeyEx code 72, type 2, layout 0x4090409.
4424 wine_trace 00ec:trace:keyboard:X11DRV_MapVirtualKeyEx wCode=0x48, wMapType=2, hkl 0x4090409
4424 wine_trace 00ec:trace:key:EVENT_event_to_vkey e->keycode = 43
4424 wine_trace 00ec:trace:keyboard:X11DRV_MapVirtualKeyEx Found keycode 43
4425 wine_trace 00ec:trace:keyboard:X11DRV_MapVirtualKeyEx returning 0x48.
4425 wine_trace 00ec:trace:keyboard:NtUserMapVirtualKeyEx code 32, type 0, layout 0x4090409.
4425 wine_trace 00ec:trace:keyboard:X11DRV_MapVirtualKeyEx wCode=0x20, wMapType=0, hkl 0x4090409
4425 wine_trace 00ec:trace:keyboard:X11DRV_MapVirtualKeyEx returning 0x39.
4425 wine_trace 00ec:trace:keyboard:NtUserToUnicodeEx virt 0x20, scan 0x39, state 0x8016e730, str 0x8016e710, size 16, flags 0, layout 0x4090409.
4425 wine_trace 00ec:trace:key:X11DRV_ToUnicodeEx AltGrMask = 0000
4425 wine_trace 00ec:trace:key:X11DRV_ToUnicodeEx (0020, 0039) : faked state = 0x0000
4425 wine_trace 00ec:trace:key:EVENT_event_to_vkey e->keycode = 65
4425 wine_trace 00ec:trace:key:X11DRV_ToUnicodeEx Found keycode 65
4425 wine_trace 00ec:trace:key:X11DRV_ToUnicodeEx type 2, window 0, state 0x0000, keycode 65
4426 wine_trace 00ec:trace:key:X11DRV_ToUnicodeEx nbyte = 1, status 0x0
4426 wine_trace 00ec:trace:key:X11DRV_ToUnicodeEx KeyPress : keysym=20 (space), # of chars=1 / " "
4426 wine_trace 00ec:trace:key:X11DRV_ToUnicodeEx Translating char 0x20 to unicode
4426 wine_trace 00ec:trace:key:X11DRV_ToUnicodeEx returning 1 with L" "
4490 wine_trace 00ec:trace:keyboard:GetKeyboardType (0)
4490 wine_trace 00ec:trace:keyboard:GetKeyboardType (1)
29098 window_map id=25165844,parent=3,name=,class=,mapped=true,viewable=true,enabled=true,renderable=false,surface=false,application=false,keyPress=false,keyRelease=false,focusChange=false,focus_before={id=20971527,parent=3,name=nogui - Wine Desktop,class=explorer.exe,mapped=true,viewable=false,enabled=false,renderable=true,surface=false,application=true,keyPress=true,keyRelease=true,focusChange=true}
29099 window_map_result id=25165844,focus_after={id=20971527,parent=3,name=nogui - Wine Desktop,class=explorer.exe,mapped=true,viewable=false,enabled=false,renderable=true,surface=false,application=true,keyPress=true,keyRelease=true,focusChange=true}
29225 window_map id=25165846,parent=29360131,name=,class=,mapped=true,viewable=true,enabled=true,renderable=true,surface=false,application=false,keyPress=false,keyRelease=false,focusChange=false,focus_before={id=20971527,parent=3,name=nogui - Wine Desktop,class=explorer.exe,mapped=true,viewable=false,enabled=false,renderable=true,surface=false,application=true,keyPress=true,keyRelease=true,focusChange=true}
29225 window_map_result id=25165846,focus_after={id=20971527,parent=3,name=nogui - Wine Desktop,class=explorer.exe,mapped=true,viewable=false,enabled=false,renderable=true,surface=false,application=true,keyPress=true,keyRelease=true,focusChange=true}
29248 window_map id=25165848,parent=20971527,name=,class=,mapped=true,viewable=true,enabled=true,renderable=false,surface=false,application=false,keyPress=false,keyRelease=false,focusChange=false,focus_before={id=20971527,parent=3,name=nogui - Wine Desktop,class=explorer.exe,mapped=true,viewable=false,enabled=false,renderable=true,surface=false,application=true,keyPress=true,keyRelease=true,focusChange=true}
29249 window_map_result id=25165848,focus_after={id=20971527,parent=3,name=nogui - Wine Desktop,class=explorer.exe,mapped=true,viewable=false,enabled=false,renderable=true,surface=false,application=true,keyPress=true,keyRelease=true,focusChange=true}
29266 window_map id=25165852,parent=29360135,name=,class=,mapped=true,viewable=true,enabled=true,renderable=true,surface=false,application=false,keyPress=false,keyRelease=false,focusChange=false,focus_before={id=20971527,parent=3,name=nogui - Wine Desktop,class=explorer.exe,mapped=true,viewable=false,enabled=false,renderable=true,surface=false,application=true,keyPress=true,keyRelease=true,focusChange=true}
29267 window_map_result id=25165852,focus_after={id=20971527,parent=3,name=nogui - Wine Desktop,class=explorer.exe,mapped=true,viewable=false,enabled=false,renderable=true,surface=false,application=true,keyPress=true,keyRelease=true,focusChange=true}
29280 window_map id=25165854,parent=29360133,name=,class=,mapped=true,viewable=true,enabled=true,renderable=true,surface=false,application=false,keyPress=false,keyRelease=false,focusChange=false,focus_before={id=20971527,parent=3,name=nogui - Wine Desktop,class=explorer.exe,mapped=true,viewable=false,enabled=false,renderable=true,surface=false,application=true,keyPress=true,keyRelease=true,focusChange=true}
29280 window_map_result id=25165854,focus_after={id=20971527,parent=3,name=nogui - Wine Desktop,class=explorer.exe,mapped=true,viewable=false,enabled=false,renderable=true,surface=false,application=true,keyPress=true,keyRelease=true,focusChange=true}
37255 window_map id=29360133,parent=20971527,name=Stardew Valley,class=stardew valley.exe,mapped=true,viewable=true,enabled=true,renderable=true,surface=false,application=true,keyPress=true,keyRelease=true,focusChange=true,focus_before={id=20971527,parent=3,name=nogui - Wine Desktop,class=explorer.exe,mapped=true,viewable=false,enabled=false,renderable=true,surface=false,application=true,keyPress=true,keyRelease=true,focusChange=true}
37256 focus_notify previous={id=20971527,parent=3,name=nogui - Wine Desktop,class=explorer.exe,mapped=true,viewable=false,enabled=false,renderable=true,surface=false,application=true,keyPress=true,keyRelease=true,focusChange=true},focused={id=29360133,parent=20971527,name=Stardew Valley,class=stardew valley.exe,mapped=true,viewable=true,enabled=true,renderable=true,surface=false,application=true,keyPress=true,keyRelease=true,focusChange=true},outDetail=INFERIOR,inDetail=ANCESTOR,outSelected=true,inSelected=true
37256 wine_trace 00ec:trace:keyboard:NtUserMapVirtualKeyEx code 32, type 0, layout 0x4090409.
37256 window_map_result id=29360133,focus_after={id=29360133,parent=20971527,name=Stardew Valley,class=stardew valley.exe,mapped=true,viewable=true,enabled=true,renderable=true,surface=false,application=true,keyPress=true,keyRelease=true,focusChange=true}
37257 wine_trace 00ec:trace:keyboard:X11DRV_MapVirtualKeyEx wCode=0x20, wMapType=0, hkl 0x4090409
37257 wine_trace 00ec:trace:keyboard:X11DRV_MapVirtualKeyEx returning 0x39.
37257 wine_trace 00ec:trace:keyboard:NtUserToUnicodeEx virt 0x20, scan 0x39, state 0x8016e490, str 0x8016e470, size 16, flags 0, layout 0x4090409.
37267 wine_trace 00ec:trace:key:X11DRV_ToUnicodeEx AltGrMask = 0000
37267 wine_trace 00ec:trace:key:X11DRV_ToUnicodeEx (0020, 0039) : faked state = 0x0000
37268 wine_trace 00ec:trace:key:EVENT_event_to_vkey e->keycode = 65
37268 wine_trace 00ec:trace:key:X11DRV_ToUnicodeEx Found keycode 65
37268 wine_trace 00ec:trace:key:X11DRV_ToUnicodeEx type 2, window 1c00005, state 0x0000, keycode 65
37268 wine_trace 00ec:trace:key:X11DRV_ToUnicodeEx XmbLookupString needs 1 byte(s)
37268 wine_trace 00ec:trace:key:X11DRV_ToUnicodeEx nbyte = 1, status 0x4
37269 wine_trace 00ec:trace:key:X11DRV_ToUnicodeEx KeyPress : keysym=20 (space), # of chars=1 / " "
37269 wine_trace 00ec:trace:key:X11DRV_ToUnicodeEx Translating char 0x20 to unicode
37269 wine_trace 00ec:trace:key:X11DRV_ToUnicodeEx returning 1 with L" "
74806 pointer_focus point={id=25165854,parent=29360133,name=,class=,mapped=true,viewable=true,enabled=true,renderable=true,surface=false,application=false,keyPress=false,keyRelease=false,focusChange=false},focus_before={id=29360133,parent=20971527,name=Stardew Valley,class=stardew valley.exe,mapped=true,viewable=true,enabled=true,renderable=true,surface=false,application=true,keyPress=true,keyRelease=true,focusChange=true}
74810 pointer_focus_result focus_after={id=29360133,parent=20971527,name=Stardew Valley,class=stardew valley.exe,mapped=true,viewable=true,enabled=true,renderable=true,surface=false,application=true,keyPress=true,keyRelease=true,focusChange=true}
123181 pointer_focus point={id=25165854,parent=29360133,name=,class=,mapped=true,viewable=true,enabled=true,renderable=true,surface=false,application=false,keyPress=false,keyRelease=false,focusChange=false},focus_before={id=29360133,parent=20971527,name=Stardew Valley,class=stardew valley.exe,mapped=true,viewable=true,enabled=true,renderable=true,surface=false,application=true,keyPress=true,keyRelease=true,focusChange=true}
123182 pointer_focus_result focus_after={id=29360133,parent=20971527,name=Stardew Valley,class=stardew valley.exe,mapped=true,viewable=true,enabled=true,renderable=true,surface=false,application=true,keyPress=true,keyRelease=true,focusChange=true}
196842 binding_release binding=KEY_W,keycode=25
196846 inject_release keycode=25
196846 keyboard_release_suppressed reason=not_pressed_or_sticky,keycode=25
196846 binding_release binding=KEY_D,keycode=40
196846 inject_release keycode=40
196846 keyboard_release_suppressed reason=not_pressed_or_sticky,keycode=40
196846 binding_release binding=KEY_S,keycode=39
196846 inject_release keycode=39
196846 keyboard_release_suppressed reason=not_pressed_or_sticky,keycode=39
196846 binding_press binding=KEY_A,keycode=38
196846 inject_press keycode=38,keysym=0
196847 key_press_received keycode=38,keysym=0,focus={id=29360133,parent=20971527,name=Stardew Valley,class=stardew valley.exe,mapped=true,viewable=true,enabled=true,renderable=true,surface=false,application=true,keyPress=true,keyRelease=true,focusChange=true},point={id=25165854,parent=29360133,name=,class=,mapped=true,viewable=true,enabled=true,renderable=true,surface=false,application=false,keyPress=false,keyRelease=false,focusChange=false}
196847 key_press_ancestor_target target={id=29360133,parent=20971527,name=Stardew Valley,class=stardew valley.exe,mapped=true,viewable=true,enabled=true,renderable=true,surface=false,application=true,keyPress=true,keyRelease=true,focusChange=true}
196847 key_press_sent keycode=38,target={id=29360133,parent=20971527,name=Stardew Valley,class=stardew valley.exe,mapped=true,viewable=true,enabled=true,renderable=true,surface=false,application=true,keyPress=true,keyRelease=true,focusChange=true}
196847 winhandler_keyboard_queued vkey=65,flags=0
196848 winhandler_keyboard_packet vkey=65,flags=0,sent=true
196854 wine_trace 00ec:trace:key:X11DRV_KeyEvent type 2, window 1c00005, state 0x0000, keycode 38
196855 wine_trace 00ec:trace:key:X11DRV_KeyEvent XmbLookupString needs 1 byte(s)
196855 wine_trace 00ec:trace:key:X11DRV_KeyEvent nbyte = 1, status 4
196855 wine_trace 00ec:trace:key:X11DRV_KeyEvent KeyPress : keysym=61 (a), # of chars=1 / "a"
196855 wine_trace 00ec:trace:key:EVENT_event_to_vkey e->keycode = 38
196855 wine_trace 00ec:trace:key:X11DRV_KeyEvent keycode 38 converted to vkey 0x41 scan 78
196856 wine_trace 00ec:trace:key:X11DRV_send_keyboard_input hwnd 0x3008e vkey=0041 scan=0078 flags=0000
196857 wine_trace 00ec:trace:key:NtUserTranslateMessage Translating key VK_A (0041), scancode 0000
196857 wine_trace 00ec:trace:keyboard:NtUserToUnicodeEx virt 0x41, scan 0, state 0x14012f8d0, str 0x14012f8c0, size 8, flags 0, layout 0x4090409.
196857 wine_trace 00ec:trace:key:X11DRV_ToUnicodeEx AltGrMask = 0000
196857 wine_trace 00ec:trace:key:X11DRV_ToUnicodeEx (0041, 0000) : faked state = 0x0000
196857 wine_trace 00ec:trace:key:EVENT_event_to_vkey e->keycode = 38
196857 wine_trace 00ec:trace:key:X11DRV_ToUnicodeEx Found keycode 38
196857 wine_trace 00ec:trace:key:X11DRV_ToUnicodeEx type 2, window 1c00005, state 0x0000, keycode 38
196858 wine_trace 00ec:trace:key:X11DRV_ToUnicodeEx XmbLookupString needs 1 byte(s)
196858 wine_trace 00ec:trace:key:X11DRV_ToUnicodeEx nbyte = 1, status 0x4
196858 wine_trace 00ec:trace:key:X11DRV_ToUnicodeEx KeyPress : keysym=61 (a), # of chars=1 / "a"
196858 wine_trace 00ec:trace:key:X11DRV_ToUnicodeEx Translating char 0x61 to unicode
196858 wine_trace 00ec:trace:key:X11DRV_ToUnicodeEx returning 1 with L"a"
196858 wine_trace 00ec:trace:key:NtUserTranslateMessage 1 -> PostMessageW(0x3008e,WM_CHAR,<x>,00000001) for <x> in L"a"
196859 wine_trace 00ec:trace:key:NtUserTranslateMessage Translating key VK_A (0041), scancode 4078
196859 wine_trace 00ec:trace:keyboard:NtUserToUnicodeEx virt 0x41, scan 0x4078, state 0x14012f8d0, str 0x14012f8c0, size 8, flags 0, layout 0x4090409.
196859 wine_trace 00ec:trace:key:X11DRV_ToUnicodeEx AltGrMask = 0000
196859 wine_trace 00ec:trace:key:X11DRV_ToUnicodeEx (0041, 4078) : faked state = 0x0000
196859 wine_trace 00ec:trace:key:EVENT_event_to_vkey e->keycode = 38
196859 wine_trace 00ec:trace:key:X11DRV_ToUnicodeEx Found keycode 38
196860 wine_trace 00ec:trace:key:X11DRV_ToUnicodeEx type 2, window 1c00005, state 0x0000, keycode 38
196860 wine_trace 00ec:trace:key:X11DRV_ToUnicodeEx XmbLookupString needs 1 byte(s)
196860 wine_trace 00ec:trace:key:X11DRV_ToUnicodeEx nbyte = 1, status 0x4
196860 wine_trace 00ec:trace:key:X11DRV_ToUnicodeEx KeyPress : keysym=61 (a), # of chars=1 / "a"
196860 wine_trace 00ec:trace:key:X11DRV_ToUnicodeEx Translating char 0x61 to unicode
196860 wine_trace 00ec:trace:key:X11DRV_ToUnicodeEx returning 1 with L"a"
196860 wine_trace 00ec:trace:key:NtUserTranslateMessage 1 -> PostMessageW(0x3008e,WM_CHAR,<x>,40780001) for <x> in L"a"
196882 binding_release binding=KEY_W,keycode=25
196882 inject_release keycode=25
196882 keyboard_release_suppressed reason=not_pressed_or_sticky,keycode=25
196882 binding_release binding=KEY_D,keycode=40
196882 inject_release keycode=40
196882 keyboard_release_suppressed reason=not_pressed_or_sticky,keycode=40
196882 binding_release binding=KEY_S,keycode=39
196882 inject_release keycode=39
196882 keyboard_release_suppressed reason=not_pressed_or_sticky,keycode=39
196882 binding_press binding=KEY_A,keycode=38
196882 inject_press keycode=38,keysym=0
196882 keyboard_press_suppressed reason=already_pressed,keycode=38
196948 binding_release binding=KEY_W,keycode=25
196948 inject_release keycode=25
196948 keyboard_release_suppressed reason=not_pressed_or_sticky,keycode=25
196948 binding_release binding=KEY_D,keycode=40
196948 inject_release keycode=40
196948 keyboard_release_suppressed reason=not_pressed_or_sticky,keycode=40
196948 binding_release binding=KEY_S,keycode=39
196948 inject_release keycode=39
196948 keyboard_release_suppressed reason=not_pressed_or_sticky,keycode=39
196948 binding_press binding=KEY_A,keycode=38
196948 inject_press keycode=38,keysym=0
196948 keyboard_press_suppressed reason=already_pressed,keycode=38
197031 binding_release binding=KEY_W,keycode=25
197031 inject_release keycode=25
197031 keyboard_release_suppressed reason=not_pressed_or_sticky,keycode=25
197031 binding_release binding=KEY_D,keycode=40
197031 inject_release keycode=40
197031 keyboard_release_suppressed reason=not_pressed_or_sticky,keycode=40
197031 binding_release binding=KEY_S,keycode=39
197031 inject_release keycode=39
197031 keyboard_release_suppressed reason=not_pressed_or_sticky,keycode=39
197031 binding_press binding=KEY_A,keycode=38
197031 inject_press keycode=38,keysym=0
197031 keyboard_press_suppressed reason=already_pressed,keycode=38
197131 binding_release binding=KEY_W,keycode=25
197131 inject_release keycode=25
197131 keyboard_release_suppressed reason=not_pressed_or_sticky,keycode=25
197131 binding_release binding=KEY_D,keycode=40
197131 inject_release keycode=40
197131 keyboard_release_suppressed reason=not_pressed_or_sticky,keycode=40
197131 binding_release binding=KEY_S,keycode=39
197131 inject_release keycode=39
197131 keyboard_release_suppressed reason=not_pressed_or_sticky,keycode=39
197131 binding_press binding=KEY_A,keycode=38
197131 inject_press keycode=38,keysym=0
197131 keyboard_press_suppressed reason=already_pressed,keycode=38
197230 binding_release binding=KEY_W,keycode=25
197230 inject_release keycode=25
197230 keyboard_release_suppressed reason=not_pressed_or_sticky,keycode=25
197230 binding_release binding=KEY_D,keycode=40
197230 inject_release keycode=40
197231 keyboard_release_suppressed reason=not_pressed_or_sticky,keycode=40
197231 binding_release binding=KEY_S,keycode=39
197231 inject_release keycode=39
197231 keyboard_release_suppressed reason=not_pressed_or_sticky,keycode=39
197231 binding_press binding=KEY_A,keycode=38
197231 inject_press keycode=38,keysym=0
197231 keyboard_press_suppressed reason=already_pressed,keycode=38
197330 binding_release binding=KEY_W,keycode=25
197330 inject_release keycode=25
197330 keyboard_release_suppressed reason=not_pressed_or_sticky,keycode=25
197330 binding_release binding=KEY_D,keycode=40
197330 inject_release keycode=40
197330 keyboard_release_suppressed reason=not_pressed_or_sticky,keycode=40
197330 binding_release binding=KEY_S,keycode=39
197330 inject_release keycode=39
197330 keyboard_release_suppressed reason=not_pressed_or_sticky,keycode=39
197330 binding_press binding=KEY_A,keycode=38
197330 inject_press keycode=38,keysym=0
197330 keyboard_press_suppressed reason=already_pressed,keycode=38
197396 binding_release binding=KEY_W,keycode=25
197396 inject_release keycode=25
197397 keyboard_release_suppressed reason=not_pressed_or_sticky,keycode=25
197397 binding_release binding=KEY_D,keycode=40
197397 inject_release keycode=40
197397 keyboard_release_suppressed reason=not_pressed_or_sticky,keycode=40
197397 binding_release binding=KEY_S,keycode=39
197397 inject_release keycode=39
197397 keyboard_release_suppressed reason=not_pressed_or_sticky,keycode=39
197397 binding_press binding=KEY_A,keycode=38
197397 inject_press keycode=38,keysym=0
197397 keyboard_press_suppressed reason=already_pressed,keycode=38
197497 binding_release binding=KEY_W,keycode=25
197497 inject_release keycode=25
197497 keyboard_release_suppressed reason=not_pressed_or_sticky,keycode=25
197497 binding_release binding=KEY_D,keycode=40
197497 inject_release keycode=40
197497 keyboard_release_suppressed reason=not_pressed_or_sticky,keycode=40
197497 binding_release binding=KEY_S,keycode=39
197497 inject_release keycode=39
197497 keyboard_release_suppressed reason=not_pressed_or_sticky,keycode=39
197497 binding_press binding=KEY_A,keycode=38
197497 inject_press keycode=38,keysym=0
197497 keyboard_press_suppressed reason=already_pressed,keycode=38
197596 binding_release binding=KEY_W,keycode=25
197596 inject_release keycode=25
197596 keyboard_release_suppressed reason=not_pressed_or_sticky,keycode=25
197596 binding_release binding=KEY_D,keycode=40
197596 inject_release keycode=40
197596 keyboard_release_suppressed reason=not_pressed_or_sticky,keycode=40
197597 binding_release binding=KEY_S,keycode=39
197597 inject_release keycode=39
197597 keyboard_release_suppressed reason=not_pressed_or_sticky,keycode=39
197597 binding_press binding=KEY_A,keycode=38
197597 inject_press keycode=38,keysym=0
197597 keyboard_press_suppressed reason=already_pressed,keycode=38
197696 binding_release binding=KEY_W,keycode=25
197696 inject_release keycode=25
197696 keyboard_release_suppressed reason=not_pressed_or_sticky,keycode=25
197696 binding_release binding=KEY_D,keycode=40
197696 inject_release keycode=40
197696 keyboard_release_suppressed reason=not_pressed_or_sticky,keycode=40
197696 binding_release binding=KEY_S,keycode=39
197696 inject_release keycode=39
197696 keyboard_release_suppressed reason=not_pressed_or_sticky,keycode=39
197697 binding_press binding=KEY_A,keycode=38
197697 inject_press keycode=38,keysym=0
197697 keyboard_press_suppressed reason=already_pressed,keycode=38
197796 binding_release binding=KEY_W,keycode=25
197796 inject_release keycode=25
197796 keyboard_release_suppressed reason=not_pressed_or_sticky,keycode=25
197796 binding_release binding=KEY_D,keycode=40
197796 inject_release keycode=40
197796 keyboard_release_suppressed reason=not_pressed_or_sticky,keycode=40
197796 binding_release binding=KEY_S,keycode=39
197796 inject_release keycode=39
197796 keyboard_release_suppressed reason=not_pressed_or_sticky,keycode=39
197797 binding_press binding=KEY_A,keycode=38
197797 inject_press keycode=38,keysym=0
197797 keyboard_press_suppressed reason=already_pressed,keycode=38
197911 binding_release binding=KEY_W,keycode=25
197911 inject_release keycode=25
197911 keyboard_release_suppressed reason=not_pressed_or_sticky,keycode=25
197911 binding_release binding=KEY_D,keycode=40
197911 inject_release keycode=40
197911 keyboard_release_suppressed reason=not_pressed_or_sticky,keycode=40
197912 binding_release binding=KEY_S,keycode=39
197912 inject_release keycode=39
197912 keyboard_release_suppressed reason=not_pressed_or_sticky,keycode=39
197912 binding_press binding=KEY_A,keycode=38
197912 inject_press keycode=38,keysym=0
197912 keyboard_press_suppressed reason=already_pressed,keycode=38
198011 binding_release binding=KEY_W,keycode=25
198011 inject_release keycode=25
198011 keyboard_release_suppressed reason=not_pressed_or_sticky,keycode=25
198011 binding_release binding=KEY_D,keycode=40
198011 inject_release keycode=40
198011 keyboard_release_suppressed reason=not_pressed_or_sticky,keycode=40
198011 binding_release binding=KEY_S,keycode=39
198011 inject_release keycode=39
198011 keyboard_release_suppressed reason=not_pressed_or_sticky,keycode=39
198011 binding_press binding=KEY_A,keycode=38
198011 inject_press keycode=38,keysym=0
198011 keyboard_press_suppressed reason=already_pressed,keycode=38
198113 binding_release binding=KEY_W,keycode=25
198113 inject_release keycode=25
198113 keyboard_release_suppressed reason=not_pressed_or_sticky,keycode=25
198113 binding_release binding=KEY_D,keycode=40
198113 inject_release keycode=40
198113 keyboard_release_suppressed reason=not_pressed_or_sticky,keycode=40
198113 binding_release binding=KEY_S,keycode=39
198113 inject_release keycode=39
198113 keyboard_release_suppressed reason=not_pressed_or_sticky,keycode=39
198113 binding_press binding=KEY_A,keycode=38
198113 inject_press keycode=38,keysym=0
198113 keyboard_press_suppressed reason=already_pressed,keycode=38
198211 binding_release binding=KEY_W,keycode=25
198211 inject_release keycode=25
198211 keyboard_release_suppressed reason=not_pressed_or_sticky,keycode=25
198211 binding_release binding=KEY_D,keycode=40
198211 inject_release keycode=40
198211 keyboard_release_suppressed reason=not_pressed_or_sticky,keycode=40
198211 binding_release binding=KEY_S,keycode=39
198211 inject_release keycode=39
198211 keyboard_release_suppressed reason=not_pressed_or_sticky,keycode=39
198212 binding_press binding=KEY_A,keycode=38
198212 inject_press keycode=38,keysym=0
198212 keyboard_press_suppressed reason=already_pressed,keycode=38
198223 binding_release binding=KEY_A,keycode=38
198223 inject_release keycode=38
198223 key_release_received keycode=38,focus={id=29360133,parent=20971527,name=Stardew Valley,class=stardew valley.exe,mapped=true,viewable=true,enabled=true,renderable=true,surface=false,application=true,keyPress=true,keyRelease=true,focusChange=true},point={id=25165854,parent=29360133,name=,class=,mapped=true,viewable=true,enabled=true,renderable=true,surface=false,application=false,keyPress=false,keyRelease=false,focusChange=false}
198223 key_release_ancestor_target target={id=29360133,parent=20971527,name=Stardew Valley,class=stardew valley.exe,mapped=true,viewable=true,enabled=true,renderable=true,surface=false,application=true,keyPress=true,keyRelease=true,focusChange=true}
198224 key_release_sent keycode=38,target={id=29360133,parent=20971527,name=Stardew Valley,class=stardew valley.exe,mapped=true,viewable=true,enabled=true,renderable=true,surface=false,application=true,keyPress=true,keyRelease=true,focusChange=true}
198224 winhandler_keyboard_queued vkey=65,flags=2
198224 winhandler_keyboard_packet vkey=65,flags=2,sent=true
198229 wine_trace 00ec:trace:key:X11DRV_KeyEvent type 3, window 1c00005, state 0x0000, keycode 38
198229 wine_trace 00ec:trace:key:X11DRV_KeyEvent nbyte = 1, status 0
198229 wine_trace 00ec:trace:key:X11DRV_KeyEvent KeyRelease : keysym=61 (a), # of chars=1 / "a"
198229 wine_trace 00ec:trace:key:EVENT_event_to_vkey e->keycode = 38
198229 wine_trace 00ec:trace:key:X11DRV_KeyEvent keycode 38 converted to vkey 0x41 scan 78
198230 wine_trace 00ec:trace:key:X11DRV_send_keyboard_input hwnd 0x3008e vkey=0041 scan=0078 flags=0002
199066 binding_release binding=KEY_W,keycode=25
199067 inject_release keycode=25
199067 keyboard_release_suppressed reason=not_pressed_or_sticky,keycode=25
199067 binding_release binding=KEY_D,keycode=40
199067 inject_release keycode=40
199067 keyboard_release_suppressed reason=not_pressed_or_sticky,keycode=40
199067 binding_release binding=KEY_S,keycode=39
199067 inject_release keycode=39
199067 keyboard_release_suppressed reason=not_pressed_or_sticky,keycode=39
199067 binding_press binding=KEY_A,keycode=38
199067 inject_press keycode=38,keysym=0
199067 key_press_received keycode=38,keysym=0,focus={id=29360133,parent=20971527,name=Stardew Valley,class=stardew valley.exe,mapped=true,viewable=true,enabled=true,renderable=true,surface=false,application=true,keyPress=true,keyRelease=true,focusChange=true},point={id=25165854,parent=29360133,name=,class=,mapped=true,viewable=true,enabled=true,renderable=true,surface=false,application=false,keyPress=false,keyRelease=false,focusChange=false}
199067 key_press_ancestor_target target={id=29360133,parent=20971527,name=Stardew Valley,class=stardew valley.exe,mapped=true,viewable=true,enabled=true,renderable=true,surface=false,application=true,keyPress=true,keyRelease=true,focusChange=true}
199068 key_press_sent keycode=38,target={id=29360133,parent=20971527,name=Stardew Valley,class=stardew valley.exe,mapped=true,viewable=true,enabled=true,renderable=true,surface=false,application=true,keyPress=true,keyRelease=true,focusChange=true}
199068 winhandler_keyboard_queued vkey=65,flags=0
199068 winhandler_keyboard_packet vkey=65,flags=0,sent=true
199069 wine_trace 00ec:trace:key:X11DRV_KeyEvent type 2, window 1c00005, state 0x0000, keycode 38
199070 wine_trace 00ec:trace:key:X11DRV_KeyEvent XmbLookupString needs 1 byte(s)
199070 wine_trace 00ec:trace:key:X11DRV_KeyEvent nbyte = 1, status 4
199070 wine_trace 00ec:trace:key:X11DRV_KeyEvent KeyPress : keysym=61 (a), # of chars=1 / "a"
199070 wine_trace 00ec:trace:key:EVENT_event_to_vkey e->keycode = 38
199070 wine_trace 00ec:trace:key:X11DRV_KeyEvent keycode 38 converted to vkey 0x41 scan 78
199070 wine_trace 00ec:trace:key:X11DRV_send_keyboard_input hwnd 0x3008e vkey=0041 scan=0078 flags=0000
199082 wine_trace 00ec:trace:key:NtUserTranslateMessage Translating key VK_A (0041), scancode 0078
199082 wine_trace 00ec:trace:keyboard:NtUserToUnicodeEx virt 0x41, scan 0x78, state 0x14012f8d0, str 0x14012f8c0, size 8, flags 0, layout 0x4090409.
199082 wine_trace 00ec:trace:key:X11DRV_ToUnicodeEx AltGrMask = 0000
199083 wine_trace 00ec:trace:key:X11DRV_ToUnicodeEx (0041, 0078) : faked state = 0x0000
199083 wine_trace 00ec:trace:key:EVENT_event_to_vkey e->keycode = 38
199083 wine_trace 00ec:trace:key:X11DRV_ToUnicodeEx Found keycode 38
199083 wine_trace 00ec:trace:key:X11DRV_ToUnicodeEx type 2, window 1c00005, state 0x0000, keycode 38
199084 wine_trace 00ec:trace:key:X11DRV_ToUnicodeEx XmbLookupString needs 1 byte(s)
199084 wine_trace 00ec:trace:key:X11DRV_ToUnicodeEx nbyte = 1, status 0x4
199084 wine_trace 00ec:trace:key:X11DRV_ToUnicodeEx KeyPress : keysym=61 (a), # of chars=1 / "a"
199084 wine_trace 00ec:trace:key:X11DRV_ToUnicodeEx Translating char 0x61 to unicode
199084 wine_trace 00ec:trace:key:X11DRV_ToUnicodeEx returning 1 with L"a"
199084 wine_trace 00ec:trace:key:NtUserTranslateMessage 1 -> PostMessageW(0x3008e,WM_CHAR,<x>,00780001) for <x> in L"a"
199085 wine_trace 00ec:trace:key:NtUserTranslateMessage Translating key VK_A (0041), scancode 4000
199085 wine_trace 00ec:trace:keyboard:NtUserToUnicodeEx virt 0x41, scan 0x4000, state 0x14012f8d0, str 0x14012f8c0, size 8, flags 0, layout 0x4090409.
199085 wine_trace 00ec:trace:key:X11DRV_ToUnicodeEx AltGrMask = 0000
199085 wine_trace 00ec:trace:key:X11DRV_ToUnicodeEx (0041, 4000) : faked state = 0x0000
199086 wine_trace 00ec:trace:key:EVENT_event_to_vkey e->keycode = 38
199086 wine_trace 00ec:trace:key:X11DRV_ToUnicodeEx Found keycode 38
199086 wine_trace 00ec:trace:key:X11DRV_ToUnicodeEx type 2, window 1c00005, state 0x0000, keycode 38
199086 wine_trace 00ec:trace:key:X11DRV_ToUnicodeEx XmbLookupString needs 1 byte(s)
199086 wine_trace 00ec:trace:key:X11DRV_ToUnicodeEx nbyte = 1, status 0x4
199086 wine_trace 00ec:trace:key:X11DRV_ToUnicodeEx KeyPress : keysym=61 (a), # of chars=1 / "a"
199086 wine_trace 00ec:trace:key:X11DRV_ToUnicodeEx Translating char 0x61 to unicode
199087 wine_trace 00ec:trace:key:X11DRV_ToUnicodeEx returning 1 with L"a"
199087 wine_trace 00ec:trace:key:NtUserTranslateMessage 1 -> PostMessageW(0x3008e,WM_CHAR,<x>,40000001) for <x> in L"a"
199107 binding_release binding=KEY_W,keycode=25
199107 inject_release keycode=25
199107 keyboard_release_suppressed reason=not_pressed_or_sticky,keycode=25
199107 binding_release binding=KEY_D,keycode=40
199107 inject_release keycode=40
199107 keyboard_release_suppressed reason=not_pressed_or_sticky,keycode=40
199107 binding_release binding=KEY_S,keycode=39
199108 inject_release keycode=39
199108 keyboard_release_suppressed reason=not_pressed_or_sticky,keycode=39
199108 binding_press binding=KEY_A,keycode=38
199108 inject_press keycode=38,keysym=0
199108 keyboard_press_suppressed reason=already_pressed,keycode=38
199207 binding_release binding=KEY_W,keycode=25
199207 inject_release keycode=25
199207 keyboard_release_suppressed reason=not_pressed_or_sticky,keycode=25
199207 binding_release binding=KEY_D,keycode=40
199207 inject_release keycode=40
199207 keyboard_release_suppressed reason=not_pressed_or_sticky,keycode=40
199207 binding_release binding=KEY_S,keycode=39
199207 inject_release keycode=39
199207 keyboard_release_suppressed reason=not_pressed_or_sticky,keycode=39
199207 binding_press binding=KEY_A,keycode=38
199207 inject_press keycode=38,keysym=0
199207 keyboard_press_suppressed reason=already_pressed,keycode=38
199224 binding_release binding=KEY_W,keycode=25
199224 inject_release keycode=25
199224 keyboard_release_suppressed reason=not_pressed_or_sticky,keycode=25
199224 binding_release binding=KEY_D,keycode=40
199224 inject_release keycode=40
199224 keyboard_release_suppressed reason=not_pressed_or_sticky,keycode=40
199224 binding_release binding=KEY_S,keycode=39
199224 inject_release keycode=39
199224 keyboard_release_suppressed reason=not_pressed_or_sticky,keycode=39
199224 binding_press binding=KEY_A,keycode=38
199224 inject_press keycode=38,keysym=0
199224 keyboard_press_suppressed reason=already_pressed,keycode=38
199240 binding_release binding=KEY_W,keycode=25
199240 inject_release keycode=25
199240 keyboard_release_suppressed reason=not_pressed_or_sticky,keycode=25
199241 binding_release binding=KEY_D,keycode=40
199241 inject_release keycode=40
199241 keyboard_release_suppressed reason=not_pressed_or_sticky,keycode=40
199241 binding_release binding=KEY_S,keycode=39
199241 inject_release keycode=39
199241 keyboard_release_suppressed reason=not_pressed_or_sticky,keycode=39
199241 binding_press binding=KEY_A,keycode=38
199241 inject_press keycode=38,keysym=0
199241 keyboard_press_suppressed reason=already_pressed,keycode=38
199256 binding_release binding=KEY_W,keycode=25
199257 inject_release keycode=25
199257 keyboard_release_suppressed reason=not_pressed_or_sticky,keycode=25
199257 binding_release binding=KEY_D,keycode=40
199257 inject_release keycode=40
199257 keyboard_release_suppressed reason=not_pressed_or_sticky,keycode=40
199257 binding_release binding=KEY_S,keycode=39
199257 inject_release keycode=39
199257 keyboard_release_suppressed reason=not_pressed_or_sticky,keycode=39
199257 binding_press binding=KEY_A,keycode=38
199257 inject_press keycode=38,keysym=0
199257 keyboard_press_suppressed reason=already_pressed,keycode=38
199273 binding_release binding=KEY_W,keycode=25
199273 inject_release keycode=25
199273 keyboard_release_suppressed reason=not_pressed_or_sticky,keycode=25
199273 binding_release binding=KEY_D,keycode=40
199273 inject_release keycode=40
199273 keyboard_release_suppressed reason=not_pressed_or_sticky,keycode=40
199274 binding_release binding=KEY_S,keycode=39
199274 inject_release keycode=39
199274 keyboard_release_suppressed reason=not_pressed_or_sticky,keycode=39
199274 binding_press binding=KEY_A,keycode=38
199274 inject_press keycode=38,keysym=0
199274 keyboard_press_suppressed reason=already_pressed,keycode=38
199290 binding_release binding=KEY_W,keycode=25
199290 inject_release keycode=25
199290 keyboard_release_suppressed reason=not_pressed_or_sticky,keycode=25
199290 binding_release binding=KEY_D,keycode=40
199290 inject_release keycode=40
199290 keyboard_release_suppressed reason=not_pressed_or_sticky,keycode=40
199290 binding_release binding=KEY_S,keycode=39
199290 inject_release keycode=39
199290 keyboard_release_suppressed reason=not_pressed_or_sticky,keycode=39
199290 binding_press binding=KEY_A,keycode=38
199290 inject_press keycode=38,keysym=0
199290 keyboard_press_suppressed reason=already_pressed,keycode=38
199306 binding_release binding=KEY_W,keycode=25
199306 inject_release keycode=25
199306 keyboard_release_suppressed reason=not_pressed_or_sticky,keycode=25
199306 binding_release binding=KEY_D,keycode=40
199306 inject_release keycode=40
199306 keyboard_release_suppressed reason=not_pressed_or_sticky,keycode=40
199307 binding_release binding=KEY_S,keycode=39
199307 inject_release keycode=39
199307 keyboard_release_suppressed reason=not_pressed_or_sticky,keycode=39
199307 binding_press binding=KEY_A,keycode=38
199307 inject_press keycode=38,keysym=0
199307 keyboard_press_suppressed reason=already_pressed,keycode=38
199323 binding_release binding=KEY_W,keycode=25
199323 inject_release keycode=25
199323 keyboard_release_suppressed reason=not_pressed_or_sticky,keycode=25
199323 binding_release binding=KEY_D,keycode=40
199323 inject_release keycode=40
199323 keyboard_release_suppressed reason=not_pressed_or_sticky,keycode=40
199323 binding_release binding=KEY_S,keycode=39
199323 inject_release keycode=39
199323 keyboard_release_suppressed reason=not_pressed_or_sticky,keycode=39
199323 binding_press binding=KEY_A,keycode=38
199323 inject_press keycode=38,keysym=0
199323 keyboard_press_suppressed reason=already_pressed,keycode=38
199423 binding_release binding=KEY_W,keycode=25
199423 inject_release keycode=25
199423 keyboard_release_suppressed reason=not_pressed_or_sticky,keycode=25
199423 binding_release binding=KEY_D,keycode=40
199423 inject_release keycode=40
199423 keyboard_release_suppressed reason=not_pressed_or_sticky,keycode=40
199423 binding_release binding=KEY_S,keycode=39
199423 inject_release keycode=39
199423 keyboard_release_suppressed reason=not_pressed_or_sticky,keycode=39
199424 binding_press binding=KEY_A,keycode=38
199424 inject_press keycode=38,keysym=0
199424 keyboard_press_suppressed reason=already_pressed,keycode=38
199522 binding_release binding=KEY_W,keycode=25
199522 inject_release keycode=25
199522 keyboard_release_suppressed reason=not_pressed_or_sticky,keycode=25
199522 binding_release binding=KEY_D,keycode=40
199522 inject_release keycode=40
199522 keyboard_release_suppressed reason=not_pressed_or_sticky,keycode=40
199522 binding_release binding=KEY_S,keycode=39
199522 inject_release keycode=39
199522 keyboard_release_suppressed reason=not_pressed_or_sticky,keycode=39
199522 binding_press binding=KEY_A,keycode=38
199523 inject_press keycode=38,keysym=0
199523 keyboard_press_suppressed reason=already_pressed,keycode=38
199622 binding_release binding=KEY_W,keycode=25
199622 inject_release keycode=25
199623 keyboard_release_suppressed reason=not_pressed_or_sticky,keycode=25
199623 binding_release binding=KEY_D,keycode=40
199623 inject_release keycode=40
199623 keyboard_release_suppressed reason=not_pressed_or_sticky,keycode=40
199623 binding_release binding=KEY_S,keycode=39
199623 inject_release keycode=39
199623 keyboard_release_suppressed reason=not_pressed_or_sticky,keycode=39
199623 binding_press binding=KEY_A,keycode=38
199623 inject_press keycode=38,keysym=0
199623 keyboard_press_suppressed reason=already_pressed,keycode=38
199739 binding_release binding=KEY_W,keycode=25
199739 inject_release keycode=25
199739 keyboard_release_suppressed reason=not_pressed_or_sticky,keycode=25
199739 binding_release binding=KEY_D,keycode=40
199739 inject_release keycode=40
199739 keyboard_release_suppressed reason=not_pressed_or_sticky,keycode=40
199739 binding_release binding=KEY_S,keycode=39
199739 inject_release keycode=39
199739 keyboard_release_suppressed reason=not_pressed_or_sticky,keycode=39
199739 binding_press binding=KEY_A,keycode=38
199739 inject_press keycode=38,keysym=0
199739 keyboard_press_suppressed reason=already_pressed,keycode=38
199838 binding_release binding=KEY_W,keycode=25
199838 inject_release keycode=25
199838 keyboard_release_suppressed reason=not_pressed_or_sticky,keycode=25
199838 binding_release binding=KEY_D,keycode=40
199838 inject_release keycode=40
199838 keyboard_release_suppressed reason=not_pressed_or_sticky,keycode=40
199838 binding_release binding=KEY_S,keycode=39
199839 inject_release keycode=39
199839 keyboard_release_suppressed reason=not_pressed_or_sticky,keycode=39
199839 binding_press binding=KEY_A,keycode=38
199839 inject_press keycode=38,keysym=0
199839 keyboard_press_suppressed reason=already_pressed,keycode=38
199938 binding_release binding=KEY_W,keycode=25
199938 inject_release keycode=25
199938 keyboard_release_suppressed reason=not_pressed_or_sticky,keycode=25
199938 binding_release binding=KEY_D,keycode=40
199938 inject_release keycode=40
199938 keyboard_release_suppressed reason=not_pressed_or_sticky,keycode=40
199938 binding_release binding=KEY_S,keycode=39
199938 inject_release keycode=39
199938 keyboard_release_suppressed reason=not_pressed_or_sticky,keycode=39
199938 binding_press binding=KEY_A,keycode=38
199938 inject_press keycode=38,keysym=0
199938 keyboard_press_suppressed reason=already_pressed,keycode=38
200037 binding_release binding=KEY_W,keycode=25
200037 inject_release keycode=25
200037 keyboard_release_suppressed reason=not_pressed_or_sticky,keycode=25
200037 binding_release binding=KEY_D,keycode=40
200037 inject_release keycode=40
200038 keyboard_release_suppressed reason=not_pressed_or_sticky,keycode=40
200038 binding_release binding=KEY_S,keycode=39
200038 inject_release keycode=39
200038 keyboard_release_suppressed reason=not_pressed_or_sticky,keycode=39
200038 binding_press binding=KEY_A,keycode=38
200038 inject_press keycode=38,keysym=0
200038 keyboard_press_suppressed reason=already_pressed,keycode=38
200137 binding_release binding=KEY_W,keycode=25
200137 inject_release keycode=25
200137 keyboard_release_suppressed reason=not_pressed_or_sticky,keycode=25
200137 binding_release binding=KEY_D,keycode=40
200137 inject_release keycode=40
200137 keyboard_release_suppressed reason=not_pressed_or_sticky,keycode=40
200137 binding_release binding=KEY_S,keycode=39
200137 inject_release keycode=39
200137 keyboard_release_suppressed reason=not_pressed_or_sticky,keycode=39
200137 binding_press binding=KEY_A,keycode=38
200137 inject_press keycode=38,keysym=0
200137 keyboard_press_suppressed reason=already_pressed,keycode=38
200236 binding_release binding=KEY_W,keycode=25
200237 inject_release keycode=25
200237 keyboard_release_suppressed reason=not_pressed_or_sticky,keycode=25
200237 binding_release binding=KEY_D,keycode=40
200237 inject_release keycode=40
200237 keyboard_release_suppressed reason=not_pressed_or_sticky,keycode=40
200237 binding_release binding=KEY_S,keycode=39
200237 inject_release keycode=39
200237 keyboard_release_suppressed reason=not_pressed_or_sticky,keycode=39
200237 binding_press binding=KEY_A,keycode=38
200237 inject_press keycode=38,keysym=0
200237 keyboard_press_suppressed reason=already_pressed,keycode=38
200253 binding_release binding=KEY_W,keycode=25
200253 inject_release keycode=25
200253 keyboard_release_suppressed reason=not_pressed_or_sticky,keycode=25
200253 binding_release binding=KEY_D,keycode=40
200253 inject_release keycode=40
200253 keyboard_release_suppressed reason=not_pressed_or_sticky,keycode=40
200253 binding_release binding=KEY_S,keycode=39
200253 inject_release keycode=39
200254 keyboard_release_suppressed reason=not_pressed_or_sticky,keycode=39
200254 binding_press binding=KEY_A,keycode=38
200254 inject_press keycode=38,keysym=0
200254 keyboard_press_suppressed reason=already_pressed,keycode=38
200270 binding_release binding=KEY_W,keycode=25
200270 inject_release keycode=25
200270 keyboard_release_suppressed reason=not_pressed_or_sticky,keycode=25
200270 binding_release binding=KEY_D,keycode=40
200270 inject_release keycode=40
200270 keyboard_release_suppressed reason=not_pressed_or_sticky,keycode=40
200270 binding_release binding=KEY_S,keycode=39
200270 inject_release keycode=39
200270 keyboard_release_suppressed reason=not_pressed_or_sticky,keycode=39
200270 binding_press binding=KEY_A,keycode=38
200270 inject_press keycode=38,keysym=0
200270 keyboard_press_suppressed reason=already_pressed,keycode=38
200286 binding_release binding=KEY_W,keycode=25
200287 inject_release keycode=25
200287 keyboard_release_suppressed reason=not_pressed_or_sticky,keycode=25
200287 binding_release binding=KEY_D,keycode=40
200287 inject_release keycode=40
200287 keyboard_release_suppressed reason=not_pressed_or_sticky,keycode=40
200287 binding_release binding=KEY_S,keycode=39
200287 inject_release keycode=39
200287 keyboard_release_suppressed reason=not_pressed_or_sticky,keycode=39
200287 binding_press binding=KEY_A,keycode=38
200287 inject_press keycode=38,keysym=0
200287 keyboard_press_suppressed reason=already_pressed,keycode=38
200319 binding_release binding=KEY_W,keycode=25
200319 inject_release keycode=25
200319 keyboard_release_suppressed reason=not_pressed_or_sticky,keycode=25
200319 binding_release binding=KEY_D,keycode=40
200319 inject_release keycode=40
200320 keyboard_release_suppressed reason=not_pressed_or_sticky,keycode=40
200320 binding_release binding=KEY_S,keycode=39
200320 inject_release keycode=39
200320 keyboard_release_suppressed reason=not_pressed_or_sticky,keycode=39
200320 binding_press binding=KEY_A,keycode=38
200320 inject_press keycode=38,keysym=0
200320 keyboard_press_suppressed reason=already_pressed,keycode=38
200336 binding_release binding=KEY_W,keycode=25
200336 inject_release keycode=25
200336 keyboard_release_suppressed reason=not_pressed_or_sticky,keycode=25
200336 binding_release binding=KEY_D,keycode=40
200336 inject_release keycode=40
200336 keyboard_release_suppressed reason=not_pressed_or_sticky,keycode=40
200336 binding_release binding=KEY_S,keycode=39
200336 inject_release keycode=39
200336 keyboard_release_suppressed reason=not_pressed_or_sticky,keycode=39
200336 binding_press binding=KEY_A,keycode=38
200336 inject_press keycode=38,keysym=0
200337 keyboard_press_suppressed reason=already_pressed,keycode=38
200386 binding_release binding=KEY_W,keycode=25
200386 inject_release keycode=25
200386 keyboard_release_suppressed reason=not_pressed_or_sticky,keycode=25
200386 binding_release binding=KEY_D,keycode=40
200386 inject_release keycode=40
200386 keyboard_release_suppressed reason=not_pressed_or_sticky,keycode=40
200386 binding_release binding=KEY_S,keycode=39
200386 inject_release keycode=39
200386 keyboard_release_suppressed reason=not_pressed_or_sticky,keycode=39
200386 binding_press binding=KEY_A,keycode=38
200386 inject_press keycode=38,keysym=0
200386 keyboard_press_suppressed reason=already_pressed,keycode=38
200469 binding_release binding=KEY_W,keycode=25
200469 inject_release keycode=25
200469 keyboard_release_suppressed reason=not_pressed_or_sticky,keycode=25
200469 binding_release binding=KEY_D,keycode=40
200469 inject_release keycode=40
200469 keyboard_release_suppressed reason=not_pressed_or_sticky,keycode=40
200469 binding_release binding=KEY_S,keycode=39
200469 inject_release keycode=39
200469 keyboard_release_suppressed reason=not_pressed_or_sticky,keycode=39
200469 binding_press binding=KEY_A,keycode=38
200469 inject_press keycode=38,keysym=0
200469 keyboard_press_suppressed reason=already_pressed,keycode=38
200486 binding_release binding=KEY_W,keycode=25
200486 inject_release keycode=25
200486 keyboard_release_suppressed reason=not_pressed_or_sticky,keycode=25
200486 binding_release binding=KEY_D,keycode=40
200486 inject_release keycode=40
200486 keyboard_release_suppressed reason=not_pressed_or_sticky,keycode=40
200486 binding_release binding=KEY_S,keycode=39
200486 inject_release keycode=39
200486 keyboard_release_suppressed reason=not_pressed_or_sticky,keycode=39
200486 binding_press binding=KEY_A,keycode=38
200486 inject_press keycode=38,keysym=0
200486 keyboard_press_suppressed reason=already_pressed,keycode=38
200502 binding_release binding=KEY_W,keycode=25
200502 inject_release keycode=25
200502 keyboard_release_suppressed reason=not_pressed_or_sticky,keycode=25
200502 binding_release binding=KEY_D,keycode=40
200502 inject_release keycode=40
200502 keyboard_release_suppressed reason=not_pressed_or_sticky,keycode=40
200502 binding_release binding=KEY_S,keycode=39
200502 inject_release keycode=39
200502 keyboard_release_suppressed reason=not_pressed_or_sticky,keycode=39
200502 binding_press binding=KEY_A,keycode=38
200502 inject_press keycode=38,keysym=0
200502 keyboard_press_suppressed reason=already_pressed,keycode=38
200519 binding_release binding=KEY_W,keycode=25
200519 inject_release keycode=25
200519 keyboard_release_suppressed reason=not_pressed_or_sticky,keycode=25
200519 binding_release binding=KEY_D,keycode=40
200519 inject_release keycode=40
200519 keyboard_release_suppressed reason=not_pressed_or_sticky,keycode=40
200519 binding_release binding=KEY_S,keycode=39
200519 inject_release keycode=39
200519 keyboard_release_suppressed reason=not_pressed_or_sticky,keycode=39
200519 binding_press binding=KEY_A,keycode=38
200519 inject_press keycode=38,keysym=0
200519 keyboard_press_suppressed reason=already_pressed,keycode=38
200551 binding_release binding=KEY_A,keycode=38
200551 inject_release keycode=38
200551 key_release_received keycode=38,focus={id=29360133,parent=20971527,name=Stardew Valley,class=stardew valley.exe,mapped=true,viewable=true,enabled=true,renderable=true,surface=false,application=true,keyPress=true,keyRelease=true,focusChange=true},point={id=25165854,parent=29360133,name=,class=,mapped=true,viewable=true,enabled=true,renderable=true,surface=false,application=false,keyPress=false,keyRelease=false,focusChange=false}
200552 key_release_ancestor_target target={id=29360133,parent=20971527,name=Stardew Valley,class=stardew valley.exe,mapped=true,viewable=true,enabled=true,renderable=true,surface=false,application=true,keyPress=true,keyRelease=true,focusChange=true}
200552 key_release_sent keycode=38,target={id=29360133,parent=20971527,name=Stardew Valley,class=stardew valley.exe,mapped=true,viewable=true,enabled=true,renderable=true,surface=false,application=true,keyPress=true,keyRelease=true,focusChange=true}
200552 winhandler_keyboard_queued vkey=65,flags=2
200553 winhandler_keyboard_packet vkey=65,flags=2,sent=true
200565 wine_trace 00ec:trace:key:X11DRV_KeyEvent type 3, window 1c00005, state 0x0000, keycode 38
200565 wine_trace 00ec:trace:key:X11DRV_KeyEvent nbyte = 1, status 0
200565 wine_trace 00ec:trace:key:X11DRV_KeyEvent KeyRelease : keysym=61 (a), # of chars=1 / "a"
200565 wine_trace 00ec:trace:key:EVENT_event_to_vkey e->keycode = 38
200565 wine_trace 00ec:trace:key:X11DRV_KeyEvent keycode 38 converted to vkey 0x41 scan 78
200565 wine_trace 00ec:trace:key:X11DRV_send_keyboard_input hwnd 0x3008e vkey=0041 scan=0078 flags=0002
202952 focus_notify previous={id=29360133,parent=20971527,name=Stardew Valley,class=stardew valley.exe,mapped=true,viewable=true,enabled=true,renderable=true,surface=false,application=true,keyPress=true,keyRelease=true,focusChange=true},focused={id=20971527,parent=3,name=nogui - Wine Desktop,class=explorer.exe,mapped=false,viewable=false,enabled=false,renderable=false,surface=false,application=false,keyPress=true,keyRelease=true,focusChange=true},outDetail=ANCESTOR,inDetail=INFERIOR,outSelected=true,inSelected=true
202953 focus_notify previous={id=20971527,parent=3,name=nogui - Wine Desktop,class=explorer.exe,mapped=false,viewable=false,enabled=false,renderable=false,surface=false,application=false,keyPress=true,keyRelease=true,focusChange=true},focused={id=3,parent=0,name=,class=,mapped=true,viewable=true,enabled=true,renderable=true,surface=false,application=false,keyPress=false,keyRelease=false,focusChange=false},outDetail=ANCESTOR,inDetail=INFERIOR,outSelected=true,inSelected=false
